﻿[
  {
    "Floor": "K",
    "Number": 1,
    "Gateways": [
      {
        "Name": "K01a",
        "Eui": "7276FF003903094E",
        "Rssi": -75
      },
      {
        "Name": "F07",
        "Eui": "7276FF003903094F",
        "Rssi": -95
      }
    ]
  },
  {
    "Floor": "K",
    "Number": 2,
    "Gateways": [
      {
        "Name": "K01a",
        "Eui": "7276FF003903094E",
        "Rssi": -72
      },
      {
        "Name": "F07",
        "Eui": "7276FF003903094F",
        "Rssi": -94
      }
    ]
  },
  {
    "Floor": "K",
    "Number": 3,
    "Gateways": [
      {
        "Name": "H06",
        "Eui": "7276FF0039030977",
        "Rssi": -78
      }
    ]
  },
  {
    "Floor": "K",
    "Number": 24,
    "Gateways": [
      {
        "Name": "K01a",
        "Eui": "7276FF003903094E",
        "Rssi": -47
      },
      {
        "Name": "F07",
        "Eui": "7276FF003903094F",
        "Rssi": -108
      },
      {
        "Name": "A02b",
        "Eui": "7276FF00390309F5",
        "Rssi": -119
      },
      {
        "Name": "D60",
        "Eui": "7276FF003903097D",
        "Rssi": -106
      },
      {
        "Name": "H06",
        "Eui": "7276FF0039030977",
        "Rssi": -108
      }
    ]
  },
  {
    "Floor": "K",
    "Number": 25,
    "Gateways": [
      {
        "Name": "K01a",
        "Eui": "7276FF003903094E",
        "Rssi": -52
      },
      {
        "Name": "F07",
        "Eui": "7276FF003903094F",
        "Rssi": -107
      },
      {
        "Name": "A02b",
        "Eui": "7276FF00390309F5",
        "Rssi": -118
      },
      {
        "Name": "D60",
        "Eui": "7276FF003903097D",
        "Rssi": -100
      },
      {
        "Name": "H06",
        "Eui": "7276FF0039030977",
        "Rssi": -102
      }
    ]
  },
  {
    "Floor": "K",
    "Number": 26,
    "Gateways": []
  },
  {
    "Floor": "K",
    "Number": 27,
    "Gateways": [
      {
        "Name": "K01a",
        "Eui": "7276FF003903094E",
        "Rssi": -45
      },
      {
        "Name": "F07",
        "Eui": "7276FF003903094F",
        "Rssi": -108
      },
      {
        "Name": "B40",
        "Eui": "7276FF0039030950",
        "Rssi": -106
      },
      {
        "Name": "A02b",
        "Eui": "7276FF00390309F5",
        "Rssi": -114
      },
      {
        "Name": "D60",
        "Eui": "7276FF003903097D",
        "Rssi": -85
      }
    ]
  },
  {
    "Floor": "K",
    "Number": 28,
    "Gateways": [
      {
        "Name": "K01a",
        "Eui": "7276FF003903094E",
        "Rssi": -48
      },
      {
        "Name": "A02b",
        "Eui": "7276FF00390309F5",
        "Rssi": -103
      },
      {
        "Name": "D60",
        "Eui": "7276FF003903097D",
        "Rssi": -80
      }
    ]
  },
  {
    "Floor": "K",
    "Number": 17,
    "Gateways": [
      {
        "Name": "F07",
        "Eui": "7276FF003903094F",
        "Rssi": -99
      },
      {
        "Name": "D60",
        "Eui": "7276FF003903097D",
        "Rssi": -110
      },
      {
        "Name": "H06",
        "Eui": "7276FF0039030977",
        "Rssi": -68
      }
    ]
  },
  {
    "Floor": "K",
    "Number": 18,
    "Gateways": [
      {
        "Name": "K01a",
        "Eui": "7276FF003903094E",
        "Rssi": -60
      },
      {
        "Name": "F07",
        "Eui": "7276FF003903094F",
        "Rssi": -96
      },
      {
        "Name": "D60",
        "Eui": "7276FF003903097D",
        "Rssi": -108
      },
      {
        "Name": "H06",
        "Eui": "7276FF0039030977",
        "Rssi": -85
      }
    ]
  },
  {
    "Floor": "K",
    "Number": 19,
    "Gateways": [
      {
        "Name": "K01a",
        "Eui": "7276FF003903094E",
        "Rssi": -65
      },
      {
        "Name": "F07",
        "Eui": "7276FF003903094F",
        "Rssi": -103
      },
      {
        "Name": "D60",
        "Eui": "7276FF003903097D",
        "Rssi": -107
      },
      {
        "Name": "H06",
        "Eui": "7276FF0039030977",
        "Rssi": -89
      }
    ]
  },
  {
    "Floor": "K",
    "Number": 20,
    "Gateways": [
      {
        "Name": "K01a",
        "Eui": "7276FF003903094E",
        "Rssi": -46
      },
      {
        "Name": "F07",
        "Eui": "7276FF003903094F",
        "Rssi": -84
      },
      {
        "Name": "D60",
        "Eui": "7276FF003903097D",
        "Rssi": -112
      },
      {
        "Name": "H06",
        "Eui": "7276FF0039030977",
        "Rssi": -86
      }
    ]
  },
  {
    "Floor": "K",
    "Number": 21,
    "Gateways": [
      {
        "Name": "K01a",
        "Eui": "7276FF003903094E",
        "Rssi": -51
      },
      {
        "Name": "F07",
        "Eui": "7276FF003903094F",
        "Rssi": -90
      },
      {
        "Name": "H06",
        "Eui": "7276FF0039030977",
        "Rssi": -90
      }
    ]
  },
  {
    "Floor": "K",
    "Number": 22,
    "Gateways": [
      {
        "Name": "K01a",
        "Eui": "7276FF003903094E",
        "Rssi": -60
      },
      {
        "Name": "F07",
        "Eui": "7276FF003903094F",
        "Rssi": -108
      },
      {
        "Name": "D60",
        "Eui": "7276FF003903097D",
        "Rssi": -110
      },
      {
        "Name": "H06",
        "Eui": "7276FF0039030977",
        "Rssi": -91
      }
    ]
  },
  {
    "Floor": "K",
    "Number": 23,
    "Gateways": [
      {
        "Name": "K01a",
        "Eui": "7276FF003903094E",
        "Rssi": -38
      },
      {
        "Name": "F07",
        "Eui": "7276FF003903094F",
        "Rssi": -99
      },
      {
        "Name": "D60",
        "Eui": "7276FF003903097D",
        "Rssi": -107
      },
      {
        "Name": "H06",
        "Eui": "7276FF0039030977",
        "Rssi": -78
      }
    ]
  }
]