﻿[
  {
    "Floor": "G",
    "Number": 1,
    "Gateways": [
      {
        "Name": "K01a",
        "Eui": "7276FF003903094E",
        "Rssi": -92
      },
      {
        "Name": "F07",
        "Eui": "7276FF003903094F",
        "Rssi": -61
      },
      {
        "Name": "H06",
        "Eui": "7276FF0039030977",
        "Rssi": -82
      }
    ]
  },
  {
    "Floor": "G",
    "Number": 2,
    "Gateways": [
      {
        "Name": "K01a",
        "Eui": "7276FF003903094E",
        "Rssi": -103
      },
      {
        "Name": "F07",
        "Eui": "7276FF003903094F",
        "Rssi": -69
      },
      {
        "Name": "H06",
        "Eui": "7276FF0039030977",
        "Rssi": -88
      }
    ]
  },
  {
    "Floor": "G",
    "Number": 3,
    "Gateways": [
      {
        "Name": "F07",
        "Eui": "7276FF003903094F",
        "Rssi": -74
      },
      {
        "Name": "H06",
        "Eui": "7276FF0039030977",
        "Rssi": -92
      }
    ]
  },
  {
    "Floor": "G",
    "Number": 21,
    "Gateways": [
      {
        "Name": "K01a",
        "Eui": "7276FF003903094E",
        "Rssi": -92
      },
      {
        "Name": "F07",
        "Eui": "7276FF003903094F",
        "Rssi": -91
      },
      {
        "Name": "D60",
        "Eui": "7276FF003903097D",
        "Rssi": -108
      },
      {
        "Name": "H06",
        "Eui": "7276FF0039030977",
        "Rssi": -95
      }
    ]
  },
  {
    "Floor": "G",
    "Number": 22,
    "Gateways": [
      {
        "Name": "K01a",
        "Eui": "7276FF003903094E",
        "Rssi": -100
      },
      {
        "Name": "H06",
        "Eui": "7276FF0039030977",
        "Rssi": -98
      }
    ]
  },
  {
    "Floor": "G",
    "Number": 23,
    "Gateways": [
      {
        "Name": "K01a",
        "Eui": "7276FF003903094E",
        "Rssi": -90
      },
      {
        "Name": "F07",
        "Eui": "7276FF003903094F",
        "Rssi": -97
      },
      {
        "Name": "D60",
        "Eui": "7276FF003903097D",
        "Rssi": -105
      },
      {
        "Name": "H06",
        "Eui": "7276FF0039030977",
        "Rssi": -102
      }
    ]
  },
  {
    "Floor": "G",
    "Number": 24,
    "Gateways": [
      {
        "Name": "K01a",
        "Eui": "7276FF003903094E",
        "Rssi": -95
      },
      {
        "Name": "F07",
        "Eui": "7276FF003903094F",
        "Rssi": -91
      },
      {
        "Name": "D60",
        "Eui": "7276FF003903097D",
        "Rssi": -113
      },
      {
        "Name": "H06",
        "Eui": "7276FF0039030977",
        "Rssi": -94
      }
    ]
  },
  {
    "Floor": "G",
    "Number": 25,
    "Gateways": [
      {
        "Name": "K01a",
        "Eui": "7276FF003903094E",
        "Rssi": -84
      },
      {
        "Name": "F07",
        "Eui": "7276FF003903094F",
        "Rssi": -89
      },
      {
        "Name": "D60",
        "Eui": "7276FF003903097D",
        "Rssi": -112
      },
      {
        "Name": "H06",
        "Eui": "7276FF0039030977",
        "Rssi": -101
      }
    ]
  },
  {
    "Floor": "G",
    "Number": 28,
    "Gateways": [
      {
        "Name": "K01a",
        "Eui": "7276FF003903094E",
        "Rssi": -102
      },
      {
        "Name": "F07",
        "Eui": "7276FF003903094F",
        "Rssi": -82
      },
      {
        "Name": "H06",
        "Eui": "7276FF0039030977",
        "Rssi": -82
      }
    ]
  },
  {
    "Floor": "G",
    "Number": 29,
    "Gateways": [
      {
        "Name": "K01a",
        "Eui": "7276FF003903094E",
        "Rssi": -99
      },
      {
        "Name": "F07",
        "Eui": "7276FF003903094F",
        "Rssi": -89
      },
      {
        "Name": "D60",
        "Eui": "7276FF003903097D",
        "Rssi": -114
      },
      {
        "Name": "H06",
        "Eui": "7276FF0039030977",
        "Rssi": -72
      }
    ]
  },
  {
    "Floor": "G",
    "Number": 30,
    "Gateways": [
      {
        "Name": "C22",
        "Eui": "7276FF003903097C",
        "Rssi": -107
      },
      {
        "Name": "D60",
        "Eui": "7276FF003903097D",
        "Rssi": -112
      }
    ]
  },
  {
    "Floor": "G",
    "Number": 31,
    "Gateways": [
      {
        "Name": "K01a",
        "Eui": "7276FF003903094E",
        "Rssi": -106
      },
      {
        "Name": "F07",
        "Eui": "7276FF003903094F",
        "Rssi": -86
      },
      {
        "Name": "H06",
        "Eui": "7276FF0039030977",
        "Rssi": -82
      }
    ]
  },
  {
    "Floor": "G",
    "Number": 32,
    "Gateways": [
      {
        "Name": "K01a",
        "Eui": "7276FF003903094E",
        "Rssi": -99
      },
      {
        "Name": "F07",
        "Eui": "7276FF003903094F",
        "Rssi": -100
      },
      {
        "Name": "C22",
        "Eui": "7276FF003903097C",
        "Rssi": -110
      },
      {
        "Name": "D60",
        "Eui": "7276FF003903097D",
        "Rssi": -113
      },
      {
        "Name": "H06",
        "Eui": "7276FF0039030977",
        "Rssi": -84
      }
    ]
  },
  {
    "Floor": "G",
    "Number": 48,
    "Gateways": [
      {
        "Name": "F07",
        "Eui": "7276FF003903094F",
        "Rssi": -53
      },
      {
        "Name": "H06",
        "Eui": "7276FF0039030977",
        "Rssi": -67
      }
    ]
  },
  {
    "Floor": "G",
    "Number": 49,
    "Gateways": [
      {
        "Name": "K01a",
        "Eui": "7276FF003903094E",
        "Rssi": -107
      },
      {
        "Name": "F07",
        "Eui": "7276FF003903094F",
        "Rssi": -71
      },
      {
        "Name": "H06",
        "Eui": "7276FF0039030977",
        "Rssi": -62
      }
    ]
  },
  {
    "Floor": "G",
    "Number": 50,
    "Gateways": [
      {
        "Name": "K01a",
        "Eui": "7276FF003903094E",
        "Rssi": -94
      },
      {
        "Name": "F07",
        "Eui": "7276FF003903094F",
        "Rssi": -48
      },
      {
        "Name": "H06",
        "Eui": "7276FF0039030977",
        "Rssi": -71
      }
    ]
  },
  {
    "Floor": "G",
    "Number": 51,
    "Gateways": [
      {
        "Name": "K01a",
        "Eui": "7276FF003903094E",
        "Rssi": -106
      },
      {
        "Name": "F07",
        "Eui": "7276FF003903094F",
        "Rssi": -59
      }
    ]
  },
  {
    "Floor": "G",
    "Number": 52,
    "Gateways": [
      {
        "Name": "K01a",
        "Eui": "7276FF003903094E",
        "Rssi": -100
      },
      {
        "Name": "F07",
        "Eui": "7276FF003903094F",
        "Rssi": -47
      },
      {
        "Name": "H06",
        "Eui": "7276FF0039030977",
        "Rssi": -72
      }
    ]
  },
  {
    "Floor": "G",
    "Number": 53,
    "Gateways": []
  },
  {
    "Floor": "G",
    "Number": 54,
    "Gateways": []
  },
  {
    "Floor": "G",
    "Number": 64,
    "Gateways": [
      {
        "Name": "K01a",
        "Eui": "7276FF003903094E",
        "Rssi": -82
      },
      {
        "Name": "H06",
        "Eui": "7276FF0039030977",
        "Rssi": -51
      }
    ]
  },
  {
    "Floor": "G",
    "Number": 65,
    "Gateways": [
      {
        "Name": "K01a",
        "Eui": "7276FF003903094E",
        "Rssi": -93
      },
      {
        "Name": "F07",
        "Eui": "7276FF003903094F",
        "Rssi": -71
      },
      {
        "Name": "H06",
        "Eui": "7276FF0039030977",
        "Rssi": -62
      }
    ]
  },
  {
    "Floor": "G",
    "Number": 61,
    "Gateways": [
      {
        "Name": "K01a",
        "Eui": "7276FF003903094E",
        "Rssi": -94
      },
      {
        "Name": "F07",
        "Eui": "7276FF003903094F",
        "Rssi": -71
      },
      {
        "Name": "H06",
        "Eui": "7276FF0039030977",
        "Rssi": -60
      }
    ]
  },
  {
    "Floor": "G",
    "Number": 60,
    "Gateways": [
      {
        "Name": "K01a",
        "Eui": "7276FF003903094E",
        "Rssi": -90
      },
      {
        "Name": "F07",
        "Eui": "7276FF003903094F",
        "Rssi": -78
      },
      {
        "Name": "H06",
        "Eui": "7276FF0039030977",
        "Rssi": -74
      }
    ]
  }
]