﻿[
  {
    "Floor": "J",
    "Number": 1,
    "Gateways": [
      {
        "Name": "K01a",
        "Eui": "7276FF003903094E",
        "Rssi": -77
      }
    ]
  },
  {
    "Floor": "J",
    "Number": 2,
    "Gateways": [
      {
        "Name": "K01a",
        "Eui": "7276FF003903094E",
        "Rssi": -79
      },
      {
        "Name": "H06",
        "Eui": "7276FF0039030977",
        "Rssi": -71
      }
    ]
  },
  {
    "Floor": "J",
    "Number": 3,
    "Gateways": [
      {
        "Name": "H06",
        "Eui": "7276FF0039030977",
        "Rssi": -71
      }
    ]
  },
  {
    "Floor": "J",
    "Number": 44,
    "Gateways": [
      {
        "Name": "K01a",
        "Eui": "7276FF003903094E",
        "Rssi": -84
      },
      {
        "Name": "F07",
        "Eui": "7276FF003903094F",
        "Rssi": -74
      },
      {
        "Name": "H06",
        "Eui": "7276FF0039030977",
        "Rssi": -66
      }
    ]
  },
  {
    "Floor": "J",
    "Number": 45,
    "Gateways": [
      {
        "Name": "K01a",
        "Eui": "7276FF003903094E",
        "Rssi": -83
      },
      {
        "Name": "F07",
        "Eui": "7276FF003903094F",
        "Rssi": -72
      },
      {
        "Name": "H06",
        "Eui": "7276FF0039030977",
        "Rssi": -52
      }
    ]
  },
  {
    "Floor": "J",
    "Number": 46,
    "Gateways": [
      {
        "Name": "K01a",
        "Eui": "7276FF003903094E",
        "Rssi": -74
      },
      {
        "Name": "F07",
        "Eui": "7276FF003903094F",
        "Rssi": -79
      },
      {
        "Name": "H06",
        "Eui": "7276FF0039030977",
        "Rssi": -53
      }
    ]
  },
  {
    "Floor": "J",
    "Number": 47,
    "Gateways": [
      {
        "Name": "K01a",
        "Eui": "7276FF003903094E",
        "Rssi": -90
      },
      {
        "Name": "F07",
        "Eui": "7276FF003903094F",
        "Rssi": -86
      },
      {
        "Name": "H06",
        "Eui": "7276FF0039030977",
        "Rssi": -65
      }
    ]
  },
  {
    "Floor": "J",
    "Number": 48,
    "Gateways": [
      {
        "Name": "K01a",
        "Eui": "7276FF003903094E",
        "Rssi": -88
      },
      {
        "Name": "F07",
        "Eui": "7276FF003903094F",
        "Rssi": -83
      },
      {
        "Name": "H06",
        "Eui": "7276FF0039030977",
        "Rssi": -57
      }
    ]
  },
  {
    "Floor": "J",
    "Number": 49,
    "Gateways": [
      {
        "Name": "K01a",
        "Eui": "7276FF003903094E",
        "Rssi": -82
      },
      {
        "Name": "F07",
        "Eui": "7276FF003903094F",
        "Rssi": -75
      },
      {
        "Name": "H06",
        "Eui": "7276FF0039030977",
        "Rssi": -52
      }
    ]
  },
  {
    "Floor": "J",
    "Number": 50,
    "Gateways": [
      {
        "Name": "K01a",
        "Eui": "7276FF003903094E",
        "Rssi": -77
      },
      {
        "Name": "F07",
        "Eui": "7276FF003903094F",
        "Rssi": -70
      },
      {
        "Name": "H06",
        "Eui": "7276FF0039030977",
        "Rssi": -45
      }
    ]
  },
  {
    "Floor": "J",
    "Number": 51,
    "Gateways": [
      {
        "Name": "K01a",
        "Eui": "7276FF003903094E",
        "Rssi": -83
      },
      {
        "Name": "F07",
        "Eui": "7276FF003903094F",
        "Rssi": -99
      },
      {
        "Name": "C22",
        "Eui": "7276FF003903097C",
        "Rssi": -111
      },
      {
        "Name": "A02b",
        "Eui": "7276FF00390309F5",
        "Rssi": -118
      },
      {
        "Name": "H06",
        "Eui": "7276FF0039030977",
        "Rssi": -83
      }
    ]
  },
  {
    "Floor": "J",
    "Number": 52,
    "Gateways": [
      {
        "Name": "K01a",
        "Eui": "7276FF003903094E",
        "Rssi": -75
      },
      {
        "Name": "F07",
        "Eui": "7276FF003903094F",
        "Rssi": -79
      },
      {
        "Name": "H06",
        "Eui": "7276FF0039030977",
        "Rssi": -71
      }
    ]
  },
  {
    "Floor": "J",
    "Number": 53,
    "Gateways": [
      {
        "Name": "K01a",
        "Eui": "7276FF003903094E",
        "Rssi": -88
      },
      {
        "Name": "F07",
        "Eui": "7276FF003903094F",
        "Rssi": -94
      },
      {
        "Name": "H06",
        "Eui": "7276FF0039030977",
        "Rssi": -56
      }
    ]
  },
  {
    "Floor": "J",
    "Number": 54,
    "Gateways": [
      {
        "Name": "K01a",
        "Eui": "7276FF003903094E",
        "Rssi": -69
      },
      {
        "Name": "F07",
        "Eui": "7276FF003903094F",
        "Rssi": -97
      }
    ]
  },
  {
    "Floor": "J",
    "Number": 55,
    "Gateways": [
      {
        "Name": "F07",
        "Eui": "7276FF003903094F",
        "Rssi": -87
      },
      {
        "Name": "H06",
        "Eui": "7276FF0039030977",
        "Rssi": -74
      }
    ]
  },
  {
    "Floor": "J",
    "Number": 56,
    "Gateways": [
      {
        "Name": "K01a",
        "Eui": "7276FF003903094E",
        "Rssi": -71
      },
      {
        "Name": "F07",
        "Eui": "7276FF003903094F",
        "Rssi": -83
      },
      {
        "Name": "H06",
        "Eui": "7276FF0039030977",
        "Rssi": -83
      }
    ]
  },
  {
    "Floor": "J",
    "Number": 57,
    "Gateways": [
      {
        "Name": "K01a",
        "Eui": "7276FF003903094E",
        "Rssi": -59
      },
      {
        "Name": "D60",
        "Eui": "7276FF003903097D",
        "Rssi": -110
      },
      {
        "Name": "H06",
        "Eui": "7276FF0039030977",
        "Rssi": -75
      }
    ]
  },
  {
    "Floor": "J",
    "Number": 58,
    "Gateways": [
      {
        "Name": "K01a",
        "Eui": "7276FF003903094E",
        "Rssi": -66
      },
      {
        "Name": "F07",
        "Eui": "7276FF003903094F",
        "Rssi": -91
      },
      {
        "Name": "D60",
        "Eui": "7276FF003903097D",
        "Rssi": -108
      },
      {
        "Name": "H06",
        "Eui": "7276FF0039030977",
        "Rssi": -75
      }
    ]
  },
  {
    "Floor": "J",
    "Number": 59,
    "Gateways": [
      {
        "Name": "K01a",
        "Eui": "7276FF003903094E",
        "Rssi": -44
      },
      {
        "Name": "F07",
        "Eui": "7276FF003903094F",
        "Rssi": -91
      },
      {
        "Name": "D60",
        "Eui": "7276FF003903097D",
        "Rssi": -110
      },
      {
        "Name": "H06",
        "Eui": "7276FF0039030977",
        "Rssi": -74
      }
    ]
  },
  {
    "Floor": "J",
    "Number": 60,
    "Gateways": [
      {
        "Name": "K01a",
        "Eui": "7276FF003903094E",
        "Rssi": -69
      },
      {
        "Name": "H06",
        "Eui": "7276FF0039030977",
        "Rssi": -95
      }
    ]
  },
  {
    "Floor": "J",
    "Number": 61,
    "Gateways": [
      {
        "Name": "K01a",
        "Eui": "7276FF003903094E",
        "Rssi": -87
      },
      {
        "Name": "F07",
        "Eui": "7276FF003903094F",
        "Rssi": -92
      },
      {
        "Name": "H06",
        "Eui": "7276FF0039030977",
        "Rssi": -93
      }
    ]
  }
]