﻿[
  {
    "Floor": "K",
    "Number": 1,
    "Gateways": [
      {
        "Name": "K01a",
        "Eui": "7276FF003903094E",
        "Rssi": -80
      },
      {
        "Name": "F07",
        "Eui": "7276FF003903094F",
        "Rssi": -99
      },
      {
        "Name": "H06",
        "Eui": "7276FF0039030977",
        "Rssi": -77
      }
    ]
  },
  {
    "Floor": "K",
    "Number": 2,
    "Gateways": []
  },
  {
    "Floor": "K",
    "Number": 3,
    "Gateways": [
      {
        "Name": "K01a",
        "Eui": "7276FF003903094E",
        "Rssi": -84
      },
      {
        "Name": "F07",
        "Eui": "7276FF003903094F",
        "Rssi": -93
      },
      {
        "Name": "H06",
        "Eui": "7276FF0039030977",
        "Rssi": -84
      }
    ]
  },
  {
    "Floor": "K",
    "Number": 24,
    "Gateways": [
      {
        "Name": "K01a",
        "Eui": "7276FF003903094E",
        "Rssi": -48
      },
      {
        "Name": "F07",
        "Eui": "7276FF003903094F",
        "Rssi": -105
      },
      {
        "Name": "D60",
        "Eui": "7276FF003903097D",
        "Rssi": -95
      },
      {
        "Name": "H06",
        "Eui": "7276FF0039030977",
        "Rssi": -106
      }
    ]
  },
  {
    "Floor": "K",
    "Number": 25,
    "Gateways": [
      {
        "Name": "K01a",
        "Eui": "7276FF003903094E",
        "Rssi": -54
      },
      {
        "Name": "F07",
        "Eui": "7276FF003903094F",
        "Rssi": -108
      },
      {
        "Name": "D60",
        "Eui": "7276FF003903097D",
        "Rssi": -98
      },
      {
        "Name": "H06",
        "Eui": "7276FF0039030977",
        "Rssi": -106
      }
    ]
  },
  {
    "Floor": "K",
    "Number": 26,
    "Gateways": [
      {
        "Name": "K01a",
        "Eui": "7276FF003903094E",
        "Rssi": -48
      },
      {
        "Name": "D60",
        "Eui": "7276FF003903097D",
        "Rssi": -82
      },
      {
        "Name": "H06",
        "Eui": "7276FF0039030977",
        "Rssi": -106
      }
    ]
  },
  {
    "Floor": "K",
    "Number": 27,
    "Gateways": [
      {
        "Name": "K01a",
        "Eui": "7276FF003903094E",
        "Rssi": -48
      },
      {
        "Name": "A02b",
        "Eui": "7276FF00390309F5",
        "Rssi": -105
      },
      {
        "Name": "D60",
        "Eui": "7276FF003903097D",
        "Rssi": -80
      }
    ]
  },
  {
    "Floor": "K",
    "Number": 28,
    "Gateways": [
      {
        "Name": "K01a",
        "Eui": "7276FF003903094E",
        "Rssi": -46
      },
      {
        "Name": "D60",
        "Eui": "7276FF003903097D",
        "Rssi": -94
      },
      {
        "Name": "H06",
        "Eui": "7276FF0039030977",
        "Rssi": -104
      }
    ]
  },
  {
    "Floor": "K",
    "Number": 17,
    "Gateways": [
      {
        "Name": "K01a",
        "Eui": "7276FF003903094E",
        "Rssi": -62
      },
      {
        "Name": "F07",
        "Eui": "7276FF003903094F",
        "Rssi": -93
      },
      {
        "Name": "H06",
        "Eui": "7276FF0039030977",
        "Rssi": -70
      }
    ]
  },
  {
    "Floor": "K",
    "Number": 18,
    "Gateways": [
      {
        "Name": "K01a",
        "Eui": "7276FF003903094E",
        "Rssi": -70
      },
      {
        "Name": "H06",
        "Eui": "7276FF0039030977",
        "Rssi": -74
      }
    ]
  },
  {
    "Floor": "K",
    "Number": 19,
    "Gateways": [
      {
        "Name": "H06",
        "Eui": "7276FF0039030977",
        "Rssi": -81
      }
    ]
  },
  {
    "Floor": "K",
    "Number": 20,
    "Gateways": [
      {
        "Name": "K01a",
        "Eui": "7276FF003903094E",
        "Rssi": -53
      },
      {
        "Name": "F07",
        "Eui": "7276FF003903094F",
        "Rssi": -90
      },
      {
        "Name": "H06",
        "Eui": "7276FF0039030977",
        "Rssi": -82
      }
    ]
  },
  {
    "Floor": "K",
    "Number": 21,
    "Gateways": [
      {
        "Name": "K01a",
        "Eui": "7276FF003903094E",
        "Rssi": -41
      },
      {
        "Name": "F07",
        "Eui": "7276FF003903094F",
        "Rssi": -95
      },
      {
        "Name": "H06",
        "Eui": "7276FF0039030977",
        "Rssi": -83
      }
    ]
  },
  {
    "Floor": "K",
    "Number": 22,
    "Gateways": [
      {
        "Name": "K01a",
        "Eui": "7276FF003903094E",
        "Rssi": -63
      },
      {
        "Name": "F07",
        "Eui": "7276FF003903094F",
        "Rssi": -108
      },
      {
        "Name": "H06",
        "Eui": "7276FF0039030977",
        "Rssi": -90
      }
    ]
  },
  {
    "Floor": "K",
    "Number": 23,
    "Gateways": [
      {
        "Name": "K01a",
        "Eui": "7276FF003903094E",
        "Rssi": -38
      },
      {
        "Name": "F07",
        "Eui": "7276FF003903094F",
        "Rssi": -101
      },
      {
        "Name": "H06",
        "Eui": "7276FF0039030977",
        "Rssi": -88
      }
    ]
  }
]