﻿[
  {
    "Floor": "G",
    "Number": 1,
    "Gateways": [
      {
        "Name": "K01a",
        "Eui": "7276FF003903094E",
        "Rssi": -98
      },
      {
        "Name": "F07",
        "Eui": "7276FF003903094F",
        "Rssi": -55
      },
      {
        "Name": "D60",
        "Eui": "7276FF003903097D",
        "Rssi": -113
      },
      {
        "Name": "H06",
        "Eui": "7276FF0039030977",
        "Rssi": -83
      }
    ]
  },
  {
    "Floor": "G",
    "Number": 2,
    "Gateways": [
      {
        "Name": "K01a",
        "Eui": "7276FF003903094E",
        "Rssi": -98
      },
      {
        "Name": "F07",
        "Eui": "7276FF003903094F",
        "Rssi": -61
      },
      {
        "Name": "D60",
        "Eui": "7276FF003903097D",
        "Rssi": -116
      },
      {
        "Name": "H06",
        "Eui": "7276FF0039030977",
        "Rssi": -93
      }
    ]
  },
  {
    "Floor": "G",
    "Number": 3,
    "Gateways": [
      {
        "Name": "K01a",
        "Eui": "7276FF003903094E",
        "Rssi": -92
      },
      {
        "Name": "F07",
        "Eui": "7276FF003903094F",
        "Rssi": -83
      },
      {
        "Name": "H06",
        "Eui": "7276FF0039030977",
        "Rssi": -79
      }
    ]
  },
  {
    "Floor": "G",
    "Number": 21,
    "Gateways": [
      {
        "Name": "K01a",
        "Eui": "7276FF003903094E",
        "Rssi": -87
      },
      {
        "Name": "F07",
        "Eui": "7276FF003903094F",
        "Rssi": -90
      },
      {
        "Name": "D60",
        "Eui": "7276FF003903097D",
        "Rssi": -108
      },
      {
        "Name": "H06",
        "Eui": "7276FF0039030977",
        "Rssi": -93
      }
    ]
  },
  {
    "Floor": "G",
    "Number": 22,
    "Gateways": [
      {
        "Name": "K01a",
        "Eui": "7276FF003903094E",
        "Rssi": -91
      },
      {
        "Name": "F07",
        "Eui": "7276FF003903094F",
        "Rssi": -87
      },
      {
        "Name": "D60",
        "Eui": "7276FF003903097D",
        "Rssi": -112
      },
      {
        "Name": "H06",
        "Eui": "7276FF0039030977",
        "Rssi": -98
      }
    ]
  },
  {
    "Floor": "G",
    "Number": 23,
    "Gateways": [
      {
        "Name": "K01a",
        "Eui": "7276FF003903094E",
        "Rssi": -82
      },
      {
        "Name": "F07",
        "Eui": "7276FF003903094F",
        "Rssi": -94
      },
      {
        "Name": "D60",
        "Eui": "7276FF003903097D",
        "Rssi": -105
      },
      {
        "Name": "H06",
        "Eui": "7276FF0039030977",
        "Rssi": -87
      }
    ]
  },
  {
    "Floor": "G",
    "Number": 24,
    "Gateways": [
      {
        "Name": "K01a",
        "Eui": "7276FF003903094E",
        "Rssi": -95
      },
      {
        "Name": "A02b",
        "Eui": "7276FF00390309F5",
        "Rssi": -118
      },
      {
        "Name": "D60",
        "Eui": "7276FF003903097D",
        "Rssi": -108
      },
      {
        "Name": "H06",
        "Eui": "7276FF0039030977",
        "Rssi": -97
      }
    ]
  },
  {
    "Floor": "G",
    "Number": 25,
    "Gateways": [
      {
        "Name": "K01a",
        "Eui": "7276FF003903094E",
        "Rssi": -86
      },
      {
        "Name": "A02b",
        "Eui": "7276FF00390309F5",
        "Rssi": -118
      },
      {
        "Name": "D60",
        "Eui": "7276FF003903097D",
        "Rssi": -103
      }
    ]
  },
  {
    "Floor": "G",
    "Number": 28,
    "Gateways": [
      {
        "Name": "K01a",
        "Eui": "7276FF003903094E",
        "Rssi": -104
      },
      {
        "Name": "F07",
        "Eui": "7276FF003903094F",
        "Rssi": -85
      },
      {
        "Name": "C22",
        "Eui": "7276FF003903097C",
        "Rssi": -107
      },
      {
        "Name": "D60",
        "Eui": "7276FF003903097D",
        "Rssi": -114
      },
      {
        "Name": "H06",
        "Eui": "7276FF0039030977",
        "Rssi": -90
      }
    ]
  },
  {
    "Floor": "G",
    "Number": 29,
    "Gateways": [
      {
        "Name": "K01a",
        "Eui": "7276FF003903094E",
        "Rssi": -101
      },
      {
        "Name": "F07",
        "Eui": "7276FF003903094F",
        "Rssi": -84
      },
      {
        "Name": "C22",
        "Eui": "7276FF003903097C",
        "Rssi": -111
      },
      {
        "Name": "A02b",
        "Eui": "7276FF00390309F5",
        "Rssi": -117
      },
      {
        "Name": "D60",
        "Eui": "7276FF003903097D",
        "Rssi": -111
      },
      {
        "Name": "H06",
        "Eui": "7276FF0039030977",
        "Rssi": -76
      }
    ]
  },
  {
    "Floor": "G",
    "Number": 30,
    "Gateways": [
      {
        "Name": "K01a",
        "Eui": "7276FF003903094E",
        "Rssi": -102
      },
      {
        "Name": "F07",
        "Eui": "7276FF003903094F",
        "Rssi": -87
      },
      {
        "Name": "B40",
        "Eui": "7276FF0039030950",
        "Rssi": -106
      },
      {
        "Name": "C22",
        "Eui": "7276FF003903097C",
        "Rssi": -105
      },
      {
        "Name": "D60",
        "Eui": "7276FF003903097D",
        "Rssi": -113
      },
      {
        "Name": "H06",
        "Eui": "7276FF0039030977",
        "Rssi": -82
      }
    ]
  },
  {
    "Floor": "G",
    "Number": 31,
    "Gateways": [
      {
        "Name": "K01a",
        "Eui": "7276FF003903094E",
        "Rssi": -100
      },
      {
        "Name": "F07",
        "Eui": "7276FF003903094F",
        "Rssi": -89
      },
      {
        "Name": "C22",
        "Eui": "7276FF003903097C",
        "Rssi": -112
      },
      {
        "Name": "A02b",
        "Eui": "7276FF00390309F5",
        "Rssi": -118
      },
      {
        "Name": "D60",
        "Eui": "7276FF003903097D",
        "Rssi": -112
      }
    ]
  },
  {
    "Floor": "G",
    "Number": 32,
    "Gateways": [
      {
        "Name": "F07",
        "Eui": "7276FF003903094F",
        "Rssi": -84
      },
      {
        "Name": "C22",
        "Eui": "7276FF003903097C",
        "Rssi": -112
      },
      {
        "Name": "A02b",
        "Eui": "7276FF00390309F5",
        "Rssi": -118
      },
      {
        "Name": "D60",
        "Eui": "7276FF003903097D",
        "Rssi": -112
      },
      {
        "Name": "H06",
        "Eui": "7276FF0039030977",
        "Rssi": -84
      }
    ]
  },
  {
    "Floor": "G",
    "Number": 48,
    "Gateways": [
      {
        "Name": "K01a",
        "Eui": "7276FF003903094E",
        "Rssi": -97
      },
      {
        "Name": "F07",
        "Eui": "7276FF003903094F",
        "Rssi": -60
      },
      {
        "Name": "H06",
        "Eui": "7276FF0039030977",
        "Rssi": -69
      }
    ]
  },
  {
    "Floor": "G",
    "Number": 49,
    "Gateways": [
      {
        "Name": "K01a",
        "Eui": "7276FF003903094E",
        "Rssi": -95
      },
      {
        "Name": "F07",
        "Eui": "7276FF003903094F",
        "Rssi": -59
      },
      {
        "Name": "H06",
        "Eui": "7276FF0039030977",
        "Rssi": -70
      }
    ]
  },
  {
    "Floor": "G",
    "Number": 50,
    "Gateways": [
      {
        "Name": "K01a",
        "Eui": "7276FF003903094E",
        "Rssi": -89
      },
      {
        "Name": "F07",
        "Eui": "7276FF003903094F",
        "Rssi": -59
      },
      {
        "Name": "H06",
        "Eui": "7276FF0039030977",
        "Rssi": -70
      }
    ]
  },
  {
    "Floor": "G",
    "Number": 51,
    "Gateways": [
      {
        "Name": "K01a",
        "Eui": "7276FF003903094E",
        "Rssi": -98
      },
      {
        "Name": "F07",
        "Eui": "7276FF003903094F",
        "Rssi": -66
      }
    ]
  },
  {
    "Floor": "G",
    "Number": 52,
    "Gateways": [
      {
        "Name": "K01a",
        "Eui": "7276FF003903094E",
        "Rssi": -98
      },
      {
        "Name": "F07",
        "Eui": "7276FF003903094F",
        "Rssi": -48
      },
      {
        "Name": "H06",
        "Eui": "7276FF0039030977",
        "Rssi": -66
      }
    ]
  },
  {
    "Floor": "G",
    "Number": 53,
    "Gateways": [
      {
        "Name": "K01a",
        "Eui": "7276FF003903094E",
        "Rssi": -99
      },
      {
        "Name": "F07",
        "Eui": "7276FF003903094F",
        "Rssi": -60
      },
      {
        "Name": "H06",
        "Eui": "7276FF0039030977",
        "Rssi": -60
      }
    ]
  },
  {
    "Floor": "G",
    "Number": 54,
    "Gateways": [
      {
        "Name": "K01a",
        "Eui": "7276FF003903094E",
        "Rssi": -96
      },
      {
        "Name": "F07",
        "Eui": "7276FF003903094F",
        "Rssi": -55
      },
      {
        "Name": "H06",
        "Eui": "7276FF0039030977",
        "Rssi": -53
      }
    ]
  },
  {
    "Floor": "G",
    "Number": 64,
    "Gateways": [
      {
        "Name": "K01a",
        "Eui": "7276FF003903094E",
        "Rssi": -100
      },
      {
        "Name": "F07",
        "Eui": "7276FF003903094F",
        "Rssi": -63
      },
      {
        "Name": "C22",
        "Eui": "7276FF003903097C",
        "Rssi": -111
      },
      {
        "Name": "D60",
        "Eui": "7276FF003903097D",
        "Rssi": -113
      },
      {
        "Name": "H06",
        "Eui": "7276FF0039030977",
        "Rssi": -57
      }
    ]
  },
  {
    "Floor": "G",
    "Number": 65,
    "Gateways": [
      {
        "Name": "K01a",
        "Eui": "7276FF003903094E",
        "Rssi": -105
      },
      {
        "Name": "F07",
        "Eui": "7276FF003903094F",
        "Rssi": -71
      },
      {
        "Name": "C22",
        "Eui": "7276FF003903097C",
        "Rssi": -110
      },
      {
        "Name": "D60",
        "Eui": "7276FF003903097D",
        "Rssi": -114
      },
      {
        "Name": "H06",
        "Eui": "7276FF0039030977",
        "Rssi": -63
      }
    ]
  },
  {
    "Floor": "G",
    "Number": 61,
    "Gateways": [
      {
        "Name": "K01a",
        "Eui": "7276FF003903094E",
        "Rssi": -106
      },
      {
        "Name": "F07",
        "Eui": "7276FF003903094F",
        "Rssi": -75
      },
      {
        "Name": "D60",
        "Eui": "7276FF003903097D",
        "Rssi": -113
      },
      {
        "Name": "H06",
        "Eui": "7276FF0039030977",
        "Rssi": -68
      }
    ]
  },
  {
    "Floor": "G",
    "Number": 60,
    "Gateways": [
      {
        "Name": "K01a",
        "Eui": "7276FF003903094E",
        "Rssi": -102
      },
      {
        "Name": "F07",
        "Eui": "7276FF003903094F",
        "Rssi": -84
      },
      {
        "Name": "D60",
        "Eui": "7276FF003903097D",
        "Rssi": -112
      },
      {
        "Name": "H06",
        "Eui": "7276FF0039030977",
        "Rssi": -76
      }
    ]
  }
]