﻿[
  {
    "Floor": "H",
    "Number": 1,
    "Gateways": [
      {
        "Name": "K01a",
        "Eui": "7276FF003903094E",
        "Rssi": -90
      },
      {
        "Name": "F07",
        "Eui": "7276FF003903094F",
        "Rssi": -73
      },
      {
        "Name": "H06",
        "Eui": "7276FF0039030977",
        "Rssi": -71
      }
    ]
  },
  {
    "Floor": "H",
    "Number": 2,
    "Gateways": [
      {
        "Name": "K01a",
        "Eui": "7276FF003903094E",
        "Rssi": -99
      },
      {
        "Name": "F07",
        "Eui": "7276FF003903094F",
        "Rssi": -78
      },
      {
        "Name": "H06",
        "Eui": "7276FF0039030977",
        "Rssi": -77
      }
    ]
  },
  {
    "Floor": "H",
    "Number": 3,
    "Gateways": [
      {
        "Name": "K01a",
        "Eui": "7276FF003903094E",
        "Rssi": -75
      },
      {
        "Name": "F07",
        "Eui": "7276FF003903094F",
        "Rssi": -76
      },
      {
        "Name": "H06",
        "Eui": "7276FF0039030977",
        "Rssi": -68
      }
    ]
  },
  {
    "Floor": "H",
    "Number": 50,
    "Gateways": [
      {
        "Name": "K01a",
        "Eui": "7276FF003903094E",
        "Rssi": -81
      },
      {
        "Name": "H06",
        "Eui": "7276FF0039030977",
        "Rssi": -80
      }
    ]
  },
  {
    "Floor": "H",
    "Number": 51,
    "Gateways": [
      {
        "Name": "K01a",
        "Eui": "7276FF003903094E",
        "Rssi": -88
      },
      {
        "Name": "F07",
        "Eui": "7276FF003903094F",
        "Rssi": -93
      },
      {
        "Name": "H06",
        "Eui": "7276FF0039030977",
        "Rssi": -56
      }
    ]
  },
  {
    "Floor": "H",
    "Number": 52,
    "Gateways": [
      {
        "Name": "K01a",
        "Eui": "7276FF003903094E",
        "Rssi": -83
      },
      {
        "Name": "F07",
        "Eui": "7276FF003903094F",
        "Rssi": -85
      },
      {
        "Name": "H06",
        "Eui": "7276FF0039030977",
        "Rssi": -56
      }
    ]
  },
  {
    "Floor": "H",
    "Number": 53,
    "Gateways": [
      {
        "Name": "K01a",
        "Eui": "7276FF003903094E",
        "Rssi": -78
      },
      {
        "Name": "F07",
        "Eui": "7276FF003903094F",
        "Rssi": -90
      },
      {
        "Name": "H06",
        "Eui": "7276FF0039030977",
        "Rssi": -63
      }
    ]
  },
  {
    "Floor": "H",
    "Number": 54,
    "Gateways": [
      {
        "Name": "K01a",
        "Eui": "7276FF003903094E",
        "Rssi": -76
      },
      {
        "Name": "F07",
        "Eui": "7276FF003903094F",
        "Rssi": -75
      },
      {
        "Name": "D60",
        "Eui": "7276FF003903097D",
        "Rssi": -108
      },
      {
        "Name": "H06",
        "Eui": "7276FF0039030977",
        "Rssi": -70
      }
    ]
  },
  {
    "Floor": "H",
    "Number": 56,
    "Gateways": [
      {
        "Name": "K01a",
        "Eui": "7276FF003903094E",
        "Rssi": -71
      },
      {
        "Name": "F07",
        "Eui": "7276FF003903094F",
        "Rssi": -69
      },
      {
        "Name": "D60",
        "Eui": "7276FF003903097D",
        "Rssi": -107
      },
      {
        "Name": "H06",
        "Eui": "7276FF0039030977",
        "Rssi": -65
      }
    ]
  },
  {
    "Floor": "H",
    "Number": 57,
    "Gateways": [
      {
        "Name": "K01a",
        "Eui": "7276FF003903094E",
        "Rssi": -69
      },
      {
        "Name": "F07",
        "Eui": "7276FF003903094F",
        "Rssi": -87
      },
      {
        "Name": "D60",
        "Eui": "7276FF003903097D",
        "Rssi": -112
      },
      {
        "Name": "H06",
        "Eui": "7276FF0039030977",
        "Rssi": -67
      }
    ]
  },
  {
    "Floor": "H",
    "Number": 58,
    "Gateways": [
      {
        "Name": "K01a",
        "Eui": "7276FF003903094E",
        "Rssi": -61
      },
      {
        "Name": "F07",
        "Eui": "7276FF003903094F",
        "Rssi": -100
      },
      {
        "Name": "D60",
        "Eui": "7276FF003903097D",
        "Rssi": -110
      },
      {
        "Name": "H06",
        "Eui": "7276FF0039030977",
        "Rssi": -74
      }
    ]
  },
  {
    "Floor": "H",
    "Number": 59,
    "Gateways": [
      {
        "Name": "K01a",
        "Eui": "7276FF003903094E",
        "Rssi": -59
      },
      {
        "Name": "F07",
        "Eui": "7276FF003903094F",
        "Rssi": -88
      },
      {
        "Name": "D60",
        "Eui": "7276FF003903097D",
        "Rssi": -108
      },
      {
        "Name": "H06",
        "Eui": "7276FF0039030977",
        "Rssi": -75
      }
    ]
  },
  {
    "Floor": "H",
    "Number": 60,
    "Gateways": [
      {
        "Name": "K01a",
        "Eui": "7276FF003903094E",
        "Rssi": -67
      },
      {
        "Name": "H06",
        "Eui": "7276FF0039030977",
        "Rssi": -97
      }
    ]
  },
  {
    "Floor": "H",
    "Number": 61,
    "Gateways": [
      {
        "Name": "K01a",
        "Eui": "7276FF003903094E",
        "Rssi": -80
      },
      {
        "Name": "F07",
        "Eui": "7276FF003903094F",
        "Rssi": -87
      },
      {
        "Name": "H06",
        "Eui": "7276FF0039030977",
        "Rssi": -90
      }
    ]
  },
  {
    "Floor": "H",
    "Number": 38,
    "Gateways": [
      {
        "Name": "K01a",
        "Eui": "7276FF003903094E",
        "Rssi": -98
      },
      {
        "Name": "F07",
        "Eui": "7276FF003903094F",
        "Rssi": -83
      },
      {
        "Name": "H06",
        "Eui": "7276FF0039030977",
        "Rssi": -44
      }
    ]
  },
  {
    "Floor": "H",
    "Number": 39,
    "Gateways": [
      {
        "Name": "K01a",
        "Eui": "7276FF003903094E",
        "Rssi": -104
      },
      {
        "Name": "F07",
        "Eui": "7276FF003903094F",
        "Rssi": -83
      },
      {
        "Name": "B40",
        "Eui": "7276FF0039030950",
        "Rssi": -106
      },
      {
        "Name": "H06",
        "Eui": "7276FF0039030977",
        "Rssi": -36
      }
    ]
  },
  {
    "Floor": "H",
    "Number": 40,
    "Gateways": [
      {
        "Name": "K01a",
        "Eui": "7276FF003903094E",
        "Rssi": -98
      },
      {
        "Name": "H06",
        "Eui": "7276FF0039030977",
        "Rssi": -35
      }
    ]
  },
  {
    "Floor": "H",
    "Number": 41,
    "Gateways": [
      {
        "Name": "K01a",
        "Eui": "7276FF003903094E",
        "Rssi": -94
      },
      {
        "Name": "F07",
        "Eui": "7276FF003903094F",
        "Rssi": -68
      },
      {
        "Name": "H06",
        "Eui": "7276FF0039030977",
        "Rssi": -51
      }
    ]
  },
  {
    "Floor": "H",
    "Number": 42,
    "Gateways": [
      {
        "Name": "K01a",
        "Eui": "7276FF003903094E",
        "Rssi": -101
      },
      {
        "Name": "F07",
        "Eui": "7276FF003903094F",
        "Rssi": -73
      },
      {
        "Name": "H06",
        "Eui": "7276FF0039030977",
        "Rssi": -47
      }
    ]
  },
  {
    "Floor": "H",
    "Number": 43,
    "Gateways": [
      {
        "Name": "K01a",
        "Eui": "7276FF003903094E",
        "Rssi": -100
      },
      {
        "Name": "F07",
        "Eui": "7276FF003903094F",
        "Rssi": -82
      },
      {
        "Name": "H06",
        "Eui": "7276FF0039030977",
        "Rssi": -50
      }
    ]
  },
  {
    "Floor": "H",
    "Number": 44,
    "Gateways": [
      {
        "Name": "K01a",
        "Eui": "7276FF003903094E",
        "Rssi": -83
      },
      {
        "Name": "F07",
        "Eui": "7276FF003903094F",
        "Rssi": -84
      },
      {
        "Name": "H06",
        "Eui": "7276FF0039030977",
        "Rssi": -56
      }
    ]
  },
  {
    "Floor": "H",
    "Number": 45,
    "Gateways": [
      {
        "Name": "K01a",
        "Eui": "7276FF003903094E",
        "Rssi": -84
      },
      {
        "Name": "F07",
        "Eui": "7276FF003903094F",
        "Rssi": -67
      },
      {
        "Name": "H06",
        "Eui": "7276FF0039030977",
        "Rssi": -52
      }
    ]
  },
  {
    "Floor": "H",
    "Number": 46,
    "Gateways": [
      {
        "Name": "K01a",
        "Eui": "7276FF003903094E",
        "Rssi": -77
      },
      {
        "Name": "F07",
        "Eui": "7276FF003903094F",
        "Rssi": -67
      },
      {
        "Name": "H06",
        "Eui": "7276FF0039030977",
        "Rssi": -53
      }
    ]
  },
  {
    "Floor": "H",
    "Number": 47,
    "Gateways": [
      {
        "Name": "K01a",
        "Eui": "7276FF003903094E",
        "Rssi": -94
      },
      {
        "Name": "H06",
        "Eui": "7276FF0039030977",
        "Rssi": -61
      }
    ]
  },
  {
    "Floor": "H",
    "Number": 48,
    "Gateways": [
      {
        "Name": "K01a",
        "Eui": "7276FF003903094E",
        "Rssi": -98
      },
      {
        "Name": "F07",
        "Eui": "7276FF003903094F",
        "Rssi": -61
      },
      {
        "Name": "H06",
        "Eui": "7276FF0039030977",
        "Rssi": -42
      }
    ]
  },
  {
    "Floor": "H",
    "Number": 49,
    "Gateways": [
      {
        "Name": "K01a",
        "Eui": "7276FF003903094E",
        "Rssi": -89
      },
      {
        "Name": "H06",
        "Eui": "7276FF0039030977",
        "Rssi": -49
      }
    ]
  }
]