﻿[
  {
    "Floor": "A",
    "Number": 1,
    "Gateways": [
      {
        "Name": "A02b",
        "Eui": "7276FF00390309F5",
        "Rssi": -101
      },
      {
        "Name": "D60",
        "Eui": "7276FF003903097D",
        "Rssi": -110
      }
    ]
  },
  {
    "Floor": "A",
    "Number": 2,
    "Gateways": [
      {
        "Name": "A02b",
        "Eui": "7276FF00390309F5",
        "Rssi": -78
      },
      {
        "Name": "D60",
        "Eui": "7276FF003903097D",
        "Rssi": -113
      }
    ]
  },
  {
    "Floor": "A",
    "Number": 3,
    "Gateways": [
      {
        "Name": "A02b",
        "Eui": "7276FF00390309F5",
        "Rssi": -92
      },
      {
        "Name": "D60",
        "Eui": "7276FF003903097D",
        "Rssi": -112
      }
    ]
  },
  {
    "Floor": "A",
    "Number": 4,
    "Gateways": [
      {
        "Name": "A02b",
        "Eui": "7276FF00390309F5",
        "Rssi": -86
      },
      {
        "Name": "D60",
        "Eui": "7276FF003903097D",
        "Rssi": -108
      }
    ]
  },
  {
    "Floor": "A",
    "Number": 5,
    "Gateways": [
      {
        "Name": "A02b",
        "Eui": "7276FF00390309F5",
        "Rssi": -75
      }
    ]
  },
  {
    "Floor": "A",
    "Number": 6,
    "Gateways": [
      {
        "Name": "A02b",
        "Eui": "7276FF00390309F5",
        "Rssi": -72
      }
    ]
  },
  {
    "Floor": "A",
    "Number": 7,
    "Gateways": [
      {
        "Name": "A02b",
        "Eui": "7276FF00390309F5",
        "Rssi": -68
      }
    ]
  },
  {
    "Floor": "A",
    "Number": 8,
    "Gateways": [
      {
        "Name": "A02b",
        "Eui": "7276FF00390309F5",
        "Rssi": -63
      }
    ]
  },
  {
    "Floor": "A",
    "Number": 9,
    "Gateways": [
      {
        "Name": "A02b",
        "Eui": "7276FF00390309F5",
        "Rssi": -58
      }
    ]
  },
  {
    "Floor": "A",
    "Number": 10,
    "Gateways": [
      {
        "Name": "A02b",
        "Eui": "7276FF00390309F5",
        "Rssi": -65
      }
    ]
  },
  {
    "Floor": "A",
    "Number": 11,
    "Gateways": [
      {
        "Name": "A02b",
        "Eui": "7276FF00390309F5",
        "Rssi": -86
      }
    ]
  },
  {
    "Floor": "A",
    "Number": 12,
    "Gateways": [
      {
        "Name": "A02b",
        "Eui": "7276FF00390309F5",
        "Rssi": -77
      }
    ]
  },
  {
    "Floor": "A",
    "Number": 13,
    "Gateways": [
      {
        "Name": "A02b",
        "Eui": "7276FF00390309F5",
        "Rssi": -64
      }
    ]
  },
  {
    "Floor": "A",
    "Number": 14,
    "Gateways": [
      {
        "Name": "A02b",
        "Eui": "7276FF00390309F5",
        "Rssi": -80
      }
    ]
  },
  {
    "Floor": "A",
    "Number": 15,
    "Gateways": [
      {
        "Name": "A02b",
        "Eui": "7276FF00390309F5",
        "Rssi": -74
      }
    ]
  },
  {
    "Floor": "A",
    "Number": 16,
    "Gateways": [
      {
        "Name": "A02b",
        "Eui": "7276FF00390309F5",
        "Rssi": -88
      }
    ]
  },
  {
    "Floor": "A",
    "Number": 17,
    "Gateways": [
      {
        "Name": "A02b",
        "Eui": "7276FF00390309F5",
        "Rssi": -90
      }
    ]
  },
  {
    "Floor": "A",
    "Number": 18,
    "Gateways": [
      {
        "Name": "A02b",
        "Eui": "7276FF00390309F5",
        "Rssi": -71
      }
    ]
  },
  {
    "Floor": "A",
    "Number": 19,
    "Gateways": [
      {
        "Name": "A02b",
        "Eui": "7276FF00390309F5",
        "Rssi": -86
      }
    ]
  },
  {
    "Floor": "A",
    "Number": 20,
    "Gateways": [
      {
        "Name": "A02b",
        "Eui": "7276FF00390309F5",
        "Rssi": -78
      }
    ]
  },
  {
    "Floor": "A",
    "Number": 21,
    "Gateways": [
      {
        "Name": "A02b",
        "Eui": "7276FF00390309F5",
        "Rssi": -92
      }
    ]
  },
  {
    "Floor": "A",
    "Number": 22,
    "Gateways": [
      {
        "Name": "A02b",
        "Eui": "7276FF00390309F5",
        "Rssi": -107
      }
    ]
  },
  {
    "Floor": "A",
    "Number": 23,
    "Gateways": [
      {
        "Name": "A02b",
        "Eui": "7276FF00390309F5",
        "Rssi": -83
      }
    ]
  },
  {
    "Floor": "A",
    "Number": 24,
    "Gateways": [
      {
        "Name": "A02b",
        "Eui": "7276FF00390309F5",
        "Rssi": -87
      }
    ]
  },
  {
    "Floor": "A",
    "Number": 25,
    "Gateways": [
      {
        "Name": "A02b",
        "Eui": "7276FF00390309F5",
        "Rssi": -94
      }
    ]
  },
  {
    "Floor": "A",
    "Number": 26,
    "Gateways": [
      {
        "Name": "A02b",
        "Eui": "7276FF00390309F5",
        "Rssi": -108
      }
    ]
  },
  {
    "Floor": "A",
    "Number": 27,
    "Gateways": [
      {
        "Name": "A02b",
        "Eui": "7276FF00390309F5",
        "Rssi": -110
      }
    ]
  },
  {
    "Floor": "A",
    "Number": 28,
    "Gateways": [
      {
        "Name": "A02b",
        "Eui": "7276FF00390309F5",
        "Rssi": -106
      }
    ]
  },
  {
    "Floor": "A",
    "Number": 29,
    "Gateways": [
      {
        "Name": "A02b",
        "Eui": "7276FF00390309F5",
        "Rssi": -93
      }
    ]
  },
  {
    "Floor": "A",
    "Number": 30,
    "Gateways": [
      {
        "Name": "A02b",
        "Eui": "7276FF00390309F5",
        "Rssi": -99
      }
    ]
  },
  {
    "Floor": "A",
    "Number": 31,
    "Gateways": [
      {
        "Name": "A02b",
        "Eui": "7276FF00390309F5",
        "Rssi": -118
      }
    ]
  },
  {
    "Floor": "A",
    "Number": 32,
    "Gateways": [
      {
        "Name": "A02b",
        "Eui": "7276FF00390309F5",
        "Rssi": -106
      }
    ]
  },
  {
    "Floor": "A",
    "Number": 33,
    "Gateways": [
      {
        "Name": "A02b",
        "Eui": "7276FF00390309F5",
        "Rssi": -100
      }
    ]
  },
  {
    "Floor": "A",
    "Number": 34,
    "Gateways": [
      {
        "Name": "A02b",
        "Eui": "7276FF00390309F5",
        "Rssi": -102
      }
    ]
  },
  {
    "Floor": "A",
    "Number": 35,
    "Gateways": [
      {
        "Name": "A02b",
        "Eui": "7276FF00390309F5",
        "Rssi": -96
      }
    ]
  },
  {
    "Floor": "A",
    "Number": 36,
    "Gateways": [
      {
        "Name": "A02b",
        "Eui": "7276FF00390309F5",
        "Rssi": -118
      }
    ]
  },
  {
    "Floor": "A",
    "Number": 37,
    "Gateways": [
      {
        "Name": "A02b",
        "Eui": "7276FF00390309F5",
        "Rssi": -112
      }
    ]
  },
  {
    "Floor": "A",
    "Number": 38,
    "Gateways": [
      {
        "Name": "A02b",
        "Eui": "7276FF00390309F5",
        "Rssi": -101
      }
    ]
  },
  {
    "Floor": "A",
    "Number": 39,
    "Gateways": [
      {
        "Name": "A02b",
        "Eui": "7276FF00390309F5",
        "Rssi": -106
      }
    ]
  },
  {
    "Floor": "A",
    "Number": 40,
    "Gateways": [
      {
        "Name": "A02b",
        "Eui": "7276FF00390309F5",
        "Rssi": -114
      }
    ]
  },
  {
    "Floor": "A",
    "Number": 46,
    "Gateways": [
      {
        "Name": "A02b",
        "Eui": "7276FF00390309F5",
        "Rssi": -102
      }
    ]
  },
  {
    "Floor": "A",
    "Number": 47,
    "Gateways": [
      {
        "Name": "A02b",
        "Eui": "7276FF00390309F5",
        "Rssi": -102
      }
    ]
  },
  {
    "Floor": "A",
    "Number": 48,
    "Gateways": [
      {
        "Name": "A02b",
        "Eui": "7276FF00390309F5",
        "Rssi": -116
      }
    ]
  },
  {
    "Floor": "A",
    "Number": 49,
    "Gateways": [
      {
        "Name": "A02b",
        "Eui": "7276FF00390309F5",
        "Rssi": -105
      }
    ]
  },
  {
    "Floor": "A",
    "Number": 50,
    "Gateways": [
      {
        "Name": "A02b",
        "Eui": "7276FF00390309F5",
        "Rssi": -96
      }
    ]
  },
  {
    "Floor": "A",
    "Number": 53,
    "Gateways": [
      {
        "Name": "A02b",
        "Eui": "7276FF00390309F5",
        "Rssi": -95
      }
    ]
  },
  {
    "Floor": "A",
    "Number": 54,
    "Gateways": [
      {
        "Name": "A02b",
        "Eui": "7276FF00390309F5",
        "Rssi": -106
      }
    ]
  },
  {
    "Floor": "A",
    "Number": 55,
    "Gateways": [
      {
        "Name": "A02b",
        "Eui": "7276FF00390309F5",
        "Rssi": -93
      }
    ]
  },
  {
    "Floor": "A",
    "Number": 56,
    "Gateways": [
      {
        "Name": "A02b",
        "Eui": "7276FF00390309F5",
        "Rssi": -93
      }
    ]
  },
  {
    "Floor": "A",
    "Number": 57,
    "Gateways": [
      {
        "Name": "A02b",
        "Eui": "7276FF00390309F5",
        "Rssi": -90
      }
    ]
  },
  {
    "Floor": "A",
    "Number": 58,
    "Gateways": [
      {
        "Name": "A02b",
        "Eui": "7276FF00390309F5",
        "Rssi": -104
      }
    ]
  },
  {
    "Floor": "A",
    "Number": 59,
    "Gateways": [
      {
        "Name": "A02b",
        "Eui": "7276FF00390309F5",
        "Rssi": -96
      }
    ]
  },
  {
    "Floor": "A",
    "Number": 60,
    "Gateways": [
      {
        "Name": "A02b",
        "Eui": "7276FF00390309F5",
        "Rssi": -94
      }
    ]
  },
  {
    "Floor": "A",
    "Number": 66,
    "Gateways": [
      {
        "Name": "A02b",
        "Eui": "7276FF00390309F5",
        "Rssi": -92
      }
    ]
  },
  {
    "Floor": "A",
    "Number": 67,
    "Gateways": [
      {
        "Name": "A02b",
        "Eui": "7276FF00390309F5",
        "Rssi": -72
      }
    ]
  },
  {
    "Floor": "A",
    "Number": 68,
    "Gateways": [
      {
        "Name": "A02b",
        "Eui": "7276FF00390309F5",
        "Rssi": -92
      }
    ]
  },
  {
    "Floor": "A",
    "Number": 69,
    "Gateways": [
      {
        "Name": "A02b",
        "Eui": "7276FF00390309F5",
        "Rssi": -92
      }
    ]
  },
  {
    "Floor": "A",
    "Number": 70,
    "Gateways": [
      {
        "Name": "A02b",
        "Eui": "7276FF00390309F5",
        "Rssi": -86
      }
    ]
  },
  {
    "Floor": "A",
    "Number": 71,
    "Gateways": [
      {
        "Name": "A02b",
        "Eui": "7276FF00390309F5",
        "Rssi": -86
      }
    ]
  },
  {
    "Floor": "A",
    "Number": 72,
    "Gateways": [
      {
        "Name": "A02b",
        "Eui": "7276FF00390309F5",
        "Rssi": -78
      }
    ]
  },
  {
    "Floor": "A",
    "Number": 73,
    "Gateways": [
      {
        "Name": "A02b",
        "Eui": "7276FF00390309F5",
        "Rssi": -64
      }
    ]
  },
  {
    "Floor": "A",
    "Number": 76,
    "Gateways": [
      {
        "Name": "A02b",
        "Eui": "7276FF00390309F5",
        "Rssi": -58
      },
      {
        "Name": "D60",
        "Eui": "7276FF003903097D",
        "Rssi": -113
      }
    ]
  },
  {
    "Floor": "A",
    "Number": 77,
    "Gateways": [
      {
        "Name": "A02b",
        "Eui": "7276FF00390309F5",
        "Rssi": -48
      }
    ]
  },
  {
    "Floor": "A",
    "Number": 78,
    "Gateways": [
      {
        "Name": "A02b",
        "Eui": "7276FF00390309F5",
        "Rssi": -47
      }
    ]
  },
  {
    "Floor": "A",
    "Number": 84,
    "Gateways": [
      {
        "Name": "A02b",
        "Eui": "7276FF00390309F5",
        "Rssi": -38
      }
    ]
  },
  {
    "Floor": "A",
    "Number": 86,
    "Gateways": [
      {
        "Name": "A02b",
        "Eui": "7276FF00390309F5",
        "Rssi": -54
      }
    ]
  },
  {
    "Floor": "A",
    "Number": 87,
    "Gateways": []
  },
  {
    "Floor": "A",
    "Number": 88,
    "Gateways": [
      {
        "Name": "A02b",
        "Eui": "7276FF00390309F5",
        "Rssi": -71
      }
    ]
  },
  {
    "Floor": "A",
    "Number": 89,
    "Gateways": [
      {
        "Name": "A02b",
        "Eui": "7276FF00390309F5",
        "Rssi": -75
      }
    ]
  },
  {
    "Floor": "A",
    "Number": 90,
    "Gateways": [
      {
        "Name": "A02b",
        "Eui": "7276FF00390309F5",
        "Rssi": -96
      }
    ]
  },
  {
    "Floor": "A",
    "Number": 91,
    "Gateways": [
      {
        "Name": "A02b",
        "Eui": "7276FF00390309F5",
        "Rssi": -98
      }
    ]
  },
  {
    "Floor": "A",
    "Number": 92,
    "Gateways": [
      {
        "Name": "A02b",
        "Eui": "7276FF00390309F5",
        "Rssi": -112
      }
    ]
  },
  {
    "Floor": "A",
    "Number": 93,
    "Gateways": [
      {
        "Name": "A02b",
        "Eui": "7276FF00390309F5",
        "Rssi": -117
      }
    ]
  },
  {
    "Floor": "A",
    "Number": 94,
    "Gateways": []
  },
  {
    "Floor": "A",
    "Number": 95,
    "Gateways": []
  },
  {
    "Floor": "A",
    "Number": 96,
    "Gateways": [
      {
        "Name": "A02b",
        "Eui": "7276FF00390309F5",
        "Rssi": -119
      }
    ]
  },
  {
    "Floor": "A",
    "Number": 97,
    "Gateways": []
  },
  {
    "Floor": "A",
    "Number": 98,
    "Gateways": [
      {
        "Name": "A02b",
        "Eui": "7276FF00390309F5",
        "Rssi": -114
      }
    ]
  },
  {
    "Floor": "A",
    "Number": 99,
    "Gateways": []
  },
  {
    "Floor": "A",
    "Number": 113,
    "Gateways": [
      {
        "Name": "A02b",
        "Eui": "7276FF00390309F5",
        "Rssi": -116
      }
    ]
  },
  {
    "Floor": "A",
    "Number": 118,
    "Gateways": [
      {
        "Name": "A02b",
        "Eui": "7276FF00390309F5",
        "Rssi": -117
      }
    ]
  },
  {
    "Floor": "A",
    "Number": 119,
    "Gateways": [
      {
        "Name": "A02b",
        "Eui": "7276FF00390309F5",
        "Rssi": -112
      }
    ]
  },
  {
    "Floor": "A",
    "Number": 120,
    "Gateways": [
      {
        "Name": "A02b",
        "Eui": "7276FF00390309F5",
        "Rssi": -114
      }
    ]
  }
]