﻿[
  {
    "Floor": "K",
    "Number": 1,
    "Gateways": [
      {
        "Name": "K01a",
        "Eui": "7276FF003903094E",
        "Rssi": -74
      },
      {
        "Name": "F07",
        "Eui": "7276FF003903094F",
        "Rssi": -79
      },
      {
        "Name": "H06",
        "Eui": "7276FF0039030977",
        "Rssi": -86
      }
    ]
  },
  {
    "Floor": "K",
    "Number": 2,
    "Gateways": [
      {
        "Name": "K01a",
        "Eui": "7276FF003903094E",
        "Rssi": -68
      },
      {
        "Name": "F07",
        "Eui": "7276FF003903094F",
        "Rssi": -97
      },
      {
        "Name": "H06",
        "Eui": "7276FF0039030977",
        "Rssi": -90
      }
    ]
  },
  {
    "Floor": "K",
    "Number": 3,
    "Gateways": [
      {
        "Name": "K01a",
        "Eui": "7276FF003903094E",
        "Rssi": -68
      },
      {
        "Name": "F07",
        "Eui": "7276FF003903094F",
        "Rssi": -85
      },
      {
        "Name": "H06",
        "Eui": "7276FF0039030977",
        "Rssi": -71
      }
    ]
  },
  {
    "Floor": "K",
    "Number": 4,
    "Gateways": [
      {
        "Name": "K01a",
        "Eui": "7276FF003903094E",
        "Rssi": -46
      },
      {
        "Name": "F07",
        "Eui": "7276FF003903094F",
        "Rssi": -107
      },
      {
        "Name": "D60",
        "Eui": "7276FF003903097D",
        "Rssi": -94
      },
      {
        "Name": "H06",
        "Eui": "7276FF0039030977",
        "Rssi": -104
      }
    ]
  },
  {
    "Floor": "K",
    "Number": 5,
    "Gateways": []
  },
  {
    "Floor": "K",
    "Number": 6,
    "Gateways": [
      {
        "Name": "K01a",
        "Eui": "7276FF003903094E",
        "Rssi": -41
      },
      {
        "Name": "F07",
        "Eui": "7276FF003903094F",
        "Rssi": -106
      },
      {
        "Name": "A02b",
        "Eui": "7276FF00390309F5",
        "Rssi": -117
      },
      {
        "Name": "D60",
        "Eui": "7276FF003903097D",
        "Rssi": -90
      },
      {
        "Name": "H06",
        "Eui": "7276FF0039030977",
        "Rssi": -107
      }
    ]
  },
  {
    "Floor": "K",
    "Number": 7,
    "Gateways": [
      {
        "Name": "K01a",
        "Eui": "7276FF003903094E",
        "Rssi": -64
      },
      {
        "Name": "A02b",
        "Eui": "7276FF00390309F5",
        "Rssi": -116
      },
      {
        "Name": "D60",
        "Eui": "7276FF003903097D",
        "Rssi": -82
      },
      {
        "Name": "H06",
        "Eui": "7276FF0039030977",
        "Rssi": -107
      }
    ]
  },
  {
    "Floor": "K",
    "Number": 8,
    "Gateways": [
      {
        "Name": "K01a",
        "Eui": "7276FF003903094E",
        "Rssi": -53
      },
      {
        "Name": "F07",
        "Eui": "7276FF003903094F",
        "Rssi": -105
      },
      {
        "Name": "D60",
        "Eui": "7276FF003903097D",
        "Rssi": -94
      },
      {
        "Name": "H06",
        "Eui": "7276FF0039030977",
        "Rssi": -104
      }
    ]
  },
  {
    "Floor": "K",
    "Number": 9,
    "Gateways": []
  },
  {
    "Floor": "K",
    "Number": 10,
    "Gateways": [
      {
        "Name": "K01a",
        "Eui": "7276FF003903094E",
        "Rssi": -88
      },
      {
        "Name": "H06",
        "Eui": "7276FF0039030977",
        "Rssi": -106
      }
    ]
  },
  {
    "Floor": "K",
    "Number": 11,
    "Gateways": [
      {
        "Name": "K01a",
        "Eui": "7276FF003903094E",
        "Rssi": -66
      },
      {
        "Name": "F07",
        "Eui": "7276FF003903094F",
        "Rssi": -107
      },
      {
        "Name": "A02b",
        "Eui": "7276FF00390309F5",
        "Rssi": -112
      },
      {
        "Name": "D60",
        "Eui": "7276FF003903097D",
        "Rssi": -98
      },
      {
        "Name": "H06",
        "Eui": "7276FF0039030977",
        "Rssi": -107
      }
    ]
  },
  {
    "Floor": "K",
    "Number": 12,
    "Gateways": []
  },
  {
    "Floor": "K",
    "Number": 13,
    "Gateways": []
  },
  {
    "Floor": "K",
    "Number": 14,
    "Gateways": [
      {
        "Name": "K01a",
        "Eui": "7276FF003903094E",
        "Rssi": -90
      },
      {
        "Name": "F07",
        "Eui": "7276FF003903094F",
        "Rssi": -100
      },
      {
        "Name": "D60",
        "Eui": "7276FF003903097D",
        "Rssi": -112
      },
      {
        "Name": "H06",
        "Eui": "7276FF0039030977",
        "Rssi": -82
      }
    ]
  },
  {
    "Floor": "K",
    "Number": 15,
    "Gateways": [
      {
        "Name": "K01a",
        "Eui": "7276FF003903094E",
        "Rssi": -86
      },
      {
        "Name": "F07",
        "Eui": "7276FF003903094F",
        "Rssi": -103
      },
      {
        "Name": "H06",
        "Eui": "7276FF0039030977",
        "Rssi": -82
      }
    ]
  },
  {
    "Floor": "K",
    "Number": 16,
    "Gateways": [
      {
        "Name": "K01a",
        "Eui": "7276FF003903094E",
        "Rssi": -78
      },
      {
        "Name": "F07",
        "Eui": "7276FF003903094F",
        "Rssi": -101
      },
      {
        "Name": "H06",
        "Eui": "7276FF0039030977",
        "Rssi": -74
      }
    ]
  },
  {
    "Floor": "K",
    "Number": 17,
    "Gateways": []
  },
  {
    "Floor": "K",
    "Number": 18,
    "Gateways": [
      {
        "Name": "K01a",
        "Eui": "7276FF003903094E",
        "Rssi": -71
      },
      {
        "Name": "F07",
        "Eui": "7276FF003903094F",
        "Rssi": -95
      },
      {
        "Name": "H06",
        "Eui": "7276FF0039030977",
        "Rssi": -78
      }
    ]
  },
  {
    "Floor": "K",
    "Number": 19,
    "Gateways": [
      {
        "Name": "K01a",
        "Eui": "7276FF003903094E",
        "Rssi": -61
      },
      {
        "Name": "F07",
        "Eui": "7276FF003903094F",
        "Rssi": -99
      },
      {
        "Name": "H06",
        "Eui": "7276FF0039030977",
        "Rssi": -88
      }
    ]
  },
  {
    "Floor": "K",
    "Number": 20,
    "Gateways": [
      {
        "Name": "K01a",
        "Eui": "7276FF003903094E",
        "Rssi": -67
      },
      {
        "Name": "F07",
        "Eui": "7276FF003903094F",
        "Rssi": -103
      },
      {
        "Name": "H06",
        "Eui": "7276FF0039030977",
        "Rssi": -84
      }
    ]
  },
  {
    "Floor": "K",
    "Number": 21,
    "Gateways": [
      {
        "Name": "K01a",
        "Eui": "7276FF003903094E",
        "Rssi": -47
      },
      {
        "Name": "F07",
        "Eui": "7276FF003903094F",
        "Rssi": -97
      },
      {
        "Name": "D60",
        "Eui": "7276FF003903097D",
        "Rssi": -112
      },
      {
        "Name": "H06",
        "Eui": "7276FF0039030977",
        "Rssi": -84
      }
    ]
  },
  {
    "Floor": "K",
    "Number": 22,
    "Gateways": [
      {
        "Name": "K01a",
        "Eui": "7276FF003903094E",
        "Rssi": -53
      },
      {
        "Name": "F07",
        "Eui": "7276FF003903094F",
        "Rssi": -107
      },
      {
        "Name": "D60",
        "Eui": "7276FF003903097D",
        "Rssi": -111
      }
    ]
  },
  {
    "Floor": "K",
    "Number": 23,
    "Gateways": [
      {
        "Name": "K01a",
        "Eui": "7276FF003903094E",
        "Rssi": -34
      },
      {
        "Name": "F07",
        "Eui": "7276FF003903094F",
        "Rssi": -102
      },
      {
        "Name": "D60",
        "Eui": "7276FF003903097D",
        "Rssi": -110
      },
      {
        "Name": "H06",
        "Eui": "7276FF0039030977",
        "Rssi": -91
      }
    ]
  }
]