﻿[
  {
    "Floor": "C",
    "Number": 1,
    "Gateways": [
      {
        "Name": "K01a",
        "Eui": "7276FF003903094E",
        "Rssi": -110
      },
      {
        "Name": "C22",
        "Eui": "7276FF003903097C",
        "Rssi": -106
      },
      {
        "Name": "A02b",
        "Eui": "7276FF00390309F5",
        "Rssi": -100
      },
      {
        "Name": "D60",
        "Eui": "7276FF003903097D",
        "Rssi": -116
      }
    ]
  },
  {
    "Floor": "C",
    "Number": 2,
    "Gateways": [
      {
        "Name": "C22",
        "Eui": "7276FF003903097C",
        "Rssi": -106
      },
      {
        "Name": "A02b",
        "Eui": "7276FF00390309F5",
        "Rssi": -105
      }
    ]
  },
  {
    "Floor": "C",
    "Number": 3,
    "Gateways": [
      {
        "Name": "A02b",
        "Eui": "7276FF00390309F5",
        "Rssi": -117
      },
      {
        "Name": "D60",
        "Eui": "7276FF003903097D",
        "Rssi": -113
      }
    ]
  },
  {
    "Floor": "C",
    "Number": 4,
    "Gateways": [
      {
        "Name": "D60",
        "Eui": "7276FF003903097D",
        "Rssi": -116
      }
    ]
  },
  {
    "Floor": "C",
    "Number": 5,
    "Gateways": [
      {
        "Name": "C22",
        "Eui": "7276FF003903097C",
        "Rssi": -106
      }
    ]
  },
  {
    "Floor": "C",
    "Number": 6,
    "Gateways": [
      {
        "Name": "C22",
        "Eui": "7276FF003903097C",
        "Rssi": -108
      },
      {
        "Name": "A02b",
        "Eui": "7276FF00390309F5",
        "Rssi": -118
      }
    ]
  },
  {
    "Floor": "C",
    "Number": 7,
    "Gateways": [
      {
        "Name": "C22",
        "Eui": "7276FF003903097C",
        "Rssi": -106
      },
      {
        "Name": "A02b",
        "Eui": "7276FF00390309F5",
        "Rssi": -119
      }
    ]
  },
  {
    "Floor": "C",
    "Number": 8,
    "Gateways": [
      {
        "Name": "C22",
        "Eui": "7276FF003903097C",
        "Rssi": -95
      },
      {
        "Name": "A02b",
        "Eui": "7276FF00390309F5",
        "Rssi": -115
      },
      {
        "Name": "D60",
        "Eui": "7276FF003903097D",
        "Rssi": -110
      }
    ]
  },
  {
    "Floor": "C",
    "Number": 10,
    "Gateways": [
      {
        "Name": "C22",
        "Eui": "7276FF003903097C",
        "Rssi": -107
      }
    ]
  },
  {
    "Floor": "C",
    "Number": 11,
    "Gateways": [
      {
        "Name": "C22",
        "Eui": "7276FF003903097C",
        "Rssi": -103
      }
    ]
  },
  {
    "Floor": "C",
    "Number": 12,
    "Gateways": [
      {
        "Name": "C22",
        "Eui": "7276FF003903097C",
        "Rssi": -104
      }
    ]
  },
  {
    "Floor": "C",
    "Number": 13,
    "Gateways": [
      {
        "Name": "C22",
        "Eui": "7276FF003903097C",
        "Rssi": -93
      }
    ]
  },
  {
    "Floor": "C",
    "Number": 14,
    "Gateways": [
      {
        "Name": "C22",
        "Eui": "7276FF003903097C",
        "Rssi": -96
      }
    ]
  },
  {
    "Floor": "C",
    "Number": 15,
    "Gateways": [
      {
        "Name": "C22",
        "Eui": "7276FF003903097C",
        "Rssi": -100
      }
    ]
  },
  {
    "Floor": "C",
    "Number": 16,
    "Gateways": [
      {
        "Name": "C22",
        "Eui": "7276FF003903097C",
        "Rssi": -100
      }
    ]
  },
  {
    "Floor": "C",
    "Number": 17,
    "Gateways": [
      {
        "Name": "C22",
        "Eui": "7276FF003903097C",
        "Rssi": -100
      }
    ]
  },
  {
    "Floor": "C",
    "Number": 18,
    "Gateways": [
      {
        "Name": "C22",
        "Eui": "7276FF003903097C",
        "Rssi": -88
      }
    ]
  },
  {
    "Floor": "C",
    "Number": 19,
    "Gateways": [
      {
        "Name": "C22",
        "Eui": "7276FF003903097C",
        "Rssi": -101
      }
    ]
  },
  {
    "Floor": "C",
    "Number": 30,
    "Gateways": []
  },
  {
    "Floor": "C",
    "Number": 31,
    "Gateways": []
  },
  {
    "Floor": "C",
    "Number": 32,
    "Gateways": [
      {
        "Name": "C22",
        "Eui": "7276FF003903097C",
        "Rssi": -81
      }
    ]
  },
  {
    "Floor": "C",
    "Number": 33,
    "Gateways": [
      {
        "Name": "C22",
        "Eui": "7276FF003903097C",
        "Rssi": -78
      }
    ]
  },
  {
    "Floor": "C",
    "Number": 34,
    "Gateways": [
      {
        "Name": "C22",
        "Eui": "7276FF003903097C",
        "Rssi": -86
      }
    ]
  },
  {
    "Floor": "C",
    "Number": 35,
    "Gateways": [
      {
        "Name": "C22",
        "Eui": "7276FF003903097C",
        "Rssi": -94
      }
    ]
  },
  {
    "Floor": "C",
    "Number": 36,
    "Gateways": [
      {
        "Name": "C22",
        "Eui": "7276FF003903097C",
        "Rssi": -72
      },
      {
        "Name": "H06",
        "Eui": "7276FF0039030977",
        "Rssi": -108
      }
    ]
  },
  {
    "Floor": "C",
    "Number": 37,
    "Gateways": [
      {
        "Name": "C22",
        "Eui": "7276FF003903097C",
        "Rssi": -81
      }
    ]
  },
  {
    "Floor": "C",
    "Number": 38,
    "Gateways": [
      {
        "Name": "C22",
        "Eui": "7276FF003903097C",
        "Rssi": -76
      }
    ]
  },
  {
    "Floor": "C",
    "Number": 39,
    "Gateways": [
      {
        "Name": "C22",
        "Eui": "7276FF003903097C",
        "Rssi": -72
      }
    ]
  },
  {
    "Floor": "C",
    "Number": 20,
    "Gateways": [
      {
        "Name": "C22",
        "Eui": "7276FF003903097C",
        "Rssi": -92
      }
    ]
  },
  {
    "Floor": "C",
    "Number": 21,
    "Gateways": [
      {
        "Name": "C22",
        "Eui": "7276FF003903097C",
        "Rssi": -102
      }
    ]
  },
  {
    "Floor": "C",
    "Number": 22,
    "Gateways": [
      {
        "Name": "C22",
        "Eui": "7276FF003903097C",
        "Rssi": -95
      }
    ]
  },
  {
    "Floor": "C",
    "Number": 23,
    "Gateways": [
      {
        "Name": "C22",
        "Eui": "7276FF003903097C",
        "Rssi": -94
      }
    ]
  },
  {
    "Floor": "C",
    "Number": 40,
    "Gateways": [
      {
        "Name": "C22",
        "Eui": "7276FF003903097C",
        "Rssi": -68
      }
    ]
  },
  {
    "Floor": "C",
    "Number": 41,
    "Gateways": [
      {
        "Name": "C22",
        "Eui": "7276FF003903097C",
        "Rssi": -74
      }
    ]
  },
  {
    "Floor": "C",
    "Number": 42,
    "Gateways": [
      {
        "Name": "C22",
        "Eui": "7276FF003903097C",
        "Rssi": -84
      }
    ]
  },
  {
    "Floor": "C",
    "Number": 43,
    "Gateways": []
  },
  {
    "Floor": "C",
    "Number": 46,
    "Gateways": []
  },
  {
    "Floor": "C",
    "Number": 47,
    "Gateways": [
      {
        "Name": "C22",
        "Eui": "7276FF003903097C",
        "Rssi": -66
      }
    ]
  },
  {
    "Floor": "C",
    "Number": 48,
    "Gateways": [
      {
        "Name": "C22",
        "Eui": "7276FF003903097C",
        "Rssi": -94
      }
    ]
  },
  {
    "Floor": "C",
    "Number": 49,
    "Gateways": [
      {
        "Name": "C22",
        "Eui": "7276FF003903097C",
        "Rssi": -82
      }
    ]
  },
  {
    "Floor": "C",
    "Number": 50,
    "Gateways": [
      {
        "Name": "C22",
        "Eui": "7276FF003903097C",
        "Rssi": -77
      }
    ]
  },
  {
    "Floor": "C",
    "Number": 52,
    "Gateways": [
      {
        "Name": "C22",
        "Eui": "7276FF003903097C",
        "Rssi": -101
      }
    ]
  },
  {
    "Floor": "C",
    "Number": 51,
    "Gateways": [
      {
        "Name": "C22",
        "Eui": "7276FF003903097C",
        "Rssi": -92
      }
    ]
  },
  {
    "Floor": "C",
    "Number": 53,
    "Gateways": [
      {
        "Name": "C22",
        "Eui": "7276FF003903097C",
        "Rssi": -100
      }
    ]
  },
  {
    "Floor": "C",
    "Number": 54,
    "Gateways": []
  },
  {
    "Floor": "C",
    "Number": 55,
    "Gateways": [
      {
        "Name": "C22",
        "Eui": "7276FF003903097C",
        "Rssi": -96
      }
    ]
  },
  {
    "Floor": "C",
    "Number": 56,
    "Gateways": [
      {
        "Name": "C22",
        "Eui": "7276FF003903097C",
        "Rssi": -96
      }
    ]
  },
  {
    "Floor": "C",
    "Number": 57,
    "Gateways": [
      {
        "Name": "C22",
        "Eui": "7276FF003903097C",
        "Rssi": -89
      }
    ]
  },
  {
    "Floor": "C",
    "Number": 58,
    "Gateways": [
      {
        "Name": "C22",
        "Eui": "7276FF003903097C",
        "Rssi": -104
      },
      {
        "Name": "D60",
        "Eui": "7276FF003903097D",
        "Rssi": -114
      }
    ]
  },
  {
    "Floor": "C",
    "Number": 59,
    "Gateways": [
      {
        "Name": "C22",
        "Eui": "7276FF003903097C",
        "Rssi": -98
      },
      {
        "Name": "D60",
        "Eui": "7276FF003903097D",
        "Rssi": -114
      }
    ]
  },
  {
    "Floor": "C",
    "Number": 60,
    "Gateways": [
      {
        "Name": "C22",
        "Eui": "7276FF003903097C",
        "Rssi": -94
      },
      {
        "Name": "D60",
        "Eui": "7276FF003903097D",
        "Rssi": -113
      }
    ]
  },
  {
    "Floor": "C",
    "Number": 65,
    "Gateways": [
      {
        "Name": "C22",
        "Eui": "7276FF003903097C",
        "Rssi": -104
      },
      {
        "Name": "D60",
        "Eui": "7276FF003903097D",
        "Rssi": -112
      }
    ]
  },
  {
    "Floor": "C",
    "Number": 66,
    "Gateways": [
      {
        "Name": "C22",
        "Eui": "7276FF003903097C",
        "Rssi": -110
      },
      {
        "Name": "D60",
        "Eui": "7276FF003903097D",
        "Rssi": -110
      }
    ]
  },
  {
    "Floor": "C",
    "Number": 67,
    "Gateways": [
      {
        "Name": "D60",
        "Eui": "7276FF003903097D",
        "Rssi": -108
      }
    ]
  },
  {
    "Floor": "C",
    "Number": 69,
    "Gateways": [
      {
        "Name": "D60",
        "Eui": "7276FF003903097D",
        "Rssi": -112
      }
    ]
  },
  {
    "Floor": "C",
    "Number": 70,
    "Gateways": [
      {
        "Name": "C22",
        "Eui": "7276FF003903097C",
        "Rssi": -99
      },
      {
        "Name": "D60",
        "Eui": "7276FF003903097D",
        "Rssi": -104
      }
    ]
  },
  {
    "Floor": "C",
    "Number": 71,
    "Gateways": [
      {
        "Name": "C22",
        "Eui": "7276FF003903097C",
        "Rssi": -104
      },
      {
        "Name": "A02b",
        "Eui": "7276FF00390309F5",
        "Rssi": -116
      },
      {
        "Name": "D60",
        "Eui": "7276FF003903097D",
        "Rssi": -106
      }
    ]
  },
  {
    "Floor": "C",
    "Number": 76,
    "Gateways": [
      {
        "Name": "C22",
        "Eui": "7276FF003903097C",
        "Rssi": -98
      },
      {
        "Name": "A02b",
        "Eui": "7276FF00390309F5",
        "Rssi": -119
      },
      {
        "Name": "D60",
        "Eui": "7276FF003903097D",
        "Rssi": -110
      }
    ]
  },
  {
    "Floor": "C",
    "Number": 77,
    "Gateways": [
      {
        "Name": "C22",
        "Eui": "7276FF003903097C",
        "Rssi": -94
      },
      {
        "Name": "A02b",
        "Eui": "7276FF00390309F5",
        "Rssi": -114
      },
      {
        "Name": "D60",
        "Eui": "7276FF003903097D",
        "Rssi": -110
      }
    ]
  },
  {
    "Floor": "C",
    "Number": 78,
    "Gateways": [
      {
        "Name": "C22",
        "Eui": "7276FF003903097C",
        "Rssi": -107
      },
      {
        "Name": "D60",
        "Eui": "7276FF003903097D",
        "Rssi": -96
      }
    ]
  },
  {
    "Floor": "C",
    "Number": 79,
    "Gateways": [
      {
        "Name": "C22",
        "Eui": "7276FF003903097C",
        "Rssi": -101
      },
      {
        "Name": "A02b",
        "Eui": "7276FF00390309F5",
        "Rssi": -119
      },
      {
        "Name": "D60",
        "Eui": "7276FF003903097D",
        "Rssi": -101
      }
    ]
  },
  {
    "Floor": "C",
    "Number": 80,
    "Gateways": [
      {
        "Name": "C22",
        "Eui": "7276FF003903097C",
        "Rssi": -96
      },
      {
        "Name": "D60",
        "Eui": "7276FF003903097D",
        "Rssi": -98
      }
    ]
  },
  {
    "Floor": "C",
    "Number": 86,
    "Gateways": [
      {
        "Name": "A02b",
        "Eui": "7276FF00390309F5",
        "Rssi": -115
      },
      {
        "Name": "D60",
        "Eui": "7276FF003903097D",
        "Rssi": -102
      }
    ]
  },
  {
    "Floor": "C",
    "Number": 87,
    "Gateways": [
      {
        "Name": "A02b",
        "Eui": "7276FF00390309F5",
        "Rssi": -117
      },
      {
        "Name": "D60",
        "Eui": "7276FF003903097D",
        "Rssi": -104
      }
    ]
  },
  {
    "Floor": "C",
    "Number": 89,
    "Gateways": [
      {
        "Name": "D60",
        "Eui": "7276FF003903097D",
        "Rssi": -105
      }
    ]
  },
  {
    "Floor": "C",
    "Number": 90,
    "Gateways": [
      {
        "Name": "D60",
        "Eui": "7276FF003903097D",
        "Rssi": -103
      }
    ]
  },
  {
    "Floor": "C",
    "Number": 91,
    "Gateways": [
      {
        "Name": "D60",
        "Eui": "7276FF003903097D",
        "Rssi": -106
      }
    ]
  },
  {
    "Floor": "C",
    "Number": 92,
    "Gateways": [
      {
        "Name": "A02b",
        "Eui": "7276FF00390309F5",
        "Rssi": -110
      },
      {
        "Name": "D60",
        "Eui": "7276FF003903097D",
        "Rssi": -96
      }
    ]
  },
  {
    "Floor": "C",
    "Number": 93,
    "Gateways": [
      {
        "Name": "K01a",
        "Eui": "7276FF003903094E",
        "Rssi": -106
      },
      {
        "Name": "A02b",
        "Eui": "7276FF00390309F5",
        "Rssi": -113
      },
      {
        "Name": "D60",
        "Eui": "7276FF003903097D",
        "Rssi": -113
      }
    ]
  },
  {
    "Floor": "C",
    "Number": 94,
    "Gateways": [
      {
        "Name": "A02b",
        "Eui": "7276FF00390309F5",
        "Rssi": -113
      },
      {
        "Name": "D60",
        "Eui": "7276FF003903097D",
        "Rssi": -90
      }
    ]
  },
  {
    "Floor": "C",
    "Number": 95,
    "Gateways": [
      {
        "Name": "A02b",
        "Eui": "7276FF00390309F5",
        "Rssi": -117
      },
      {
        "Name": "D60",
        "Eui": "7276FF003903097D",
        "Rssi": -106
      }
    ]
  },
  {
    "Floor": "C",
    "Number": 96,
    "Gateways": [
      {
        "Name": "K01a",
        "Eui": "7276FF003903094E",
        "Rssi": -107
      },
      {
        "Name": "A02b",
        "Eui": "7276FF00390309F5",
        "Rssi": -110
      },
      {
        "Name": "D60",
        "Eui": "7276FF003903097D",
        "Rssi": -88
      }
    ]
  },
  {
    "Floor": "C",
    "Number": 97,
    "Gateways": [
      {
        "Name": "A02b",
        "Eui": "7276FF00390309F5",
        "Rssi": -108
      },
      {
        "Name": "D60",
        "Eui": "7276FF003903097D",
        "Rssi": -102
      }
    ]
  },
  {
    "Floor": "C",
    "Number": 98,
    "Gateways": [
      {
        "Name": "A02b",
        "Eui": "7276FF00390309F5",
        "Rssi": -99
      },
      {
        "Name": "D60",
        "Eui": "7276FF003903097D",
        "Rssi": -111
      }
    ]
  },
  {
    "Floor": "C",
    "Number": 99,
    "Gateways": [
      {
        "Name": "A02b",
        "Eui": "7276FF00390309F5",
        "Rssi": -112
      },
      {
        "Name": "D60",
        "Eui": "7276FF003903097D",
        "Rssi": -102
      }
    ]
  },
  {
    "Floor": "C",
    "Number": 100,
    "Gateways": [
      {
        "Name": "A02b",
        "Eui": "7276FF00390309F5",
        "Rssi": -118
      },
      {
        "Name": "D60",
        "Eui": "7276FF003903097D",
        "Rssi": -82
      }
    ]
  },
  {
    "Floor": "C",
    "Number": 101,
    "Gateways": [
      {
        "Name": "A02b",
        "Eui": "7276FF00390309F5",
        "Rssi": -113
      },
      {
        "Name": "D60",
        "Eui": "7276FF003903097D",
        "Rssi": -90
      }
    ]
  },
  {
    "Floor": "C",
    "Number": 102,
    "Gateways": [
      {
        "Name": "A02b",
        "Eui": "7276FF00390309F5",
        "Rssi": -117
      },
      {
        "Name": "D60",
        "Eui": "7276FF003903097D",
        "Rssi": -90
      }
    ]
  },
  {
    "Floor": "C",
    "Number": 103,
    "Gateways": [
      {
        "Name": "A02b",
        "Eui": "7276FF00390309F5",
        "Rssi": -108
      },
      {
        "Name": "D60",
        "Eui": "7276FF003903097D",
        "Rssi": -100
      }
    ]
  },
  {
    "Floor": "C",
    "Number": 104,
    "Gateways": [
      {
        "Name": "D60",
        "Eui": "7276FF003903097D",
        "Rssi": -96
      }
    ]
  },
  {
    "Floor": "C",
    "Number": 105,
    "Gateways": [
      {
        "Name": "A02b",
        "Eui": "7276FF00390309F5",
        "Rssi": -115
      },
      {
        "Name": "D60",
        "Eui": "7276FF003903097D",
        "Rssi": -94
      }
    ]
  },
  {
    "Floor": "C",
    "Number": 106,
    "Gateways": [
      {
        "Name": "A02b",
        "Eui": "7276FF00390309F5",
        "Rssi": -113
      },
      {
        "Name": "D60",
        "Eui": "7276FF003903097D",
        "Rssi": -90
      }
    ]
  },
  {
    "Floor": "C",
    "Number": 107,
    "Gateways": [
      {
        "Name": "D60",
        "Eui": "7276FF003903097D",
        "Rssi": -96
      }
    ]
  },
  {
    "Floor": "C",
    "Number": 108,
    "Gateways": [
      {
        "Name": "D60",
        "Eui": "7276FF003903097D",
        "Rssi": -105
      }
    ]
  },
  {
    "Floor": "C",
    "Number": 109,
    "Gateways": [
      {
        "Name": "D60",
        "Eui": "7276FF003903097D",
        "Rssi": -100
      }
    ]
  },
  {
    "Floor": "C",
    "Number": 110,
    "Gateways": [
      {
        "Name": "D60",
        "Eui": "7276FF003903097D",
        "Rssi": -88
      }
    ]
  },
  {
    "Floor": "C",
    "Number": 111,
    "Gateways": [
      {
        "Name": "D60",
        "Eui": "7276FF003903097D",
        "Rssi": -111
      }
    ]
  },
  {
    "Floor": "C",
    "Number": 153,
    "Gateways": [
      {
        "Name": "C22",
        "Eui": "7276FF003903097C",
        "Rssi": -88
      },
      {
        "Name": "A02b",
        "Eui": "7276FF00390309F5",
        "Rssi": -119
      }
    ]
  },
  {
    "Floor": "C",
    "Number": 154,
    "Gateways": [
      {
        "Name": "C22",
        "Eui": "7276FF003903097C",
        "Rssi": -76
      }
    ]
  },
  {
    "Floor": "C",
    "Number": 155,
    "Gateways": [
      {
        "Name": "B40",
        "Eui": "7276FF0039030950",
        "Rssi": -102
      },
      {
        "Name": "C22",
        "Eui": "7276FF003903097C",
        "Rssi": -83
      }
    ]
  },
  {
    "Floor": "C",
    "Number": 156,
    "Gateways": [
      {
        "Name": "B40",
        "Eui": "7276FF0039030950",
        "Rssi": -101
      },
      {
        "Name": "C22",
        "Eui": "7276FF003903097C",
        "Rssi": -72
      }
    ]
  },
  {
    "Floor": "C",
    "Number": 157,
    "Gateways": [
      {
        "Name": "C22",
        "Eui": "7276FF003903097C",
        "Rssi": -74
      }
    ]
  },
  {
    "Floor": "C",
    "Number": 158,
    "Gateways": [
      {
        "Name": "C22",
        "Eui": "7276FF003903097C",
        "Rssi": -71
      }
    ]
  },
  {
    "Floor": "C",
    "Number": 159,
    "Gateways": [
      {
        "Name": "B40",
        "Eui": "7276FF0039030950",
        "Rssi": -101
      },
      {
        "Name": "C22",
        "Eui": "7276FF003903097C",
        "Rssi": -68
      },
      {
        "Name": "H06",
        "Eui": "7276FF0039030977",
        "Rssi": -108
      }
    ]
  },
  {
    "Floor": "C",
    "Number": 160,
    "Gateways": [
      {
        "Name": "B40",
        "Eui": "7276FF0039030950",
        "Rssi": -88
      },
      {
        "Name": "C22",
        "Eui": "7276FF003903097C",
        "Rssi": -70
      }
    ]
  },
  {
    "Floor": "C",
    "Number": 161,
    "Gateways": [
      {
        "Name": "B40",
        "Eui": "7276FF0039030950",
        "Rssi": -100
      },
      {
        "Name": "C22",
        "Eui": "7276FF003903097C",
        "Rssi": -74
      }
    ]
  },
  {
    "Floor": "C",
    "Number": 162,
    "Gateways": [
      {
        "Name": "B40",
        "Eui": "7276FF0039030950",
        "Rssi": -92
      },
      {
        "Name": "C22",
        "Eui": "7276FF003903097C",
        "Rssi": -59
      },
      {
        "Name": "H06",
        "Eui": "7276FF0039030977",
        "Rssi": -110
      }
    ]
  },
  {
    "Floor": "C",
    "Number": 163,
    "Gateways": [
      {
        "Name": "B40",
        "Eui": "7276FF0039030950",
        "Rssi": -94
      },
      {
        "Name": "C22",
        "Eui": "7276FF003903097C",
        "Rssi": -76
      }
    ]
  },
  {
    "Floor": "C",
    "Number": 164,
    "Gateways": [
      {
        "Name": "B40",
        "Eui": "7276FF0039030950",
        "Rssi": -89
      },
      {
        "Name": "C22",
        "Eui": "7276FF003903097C",
        "Rssi": -72
      }
    ]
  },
  {
    "Floor": "C",
    "Number": 165,
    "Gateways": [
      {
        "Name": "B40",
        "Eui": "7276FF0039030950",
        "Rssi": -88
      },
      {
        "Name": "C22",
        "Eui": "7276FF003903097C",
        "Rssi": -84
      }
    ]
  },
  {
    "Floor": "C",
    "Number": 166,
    "Gateways": [
      {
        "Name": "B40",
        "Eui": "7276FF0039030950",
        "Rssi": -69
      },
      {
        "Name": "C22",
        "Eui": "7276FF003903097C",
        "Rssi": -86
      }
    ]
  },
  {
    "Floor": "C",
    "Number": 167,
    "Gateways": [
      {
        "Name": "B40",
        "Eui": "7276FF0039030950",
        "Rssi": -77
      },
      {
        "Name": "C22",
        "Eui": "7276FF003903097C",
        "Rssi": -80
      }
    ]
  },
  {
    "Floor": "C",
    "Number": 168,
    "Gateways": [
      {
        "Name": "B40",
        "Eui": "7276FF0039030950",
        "Rssi": -71
      },
      {
        "Name": "C22",
        "Eui": "7276FF003903097C",
        "Rssi": -83
      },
      {
        "Name": "H06",
        "Eui": "7276FF0039030977",
        "Rssi": -112
      }
    ]
  },
  {
    "Floor": "C",
    "Number": 169,
    "Gateways": [
      {
        "Name": "B40",
        "Eui": "7276FF0039030950",
        "Rssi": -74
      },
      {
        "Name": "C22",
        "Eui": "7276FF003903097C",
        "Rssi": -88
      }
    ]
  },
  {
    "Floor": "C",
    "Number": 170,
    "Gateways": [
      {
        "Name": "B40",
        "Eui": "7276FF0039030950",
        "Rssi": -76
      },
      {
        "Name": "C22",
        "Eui": "7276FF003903097C",
        "Rssi": -92
      }
    ]
  },
  {
    "Floor": "C",
    "Number": 171,
    "Gateways": [
      {
        "Name": "B40",
        "Eui": "7276FF0039030950",
        "Rssi": -64
      },
      {
        "Name": "C22",
        "Eui": "7276FF003903097C",
        "Rssi": -86
      }
    ]
  },
  {
    "Floor": "C",
    "Number": 172,
    "Gateways": [
      {
        "Name": "B40",
        "Eui": "7276FF0039030950",
        "Rssi": -62
      },
      {
        "Name": "C22",
        "Eui": "7276FF003903097C",
        "Rssi": -96
      }
    ]
  },
  {
    "Floor": "C",
    "Number": 173,
    "Gateways": [
      {
        "Name": "B40",
        "Eui": "7276FF0039030950",
        "Rssi": -61
      },
      {
        "Name": "C22",
        "Eui": "7276FF003903097C",
        "Rssi": -90
      },
      {
        "Name": "H06",
        "Eui": "7276FF0039030977",
        "Rssi": -111
      }
    ]
  },
  {
    "Floor": "C",
    "Number": 174,
    "Gateways": [
      {
        "Name": "B40",
        "Eui": "7276FF0039030950",
        "Rssi": -80
      },
      {
        "Name": "C22",
        "Eui": "7276FF003903097C",
        "Rssi": -81
      }
    ]
  },
  {
    "Floor": "C",
    "Number": 175,
    "Gateways": [
      {
        "Name": "B40",
        "Eui": "7276FF0039030950",
        "Rssi": -74
      },
      {
        "Name": "C22",
        "Eui": "7276FF003903097C",
        "Rssi": -87
      }
    ]
  },
  {
    "Floor": "C",
    "Number": 176,
    "Gateways": [
      {
        "Name": "B40",
        "Eui": "7276FF0039030950",
        "Rssi": -80
      },
      {
        "Name": "C22",
        "Eui": "7276FF003903097C",
        "Rssi": -104
      }
    ]
  },
  {
    "Floor": "C",
    "Number": 177,
    "Gateways": [
      {
        "Name": "B40",
        "Eui": "7276FF0039030950",
        "Rssi": -90
      },
      {
        "Name": "C22",
        "Eui": "7276FF003903097C",
        "Rssi": -95
      }
    ]
  },
  {
    "Floor": "C",
    "Number": 178,
    "Gateways": [
      {
        "Name": "B40",
        "Eui": "7276FF0039030950",
        "Rssi": -76
      },
      {
        "Name": "C22",
        "Eui": "7276FF003903097C",
        "Rssi": -95
      }
    ]
  },
  {
    "Floor": "C",
    "Number": 179,
    "Gateways": [
      {
        "Name": "B40",
        "Eui": "7276FF0039030950",
        "Rssi": -71
      },
      {
        "Name": "C22",
        "Eui": "7276FF003903097C",
        "Rssi": -96
      }
    ]
  },
  {
    "Floor": "C",
    "Number": 180,
    "Gateways": [
      {
        "Name": "C22",
        "Eui": "7276FF003903097C",
        "Rssi": -104
      }
    ]
  },
  {
    "Floor": "C",
    "Number": 181,
    "Gateways": [
      {
        "Name": "B40",
        "Eui": "7276FF0039030950",
        "Rssi": -105
      },
      {
        "Name": "C22",
        "Eui": "7276FF003903097C",
        "Rssi": -106
      }
    ]
  },
  {
    "Floor": "C",
    "Number": 182,
    "Gateways": [
      {
        "Name": "B40",
        "Eui": "7276FF0039030950",
        "Rssi": -107
      },
      {
        "Name": "C22",
        "Eui": "7276FF003903097C",
        "Rssi": -105
      }
    ]
  },
  {
    "Floor": "C",
    "Number": 183,
    "Gateways": [
      {
        "Name": "B40",
        "Eui": "7276FF0039030950",
        "Rssi": -103
      }
    ]
  },
  {
    "Floor": "C",
    "Number": 184,
    "Gateways": [
      {
        "Name": "B40",
        "Eui": "7276FF0039030950",
        "Rssi": -104
      },
      {
        "Name": "C22",
        "Eui": "7276FF003903097C",
        "Rssi": -108
      }
    ]
  },
  {
    "Floor": "C",
    "Number": 185,
    "Gateways": [
      {
        "Name": "B40",
        "Eui": "7276FF0039030950",
        "Rssi": -94
      },
      {
        "Name": "C22",
        "Eui": "7276FF003903097C",
        "Rssi": -111
      }
    ]
  },
  {
    "Floor": "C",
    "Number": 186,
    "Gateways": [
      {
        "Name": "B40",
        "Eui": "7276FF0039030950",
        "Rssi": -90
      },
      {
        "Name": "C22",
        "Eui": "7276FF003903097C",
        "Rssi": -98
      }
    ]
  },
  {
    "Floor": "C",
    "Number": 187,
    "Gateways": [
      {
        "Name": "C22",
        "Eui": "7276FF003903097C",
        "Rssi": -105
      }
    ]
  },
  {
    "Floor": "C",
    "Number": 188,
    "Gateways": [
      {
        "Name": "C22",
        "Eui": "7276FF003903097C",
        "Rssi": -104
      }
    ]
  },
  {
    "Floor": "C",
    "Number": 189,
    "Gateways": [
      {
        "Name": "B40",
        "Eui": "7276FF0039030950",
        "Rssi": -91
      },
      {
        "Name": "C22",
        "Eui": "7276FF003903097C",
        "Rssi": -105
      }
    ]
  },
  {
    "Floor": "C",
    "Number": 190,
    "Gateways": [
      {
        "Name": "B40",
        "Eui": "7276FF0039030950",
        "Rssi": -90
      },
      {
        "Name": "C22",
        "Eui": "7276FF003903097C",
        "Rssi": -75
      }
    ]
  },
  {
    "Floor": "C",
    "Number": 191,
    "Gateways": [
      {
        "Name": "B40",
        "Eui": "7276FF0039030950",
        "Rssi": -88
      },
      {
        "Name": "C22",
        "Eui": "7276FF003903097C",
        "Rssi": -89
      }
    ]
  },
  {
    "Floor": "C",
    "Number": 192,
    "Gateways": [
      {
        "Name": "B40",
        "Eui": "7276FF0039030950",
        "Rssi": -106
      },
      {
        "Name": "C22",
        "Eui": "7276FF003903097C",
        "Rssi": -99
      }
    ]
  },
  {
    "Floor": "C",
    "Number": 193,
    "Gateways": [
      {
        "Name": "B40",
        "Eui": "7276FF0039030950",
        "Rssi": -100
      },
      {
        "Name": "C22",
        "Eui": "7276FF003903097C",
        "Rssi": -101
      }
    ]
  },
  {
    "Floor": "C",
    "Number": 194,
    "Gateways": [
      {
        "Name": "B40",
        "Eui": "7276FF0039030950",
        "Rssi": -84
      },
      {
        "Name": "C22",
        "Eui": "7276FF003903097C",
        "Rssi": -89
      }
    ]
  },
  {
    "Floor": "C",
    "Number": 195,
    "Gateways": [
      {
        "Name": "B40",
        "Eui": "7276FF0039030950",
        "Rssi": -98
      },
      {
        "Name": "C22",
        "Eui": "7276FF003903097C",
        "Rssi": -80
      }
    ]
  },
  {
    "Floor": "C",
    "Number": 196,
    "Gateways": [
      {
        "Name": "B40",
        "Eui": "7276FF0039030950",
        "Rssi": -83
      },
      {
        "Name": "C22",
        "Eui": "7276FF003903097C",
        "Rssi": -70
      }
    ]
  },
  {
    "Floor": "C",
    "Number": 197,
    "Gateways": [
      {
        "Name": "B40",
        "Eui": "7276FF0039030950",
        "Rssi": -106
      },
      {
        "Name": "C22",
        "Eui": "7276FF003903097C",
        "Rssi": -77
      }
    ]
  },
  {
    "Floor": "C",
    "Number": 198,
    "Gateways": [
      {
        "Name": "B40",
        "Eui": "7276FF0039030950",
        "Rssi": -99
      },
      {
        "Name": "C22",
        "Eui": "7276FF003903097C",
        "Rssi": -78
      }
    ]
  },
  {
    "Floor": "C",
    "Number": 199,
    "Gateways": [
      {
        "Name": "B40",
        "Eui": "7276FF0039030950",
        "Rssi": -94
      },
      {
        "Name": "C22",
        "Eui": "7276FF003903097C",
        "Rssi": -88
      }
    ]
  },
  {
    "Floor": "C",
    "Number": 200,
    "Gateways": [
      {
        "Name": "B40",
        "Eui": "7276FF0039030950",
        "Rssi": -102
      },
      {
        "Name": "C22",
        "Eui": "7276FF003903097C",
        "Rssi": -54
      }
    ]
  },
  {
    "Floor": "C",
    "Number": 201,
    "Gateways": [
      {
        "Name": "B40",
        "Eui": "7276FF0039030950",
        "Rssi": -99
      },
      {
        "Name": "C22",
        "Eui": "7276FF003903097C",
        "Rssi": -78
      }
    ]
  },
  {
    "Floor": "C",
    "Number": 202,
    "Gateways": [
      {
        "Name": "B40",
        "Eui": "7276FF0039030950",
        "Rssi": -105
      },
      {
        "Name": "C22",
        "Eui": "7276FF003903097C",
        "Rssi": -65
      }
    ]
  },
  {
    "Floor": "C",
    "Number": 203,
    "Gateways": [
      {
        "Name": "B40",
        "Eui": "7276FF0039030950",
        "Rssi": -107
      },
      {
        "Name": "C22",
        "Eui": "7276FF003903097C",
        "Rssi": -82
      }
    ]
  },
  {
    "Floor": "C",
    "Number": 210,
    "Gateways": [
      {
        "Name": "B40",
        "Eui": "7276FF0039030950",
        "Rssi": -103
      },
      {
        "Name": "C22",
        "Eui": "7276FF003903097C",
        "Rssi": -62
      }
    ]
  },
  {
    "Floor": "C",
    "Number": 211,
    "Gateways": []
  },
  {
    "Floor": "C",
    "Number": 212,
    "Gateways": [
      {
        "Name": "B40",
        "Eui": "7276FF0039030950",
        "Rssi": -100
      },
      {
        "Name": "C22",
        "Eui": "7276FF003903097C",
        "Rssi": -59
      }
    ]
  },
  {
    "Floor": "C",
    "Number": 213,
    "Gateways": [
      {
        "Name": "C22",
        "Eui": "7276FF003903097C",
        "Rssi": -47
      }
    ]
  },
  {
    "Floor": "C",
    "Number": 214,
    "Gateways": [
      {
        "Name": "C22",
        "Eui": "7276FF003903097C",
        "Rssi": -66
      }
    ]
  },
  {
    "Floor": "C",
    "Number": 215,
    "Gateways": [
      {
        "Name": "B40",
        "Eui": "7276FF0039030950",
        "Rssi": -106
      },
      {
        "Name": "C22",
        "Eui": "7276FF003903097C",
        "Rssi": -59
      }
    ]
  },
  {
    "Floor": "C",
    "Number": 216,
    "Gateways": [
      {
        "Name": "C22",
        "Eui": "7276FF003903097C",
        "Rssi": -68
      }
    ]
  },
  {
    "Floor": "C",
    "Number": 217,
    "Gateways": [
      {
        "Name": "C22",
        "Eui": "7276FF003903097C",
        "Rssi": -53
      }
    ]
  },
  {
    "Floor": "C",
    "Number": 218,
    "Gateways": [
      {
        "Name": "C22",
        "Eui": "7276FF003903097C",
        "Rssi": -50
      }
    ]
  },
  {
    "Floor": "C",
    "Number": 219,
    "Gateways": [
      {
        "Name": "C22",
        "Eui": "7276FF003903097C",
        "Rssi": -53
      }
    ]
  },
  {
    "Floor": "C",
    "Number": 220,
    "Gateways": [
      {
        "Name": "B40",
        "Eui": "7276FF0039030950",
        "Rssi": -106
      },
      {
        "Name": "C22",
        "Eui": "7276FF003903097C",
        "Rssi": -36
      }
    ]
  },
  {
    "Floor": "C",
    "Number": 221,
    "Gateways": [
      {
        "Name": "C22",
        "Eui": "7276FF003903097C",
        "Rssi": -46
      }
    ]
  },
  {
    "Floor": "C",
    "Number": 222,
    "Gateways": [
      {
        "Name": "F07",
        "Eui": "7276FF003903094F",
        "Rssi": -107
      },
      {
        "Name": "C22",
        "Eui": "7276FF003903097C",
        "Rssi": -59
      }
    ]
  },
  {
    "Floor": "C",
    "Number": 223,
    "Gateways": [
      {
        "Name": "B40",
        "Eui": "7276FF0039030950",
        "Rssi": -105
      },
      {
        "Name": "C22",
        "Eui": "7276FF003903097C",
        "Rssi": -58
      }
    ]
  },
  {
    "Floor": "C",
    "Number": 224,
    "Gateways": [
      {
        "Name": "B40",
        "Eui": "7276FF0039030950",
        "Rssi": -103
      },
      {
        "Name": "C22",
        "Eui": "7276FF003903097C",
        "Rssi": -65
      }
    ]
  },
  {
    "Floor": "C",
    "Number": 225,
    "Gateways": [
      {
        "Name": "F07",
        "Eui": "7276FF003903094F",
        "Rssi": -106
      },
      {
        "Name": "C22",
        "Eui": "7276FF003903097C",
        "Rssi": -68
      },
      {
        "Name": "H06",
        "Eui": "7276FF0039030977",
        "Rssi": -110
      }
    ]
  },
  {
    "Floor": "C",
    "Number": 226,
    "Gateways": [
      {
        "Name": "B40",
        "Eui": "7276FF0039030950",
        "Rssi": -74
      },
      {
        "Name": "C22",
        "Eui": "7276FF003903097C",
        "Rssi": -88
      }
    ]
  },
  {
    "Floor": "C",
    "Number": 227,
    "Gateways": [
      {
        "Name": "B40",
        "Eui": "7276FF0039030950",
        "Rssi": -84
      },
      {
        "Name": "C22",
        "Eui": "7276FF003903097C",
        "Rssi": -81
      }
    ]
  },
  {
    "Floor": "C",
    "Number": 228,
    "Gateways": [
      {
        "Name": "B40",
        "Eui": "7276FF0039030950",
        "Rssi": -98
      },
      {
        "Name": "C22",
        "Eui": "7276FF003903097C",
        "Rssi": -76
      }
    ]
  },
  {
    "Floor": "C",
    "Number": 229,
    "Gateways": [
      {
        "Name": "B40",
        "Eui": "7276FF0039030950",
        "Rssi": -100
      },
      {
        "Name": "C22",
        "Eui": "7276FF003903097C",
        "Rssi": -64
      }
    ]
  },
  {
    "Floor": "C",
    "Number": 230,
    "Gateways": [
      {
        "Name": "B40",
        "Eui": "7276FF0039030950",
        "Rssi": -102
      },
      {
        "Name": "C22",
        "Eui": "7276FF003903097C",
        "Rssi": -53
      }
    ]
  },
  {
    "Floor": "C",
    "Number": 231,
    "Gateways": [
      {
        "Name": "B40",
        "Eui": "7276FF0039030950",
        "Rssi": -105
      },
      {
        "Name": "C22",
        "Eui": "7276FF003903097C",
        "Rssi": -78
      }
    ]
  },
  {
    "Floor": "C",
    "Number": 232,
    "Gateways": [
      {
        "Name": "C22",
        "Eui": "7276FF003903097C",
        "Rssi": -83
      }
    ]
  },
  {
    "Floor": "C",
    "Number": 233,
    "Gateways": [
      {
        "Name": "C22",
        "Eui": "7276FF003903097C",
        "Rssi": -86
      }
    ]
  },
  {
    "Floor": "C",
    "Number": 234,
    "Gateways": [
      {
        "Name": "C22",
        "Eui": "7276FF003903097C",
        "Rssi": -95
      },
      {
        "Name": "D60",
        "Eui": "7276FF003903097D",
        "Rssi": -111
      }
    ]
  },
  {
    "Floor": "C",
    "Number": 235,
    "Gateways": [
      {
        "Name": "C22",
        "Eui": "7276FF003903097C",
        "Rssi": -94
      },
      {
        "Name": "A02b",
        "Eui": "7276FF00390309F5",
        "Rssi": -119
      }
    ]
  },
  {
    "Floor": "C",
    "Number": 236,
    "Gateways": [
      {
        "Name": "C22",
        "Eui": "7276FF003903097C",
        "Rssi": -104
      },
      {
        "Name": "D60",
        "Eui": "7276FF003903097D",
        "Rssi": -112
      }
    ]
  },
  {
    "Floor": "C",
    "Number": 237,
    "Gateways": [
      {
        "Name": "D60",
        "Eui": "7276FF003903097D",
        "Rssi": -94
      }
    ]
  },
  {
    "Floor": "C",
    "Number": 238,
    "Gateways": [
      {
        "Name": "A02b",
        "Eui": "7276FF00390309F5",
        "Rssi": -116
      },
      {
        "Name": "D60",
        "Eui": "7276FF003903097D",
        "Rssi": -98
      }
    ]
  },
  {
    "Floor": "C",
    "Number": 239,
    "Gateways": [
      {
        "Name": "D60",
        "Eui": "7276FF003903097D",
        "Rssi": -100
      }
    ]
  },
  {
    "Floor": "C",
    "Number": 240,
    "Gateways": [
      {
        "Name": "D60",
        "Eui": "7276FF003903097D",
        "Rssi": -110
      }
    ]
  },
  {
    "Floor": "C",
    "Number": 241,
    "Gateways": [
      {
        "Name": "D60",
        "Eui": "7276FF003903097D",
        "Rssi": -98
      }
    ]
  }
]