﻿[
  {
    "Floor": "B",
    "Number": 1,
    "Distances": [
      8.94427190999916,
      13.416407864998739,
      4.47213595499958
    ]
  },
  {
    "Floor": "B",
    "Number": 2,
    "Distances": [
      2.8284271247461903,
      4.0,
      2.8284271247461903
    ]
  },
  {
    "Floor": "B",
    "Number": 3,
    "Distances": [
      4.0,
      0.0,
      4.0
    ]
  },
  {
    "Floor": "B",
    "Number": 4,
    "Distances": [
      7.0,
      7.0,
      3.0
    ]
  },
  {
    "Floor": "B",
    "Number": 5,
    "Distances": [
      7.0,
      0.0,
      7.0
    ]
  },
  {
    "Floor": "B",
    "Number": 6,
    "Distances": [
      0.0,
      3.0,
      3.0
    ]
  },
  {
    "Floor": "B",
    "Number": 7,
    "Distances": [
      1.0,
      7.0,
      6.0
    ]
  },
  {
    "Floor": "B",
    "Number": 8,
    "Distances": [
      19.313207915827967,
      19.723082923316021,
      3.1622776601683795
    ]
  },
  {
    "Floor": "B",
    "Number": 9,
    "Distances": [
      1.0,
      2.0,
      3.0
    ]
  },
  {
    "Floor": "B",
    "Number": 10,
    "Distances": [
      2.0,
      4.0,
      6.0
    ]
  },
  {
    "Floor": "B",
    "Number": 17,
    "Distances": [
      1.4142135623730951,
      6.324555320336759,
      5.0990195135927845
    ]
  },
  {
    "Floor": "B",
    "Number": 18,
    "Distances": [
      0.0,
      5.0
    ]
  },
  {
    "Floor": "B",
    "Number": 19,
    "Distances": [
      5.0,
      6.7082039324993694,
      2.0
    ]
  },
  {
    "Floor": "B",
    "Number": 20,
    "Distances": [
      5.0,
      6.0,
      11.0
    ]
  },
  {
    "Floor": "B",
    "Number": 21,
    "Distances": []
  },
  {
    "Floor": "B",
    "Number": 22,
    "Distances": [
      1.0,
      2.4494897427831779,
      3.0
    ]
  },
  {
    "Floor": "B",
    "Number": 23,
    "Distances": []
  },
  {
    "Floor": "B",
    "Number": 24,
    "Distances": [
      7.0,
      6.7082039324993694,
      2.0
    ]
  },
  {
    "Floor": "B",
    "Number": 25,
    "Distances": [
      6.0,
      8.94427190999916,
      2.0
    ]
  },
  {
    "Floor": "B",
    "Number": 26,
    "Distances": [
      8.2462112512353212
    ]
  },
  {
    "Floor": "B",
    "Number": 27,
    "Distances": [
      10.440306508910551,
      1.0,
      2.0
    ]
  },
  {
    "Floor": "B",
    "Number": 28,
    "Distances": [
      1.4142135623730951,
      7.2111025509279782,
      7.0710678118654755
    ]
  },
  {
    "Floor": "B",
    "Number": 29,
    "Distances": [
      2.0,
      5.0,
      3.1622776601683795
    ]
  },
  {
    "Floor": "B",
    "Number": 30,
    "Distances": [
      15.0,
      13.0,
      7.0
    ]
  },
  {
    "Floor": "B",
    "Number": 31,
    "Distances": []
  },
  {
    "Floor": "B",
    "Number": 41,
    "Distances": [
      4.0,
      6.0,
      3.6055512754639891
    ]
  },
  {
    "Floor": "B",
    "Number": 46,
    "Distances": [
      1.0
    ]
  },
  {
    "Floor": "B",
    "Number": 47,
    "Distances": [
      3.0,
      5.0,
      8.0
    ]
  },
  {
    "Floor": "B",
    "Number": 48,
    "Distances": [
      0.0
    ]
  },
  {
    "Floor": "B",
    "Number": 49,
    "Distances": [
      1.0,
      1.0
    ]
  },
  {
    "Floor": "B",
    "Number": 50,
    "Distances": [
      2.0,
      1.0,
      1.0
    ]
  },
  {
    "Floor": "B",
    "Number": 51,
    "Distances": [
      2.0,
      5.0,
      3.0
    ]
  },
  {
    "Floor": "B",
    "Number": 52,
    "Distances": [
      3.0,
      1.0,
      4.0
    ]
  },
  {
    "Floor": "B",
    "Number": 53,
    "Distances": []
  },
  {
    "Floor": "B",
    "Number": 11,
    "Distances": []
  },
  {
    "Floor": "B",
    "Number": 12,
    "Distances": []
  },
  {
    "Floor": "B",
    "Number": 13,
    "Distances": []
  },
  {
    "Floor": "B",
    "Number": 14,
    "Distances": []
  },
  {
    "Floor": "B",
    "Number": 15,
    "Distances": []
  },
  {
    "Floor": "B",
    "Number": 16,
    "Distances": [
      6.0827625302982193
    ]
  },
  {
    "Floor": "B",
    "Number": 54,
    "Distances": [
      6.7082039324993694
    ]
  },
  {
    "Floor": "B",
    "Number": 55,
    "Distances": [
      0.0,
      3.0,
      3.1622776601683795
    ]
  },
  {
    "Floor": "B",
    "Number": 56,
    "Distances": [
      7.0
    ]
  },
  {
    "Floor": "B",
    "Number": 57,
    "Distances": [
      1.0,
      0.0,
      1.0
    ]
  },
  {
    "Floor": "B",
    "Number": 58,
    "Distances": []
  },
  {
    "Floor": "B",
    "Number": 59,
    "Distances": [
      15.0,
      14.0,
      1.0
    ]
  },
  {
    "Floor": "B",
    "Number": 60,
    "Distances": [
      0.0,
      5.0,
      5.0
    ]
  },
  {
    "Floor": "B",
    "Number": 63,
    "Distances": []
  },
  {
    "Floor": "B",
    "Number": 64,
    "Distances": [
      4.0,
      3.0,
      7.0
    ]
  },
  {
    "Floor": "B",
    "Number": 65,
    "Distances": [
      2.0,
      2.0,
      4.0
    ]
  },
  {
    "Floor": "B",
    "Number": 66,
    "Distances": [
      0.0,
      2.0,
      2.0
    ]
  },
  {
    "Floor": "B",
    "Number": 67,
    "Distances": [
      13.0,
      8.0,
      5.0
    ]
  },
  {
    "Floor": "B",
    "Number": 68,
    "Distances": [
      13.0,
      5.0,
      8.0
    ]
  },
  {
    "Floor": "B",
    "Number": 69,
    "Distances": [
      2.0,
      13.0,
      11.401754250991379
    ]
  },
  {
    "Floor": "B",
    "Number": 70,
    "Distances": [
      23.0,
      30.0,
      7.0
    ]
  },
  {
    "Floor": "B",
    "Number": 73,
    "Distances": []
  },
  {
    "Floor": "B",
    "Number": 74,
    "Distances": []
  },
  {
    "Floor": "B",
    "Number": 77,
    "Distances": [
      4.1231056256176606
    ]
  },
  {
    "Floor": "B",
    "Number": 78,
    "Distances": [
      4.0
    ]
  },
  {
    "Floor": "B",
    "Number": 79,
    "Distances": [
      4.0,
      9.8488578017961039,
      6.4031242374328485
    ]
  },
  {
    "Floor": "B",
    "Number": 80,
    "Distances": [
      2.0,
      1.4142135623730951,
      1.4142135623730951
    ]
  },
  {
    "Floor": "B",
    "Number": 81,
    "Distances": [
      5.0,
      4.2426406871192848,
      8.0
    ]
  },
  {
    "Floor": "B",
    "Number": 82,
    "Distances": [
      7.0,
      13.0,
      6.0
    ]
  },
  {
    "Floor": "B",
    "Number": 83,
    "Distances": [
      9.0
    ]
  },
  {
    "Floor": "B",
    "Number": 84,
    "Distances": [
      4.1231056256176606
    ]
  },
  {
    "Floor": "B",
    "Number": 87,
    "Distances": []
  },
  {
    "Floor": "B",
    "Number": 88,
    "Distances": []
  },
  {
    "Floor": "B",
    "Number": 89,
    "Distances": []
  },
  {
    "Floor": "B",
    "Number": 90,
    "Distances": []
  },
  {
    "Floor": "B",
    "Number": 91,
    "Distances": []
  },
  {
    "Floor": "B",
    "Number": 110,
    "Distances": [
      1.0
    ]
  },
  {
    "Floor": "B",
    "Number": 111,
    "Distances": [
      2.0,
      1.0,
      3.1622776601683795
    ]
  },
  {
    "Floor": "B",
    "Number": 112,
    "Distances": [
      1.0,
      2.23606797749979,
      0.0
    ]
  },
  {
    "Floor": "B",
    "Number": 113,
    "Distances": []
  },
  {
    "Floor": "B",
    "Number": 114,
    "Distances": []
  },
  {
    "Floor": "B",
    "Number": 115,
    "Distances": []
  },
  {
    "Floor": "B",
    "Number": 116,
    "Distances": [
      2.0
    ]
  },
  {
    "Floor": "B",
    "Number": 117,
    "Distances": [
      1.0,
      5.0,
      4.0
    ]
  },
  {
    "Floor": "B",
    "Number": 118,
    "Distances": [
      5.0990195135927845,
      3.6055512754639891,
      3.6055512754639891
    ]
  },
  {
    "Floor": "B",
    "Number": 121,
    "Distances": []
  },
  {
    "Floor": "B",
    "Number": 122,
    "Distances": []
  },
  {
    "Floor": "B",
    "Number": 127,
    "Distances": [
      8.06225774829855,
      6.0827625302982193,
      6.324555320336759
    ]
  },
  {
    "Floor": "B",
    "Number": 128,
    "Distances": [
      1.0,
      8.0,
      1.0
    ]
  },
  {
    "Floor": "B",
    "Number": 146,
    "Distances": [
      8.0
    ]
  },
  {
    "Floor": "B",
    "Number": 147,
    "Distances": [
      10.0,
      30.0,
      20.0
    ]
  },
  {
    "Floor": "B",
    "Number": 148,
    "Distances": [
      16.0
    ]
  },
  {
    "Floor": "B",
    "Number": 149,
    "Distances": [
      2.0,
      3.0,
      1.0
    ]
  },
  {
    "Floor": "B",
    "Number": 150,
    "Distances": [
      8.0
    ]
  },
  {
    "Floor": "B",
    "Number": 151,
    "Distances": [
      2.0,
      4.0,
      2.0
    ]
  },
  {
    "Floor": "B",
    "Number": 152,
    "Distances": [
      16.0
    ]
  },
  {
    "Floor": "B",
    "Number": 153,
    "Distances": [
      18.0,
      8.0,
      10.0
    ]
  },
  {
    "Floor": "B",
    "Number": 154,
    "Distances": [
      0.0,
      18.0,
      18.0
    ]
  },
  {
    "Floor": "B",
    "Number": 155,
    "Distances": [
      4.0,
      20.0,
      24.0
    ]
  },
  {
    "Floor": "B",
    "Number": 156,
    "Distances": [
      4.0,
      3.0,
      7.0
    ]
  },
  {
    "Floor": "B",
    "Number": 157,
    "Distances": [
      13.0
    ]
  },
  {
    "Floor": "B",
    "Number": 158,
    "Distances": [
      12.0,
      9.0,
      3.0
    ]
  },
  {
    "Floor": "B",
    "Number": 159,
    "Distances": [
      7.0,
      1.0,
      6.0
    ]
  },
  {
    "Floor": "B",
    "Number": 160,
    "Distances": [
      5.0,
      1.0,
      6.0
    ]
  },
  {
    "Floor": "B",
    "Number": 161,
    "Distances": [
      0.0,
      16.0,
      16.0312195418814
    ]
  },
  {
    "Floor": "B",
    "Number": 162,
    "Distances": [
      12.0,
      13.0,
      1.0
    ]
  },
  {
    "Floor": "B",
    "Number": 163,
    "Distances": [
      14.0,
      28.0,
      14.035668847618199
    ]
  },
  {
    "Floor": "B",
    "Number": 164,
    "Distances": [
      21.0,
      12.0,
      9.2195444572928871
    ]
  },
  {
    "Floor": "B",
    "Number": 165,
    "Distances": [
      0.0,
      16.492422502470642,
      16.0
    ]
  },
  {
    "Floor": "B",
    "Number": 166,
    "Distances": [
      14.0,
      21.0,
      7.0
    ]
  },
  {
    "Floor": "B",
    "Number": 167,
    "Distances": [
      5.0,
      1.0,
      6.324555320336759
    ]
  },
  {
    "Floor": "B",
    "Number": 168,
    "Distances": [
      0.0,
      4.47213595499958,
      4.0
    ]
  },
  {
    "Floor": "B",
    "Number": 169,
    "Distances": [
      6.4031242374328485,
      4.2426406871192848,
      10.63014581273465
    ]
  },
  {
    "Floor": "B",
    "Number": 170,
    "Distances": [
      1.0
    ]
  },
  {
    "Floor": "B",
    "Number": 171,
    "Distances": [
      11.180339887498949,
      3.0,
      1.0
    ]
  },
  {
    "Floor": "B",
    "Number": 172,
    "Distances": [
      7.2801098892805181,
      10.816653826391969,
      11.045361017187261
    ]
  },
  {
    "Floor": "B",
    "Number": 173,
    "Distances": [
      1.0,
      6.0,
      7.810249675906654
    ]
  },
  {
    "Floor": "B",
    "Number": 179,
    "Distances": [
      12.649110640673518,
      8.6023252670426267,
      7.6157731058639087
    ]
  },
  {
    "Floor": "B",
    "Number": 185,
    "Distances": [
      21.0,
      22.0,
      43.0
    ]
  },
  {
    "Floor": "B",
    "Number": 186,
    "Distances": [
      9.0,
      17.0,
      8.0
    ]
  },
  {
    "Floor": "B",
    "Number": 187,
    "Distances": [
      11.0,
      2.0
    ]
  },
  {
    "Floor": "B",
    "Number": 188,
    "Distances": [
      11.224972160321824,
      8.06225774829855,
      3.6055512754639891
    ]
  },
  {
    "Floor": "B",
    "Number": 189,
    "Distances": [
      6.0,
      17.233687939614086,
      8.0
    ]
  },
  {
    "Floor": "B",
    "Number": 190,
    "Distances": [
      8.54400374531753,
      34.828149534535996,
      26.870057685088806
    ]
  },
  {
    "Floor": "B",
    "Number": 191,
    "Distances": [
      10.440306508910551,
      6.0,
      3.0
    ]
  },
  {
    "Floor": "B",
    "Number": 192,
    "Distances": [
      34.525353003264136,
      25.179356624028344,
      9.4868329805051381
    ]
  },
  {
    "Floor": "B",
    "Number": 193,
    "Distances": [
      10.0,
      10.770329614269007,
      0.0
    ]
  },
  {
    "Floor": "B",
    "Number": 194,
    "Distances": [
      3.7416573867739413,
      8.3066238629180749,
      5.9160797830996161
    ]
  },
  {
    "Floor": "B",
    "Number": 195,
    "Distances": [
      7.810249675906654,
      8.48528137423857,
      1.0
    ]
  },
  {
    "Floor": "B",
    "Number": 196,
    "Distances": [
      5.8309518948453007,
      8.0,
      5.0
    ]
  },
  {
    "Floor": "B",
    "Number": 197,
    "Distances": [
      7.2801098892805181,
      17.262676501632068,
      24.020824298928627
    ]
  },
  {
    "Floor": "B",
    "Number": 198,
    "Distances": [
      7.2801098892805181,
      28.160255680657446,
      31.622776601683793
    ]
  },
  {
    "Floor": "B",
    "Number": 199,
    "Distances": []
  },
  {
    "Floor": "B",
    "Number": 200,
    "Distances": []
  },
  {
    "Floor": "B",
    "Number": 201,
    "Distances": []
  },
  {
    "Floor": "B",
    "Number": 202,
    "Distances": []
  },
  {
    "Floor": "B",
    "Number": 203,
    "Distances": []
  },
  {
    "Floor": "B",
    "Number": 204,
    "Distances": []
  },
  {
    "Floor": "B",
    "Number": 205,
    "Distances": []
  },
  {
    "Floor": "B",
    "Number": 206,
    "Distances": []
  },
  {
    "Floor": "B",
    "Number": 138,
    "Distances": [
      2.0,
      0.0,
      2.0
    ]
  },
  {
    "Floor": "B",
    "Number": 139,
    "Distances": [
      11.0,
      8.0,
      3.0
    ]
  },
  {
    "Floor": "B",
    "Number": 140,
    "Distances": [
      10.0,
      4.0,
      14.0
    ]
  },
  {
    "Floor": "B",
    "Number": 141,
    "Distances": [
      4.0
    ]
  },
  {
    "Floor": "B",
    "Number": 142,
    "Distances": [
      2.0,
      7.2111025509279782,
      8.0
    ]
  },
  {
    "Floor": "B",
    "Number": 174,
    "Distances": [
      5.3851648071345037,
      6.4031242374328485,
      6.0
    ]
  },
  {
    "Floor": "B",
    "Number": 175,
    "Distances": [
      6.324555320336759,
      11.704699910719626,
      13.45362404707371
    ]
  },
  {
    "Floor": "B",
    "Number": 176,
    "Distances": [
      6.0827625302982193,
      9.2195444572928871,
      13.928388277184119
    ]
  },
  {
    "Floor": "B",
    "Number": 177,
    "Distances": [
      11.180339887498949,
      17.029386365926403,
      18.027756377319946
    ]
  },
  {
    "Floor": "B",
    "Number": 178,
    "Distances": [
      11.401754250991379,
      17.262676501632068,
      8.48528137423857
    ]
  },
  {
    "Floor": "B",
    "Number": 40,
    "Distances": [
      3.6055512754639891
    ]
  },
  {
    "Floor": "B",
    "Number": 61,
    "Distances": [
      0.0
    ]
  },
  {
    "Floor": "B",
    "Number": 71,
    "Distances": [
      2.8284271247461903
    ]
  },
  {
    "Floor": "B",
    "Number": 72,
    "Distances": [
      9.0
    ]
  },
  {
    "Floor": "B",
    "Number": 75,
    "Distances": [
      9.0
    ]
  },
  {
    "Floor": "B",
    "Number": 85,
    "Distances": [
      0.0
    ]
  },
  {
    "Floor": "B",
    "Number": 86,
    "Distances": [
      2.0
    ]
  },
  {
    "Floor": "B",
    "Number": 135,
    "Distances": [
      3.0
    ]
  },
  {
    "Floor": "B",
    "Number": 136,
    "Distances": [
      4.0
    ]
  },
  {
    "Floor": "B",
    "Number": 137,
    "Distances": [
      8.0
    ]
  },
  {
    "Floor": "B",
    "Number": 143,
    "Distances": []
  },
  {
    "Floor": "B",
    "Number": 145,
    "Distances": []
  },
  {
    "Floor": "B",
    "Number": 180,
    "Distances": [
      2.23606797749979
    ]
  },
  {
    "Floor": "B",
    "Number": 181,
    "Distances": [
      20.024984394500787
    ]
  }
]