﻿[
  {
    "Floor": "H",
    "Number": 1,
    "Distances": [
      4.1231056256176606,
      14.247806848775006,
      11.045361017187261
    ]
  },
  {
    "Floor": "H",
    "Number": 2,
    "Distances": [
      1.4142135623730951,
      5.0990195135927845,
      5.0990195135927845
    ]
  },
  {
    "Floor": "H",
    "Number": 3,
    "Distances": [
      22.293496809607955,
      16.431676725154983,
      5.9160797830996161
    ]
  },
  {
    "Floor": "H",
    "Number": 4,
    "Distances": []
  },
  {
    "Floor": "H",
    "Number": 5,
    "Distances": []
  },
  {
    "Floor": "H",
    "Number": 6,
    "Distances": []
  },
  {
    "Floor": "H",
    "Number": 7,
    "Distances": []
  },
  {
    "Floor": "H",
    "Number": 8,
    "Distances": []
  },
  {
    "Floor": "H",
    "Number": 9,
    "Distances": []
  },
  {
    "Floor": "H",
    "Number": 10,
    "Distances": []
  },
  {
    "Floor": "H",
    "Number": 11,
    "Distances": []
  },
  {
    "Floor": "H",
    "Number": 12,
    "Distances": []
  },
  {
    "Floor": "H",
    "Number": 13,
    "Distances": []
  },
  {
    "Floor": "H",
    "Number": 15,
    "Distances": []
  },
  {
    "Floor": "H",
    "Number": 16,
    "Distances": []
  },
  {
    "Floor": "H",
    "Number": 17,
    "Distances": []
  },
  {
    "Floor": "H",
    "Number": 18,
    "Distances": []
  },
  {
    "Floor": "H",
    "Number": 19,
    "Distances": []
  },
  {
    "Floor": "H",
    "Number": 20,
    "Distances": []
  },
  {
    "Floor": "H",
    "Number": 21,
    "Distances": []
  },
  {
    "Floor": "H",
    "Number": 22,
    "Distances": []
  },
  {
    "Floor": "H",
    "Number": 23,
    "Distances": []
  },
  {
    "Floor": "H",
    "Number": 24,
    "Distances": []
  },
  {
    "Floor": "H",
    "Number": 25,
    "Distances": []
  },
  {
    "Floor": "H",
    "Number": 26,
    "Distances": []
  },
  {
    "Floor": "H",
    "Number": 27,
    "Distances": []
  },
  {
    "Floor": "H",
    "Number": 28,
    "Distances": []
  },
  {
    "Floor": "H",
    "Number": 29,
    "Distances": []
  },
  {
    "Floor": "H",
    "Number": 30,
    "Distances": []
  },
  {
    "Floor": "H",
    "Number": 31,
    "Distances": []
  },
  {
    "Floor": "H",
    "Number": 32,
    "Distances": []
  },
  {
    "Floor": "H",
    "Number": 33,
    "Distances": []
  },
  {
    "Floor": "H",
    "Number": 34,
    "Distances": []
  },
  {
    "Floor": "H",
    "Number": 35,
    "Distances": []
  },
  {
    "Floor": "H",
    "Number": 36,
    "Distances": []
  },
  {
    "Floor": "H",
    "Number": 37,
    "Distances": []
  },
  {
    "Floor": "H",
    "Number": 38,
    "Distances": [
      5.0990195135927845,
      3.7416573867739413,
      7.0710678118654755
    ]
  },
  {
    "Floor": "H",
    "Number": 39,
    "Distances": [
      17.972200755611428,
      9.6953597148326587,
      20.615528128088304
    ]
  },
  {
    "Floor": "H",
    "Number": 40,
    "Distances": [
      6.164414002968976,
      18.439088914585774,
      17.4928556845359
    ]
  },
  {
    "Floor": "H",
    "Number": 41,
    "Distances": [
      16.15549442140351,
      15.165750888103101,
      6.4031242374328485
    ]
  },
  {
    "Floor": "H",
    "Number": 42,
    "Distances": [
      23.49468024894146,
      7.3484692283495345,
      16.186414056238647
    ]
  },
  {
    "Floor": "H",
    "Number": 43,
    "Distances": [
      11.224972160321824,
      7.4833147735478827,
      8.6023252670426267
    ]
  },
  {
    "Floor": "H",
    "Number": 44,
    "Distances": [
      9.38083151964686,
      19.235384061671343,
      15.297058540778355
    ]
  },
  {
    "Floor": "H",
    "Number": 45,
    "Distances": [
      9.2195444572928871,
      16.0312195418814,
      10.954451150103322
    ]
  },
  {
    "Floor": "H",
    "Number": 46,
    "Distances": [
      9.8488578017961039,
      10.04987562112089,
      9.38083151964686
    ]
  },
  {
    "Floor": "H",
    "Number": 47,
    "Distances": [
      7.3484692283495345,
      15.0,
      14.142135623730951
    ]
  },
  {
    "Floor": "H",
    "Number": 48,
    "Distances": [
      9.2736184954957039,
      13.601470508735444,
      9.4339811320566032
    ]
  },
  {
    "Floor": "H",
    "Number": 49,
    "Distances": [
      20.223748416156685,
      9.2195444572928871,
      8.6023252670426267
    ]
  },
  {
    "Floor": "H",
    "Number": 50,
    "Distances": [
      5.9160797830996161,
      29.5296461204668,
      24.698178070456937
    ]
  },
  {
    "Floor": "H",
    "Number": 51,
    "Distances": [
      7.3484692283495345,
      16.248076809271922,
      9.6953597148326587
    ]
  },
  {
    "Floor": "H",
    "Number": 52,
    "Distances": [
      26.1725046566048,
      17.204650534085253,
      10.63014581273465
    ]
  },
  {
    "Floor": "H",
    "Number": 53,
    "Distances": [
      13.45362404707371,
      9.2736184954957039,
      20.322401432901575
    ]
  },
  {
    "Floor": "H",
    "Number": 54,
    "Distances": [
      13.928388277184119,
      8.54400374531753,
      11.0
    ]
  },
  {
    "Floor": "H",
    "Number": 55,
    "Distances": []
  },
  {
    "Floor": "H",
    "Number": 56,
    "Distances": [
      11.661903789690601,
      15.132745950421556,
      3.0
    ]
  },
  {
    "Floor": "H",
    "Number": 57,
    "Distances": [
      3.0,
      4.58257569495584,
      4.47213595499958
    ]
  },
  {
    "Floor": "H",
    "Number": 58,
    "Distances": [
      13.19090595827292,
      16.1245154965971,
      15.937377450509228
    ]
  },
  {
    "Floor": "H",
    "Number": 59,
    "Distances": [
      12.845232578665129,
      15.842979517754859,
      6.164414002968976
    ]
  },
  {
    "Floor": "H",
    "Number": 60,
    "Distances": [
      19.390719429665317,
      15.297058540778355,
      9.4868329805051381
    ]
  },
  {
    "Floor": "H",
    "Number": 61,
    "Distances": [
      16.0312195418814,
      16.401219466856727,
      4.47213595499958
    ]
  }
]