﻿[
  {
    "Floor": "J",
    "Number": 1,
    "Distances": [
      8.06225774829855,
      7.0,
      5.0
    ]
  },
  {
    "Floor": "J",
    "Number": 2,
    "Distances": [
      19.0,
      7.2801098892805181,
      11.401754250991379
    ]
  },
  {
    "Floor": "J",
    "Number": 3,
    "Distances": [
      26.645825188948457,
      8.0,
      17.0
    ]
  },
  {
    "Floor": "J",
    "Number": 4,
    "Distances": []
  },
  {
    "Floor": "J",
    "Number": 5,
    "Distances": []
  },
  {
    "Floor": "J",
    "Number": 6,
    "Distances": []
  },
  {
    "Floor": "J",
    "Number": 7,
    "Distances": []
  },
  {
    "Floor": "J",
    "Number": 8,
    "Distances": []
  },
  {
    "Floor": "J",
    "Number": 9,
    "Distances": []
  },
  {
    "Floor": "J",
    "Number": 10,
    "Distances": []
  },
  {
    "Floor": "J",
    "Number": 11,
    "Distances": []
  },
  {
    "Floor": "J",
    "Number": 12,
    "Distances": []
  },
  {
    "Floor": "J",
    "Number": 13,
    "Distances": []
  },
  {
    "Floor": "J",
    "Number": 14,
    "Distances": []
  },
  {
    "Floor": "J",
    "Number": 15,
    "Distances": []
  },
  {
    "Floor": "J",
    "Number": 16,
    "Distances": []
  },
  {
    "Floor": "J",
    "Number": 17,
    "Distances": []
  },
  {
    "Floor": "J",
    "Number": 18,
    "Distances": []
  },
  {
    "Floor": "J",
    "Number": 19,
    "Distances": []
  },
  {
    "Floor": "J",
    "Number": 20,
    "Distances": []
  },
  {
    "Floor": "J",
    "Number": 21,
    "Distances": []
  },
  {
    "Floor": "J",
    "Number": 22,
    "Distances": []
  },
  {
    "Floor": "J",
    "Number": 23,
    "Distances": []
  },
  {
    "Floor": "J",
    "Number": 24,
    "Distances": []
  },
  {
    "Floor": "J",
    "Number": 25,
    "Distances": []
  },
  {
    "Floor": "J",
    "Number": 26,
    "Distances": []
  },
  {
    "Floor": "J",
    "Number": 27,
    "Distances": []
  },
  {
    "Floor": "J",
    "Number": 28,
    "Distances": []
  },
  {
    "Floor": "J",
    "Number": 29,
    "Distances": []
  },
  {
    "Floor": "J",
    "Number": 30,
    "Distances": []
  },
  {
    "Floor": "J",
    "Number": 31,
    "Distances": []
  },
  {
    "Floor": "J",
    "Number": 32,
    "Distances": []
  },
  {
    "Floor": "J",
    "Number": 33,
    "Distances": []
  },
  {
    "Floor": "J",
    "Number": 34,
    "Distances": []
  },
  {
    "Floor": "J",
    "Number": 35,
    "Distances": []
  },
  {
    "Floor": "J",
    "Number": 36,
    "Distances": []
  },
  {
    "Floor": "J",
    "Number": 37,
    "Distances": []
  },
  {
    "Floor": "J",
    "Number": 38,
    "Distances": []
  },
  {
    "Floor": "J",
    "Number": 39,
    "Distances": []
  },
  {
    "Floor": "J",
    "Number": 40,
    "Distances": []
  },
  {
    "Floor": "J",
    "Number": 41,
    "Distances": []
  },
  {
    "Floor": "J",
    "Number": 42,
    "Distances": []
  },
  {
    "Floor": "J",
    "Number": 43,
    "Distances": []
  },
  {
    "Floor": "J",
    "Number": 44,
    "Distances": [
      8.54400374531753,
      8.7749643873921226,
      10.770329614269007
    ]
  },
  {
    "Floor": "J",
    "Number": 45,
    "Distances": [
      7.2801098892805181,
      13.74772708486752,
      13.038404810405298
    ]
  },
  {
    "Floor": "J",
    "Number": 46,
    "Distances": [
      14.352700094407323,
      13.114877048604,
      7.6157731058639087
    ]
  },
  {
    "Floor": "J",
    "Number": 47,
    "Distances": [
      16.093476939431081,
      11.489125293076057,
      9.1104335791443
    ]
  },
  {
    "Floor": "J",
    "Number": 48,
    "Distances": [
      14.730919862656235,
      14.560219778561036,
      20.420577856662138
    ]
  },
  {
    "Floor": "J",
    "Number": 49,
    "Distances": [
      10.04987562112089,
      13.30413469565007,
      22.803508501982758
    ]
  },
  {
    "Floor": "J",
    "Number": 50,
    "Distances": [
      12.727922061357855,
      7.2801098892805181,
      7.2801098892805181
    ]
  },
  {
    "Floor": "J",
    "Number": 51,
    "Distances": [
      8.8317608663278477,
      24.207436873820409,
      28.142494558940577
    ]
  },
  {
    "Floor": "J",
    "Number": 52,
    "Distances": [
      11.045361017187261
    ]
  },
  {
    "Floor": "J",
    "Number": 53,
    "Distances": [
      7.2111025509279782,
      14.352700094407323,
      14.035668847618199
    ]
  },
  {
    "Floor": "J",
    "Number": 54,
    "Distances": [
      13.19090595827292,
      19.924858845171276,
      10.0
    ]
  },
  {
    "Floor": "J",
    "Number": 55,
    "Distances": [
      23.727621035409346,
      5.6568542494923806,
      19.026297590440446
    ]
  },
  {
    "Floor": "J",
    "Number": 56,
    "Distances": [
      14.456832294800961,
      12.884098726725126,
      2.23606797749979
    ]
  },
  {
    "Floor": "J",
    "Number": 57,
    "Distances": [
      10.816653826391969,
      5.0,
      5.8309518948453007
    ]
  },
  {
    "Floor": "J",
    "Number": 58,
    "Distances": [
      15.066519173319364,
      11.401754250991379,
      9.4339811320566032
    ]
  },
  {
    "Floor": "J",
    "Number": 59,
    "Distances": [
      14.177446878757825,
      18.330302779823359,
      10.63014581273465
    ]
  },
  {
    "Floor": "J",
    "Number": 60,
    "Distances": [
      15.588457268119896,
      13.892443989449804,
      6.0827625302982193
    ]
  },
  {
    "Floor": "J",
    "Number": 61,
    "Distances": [
      5.4772255750516612,
      18.411952639521967,
      13.74772708486752
    ]
  }
]