﻿[
  {
    "Floor": "K",
    "Number": 1,
    "Distances": [
      22.737634001804146,
      16.0312195418814,
      6.4031242374328485
    ]
  },
  {
    "Floor": "K",
    "Number": 2,
    "Distances": [
      5.0
    ]
  },
  {
    "Floor": "K",
    "Number": 3,
    "Distances": [
      22.113344387495982,
      7.0,
      6.0
    ]
  },
  {
    "Floor": "K",
    "Number": 4,
    "Distances": []
  },
  {
    "Floor": "K",
    "Number": 5,
    "Distances": []
  },
  {
    "Floor": "K",
    "Number": 6,
    "Distances": []
  },
  {
    "Floor": "K",
    "Number": 7,
    "Distances": []
  },
  {
    "Floor": "K",
    "Number": 8,
    "Distances": []
  },
  {
    "Floor": "K",
    "Number": 9,
    "Distances": []
  },
  {
    "Floor": "K",
    "Number": 10,
    "Distances": []
  },
  {
    "Floor": "K",
    "Number": 11,
    "Distances": []
  },
  {
    "Floor": "K",
    "Number": 12,
    "Distances": []
  },
  {
    "Floor": "K",
    "Number": 13,
    "Distances": []
  },
  {
    "Floor": "K",
    "Number": 14,
    "Distances": []
  },
  {
    "Floor": "K",
    "Number": 15,
    "Distances": []
  },
  {
    "Floor": "K",
    "Number": 16,
    "Distances": []
  },
  {
    "Floor": "K",
    "Number": 17,
    "Distances": [
      6.324555320336759
    ]
  },
  {
    "Floor": "K",
    "Number": 18,
    "Distances": [
      4.1231056256176606,
      13.076696830622021,
      14.866068747318506
    ]
  },
  {
    "Floor": "K",
    "Number": 19,
    "Distances": [
      7.0,
      5.7445626465380286,
      8.0
    ]
  },
  {
    "Floor": "K",
    "Number": 20,
    "Distances": [
      19.209372712298546,
      28.390139133156779,
      10.04987562112089
    ]
  },
  {
    "Floor": "K",
    "Number": 21,
    "Distances": [
      6.4031242374328485,
      10.04987562112089,
      13.19090595827292
    ]
  },
  {
    "Floor": "K",
    "Number": 22,
    "Distances": [
      10.04987562112089,
      7.14142842854285,
      3.1622776601683795
    ]
  },
  {
    "Floor": "K",
    "Number": 23,
    "Distances": [
      5.0990195135927845,
      14.247806848775006,
      10.198039027185569
    ]
  },
  {
    "Floor": "K",
    "Number": 24,
    "Distances": [
      11.61895003862225
    ]
  },
  {
    "Floor": "K",
    "Number": 25,
    "Distances": [
      5.0
    ]
  },
  {
    "Floor": "K",
    "Number": 26,
    "Distances": []
  },
  {
    "Floor": "K",
    "Number": 27,
    "Distances": [
      10.723805294763608
    ]
  },
  {
    "Floor": "K",
    "Number": 28,
    "Distances": [
      14.142135623730951
    ]
  }
]