﻿[
  {
    "Floor": "A",
    "Number": 1,
    "MaxDistance": 2.8284271247461903
  },
  {
    "Floor": "A",
    "Number": 2,
    "MaxDistance": 5.6568542494923806
  },
  {
    "Floor": "A",
    "Number": 6,
    "MaxDistance": 6.0
  },
  {
    "Floor": "A",
    "Number": 7,
    "MaxDistance": 4.0
  },
  {
    "Floor": "A",
    "Number": 8,
    "MaxDistance": 6.0
  },
  {
    "Floor": "A",
    "Number": 9,
    "MaxDistance": 4.0
  },
  {
    "Floor": "A",
    "Number": 10,
    "MaxDistance": 9.0
  },
  {
    "Floor": "A",
    "Number": 11,
    "MaxDistance": 12.0
  },
  {
    "Floor": "A",
    "Number": 12,
    "MaxDistance": 8.0
  },
  {
    "Floor": "A",
    "Number": 13,
    "MaxDistance": 30.0
  },
  {
    "Floor": "A",
    "Number": 14,
    "MaxDistance": 14.0
  },
  {
    "Floor": "A",
    "Number": 15,
    "MaxDistance": 6.0
  },
  {
    "Floor": "A",
    "Number": 16,
    "MaxDistance": 4.0
  },
  {
    "Floor": "A",
    "Number": 17,
    "MaxDistance": 2.0
  },
  {
    "Floor": "A",
    "Number": 18,
    "MaxDistance": 5.0
  },
  {
    "Floor": "A",
    "Number": 19,
    "MaxDistance": 20.0
  },
  {
    "Floor": "A",
    "Number": 20,
    "MaxDistance": 19.0
  },
  {
    "Floor": "A",
    "Number": 21,
    "MaxDistance": 6.0
  },
  {
    "Floor": "A",
    "Number": 22,
    "MaxDistance": 2.0
  },
  {
    "Floor": "A",
    "Number": 23,
    "MaxDistance": 12.0
  },
  {
    "Floor": "A",
    "Number": 24,
    "MaxDistance": 10.0
  },
  {
    "Floor": "A",
    "Number": 25,
    "MaxDistance": 2.0
  },
  {
    "Floor": "A",
    "Number": 26,
    "MaxDistance": 8.0
  },
  {
    "Floor": "A",
    "Number": 27,
    "MaxDistance": 11.0
  },
  {
    "Floor": "A",
    "Number": 28,
    "MaxDistance": 10.0
  },
  {
    "Floor": "A",
    "Number": 29,
    "MaxDistance": 4.0
  },
  {
    "Floor": "A",
    "Number": 30,
    "MaxDistance": 1.0
  },
  {
    "Floor": "A",
    "Number": 31,
    "MaxDistance": 6.0
  },
  {
    "Floor": "A",
    "Number": 32,
    "MaxDistance": 12.0
  },
  {
    "Floor": "A",
    "Number": 33,
    "MaxDistance": 17.0
  },
  {
    "Floor": "A",
    "Number": 34,
    "MaxDistance": 4.0
  },
  {
    "Floor": "A",
    "Number": 35,
    "MaxDistance": 11.0
  },
  {
    "Floor": "A",
    "Number": 36,
    "MaxDistance": 3.0
  },
  {
    "Floor": "A",
    "Number": 37,
    "MaxDistance": 6.0
  },
  {
    "Floor": "A",
    "Number": 38,
    "MaxDistance": 17.0
  },
  {
    "Floor": "A",
    "Number": 39,
    "MaxDistance": 12.0
  },
  {
    "Floor": "A",
    "Number": 40,
    "MaxDistance": 18.0
  },
  {
    "Floor": "A",
    "Number": 46,
    "MaxDistance": 7.0
  },
  {
    "Floor": "A",
    "Number": 47,
    "MaxDistance": 4.0
  },
  {
    "Floor": "A",
    "Number": 48,
    "MaxDistance": 13.0
  },
  {
    "Floor": "A",
    "Number": 49,
    "MaxDistance": 11.0
  },
  {
    "Floor": "A",
    "Number": 50,
    "MaxDistance": 16.0
  },
  {
    "Floor": "A",
    "Number": 53,
    "MaxDistance": 18.0
  },
  {
    "Floor": "A",
    "Number": 54,
    "MaxDistance": 7.0
  },
  {
    "Floor": "A",
    "Number": 55,
    "MaxDistance": 1.0
  },
  {
    "Floor": "A",
    "Number": 56,
    "MaxDistance": 10.0
  },
  {
    "Floor": "A",
    "Number": 57,
    "MaxDistance": 0.0
  },
  {
    "Floor": "A",
    "Number": 58,
    "MaxDistance": 16.0
  },
  {
    "Floor": "A",
    "Number": 60,
    "MaxDistance": 8.0
  },
  {
    "Floor": "A",
    "Number": 66,
    "MaxDistance": 17.0
  },
  {
    "Floor": "A",
    "Number": 67,
    "MaxDistance": 4.0
  },
  {
    "Floor": "A",
    "Number": 70,
    "MaxDistance": 10.0
  },
  {
    "Floor": "A",
    "Number": 71,
    "MaxDistance": 22.0
  },
  {
    "Floor": "A",
    "Number": 72,
    "MaxDistance": 9.0
  },
  {
    "Floor": "A",
    "Number": 73,
    "MaxDistance": 17.0
  },
  {
    "Floor": "A",
    "Number": 76,
    "MaxDistance": 13.892443989449804
  },
  {
    "Floor": "A",
    "Number": 77,
    "MaxDistance": 6.0
  },
  {
    "Floor": "A",
    "Number": 78,
    "MaxDistance": 15.0
  },
  {
    "Floor": "A",
    "Number": 86,
    "MaxDistance": 10.0
  },
  {
    "Floor": "A",
    "Number": 87,
    "MaxDistance": 1.0
  },
  {
    "Floor": "A",
    "Number": 88,
    "MaxDistance": 10.0
  },
  {
    "Floor": "A",
    "Number": 89,
    "MaxDistance": 6.0
  },
  {
    "Floor": "A",
    "Number": 90,
    "MaxDistance": 15.0
  },
  {
    "Floor": "A",
    "Number": 91,
    "MaxDistance": 13.0
  },
  {
    "Floor": "A",
    "Number": 92,
    "MaxDistance": 8.0
  },
  {
    "Floor": "A",
    "Number": 93,
    "MaxDistance": 13.0
  },
  {
    "Floor": "A",
    "Number": 94,
    "MaxDistance": 2.0
  },
  {
    "Floor": "A",
    "Number": 96,
    "MaxDistance": 2.0
  },
  {
    "Floor": "A",
    "Number": 97,
    "MaxDistance": 4.0
  },
  {
    "Floor": "A",
    "Number": 98,
    "MaxDistance": 3.0
  },
  {
    "Floor": "A",
    "Number": 120,
    "MaxDistance": 16.0
  },
  {
    "Floor": "A",
    "Number": 51,
    "MaxDistance": 1.0
  },
  {
    "Floor": "A",
    "Number": 52,
    "MaxDistance": 1.0
  },
  {
    "Floor": "A",
    "Number": 74,
    "MaxDistance": 0.0
  },
  {
    "Floor": "A",
    "Number": 75,
    "MaxDistance": 8.0
  },
  {
    "Floor": "A",
    "Number": 79,
    "MaxDistance": 11.0
  },
  {
    "Floor": "A",
    "Number": 80,
    "MaxDistance": 2.0
  },
  {
    "Floor": "A",
    "Number": 85,
    "MaxDistance": 10.0
  },
  {
    "Floor": "B",
    "Number": 1,
    "MaxDistance": 13.416407864998739
  },
  {
    "Floor": "B",
    "Number": 2,
    "MaxDistance": 4.0
  },
  {
    "Floor": "B",
    "Number": 3,
    "MaxDistance": 4.0
  },
  {
    "Floor": "B",
    "Number": 4,
    "MaxDistance": 7.0
  },
  {
    "Floor": "B",
    "Number": 5,
    "MaxDistance": 7.0
  },
  {
    "Floor": "B",
    "Number": 6,
    "MaxDistance": 3.0
  },
  {
    "Floor": "B",
    "Number": 7,
    "MaxDistance": 7.0
  },
  {
    "Floor": "B",
    "Number": 8,
    "MaxDistance": 19.723082923316021
  },
  {
    "Floor": "B",
    "Number": 9,
    "MaxDistance": 3.0
  },
  {
    "Floor": "B",
    "Number": 10,
    "MaxDistance": 6.0
  },
  {
    "Floor": "B",
    "Number": 17,
    "MaxDistance": 6.324555320336759
  },
  {
    "Floor": "B",
    "Number": 18,
    "MaxDistance": 5.0
  },
  {
    "Floor": "B",
    "Number": 19,
    "MaxDistance": 6.7082039324993694
  },
  {
    "Floor": "B",
    "Number": 20,
    "MaxDistance": 11.0
  },
  {
    "Floor": "B",
    "Number": 22,
    "MaxDistance": 3.0
  },
  {
    "Floor": "B",
    "Number": 24,
    "MaxDistance": 7.0
  },
  {
    "Floor": "B",
    "Number": 25,
    "MaxDistance": 8.94427190999916
  },
  {
    "Floor": "B",
    "Number": 26,
    "MaxDistance": 8.2462112512353212
  },
  {
    "Floor": "B",
    "Number": 27,
    "MaxDistance": 10.440306508910551
  },
  {
    "Floor": "B",
    "Number": 28,
    "MaxDistance": 7.2111025509279782
  },
  {
    "Floor": "B",
    "Number": 29,
    "MaxDistance": 5.0
  },
  {
    "Floor": "B",
    "Number": 30,
    "MaxDistance": 15.0
  },
  {
    "Floor": "B",
    "Number": 41,
    "MaxDistance": 6.0
  },
  {
    "Floor": "B",
    "Number": 46,
    "MaxDistance": 1.0
  },
  {
    "Floor": "B",
    "Number": 47,
    "MaxDistance": 8.0
  },
  {
    "Floor": "B",
    "Number": 48,
    "MaxDistance": 0.0
  },
  {
    "Floor": "B",
    "Number": 49,
    "MaxDistance": 1.0
  },
  {
    "Floor": "B",
    "Number": 50,
    "MaxDistance": 2.0
  },
  {
    "Floor": "B",
    "Number": 51,
    "MaxDistance": 5.0
  },
  {
    "Floor": "B",
    "Number": 52,
    "MaxDistance": 4.0
  },
  {
    "Floor": "B",
    "Number": 16,
    "MaxDistance": 6.0827625302982193
  },
  {
    "Floor": "B",
    "Number": 54,
    "MaxDistance": 6.7082039324993694
  },
  {
    "Floor": "B",
    "Number": 55,
    "MaxDistance": 3.1622776601683795
  },
  {
    "Floor": "B",
    "Number": 56,
    "MaxDistance": 7.0
  },
  {
    "Floor": "B",
    "Number": 57,
    "MaxDistance": 1.0
  },
  {
    "Floor": "B",
    "Number": 59,
    "MaxDistance": 15.0
  },
  {
    "Floor": "B",
    "Number": 60,
    "MaxDistance": 5.0
  },
  {
    "Floor": "B",
    "Number": 64,
    "MaxDistance": 7.0
  },
  {
    "Floor": "B",
    "Number": 65,
    "MaxDistance": 4.0
  },
  {
    "Floor": "B",
    "Number": 66,
    "MaxDistance": 2.0
  },
  {
    "Floor": "B",
    "Number": 67,
    "MaxDistance": 13.0
  },
  {
    "Floor": "B",
    "Number": 68,
    "MaxDistance": 13.0
  },
  {
    "Floor": "B",
    "Number": 69,
    "MaxDistance": 13.0
  },
  {
    "Floor": "B",
    "Number": 70,
    "MaxDistance": 30.0
  },
  {
    "Floor": "B",
    "Number": 77,
    "MaxDistance": 4.1231056256176606
  },
  {
    "Floor": "B",
    "Number": 78,
    "MaxDistance": 4.0
  },
  {
    "Floor": "B",
    "Number": 79,
    "MaxDistance": 9.8488578017961039
  },
  {
    "Floor": "B",
    "Number": 80,
    "MaxDistance": 2.0
  },
  {
    "Floor": "B",
    "Number": 81,
    "MaxDistance": 8.0
  },
  {
    "Floor": "B",
    "Number": 82,
    "MaxDistance": 13.0
  },
  {
    "Floor": "B",
    "Number": 83,
    "MaxDistance": 9.0
  },
  {
    "Floor": "B",
    "Number": 84,
    "MaxDistance": 4.1231056256176606
  },
  {
    "Floor": "B",
    "Number": 110,
    "MaxDistance": 1.0
  },
  {
    "Floor": "B",
    "Number": 111,
    "MaxDistance": 3.1622776601683795
  },
  {
    "Floor": "B",
    "Number": 112,
    "MaxDistance": 2.23606797749979
  },
  {
    "Floor": "B",
    "Number": 116,
    "MaxDistance": 2.0
  },
  {
    "Floor": "B",
    "Number": 117,
    "MaxDistance": 5.0
  },
  {
    "Floor": "B",
    "Number": 118,
    "MaxDistance": 5.0990195135927845
  },
  {
    "Floor": "B",
    "Number": 127,
    "MaxDistance": 8.06225774829855
  },
  {
    "Floor": "B",
    "Number": 128,
    "MaxDistance": 8.0
  },
  {
    "Floor": "B",
    "Number": 146,
    "MaxDistance": 8.0
  },
  {
    "Floor": "B",
    "Number": 147,
    "MaxDistance": 30.0
  },
  {
    "Floor": "B",
    "Number": 148,
    "MaxDistance": 16.0
  },
  {
    "Floor": "B",
    "Number": 149,
    "MaxDistance": 3.0
  },
  {
    "Floor": "B",
    "Number": 150,
    "MaxDistance": 8.0
  },
  {
    "Floor": "B",
    "Number": 151,
    "MaxDistance": 4.0
  },
  {
    "Floor": "B",
    "Number": 152,
    "MaxDistance": 16.0
  },
  {
    "Floor": "B",
    "Number": 153,
    "MaxDistance": 18.0
  },
  {
    "Floor": "B",
    "Number": 154,
    "MaxDistance": 18.0
  },
  {
    "Floor": "B",
    "Number": 155,
    "MaxDistance": 24.0
  },
  {
    "Floor": "B",
    "Number": 156,
    "MaxDistance": 7.0
  },
  {
    "Floor": "B",
    "Number": 157,
    "MaxDistance": 13.0
  },
  {
    "Floor": "B",
    "Number": 158,
    "MaxDistance": 12.0
  },
  {
    "Floor": "B",
    "Number": 159,
    "MaxDistance": 7.0
  },
  {
    "Floor": "B",
    "Number": 160,
    "MaxDistance": 6.0
  },
  {
    "Floor": "B",
    "Number": 161,
    "MaxDistance": 16.0312195418814
  },
  {
    "Floor": "B",
    "Number": 162,
    "MaxDistance": 13.0
  },
  {
    "Floor": "B",
    "Number": 163,
    "MaxDistance": 28.0
  },
  {
    "Floor": "B",
    "Number": 164,
    "MaxDistance": 21.0
  },
  {
    "Floor": "B",
    "Number": 165,
    "MaxDistance": 16.492422502470642
  },
  {
    "Floor": "B",
    "Number": 166,
    "MaxDistance": 21.0
  },
  {
    "Floor": "B",
    "Number": 167,
    "MaxDistance": 6.324555320336759
  },
  {
    "Floor": "B",
    "Number": 168,
    "MaxDistance": 4.47213595499958
  },
  {
    "Floor": "B",
    "Number": 169,
    "MaxDistance": 10.63014581273465
  },
  {
    "Floor": "B",
    "Number": 170,
    "MaxDistance": 1.0
  },
  {
    "Floor": "B",
    "Number": 171,
    "MaxDistance": 11.180339887498949
  },
  {
    "Floor": "B",
    "Number": 172,
    "MaxDistance": 11.045361017187261
  },
  {
    "Floor": "B",
    "Number": 173,
    "MaxDistance": 7.810249675906654
  },
  {
    "Floor": "B",
    "Number": 179,
    "MaxDistance": 12.649110640673518
  },
  {
    "Floor": "B",
    "Number": 185,
    "MaxDistance": 43.0
  },
  {
    "Floor": "B",
    "Number": 186,
    "MaxDistance": 17.0
  },
  {
    "Floor": "B",
    "Number": 187,
    "MaxDistance": 11.0
  },
  {
    "Floor": "B",
    "Number": 188,
    "MaxDistance": 11.224972160321824
  },
  {
    "Floor": "B",
    "Number": 189,
    "MaxDistance": 17.233687939614086
  },
  {
    "Floor": "B",
    "Number": 190,
    "MaxDistance": 34.828149534535996
  },
  {
    "Floor": "B",
    "Number": 191,
    "MaxDistance": 10.440306508910551
  },
  {
    "Floor": "B",
    "Number": 192,
    "MaxDistance": 34.525353003264136
  },
  {
    "Floor": "B",
    "Number": 193,
    "MaxDistance": 10.770329614269007
  },
  {
    "Floor": "B",
    "Number": 194,
    "MaxDistance": 8.3066238629180749
  },
  {
    "Floor": "B",
    "Number": 195,
    "MaxDistance": 8.48528137423857
  },
  {
    "Floor": "B",
    "Number": 196,
    "MaxDistance": 8.0
  },
  {
    "Floor": "B",
    "Number": 197,
    "MaxDistance": 24.020824298928627
  },
  {
    "Floor": "B",
    "Number": 198,
    "MaxDistance": 31.622776601683793
  },
  {
    "Floor": "B",
    "Number": 138,
    "MaxDistance": 2.0
  },
  {
    "Floor": "B",
    "Number": 139,
    "MaxDistance": 11.0
  },
  {
    "Floor": "B",
    "Number": 140,
    "MaxDistance": 14.0
  },
  {
    "Floor": "B",
    "Number": 141,
    "MaxDistance": 4.0
  },
  {
    "Floor": "B",
    "Number": 142,
    "MaxDistance": 8.0
  },
  {
    "Floor": "B",
    "Number": 174,
    "MaxDistance": 6.4031242374328485
  },
  {
    "Floor": "B",
    "Number": 175,
    "MaxDistance": 13.45362404707371
  },
  {
    "Floor": "B",
    "Number": 176,
    "MaxDistance": 13.928388277184119
  },
  {
    "Floor": "B",
    "Number": 177,
    "MaxDistance": 18.027756377319946
  },
  {
    "Floor": "B",
    "Number": 178,
    "MaxDistance": 17.262676501632068
  },
  {
    "Floor": "B",
    "Number": 40,
    "MaxDistance": 3.6055512754639891
  },
  {
    "Floor": "B",
    "Number": 61,
    "MaxDistance": 0.0
  },
  {
    "Floor": "B",
    "Number": 71,
    "MaxDistance": 2.8284271247461903
  },
  {
    "Floor": "B",
    "Number": 72,
    "MaxDistance": 9.0
  },
  {
    "Floor": "B",
    "Number": 75,
    "MaxDistance": 9.0
  },
  {
    "Floor": "B",
    "Number": 85,
    "MaxDistance": 0.0
  },
  {
    "Floor": "B",
    "Number": 86,
    "MaxDistance": 2.0
  },
  {
    "Floor": "B",
    "Number": 135,
    "MaxDistance": 3.0
  },
  {
    "Floor": "B",
    "Number": 136,
    "MaxDistance": 4.0
  },
  {
    "Floor": "B",
    "Number": 137,
    "MaxDistance": 8.0
  },
  {
    "Floor": "B",
    "Number": 180,
    "MaxDistance": 2.23606797749979
  },
  {
    "Floor": "B",
    "Number": 181,
    "MaxDistance": 20.024984394500787
  },
  {
    "Floor": "C",
    "Number": 1,
    "MaxDistance": 8.2462112512353212
  },
  {
    "Floor": "C",
    "Number": 2,
    "MaxDistance": 12.041594578792296
  },
  {
    "Floor": "C",
    "Number": 3,
    "MaxDistance": 5.0
  },
  {
    "Floor": "C",
    "Number": 4,
    "MaxDistance": 4.0
  },
  {
    "Floor": "C",
    "Number": 5,
    "MaxDistance": 1.0
  },
  {
    "Floor": "C",
    "Number": 6,
    "MaxDistance": 2.23606797749979
  },
  {
    "Floor": "C",
    "Number": 7,
    "MaxDistance": 1.0
  },
  {
    "Floor": "C",
    "Number": 8,
    "MaxDistance": 14.866068747318506
  },
  {
    "Floor": "C",
    "Number": 11,
    "MaxDistance": 2.0
  },
  {
    "Floor": "C",
    "Number": 12,
    "MaxDistance": 6.0
  },
  {
    "Floor": "C",
    "Number": 13,
    "MaxDistance": 6.0
  },
  {
    "Floor": "C",
    "Number": 14,
    "MaxDistance": 12.0
  },
  {
    "Floor": "C",
    "Number": 15,
    "MaxDistance": 3.0
  },
  {
    "Floor": "C",
    "Number": 16,
    "MaxDistance": 5.0
  },
  {
    "Floor": "C",
    "Number": 17,
    "MaxDistance": 1.0
  },
  {
    "Floor": "C",
    "Number": 18,
    "MaxDistance": 3.0
  },
  {
    "Floor": "C",
    "Number": 19,
    "MaxDistance": 1.0
  },
  {
    "Floor": "C",
    "Number": 20,
    "MaxDistance": 3.0
  },
  {
    "Floor": "C",
    "Number": 21,
    "MaxDistance": 8.0
  },
  {
    "Floor": "C",
    "Number": 22,
    "MaxDistance": 9.0
  },
  {
    "Floor": "C",
    "Number": 23,
    "MaxDistance": 1.0
  },
  {
    "Floor": "C",
    "Number": 41,
    "MaxDistance": 13.0
  },
  {
    "Floor": "C",
    "Number": 42,
    "MaxDistance": 0.0
  },
  {
    "Floor": "C",
    "Number": 48,
    "MaxDistance": 1.0
  },
  {
    "Floor": "C",
    "Number": 49,
    "MaxDistance": 4.0
  },
  {
    "Floor": "C",
    "Number": 50,
    "MaxDistance": 0.0
  },
  {
    "Floor": "C",
    "Number": 51,
    "MaxDistance": 0.0
  },
  {
    "Floor": "C",
    "Number": 52,
    "MaxDistance": 24.0
  },
  {
    "Floor": "C",
    "Number": 53,
    "MaxDistance": 0.0
  },
  {
    "Floor": "C",
    "Number": 55,
    "MaxDistance": 0.0
  },
  {
    "Floor": "C",
    "Number": 66,
    "MaxDistance": 10.0
  },
  {
    "Floor": "C",
    "Number": 67,
    "MaxDistance": 3.0
  },
  {
    "Floor": "C",
    "Number": 69,
    "MaxDistance": 1.0
  },
  {
    "Floor": "C",
    "Number": 70,
    "MaxDistance": 5.8309518948453007
  },
  {
    "Floor": "C",
    "Number": 76,
    "MaxDistance": 1.0
  },
  {
    "Floor": "C",
    "Number": 77,
    "MaxDistance": 7.0710678118654755
  },
  {
    "Floor": "C",
    "Number": 78,
    "MaxDistance": 3.0
  },
  {
    "Floor": "C",
    "Number": 79,
    "MaxDistance": 6.7823299831252681
  },
  {
    "Floor": "C",
    "Number": 80,
    "MaxDistance": 8.54400374531753
  },
  {
    "Floor": "C",
    "Number": 86,
    "MaxDistance": 2.8284271247461903
  },
  {
    "Floor": "C",
    "Number": 87,
    "MaxDistance": 0.0
  },
  {
    "Floor": "C",
    "Number": 89,
    "MaxDistance": 1.0
  },
  {
    "Floor": "C",
    "Number": 90,
    "MaxDistance": 5.0
  },
  {
    "Floor": "C",
    "Number": 91,
    "MaxDistance": 14.0
  },
  {
    "Floor": "C",
    "Number": 92,
    "MaxDistance": 13.038404810405298
  },
  {
    "Floor": "C",
    "Number": 93,
    "MaxDistance": 25.019992006393608
  },
  {
    "Floor": "C",
    "Number": 94,
    "MaxDistance": 7.810249675906654
  },
  {
    "Floor": "C",
    "Number": 95,
    "MaxDistance": 14.035668847618199
  },
  {
    "Floor": "C",
    "Number": 96,
    "MaxDistance": 14.142135623730951
  },
  {
    "Floor": "C",
    "Number": 97,
    "MaxDistance": 7.0710678118654755
  },
  {
    "Floor": "C",
    "Number": 98,
    "MaxDistance": 16.15549442140351
  },
  {
    "Floor": "C",
    "Number": 99,
    "MaxDistance": 2.23606797749979
  },
  {
    "Floor": "C",
    "Number": 100,
    "MaxDistance": 4.0
  },
  {
    "Floor": "C",
    "Number": 102,
    "MaxDistance": 4.0
  },
  {
    "Floor": "C",
    "Number": 103,
    "MaxDistance": 4.0
  },
  {
    "Floor": "C",
    "Number": 104,
    "MaxDistance": 4.0
  },
  {
    "Floor": "C",
    "Number": 105,
    "MaxDistance": 4.0
  },
  {
    "Floor": "C",
    "Number": 106,
    "MaxDistance": 6.0827625302982193
  },
  {
    "Floor": "C",
    "Number": 107,
    "MaxDistance": 5.0
  },
  {
    "Floor": "C",
    "Number": 108,
    "MaxDistance": 3.0
  },
  {
    "Floor": "C",
    "Number": 109,
    "MaxDistance": 6.0
  },
  {
    "Floor": "C",
    "Number": 110,
    "MaxDistance": 5.0
  },
  {
    "Floor": "C",
    "Number": 111,
    "MaxDistance": 18.0
  },
  {
    "Floor": "C",
    "Number": 170,
    "MaxDistance": 8.94427190999916
  },
  {
    "Floor": "C",
    "Number": 171,
    "MaxDistance": 12.806248474865697
  },
  {
    "Floor": "C",
    "Number": 172,
    "MaxDistance": 17.0
  },
  {
    "Floor": "C",
    "Number": 173,
    "MaxDistance": 14.247806848775006
  },
  {
    "Floor": "C",
    "Number": 174,
    "MaxDistance": 4.47213595499958
  },
  {
    "Floor": "C",
    "Number": 175,
    "MaxDistance": 8.2462112512353212
  },
  {
    "Floor": "C",
    "Number": 176,
    "MaxDistance": 0.0
  },
  {
    "Floor": "C",
    "Number": 177,
    "MaxDistance": 15.231546211727817
  },
  {
    "Floor": "C",
    "Number": 178,
    "MaxDistance": 11.401754250991379
  },
  {
    "Floor": "C",
    "Number": 179,
    "MaxDistance": 2.0
  },
  {
    "Floor": "C",
    "Number": 180,
    "MaxDistance": 4.0
  },
  {
    "Floor": "C",
    "Number": 181,
    "MaxDistance": 4.0
  },
  {
    "Floor": "C",
    "Number": 182,
    "MaxDistance": 5.0
  },
  {
    "Floor": "C",
    "Number": 183,
    "MaxDistance": 2.0
  },
  {
    "Floor": "C",
    "Number": 184,
    "MaxDistance": 3.0
  },
  {
    "Floor": "C",
    "Number": 185,
    "MaxDistance": 5.3851648071345037
  },
  {
    "Floor": "C",
    "Number": 186,
    "MaxDistance": 10.816653826391969
  },
  {
    "Floor": "C",
    "Number": 187,
    "MaxDistance": 9.0
  },
  {
    "Floor": "C",
    "Number": 188,
    "MaxDistance": 2.0
  },
  {
    "Floor": "C",
    "Number": 189,
    "MaxDistance": 9.0
  },
  {
    "Floor": "C",
    "Number": 190,
    "MaxDistance": 8.6023252670426267
  },
  {
    "Floor": "C",
    "Number": 191,
    "MaxDistance": 9.4868329805051381
  },
  {
    "Floor": "C",
    "Number": 192,
    "MaxDistance": 6.4031242374328485
  },
  {
    "Floor": "C",
    "Number": 193,
    "MaxDistance": 10.0
  },
  {
    "Floor": "C",
    "Number": 194,
    "MaxDistance": 12.083045973594572
  },
  {
    "Floor": "C",
    "Number": 195,
    "MaxDistance": 13.892443989449804
  },
  {
    "Floor": "C",
    "Number": 196,
    "MaxDistance": 19.313207915827967
  },
  {
    "Floor": "C",
    "Number": 197,
    "MaxDistance": 9.4339811320566032
  },
  {
    "Floor": "C",
    "Number": 198,
    "MaxDistance": 1.0
  },
  {
    "Floor": "C",
    "Number": 199,
    "MaxDistance": 11.180339887498949
  },
  {
    "Floor": "C",
    "Number": 200,
    "MaxDistance": 3.0
  },
  {
    "Floor": "C",
    "Number": 201,
    "MaxDistance": 7.0710678118654755
  },
  {
    "Floor": "C",
    "Number": 202,
    "MaxDistance": 6.0827625302982193
  },
  {
    "Floor": "C",
    "Number": 210,
    "MaxDistance": 9.0553851381374173
  },
  {
    "Floor": "C",
    "Number": 212,
    "MaxDistance": 2.23606797749979
  },
  {
    "Floor": "C",
    "Number": 213,
    "MaxDistance": 7.0
  },
  {
    "Floor": "C",
    "Number": 214,
    "MaxDistance": 4.0
  },
  {
    "Floor": "C",
    "Number": 215,
    "MaxDistance": 5.0990195135927845
  },
  {
    "Floor": "C",
    "Number": 216,
    "MaxDistance": 14.0
  },
  {
    "Floor": "C",
    "Number": 217,
    "MaxDistance": 15.0
  },
  {
    "Floor": "C",
    "Number": 218,
    "MaxDistance": 15.0
  },
  {
    "Floor": "C",
    "Number": 219,
    "MaxDistance": 1.0
  },
  {
    "Floor": "C",
    "Number": 220,
    "MaxDistance": 5.0
  },
  {
    "Floor": "C",
    "Number": 221,
    "MaxDistance": 2.0
  },
  {
    "Floor": "C",
    "Number": 222,
    "MaxDistance": 11.045361017187261
  },
  {
    "Floor": "C",
    "Number": 223,
    "MaxDistance": 14.0
  },
  {
    "Floor": "C",
    "Number": 224,
    "MaxDistance": 27.0
  },
  {
    "Floor": "C",
    "Number": 225,
    "MaxDistance": 2.0
  },
  {
    "Floor": "C",
    "Number": 226,
    "MaxDistance": 29.0
  },
  {
    "Floor": "C",
    "Number": 227,
    "MaxDistance": 10.440306508910551
  },
  {
    "Floor": "C",
    "Number": 228,
    "MaxDistance": 15.231546211727817
  },
  {
    "Floor": "C",
    "Number": 229,
    "MaxDistance": 4.47213595499958
  },
  {
    "Floor": "C",
    "Number": 231,
    "MaxDistance": 7.0
  },
  {
    "Floor": "C",
    "Number": 232,
    "MaxDistance": 6.0
  },
  {
    "Floor": "C",
    "Number": 233,
    "MaxDistance": 6.0
  },
  {
    "Floor": "C",
    "Number": 234,
    "MaxDistance": 12.0
  },
  {
    "Floor": "C",
    "Number": 235,
    "MaxDistance": 5.0
  },
  {
    "Floor": "C",
    "Number": 236,
    "MaxDistance": 12.206555615733702
  },
  {
    "Floor": "C",
    "Number": 238,
    "MaxDistance": 10.198039027185569
  },
  {
    "Floor": "C",
    "Number": 239,
    "MaxDistance": 36.0
  },
  {
    "Floor": "C",
    "Number": 240,
    "MaxDistance": 14.0
  },
  {
    "Floor": "C",
    "Number": 241,
    "MaxDistance": 10.0
  },
  {
    "Floor": "D",
    "Number": 1,
    "MaxDistance": 2.0
  },
  {
    "Floor": "D",
    "Number": 2,
    "MaxDistance": 3.0
  },
  {
    "Floor": "D",
    "Number": 3,
    "MaxDistance": 7.0
  },
  {
    "Floor": "D",
    "Number": 4,
    "MaxDistance": 6.0
  },
  {
    "Floor": "D",
    "Number": 5,
    "MaxDistance": 4.0
  },
  {
    "Floor": "D",
    "Number": 6,
    "MaxDistance": 0.0
  },
  {
    "Floor": "D",
    "Number": 9,
    "MaxDistance": 6.0827625302982193
  },
  {
    "Floor": "D",
    "Number": 10,
    "MaxDistance": 5.0
  },
  {
    "Floor": "D",
    "Number": 11,
    "MaxDistance": 2.0
  },
  {
    "Floor": "D",
    "Number": 12,
    "MaxDistance": 10.0
  },
  {
    "Floor": "D",
    "Number": 13,
    "MaxDistance": 5.0
  },
  {
    "Floor": "D",
    "Number": 14,
    "MaxDistance": 1.0
  },
  {
    "Floor": "D",
    "Number": 15,
    "MaxDistance": 6.0
  },
  {
    "Floor": "D",
    "Number": 16,
    "MaxDistance": 6.164414002968976
  },
  {
    "Floor": "D",
    "Number": 17,
    "MaxDistance": 16.1245154965971
  },
  {
    "Floor": "D",
    "Number": 18,
    "MaxDistance": 2.0
  },
  {
    "Floor": "D",
    "Number": 20,
    "MaxDistance": 12.409673645990857
  },
  {
    "Floor": "D",
    "Number": 21,
    "MaxDistance": 6.0827625302982193
  },
  {
    "Floor": "D",
    "Number": 27,
    "MaxDistance": 8.12403840463596
  },
  {
    "Floor": "D",
    "Number": 28,
    "MaxDistance": 5.3851648071345037
  },
  {
    "Floor": "D",
    "Number": 29,
    "MaxDistance": 17.233687939614086
  },
  {
    "Floor": "D",
    "Number": 30,
    "MaxDistance": 3.0
  },
  {
    "Floor": "D",
    "Number": 31,
    "MaxDistance": 2.4494897427831779
  },
  {
    "Floor": "D",
    "Number": 58,
    "MaxDistance": 4.0
  },
  {
    "Floor": "D",
    "Number": 62,
    "MaxDistance": 6.0827625302982193
  },
  {
    "Floor": "D",
    "Number": 88,
    "MaxDistance": 12.0
  },
  {
    "Floor": "D",
    "Number": 89,
    "MaxDistance": 5.0
  },
  {
    "Floor": "D",
    "Number": 90,
    "MaxDistance": 26.0
  },
  {
    "Floor": "D",
    "Number": 91,
    "MaxDistance": 21.0
  },
  {
    "Floor": "D",
    "Number": 92,
    "MaxDistance": 21.0
  },
  {
    "Floor": "D",
    "Number": 93,
    "MaxDistance": 2.0
  },
  {
    "Floor": "D",
    "Number": 94,
    "MaxDistance": 6.0
  },
  {
    "Floor": "D",
    "Number": 114,
    "MaxDistance": 9.5393920141694561
  },
  {
    "Floor": "D",
    "Number": 115,
    "MaxDistance": 1.0
  },
  {
    "Floor": "D",
    "Number": 117,
    "MaxDistance": 5.0
  },
  {
    "Floor": "D",
    "Number": 118,
    "MaxDistance": 8.0
  },
  {
    "Floor": "D",
    "Number": 120,
    "MaxDistance": 13.0
  },
  {
    "Floor": "D",
    "Number": 122,
    "MaxDistance": 1.0
  },
  {
    "Floor": "D",
    "Number": 123,
    "MaxDistance": 8.2462112512353212
  },
  {
    "Floor": "D",
    "Number": 125,
    "MaxDistance": 3.0
  },
  {
    "Floor": "D",
    "Number": 126,
    "MaxDistance": 11.0
  },
  {
    "Floor": "D",
    "Number": 102,
    "MaxDistance": 2.8284271247461903
  },
  {
    "Floor": "D",
    "Number": 103,
    "MaxDistance": 2.0
  },
  {
    "Floor": "D",
    "Number": 129,
    "MaxDistance": 2.0
  },
  {
    "Floor": "D",
    "Number": 130,
    "MaxDistance": 4.58257569495584
  },
  {
    "Floor": "D",
    "Number": 131,
    "MaxDistance": 6.164414002968976
  },
  {
    "Floor": "D",
    "Number": 132,
    "MaxDistance": 13.076696830622021
  },
  {
    "Floor": "D",
    "Number": 133,
    "MaxDistance": 8.06225774829855
  },
  {
    "Floor": "D",
    "Number": 134,
    "MaxDistance": 14.071247279470288
  },
  {
    "Floor": "D",
    "Number": 135,
    "MaxDistance": 5.6568542494923806
  },
  {
    "Floor": "E",
    "Number": 1,
    "MaxDistance": 8.3066238629180749
  },
  {
    "Floor": "E",
    "Number": 46,
    "MaxDistance": 27.092434368288131
  },
  {
    "Floor": "E",
    "Number": 47,
    "MaxDistance": 11.269427669584644
  },
  {
    "Floor": "E",
    "Number": 48,
    "MaxDistance": 17.804493814764857
  },
  {
    "Floor": "E",
    "Number": 49,
    "MaxDistance": 16.673332000533065
  },
  {
    "Floor": "E",
    "Number": 50,
    "MaxDistance": 10.0
  },
  {
    "Floor": "E",
    "Number": 51,
    "MaxDistance": 15.165750888103101
  },
  {
    "Floor": "E",
    "Number": 68,
    "MaxDistance": 20.297783130184438
  },
  {
    "Floor": "E",
    "Number": 69,
    "MaxDistance": 26.888659319497503
  },
  {
    "Floor": "E",
    "Number": 70,
    "MaxDistance": 18.055470085267789
  },
  {
    "Floor": "E",
    "Number": 71,
    "MaxDistance": 8.54400374531753
  },
  {
    "Floor": "E",
    "Number": 72,
    "MaxDistance": 9.7467943448089631
  },
  {
    "Floor": "E",
    "Number": 73,
    "MaxDistance": 23.409399821439251
  },
  {
    "Floor": "E",
    "Number": 74,
    "MaxDistance": 18.165902124584949
  },
  {
    "Floor": "E",
    "Number": 52,
    "MaxDistance": 13.711309200802088
  },
  {
    "Floor": "E",
    "Number": 53,
    "MaxDistance": 11.74734012447073
  },
  {
    "Floor": "E",
    "Number": 54,
    "MaxDistance": 8.06225774829855
  },
  {
    "Floor": "E",
    "Number": 55,
    "MaxDistance": 10.816653826391969
  },
  {
    "Floor": "E",
    "Number": 56,
    "MaxDistance": 5.8309518948453007
  },
  {
    "Floor": "E",
    "Number": 58,
    "MaxDistance": 9.4868329805051381
  },
  {
    "Floor": "E",
    "Number": 60,
    "MaxDistance": 8.0
  },
  {
    "Floor": "E",
    "Number": 61,
    "MaxDistance": 10.816653826391969
  },
  {
    "Floor": "F",
    "Number": 10,
    "MaxDistance": 12.649110640673518
  },
  {
    "Floor": "F",
    "Number": 11,
    "MaxDistance": 13.820274961085254
  },
  {
    "Floor": "F",
    "Number": 12,
    "MaxDistance": 13.228756555322953
  },
  {
    "Floor": "F",
    "Number": 13,
    "MaxDistance": 11.180339887498949
  },
  {
    "Floor": "F",
    "Number": 14,
    "MaxDistance": 12.165525060596439
  },
  {
    "Floor": "F",
    "Number": 21,
    "MaxDistance": 12.369316876852981
  },
  {
    "Floor": "F",
    "Number": 22,
    "MaxDistance": 15.165750888103101
  },
  {
    "Floor": "F",
    "Number": 23,
    "MaxDistance": 10.0
  },
  {
    "Floor": "F",
    "Number": 24,
    "MaxDistance": 8.7749643873921226
  },
  {
    "Floor": "F",
    "Number": 25,
    "MaxDistance": 18.0
  },
  {
    "Floor": "F",
    "Number": 26,
    "MaxDistance": 8.7749643873921226
  },
  {
    "Floor": "F",
    "Number": 27,
    "MaxDistance": 14.594519519326424
  },
  {
    "Floor": "F",
    "Number": 28,
    "MaxDistance": 7.0710678118654755
  },
  {
    "Floor": "F",
    "Number": 29,
    "MaxDistance": 7.0710678118654755
  },
  {
    "Floor": "F",
    "Number": 30,
    "MaxDistance": 9.2195444572928871
  },
  {
    "Floor": "F",
    "Number": 31,
    "MaxDistance": 12.041594578792296
  },
  {
    "Floor": "F",
    "Number": 32,
    "MaxDistance": 11.224972160321824
  },
  {
    "Floor": "F",
    "Number": 33,
    "MaxDistance": 17.146428199482248
  },
  {
    "Floor": "F",
    "Number": 34,
    "MaxDistance": 21.118712081942874
  },
  {
    "Floor": "F",
    "Number": 35,
    "MaxDistance": 17.606816861659009
  },
  {
    "Floor": "F",
    "Number": 36,
    "MaxDistance": 16.15549442140351
  },
  {
    "Floor": "F",
    "Number": 37,
    "MaxDistance": 21.095023109728988
  },
  {
    "Floor": "F",
    "Number": 38,
    "MaxDistance": 12.328828005937952
  },
  {
    "Floor": "F",
    "Number": 39,
    "MaxDistance": 16.46207763315433
  },
  {
    "Floor": "F",
    "Number": 40,
    "MaxDistance": 20.322401432901575
  },
  {
    "Floor": "F",
    "Number": 41,
    "MaxDistance": 12.409673645990857
  },
  {
    "Floor": "F",
    "Number": 42,
    "MaxDistance": 9.8488578017961039
  },
  {
    "Floor": "F",
    "Number": 43,
    "MaxDistance": 14.696938456699069
  },
  {
    "Floor": "G",
    "Number": 1,
    "MaxDistance": 10.816653826391969
  },
  {
    "Floor": "G",
    "Number": 2,
    "MaxDistance": 23.937418407171648
  },
  {
    "Floor": "G",
    "Number": 3,
    "MaxDistance": 19.235384061671343
  },
  {
    "Floor": "G",
    "Number": 21,
    "MaxDistance": 15.362291495737216
  },
  {
    "Floor": "G",
    "Number": 22,
    "MaxDistance": 11.661903789690601
  },
  {
    "Floor": "G",
    "Number": 23,
    "MaxDistance": 17.262676501632068
  },
  {
    "Floor": "G",
    "Number": 24,
    "MaxDistance": 12.24744871391589
  },
  {
    "Floor": "G",
    "Number": 25,
    "MaxDistance": 20.73644135332772
  },
  {
    "Floor": "G",
    "Number": 28,
    "MaxDistance": 8.8317608663278477
  },
  {
    "Floor": "G",
    "Number": 29,
    "MaxDistance": 16.46207763315433
  },
  {
    "Floor": "G",
    "Number": 30,
    "MaxDistance": 11.532562594670797
  },
  {
    "Floor": "G",
    "Number": 31,
    "MaxDistance": 10.392304845413264
  },
  {
    "Floor": "G",
    "Number": 32,
    "MaxDistance": 18.681541692269406
  },
  {
    "Floor": "G",
    "Number": 48,
    "MaxDistance": 15.264337522473747
  },
  {
    "Floor": "G",
    "Number": 49,
    "MaxDistance": 18.761663039293719
  },
  {
    "Floor": "G",
    "Number": 50,
    "MaxDistance": 12.124355652982141
  },
  {
    "Floor": "G",
    "Number": 51,
    "MaxDistance": 10.63014581273465
  },
  {
    "Floor": "G",
    "Number": 52,
    "MaxDistance": 8.2462112512353212
  },
  {
    "Floor": "G",
    "Number": 53,
    "MaxDistance": 12.206555615733702
  },
  {
    "Floor": "G",
    "Number": 54,
    "MaxDistance": 7.810249675906654
  },
  {
    "Floor": "G",
    "Number": 60,
    "MaxDistance": 36.249137920783717
  },
  {
    "Floor": "G",
    "Number": 61,
    "MaxDistance": 29.13760456866693
  },
  {
    "Floor": "G",
    "Number": 64,
    "MaxDistance": 19.697715603592208
  },
  {
    "Floor": "G",
    "Number": 65,
    "MaxDistance": 28.757607689096812
  },
  {
    "Floor": "H",
    "Number": 1,
    "MaxDistance": 14.247806848775006
  },
  {
    "Floor": "H",
    "Number": 2,
    "MaxDistance": 5.0990195135927845
  },
  {
    "Floor": "H",
    "Number": 3,
    "MaxDistance": 22.293496809607955
  },
  {
    "Floor": "H",
    "Number": 38,
    "MaxDistance": 7.0710678118654755
  },
  {
    "Floor": "H",
    "Number": 39,
    "MaxDistance": 20.615528128088304
  },
  {
    "Floor": "H",
    "Number": 40,
    "MaxDistance": 18.439088914585774
  },
  {
    "Floor": "H",
    "Number": 41,
    "MaxDistance": 16.15549442140351
  },
  {
    "Floor": "H",
    "Number": 42,
    "MaxDistance": 23.49468024894146
  },
  {
    "Floor": "H",
    "Number": 43,
    "MaxDistance": 11.224972160321824
  },
  {
    "Floor": "H",
    "Number": 44,
    "MaxDistance": 19.235384061671343
  },
  {
    "Floor": "H",
    "Number": 45,
    "MaxDistance": 16.0312195418814
  },
  {
    "Floor": "H",
    "Number": 46,
    "MaxDistance": 10.04987562112089
  },
  {
    "Floor": "H",
    "Number": 47,
    "MaxDistance": 15.0
  },
  {
    "Floor": "H",
    "Number": 48,
    "MaxDistance": 13.601470508735444
  },
  {
    "Floor": "H",
    "Number": 49,
    "MaxDistance": 20.223748416156685
  },
  {
    "Floor": "H",
    "Number": 50,
    "MaxDistance": 29.5296461204668
  },
  {
    "Floor": "H",
    "Number": 51,
    "MaxDistance": 16.248076809271922
  },
  {
    "Floor": "H",
    "Number": 52,
    "MaxDistance": 26.1725046566048
  },
  {
    "Floor": "H",
    "Number": 53,
    "MaxDistance": 20.322401432901575
  },
  {
    "Floor": "H",
    "Number": 54,
    "MaxDistance": 13.928388277184119
  },
  {
    "Floor": "H",
    "Number": 56,
    "MaxDistance": 15.132745950421556
  },
  {
    "Floor": "H",
    "Number": 57,
    "MaxDistance": 4.58257569495584
  },
  {
    "Floor": "H",
    "Number": 58,
    "MaxDistance": 16.1245154965971
  },
  {
    "Floor": "H",
    "Number": 59,
    "MaxDistance": 15.842979517754859
  },
  {
    "Floor": "H",
    "Number": 60,
    "MaxDistance": 19.390719429665317
  },
  {
    "Floor": "H",
    "Number": 61,
    "MaxDistance": 16.401219466856727
  },
  {
    "Floor": "J",
    "Number": 1,
    "MaxDistance": 8.06225774829855
  },
  {
    "Floor": "J",
    "Number": 2,
    "MaxDistance": 19.0
  },
  {
    "Floor": "J",
    "Number": 3,
    "MaxDistance": 26.645825188948457
  },
  {
    "Floor": "J",
    "Number": 44,
    "MaxDistance": 10.770329614269007
  },
  {
    "Floor": "J",
    "Number": 45,
    "MaxDistance": 13.74772708486752
  },
  {
    "Floor": "J",
    "Number": 46,
    "MaxDistance": 14.352700094407323
  },
  {
    "Floor": "J",
    "Number": 47,
    "MaxDistance": 16.093476939431081
  },
  {
    "Floor": "J",
    "Number": 48,
    "MaxDistance": 20.420577856662138
  },
  {
    "Floor": "J",
    "Number": 49,
    "MaxDistance": 22.803508501982758
  },
  {
    "Floor": "J",
    "Number": 50,
    "MaxDistance": 12.727922061357855
  },
  {
    "Floor": "J",
    "Number": 51,
    "MaxDistance": 28.142494558940577
  },
  {
    "Floor": "J",
    "Number": 52,
    "MaxDistance": 11.045361017187261
  },
  {
    "Floor": "J",
    "Number": 53,
    "MaxDistance": 14.352700094407323
  },
  {
    "Floor": "J",
    "Number": 54,
    "MaxDistance": 19.924858845171276
  },
  {
    "Floor": "J",
    "Number": 55,
    "MaxDistance": 23.727621035409346
  },
  {
    "Floor": "J",
    "Number": 56,
    "MaxDistance": 14.456832294800961
  },
  {
    "Floor": "J",
    "Number": 57,
    "MaxDistance": 10.816653826391969
  },
  {
    "Floor": "J",
    "Number": 58,
    "MaxDistance": 15.066519173319364
  },
  {
    "Floor": "J",
    "Number": 59,
    "MaxDistance": 18.330302779823359
  },
  {
    "Floor": "J",
    "Number": 60,
    "MaxDistance": 15.588457268119896
  },
  {
    "Floor": "J",
    "Number": 61,
    "MaxDistance": 18.411952639521967
  },
  {
    "Floor": "K",
    "Number": 1,
    "MaxDistance": 22.737634001804146
  },
  {
    "Floor": "K",
    "Number": 2,
    "MaxDistance": 5.0
  },
  {
    "Floor": "K",
    "Number": 3,
    "MaxDistance": 22.113344387495982
  },
  {
    "Floor": "K",
    "Number": 17,
    "MaxDistance": 6.324555320336759
  },
  {
    "Floor": "K",
    "Number": 18,
    "MaxDistance": 14.866068747318506
  },
  {
    "Floor": "K",
    "Number": 19,
    "MaxDistance": 8.0
  },
  {
    "Floor": "K",
    "Number": 20,
    "MaxDistance": 28.390139133156779
  },
  {
    "Floor": "K",
    "Number": 21,
    "MaxDistance": 13.19090595827292
  },
  {
    "Floor": "K",
    "Number": 22,
    "MaxDistance": 10.04987562112089
  },
  {
    "Floor": "K",
    "Number": 23,
    "MaxDistance": 14.247806848775006
  },
  {
    "Floor": "K",
    "Number": 24,
    "MaxDistance": 11.61895003862225
  },
  {
    "Floor": "K",
    "Number": 25,
    "MaxDistance": 5.0
  },
  {
    "Floor": "K",
    "Number": 27,
    "MaxDistance": 10.723805294763608
  },
  {
    "Floor": "K",
    "Number": 28,
    "MaxDistance": 14.142135623730951
  }
]