﻿[
  {
    "Floor": "C",
    "Number": 1,
    "Distances": [
      8.2462112512353212
    ]
  },
  {
    "Floor": "C",
    "Number": 2,
    "Distances": [
      12.041594578792296
    ]
  },
  {
    "Floor": "C",
    "Number": 3,
    "Distances": [
      5.0
    ]
  },
  {
    "Floor": "C",
    "Number": 4,
    "Distances": [
      4.0
    ]
  },
  {
    "Floor": "C",
    "Number": 5,
    "Distances": [
      1.0
    ]
  },
  {
    "Floor": "C",
    "Number": 6,
    "Distances": [
      2.23606797749979
    ]
  },
  {
    "Floor": "C",
    "Number": 7,
    "Distances": [
      1.0
    ]
  },
  {
    "Floor": "C",
    "Number": 8,
    "Distances": [
      14.866068747318506
    ]
  },
  {
    "Floor": "C",
    "Number": 10,
    "Distances": []
  },
  {
    "Floor": "C",
    "Number": 11,
    "Distances": [
      2.0
    ]
  },
  {
    "Floor": "C",
    "Number": 12,
    "Distances": [
      6.0
    ]
  },
  {
    "Floor": "C",
    "Number": 13,
    "Distances": [
      6.0
    ]
  },
  {
    "Floor": "C",
    "Number": 14,
    "Distances": [
      12.0
    ]
  },
  {
    "Floor": "C",
    "Number": 15,
    "Distances": [
      3.0
    ]
  },
  {
    "Floor": "C",
    "Number": 16,
    "Distances": [
      5.0
    ]
  },
  {
    "Floor": "C",
    "Number": 17,
    "Distances": [
      1.0
    ]
  },
  {
    "Floor": "C",
    "Number": 18,
    "Distances": [
      3.0
    ]
  },
  {
    "Floor": "C",
    "Number": 19,
    "Distances": [
      1.0
    ]
  },
  {
    "Floor": "C",
    "Number": 20,
    "Distances": [
      3.0
    ]
  },
  {
    "Floor": "C",
    "Number": 21,
    "Distances": [
      8.0
    ]
  },
  {
    "Floor": "C",
    "Number": 22,
    "Distances": [
      9.0
    ]
  },
  {
    "Floor": "C",
    "Number": 23,
    "Distances": [
      1.0
    ]
  },
  {
    "Floor": "C",
    "Number": 40,
    "Distances": []
  },
  {
    "Floor": "C",
    "Number": 41,
    "Distances": [
      13.0
    ]
  },
  {
    "Floor": "C",
    "Number": 42,
    "Distances": [
      0.0
    ]
  },
  {
    "Floor": "C",
    "Number": 43,
    "Distances": []
  },
  {
    "Floor": "C",
    "Number": 46,
    "Distances": []
  },
  {
    "Floor": "C",
    "Number": 47,
    "Distances": []
  },
  {
    "Floor": "C",
    "Number": 48,
    "Distances": [
      1.0
    ]
  },
  {
    "Floor": "C",
    "Number": 49,
    "Distances": [
      4.0
    ]
  },
  {
    "Floor": "C",
    "Number": 50,
    "Distances": [
      0.0
    ]
  },
  {
    "Floor": "C",
    "Number": 51,
    "Distances": [
      0.0
    ]
  },
  {
    "Floor": "C",
    "Number": 52,
    "Distances": [
      24.0
    ]
  },
  {
    "Floor": "C",
    "Number": 53,
    "Distances": [
      0.0
    ]
  },
  {
    "Floor": "C",
    "Number": 54,
    "Distances": []
  },
  {
    "Floor": "C",
    "Number": 55,
    "Distances": [
      0.0
    ]
  },
  {
    "Floor": "C",
    "Number": 66,
    "Distances": [
      10.0
    ]
  },
  {
    "Floor": "C",
    "Number": 67,
    "Distances": [
      3.0
    ]
  },
  {
    "Floor": "C",
    "Number": 69,
    "Distances": [
      1.0
    ]
  },
  {
    "Floor": "C",
    "Number": 70,
    "Distances": [
      5.8309518948453007
    ]
  },
  {
    "Floor": "C",
    "Number": 76,
    "Distances": [
      1.0
    ]
  },
  {
    "Floor": "C",
    "Number": 77,
    "Distances": [
      7.0710678118654755
    ]
  },
  {
    "Floor": "C",
    "Number": 78,
    "Distances": [
      3.0
    ]
  },
  {
    "Floor": "C",
    "Number": 79,
    "Distances": [
      6.7823299831252681
    ]
  },
  {
    "Floor": "C",
    "Number": 80,
    "Distances": [
      8.54400374531753
    ]
  },
  {
    "Floor": "C",
    "Number": 86,
    "Distances": [
      2.8284271247461903
    ]
  },
  {
    "Floor": "C",
    "Number": 87,
    "Distances": [
      0.0
    ]
  },
  {
    "Floor": "C",
    "Number": 89,
    "Distances": [
      1.0
    ]
  },
  {
    "Floor": "C",
    "Number": 90,
    "Distances": [
      5.0
    ]
  },
  {
    "Floor": "C",
    "Number": 91,
    "Distances": [
      14.0
    ]
  },
  {
    "Floor": "C",
    "Number": 92,
    "Distances": [
      13.038404810405298
    ]
  },
  {
    "Floor": "C",
    "Number": 93,
    "Distances": [
      25.019992006393608
    ]
  },
  {
    "Floor": "C",
    "Number": 94,
    "Distances": [
      7.810249675906654
    ]
  },
  {
    "Floor": "C",
    "Number": 95,
    "Distances": [
      14.035668847618199
    ]
  },
  {
    "Floor": "C",
    "Number": 96,
    "Distances": [
      14.142135623730951
    ]
  },
  {
    "Floor": "C",
    "Number": 97,
    "Distances": [
      7.0710678118654755
    ]
  },
  {
    "Floor": "C",
    "Number": 98,
    "Distances": [
      16.15549442140351
    ]
  },
  {
    "Floor": "C",
    "Number": 99,
    "Distances": [
      2.23606797749979
    ]
  },
  {
    "Floor": "C",
    "Number": 100,
    "Distances": [
      4.0
    ]
  },
  {
    "Floor": "C",
    "Number": 102,
    "Distances": [
      4.0
    ]
  },
  {
    "Floor": "C",
    "Number": 103,
    "Distances": [
      4.0
    ]
  },
  {
    "Floor": "C",
    "Number": 104,
    "Distances": [
      4.0
    ]
  },
  {
    "Floor": "C",
    "Number": 105,
    "Distances": [
      4.0
    ]
  },
  {
    "Floor": "C",
    "Number": 106,
    "Distances": [
      6.0827625302982193
    ]
  },
  {
    "Floor": "C",
    "Number": 107,
    "Distances": [
      5.0,
      5.0
    ]
  },
  {
    "Floor": "C",
    "Number": 107,
    "Distances": [
      5.0,
      5.0
    ]
  },
  {
    "Floor": "C",
    "Number": 108,
    "Distances": [
      3.0
    ]
  },
  {
    "Floor": "C",
    "Number": 109,
    "Distances": [
      6.0
    ]
  },
  {
    "Floor": "C",
    "Number": 110,
    "Distances": [
      5.0
    ]
  },
  {
    "Floor": "C",
    "Number": 111,
    "Distances": [
      18.0
    ]
  },
  {
    "Floor": "C",
    "Number": 170,
    "Distances": [
      8.94427190999916
    ]
  },
  {
    "Floor": "C",
    "Number": 171,
    "Distances": [
      12.806248474865697
    ]
  },
  {
    "Floor": "C",
    "Number": 172,
    "Distances": [
      17.0
    ]
  },
  {
    "Floor": "C",
    "Number": 173,
    "Distances": [
      14.247806848775006
    ]
  },
  {
    "Floor": "C",
    "Number": 174,
    "Distances": [
      4.47213595499958
    ]
  },
  {
    "Floor": "C",
    "Number": 175,
    "Distances": [
      8.2462112512353212
    ]
  },
  {
    "Floor": "C",
    "Number": 176,
    "Distances": [
      0.0
    ]
  },
  {
    "Floor": "C",
    "Number": 177,
    "Distances": [
      15.231546211727817
    ]
  },
  {
    "Floor": "C",
    "Number": 178,
    "Distances": [
      11.401754250991379
    ]
  },
  {
    "Floor": "C",
    "Number": 179,
    "Distances": [
      2.0
    ]
  },
  {
    "Floor": "C",
    "Number": 180,
    "Distances": [
      4.0
    ]
  },
  {
    "Floor": "C",
    "Number": 181,
    "Distances": [
      4.0
    ]
  },
  {
    "Floor": "C",
    "Number": 182,
    "Distances": [
      5.0
    ]
  },
  {
    "Floor": "C",
    "Number": 183,
    "Distances": [
      2.0
    ]
  },
  {
    "Floor": "C",
    "Number": 184,
    "Distances": [
      3.0
    ]
  },
  {
    "Floor": "C",
    "Number": 185,
    "Distances": [
      5.3851648071345037
    ]
  },
  {
    "Floor": "C",
    "Number": 186,
    "Distances": [
      10.816653826391969
    ]
  },
  {
    "Floor": "C",
    "Number": 187,
    "Distances": [
      9.0
    ]
  },
  {
    "Floor": "C",
    "Number": 188,
    "Distances": [
      2.0
    ]
  },
  {
    "Floor": "C",
    "Number": 189,
    "Distances": [
      9.0
    ]
  },
  {
    "Floor": "C",
    "Number": 190,
    "Distances": [
      8.6023252670426267
    ]
  },
  {
    "Floor": "C",
    "Number": 191,
    "Distances": [
      9.4868329805051381
    ]
  },
  {
    "Floor": "C",
    "Number": 192,
    "Distances": [
      6.4031242374328485
    ]
  },
  {
    "Floor": "C",
    "Number": 193,
    "Distances": [
      10.0
    ]
  },
  {
    "Floor": "C",
    "Number": 194,
    "Distances": [
      12.083045973594572
    ]
  },
  {
    "Floor": "C",
    "Number": 195,
    "Distances": [
      13.892443989449804
    ]
  },
  {
    "Floor": "C",
    "Number": 196,
    "Distances": [
      19.313207915827967
    ]
  },
  {
    "Floor": "C",
    "Number": 197,
    "Distances": [
      9.4339811320566032
    ]
  },
  {
    "Floor": "C",
    "Number": 198,
    "Distances": [
      1.0
    ]
  },
  {
    "Floor": "C",
    "Number": 199,
    "Distances": [
      11.180339887498949
    ]
  },
  {
    "Floor": "C",
    "Number": 200,
    "Distances": [
      3.0
    ]
  },
  {
    "Floor": "C",
    "Number": 201,
    "Distances": [
      7.0710678118654755
    ]
  },
  {
    "Floor": "C",
    "Number": 202,
    "Distances": [
      6.0827625302982193
    ]
  },
  {
    "Floor": "C",
    "Number": 210,
    "Distances": [
      9.0553851381374173
    ]
  },
  {
    "Floor": "C",
    "Number": 211,
    "Distances": []
  },
  {
    "Floor": "C",
    "Number": 212,
    "Distances": [
      2.23606797749979
    ]
  },
  {
    "Floor": "C",
    "Number": 213,
    "Distances": [
      7.0
    ]
  },
  {
    "Floor": "C",
    "Number": 214,
    "Distances": [
      4.0
    ]
  },
  {
    "Floor": "C",
    "Number": 215,
    "Distances": [
      5.0990195135927845
    ]
  },
  {
    "Floor": "C",
    "Number": 216,
    "Distances": [
      14.0
    ]
  },
  {
    "Floor": "C",
    "Number": 217,
    "Distances": [
      15.0
    ]
  },
  {
    "Floor": "C",
    "Number": 218,
    "Distances": [
      1.0,
      15.0
    ]
  },
  {
    "Floor": "C",
    "Number": 219,
    "Distances": [
      1.0
    ]
  },
  {
    "Floor": "C",
    "Number": 220,
    "Distances": [
      5.0
    ]
  },
  {
    "Floor": "C",
    "Number": 218,
    "Distances": [
      1.0,
      15.0
    ]
  },
  {
    "Floor": "C",
    "Number": 221,
    "Distances": [
      2.0
    ]
  },
  {
    "Floor": "C",
    "Number": 222,
    "Distances": [
      11.045361017187261
    ]
  },
  {
    "Floor": "C",
    "Number": 223,
    "Distances": [
      14.0
    ]
  },
  {
    "Floor": "C",
    "Number": 224,
    "Distances": [
      27.0
    ]
  },
  {
    "Floor": "C",
    "Number": 225,
    "Distances": [
      2.0
    ]
  },
  {
    "Floor": "C",
    "Number": 226,
    "Distances": [
      29.0,
      13.416407864998739
    ]
  },
  {
    "Floor": "C",
    "Number": 226,
    "Distances": [
      29.0,
      13.416407864998739
    ]
  },
  {
    "Floor": "C",
    "Number": 227,
    "Distances": [
      10.440306508910551
    ]
  },
  {
    "Floor": "C",
    "Number": 228,
    "Distances": [
      15.231546211727817
    ]
  },
  {
    "Floor": "C",
    "Number": 229,
    "Distances": [
      4.47213595499958
    ]
  },
  {
    "Floor": "C",
    "Number": 230,
    "Distances": []
  },
  {
    "Floor": "C",
    "Number": 231,
    "Distances": [
      7.0
    ]
  },
  {
    "Floor": "C",
    "Number": 232,
    "Distances": [
      6.0
    ]
  },
  {
    "Floor": "C",
    "Number": 233,
    "Distances": [
      6.0
    ]
  },
  {
    "Floor": "C",
    "Number": 234,
    "Distances": [
      12.0
    ]
  },
  {
    "Floor": "C",
    "Number": 235,
    "Distances": [
      5.0,
      5.0
    ]
  },
  {
    "Floor": "C",
    "Number": 235,
    "Distances": [
      5.0,
      5.0
    ]
  },
  {
    "Floor": "C",
    "Number": 236,
    "Distances": [
      12.206555615733702
    ]
  },
  {
    "Floor": "C",
    "Number": 238,
    "Distances": [
      10.198039027185569
    ]
  },
  {
    "Floor": "C",
    "Number": 239,
    "Distances": [
      36.0
    ]
  },
  {
    "Floor": "C",
    "Number": 240,
    "Distances": [
      14.0
    ]
  },
  {
    "Floor": "C",
    "Number": 241,
    "Distances": [
      10.0
    ]
  }
]