﻿[
  {
    "Floor": "F",
    "Number": 10,
    "Distances": [
      7.8740078740118111,
      12.649110640673518,
      10.862780491200215
    ]
  },
  {
    "Floor": "F",
    "Number": 11,
    "Distances": [
      13.820274961085254
    ]
  },
  {
    "Floor": "F",
    "Number": 12,
    "Distances": [
      6.164414002968976,
      13.228756555322953,
      7.8740078740118111
    ]
  },
  {
    "Floor": "F",
    "Number": 13,
    "Distances": [
      4.0,
      7.810249675906654,
      11.180339887498949
    ]
  },
  {
    "Floor": "F",
    "Number": 14,
    "Distances": [
      11.180339887498949,
      7.0710678118654755,
      12.165525060596439
    ]
  },
  {
    "Floor": "F",
    "Number": 21,
    "Distances": [
      6.4031242374328485,
      12.369316876852981,
      12.328828005937952
    ]
  },
  {
    "Floor": "F",
    "Number": 22,
    "Distances": [
      15.165750888103101
    ]
  },
  {
    "Floor": "F",
    "Number": 23,
    "Distances": [
      10.0,
      5.0990195135927845,
      6.0
    ]
  },
  {
    "Floor": "F",
    "Number": 24,
    "Distances": [
      4.58257569495584,
      8.7749643873921226,
      4.8989794855663558
    ]
  },
  {
    "Floor": "F",
    "Number": 25,
    "Distances": [
      12.369316876852981,
      6.7082039324993694,
      18.0
    ]
  },
  {
    "Floor": "F",
    "Number": 26,
    "Distances": [
      6.0827625302982193,
      8.7749643873921226,
      4.69041575982343
    ]
  },
  {
    "Floor": "F",
    "Number": 27,
    "Distances": [
      14.594519519326424
    ]
  },
  {
    "Floor": "F",
    "Number": 28,
    "Distances": [
      6.164414002968976,
      7.0710678118654755,
      3.1622776601683795
    ]
  },
  {
    "Floor": "F",
    "Number": 29,
    "Distances": [
      2.23606797749979,
      6.7082039324993694,
      7.0710678118654755
    ]
  },
  {
    "Floor": "F",
    "Number": 30,
    "Distances": [
      8.6023252670426267,
      9.2195444572928871,
      4.1231056256176606
    ]
  },
  {
    "Floor": "F",
    "Number": 31,
    "Distances": [
      9.0,
      2.23606797749979,
      12.041594578792296
    ]
  },
  {
    "Floor": "F",
    "Number": 32,
    "Distances": [
      11.224972160321824
    ]
  },
  {
    "Floor": "F",
    "Number": 33,
    "Distances": [
      6.48074069840786,
      11.045361017187261,
      17.146428199482248
    ]
  },
  {
    "Floor": "F",
    "Number": 34,
    "Distances": [
      15.524174696260024,
      6.4031242374328485,
      21.118712081942874
    ]
  },
  {
    "Floor": "F",
    "Number": 35,
    "Distances": [
      13.638181696985855,
      14.352700094407323,
      17.606816861659009
    ]
  },
  {
    "Floor": "F",
    "Number": 36,
    "Distances": [
      8.7749643873921226,
      16.15549442140351,
      10.392304845413264
    ]
  },
  {
    "Floor": "F",
    "Number": 37,
    "Distances": [
      21.095023109728988,
      20.928449536456348,
      2.23606797749979
    ]
  },
  {
    "Floor": "F",
    "Number": 38,
    "Distances": [
      9.6953597148326587,
      3.7416573867739413,
      12.328828005937952
    ]
  },
  {
    "Floor": "F",
    "Number": 39,
    "Distances": [
      16.46207763315433,
      15.0996688705415,
      3.6055512754639891
    ]
  },
  {
    "Floor": "F",
    "Number": 40,
    "Distances": [
      20.322401432901575,
      15.716233645501712,
      8.717797887081348
    ]
  },
  {
    "Floor": "F",
    "Number": 41,
    "Distances": [
      9.0,
      12.409673645990857,
      10.535653752852738
    ]
  },
  {
    "Floor": "F",
    "Number": 42,
    "Distances": [
      9.8488578017961039,
      7.8740078740118111,
      7.8740078740118111
    ]
  },
  {
    "Floor": "F",
    "Number": 43,
    "Distances": [
      14.696938456699069,
      6.324555320336759,
      13.564659966250536
    ]
  },
  {
    "Floor": "F",
    "Number": 1,
    "Distances": []
  },
  {
    "Floor": "F",
    "Number": 2,
    "Distances": []
  },
  {
    "Floor": "F",
    "Number": 3,
    "Distances": []
  },
  {
    "Floor": "F",
    "Number": 4,
    "Distances": []
  },
  {
    "Floor": "F",
    "Number": 5,
    "Distances": []
  },
  {
    "Floor": "F",
    "Number": 6,
    "Distances": []
  },
  {
    "Floor": "F",
    "Number": 7,
    "Distances": []
  },
  {
    "Floor": "F",
    "Number": 8,
    "Distances": []
  },
  {
    "Floor": "F",
    "Number": 9,
    "Distances": []
  },
  {
    "Floor": "F",
    "Number": 10,
    "Distances": [
      7.8740078740118111,
      12.649110640673518,
      10.862780491200215
    ]
  },
  {
    "Floor": "F",
    "Number": 11,
    "Distances": [
      13.820274961085254
    ]
  },
  {
    "Floor": "F",
    "Number": 12,
    "Distances": [
      6.164414002968976,
      13.228756555322953,
      7.8740078740118111
    ]
  },
  {
    "Floor": "F",
    "Number": 13,
    "Distances": [
      4.0,
      7.810249675906654,
      11.180339887498949
    ]
  },
  {
    "Floor": "F",
    "Number": 14,
    "Distances": [
      11.180339887498949,
      7.0710678118654755,
      12.165525060596439
    ]
  },
  {
    "Floor": "F",
    "Number": 15,
    "Distances": []
  },
  {
    "Floor": "F",
    "Number": 16,
    "Distances": []
  },
  {
    "Floor": "F",
    "Number": 17,
    "Distances": []
  },
  {
    "Floor": "F",
    "Number": 18,
    "Distances": []
  },
  {
    "Floor": "F",
    "Number": 19,
    "Distances": []
  },
  {
    "Floor": "F",
    "Number": 20,
    "Distances": []
  },
  {
    "Floor": "F",
    "Number": 21,
    "Distances": [
      6.4031242374328485,
      12.369316876852981,
      12.328828005937952
    ]
  },
  {
    "Floor": "F",
    "Number": 22,
    "Distances": [
      15.165750888103101
    ]
  },
  {
    "Floor": "F",
    "Number": 23,
    "Distances": [
      10.0,
      5.0990195135927845,
      6.0
    ]
  },
  {
    "Floor": "F",
    "Number": 24,
    "Distances": [
      4.58257569495584,
      8.7749643873921226,
      4.8989794855663558
    ]
  },
  {
    "Floor": "F",
    "Number": 25,
    "Distances": [
      12.369316876852981,
      6.7082039324993694,
      18.0
    ]
  },
  {
    "Floor": "F",
    "Number": 26,
    "Distances": [
      6.0827625302982193,
      8.7749643873921226,
      4.69041575982343
    ]
  },
  {
    "Floor": "F",
    "Number": 27,
    "Distances": [
      14.594519519326424
    ]
  },
  {
    "Floor": "F",
    "Number": 28,
    "Distances": [
      6.164414002968976,
      7.0710678118654755,
      3.1622776601683795
    ]
  },
  {
    "Floor": "F",
    "Number": 29,
    "Distances": [
      2.23606797749979,
      6.7082039324993694,
      7.0710678118654755
    ]
  },
  {
    "Floor": "F",
    "Number": 30,
    "Distances": [
      8.6023252670426267,
      9.2195444572928871,
      4.1231056256176606
    ]
  },
  {
    "Floor": "F",
    "Number": 31,
    "Distances": [
      9.0,
      2.23606797749979,
      12.041594578792296
    ]
  },
  {
    "Floor": "F",
    "Number": 32,
    "Distances": [
      11.224972160321824
    ]
  },
  {
    "Floor": "F",
    "Number": 33,
    "Distances": [
      6.48074069840786,
      11.045361017187261,
      17.146428199482248
    ]
  },
  {
    "Floor": "F",
    "Number": 34,
    "Distances": [
      15.524174696260024,
      6.4031242374328485,
      21.118712081942874
    ]
  },
  {
    "Floor": "F",
    "Number": 35,
    "Distances": [
      13.638181696985855,
      14.352700094407323,
      17.606816861659009
    ]
  },
  {
    "Floor": "F",
    "Number": 36,
    "Distances": [
      8.7749643873921226,
      16.15549442140351,
      10.392304845413264
    ]
  },
  {
    "Floor": "F",
    "Number": 37,
    "Distances": [
      21.095023109728988,
      20.928449536456348,
      2.23606797749979
    ]
  },
  {
    "Floor": "F",
    "Number": 38,
    "Distances": [
      9.6953597148326587,
      3.7416573867739413,
      12.328828005937952
    ]
  },
  {
    "Floor": "F",
    "Number": 39,
    "Distances": [
      16.46207763315433,
      15.0996688705415,
      3.6055512754639891
    ]
  },
  {
    "Floor": "F",
    "Number": 40,
    "Distances": [
      20.322401432901575,
      15.716233645501712,
      8.717797887081348
    ]
  },
  {
    "Floor": "F",
    "Number": 41,
    "Distances": [
      9.0,
      12.409673645990857,
      10.535653752852738
    ]
  },
  {
    "Floor": "F",
    "Number": 42,
    "Distances": [
      9.8488578017961039,
      7.8740078740118111,
      7.8740078740118111
    ]
  },
  {
    "Floor": "F",
    "Number": 43,
    "Distances": [
      14.696938456699069,
      6.324555320336759,
      13.564659966250536
    ]
  },
  {
    "Floor": "F",
    "Number": 10,
    "Distances": [
      7.8740078740118111,
      12.649110640673518,
      10.862780491200215
    ]
  },
  {
    "Floor": "F",
    "Number": 11,
    "Distances": [
      13.820274961085254
    ]
  },
  {
    "Floor": "F",
    "Number": 12,
    "Distances": [
      6.164414002968976,
      13.228756555322953,
      7.8740078740118111
    ]
  },
  {
    "Floor": "F",
    "Number": 13,
    "Distances": [
      4.0,
      7.810249675906654,
      11.180339887498949
    ]
  },
  {
    "Floor": "F",
    "Number": 14,
    "Distances": [
      11.180339887498949,
      7.0710678118654755,
      12.165525060596439
    ]
  },
  {
    "Floor": "F",
    "Number": 21,
    "Distances": [
      6.4031242374328485,
      12.369316876852981,
      12.328828005937952
    ]
  },
  {
    "Floor": "F",
    "Number": 22,
    "Distances": [
      15.165750888103101
    ]
  },
  {
    "Floor": "F",
    "Number": 23,
    "Distances": [
      10.0,
      5.0990195135927845,
      6.0
    ]
  },
  {
    "Floor": "F",
    "Number": 24,
    "Distances": [
      4.58257569495584,
      8.7749643873921226,
      4.8989794855663558
    ]
  },
  {
    "Floor": "F",
    "Number": 25,
    "Distances": [
      12.369316876852981,
      6.7082039324993694,
      18.0
    ]
  },
  {
    "Floor": "F",
    "Number": 26,
    "Distances": [
      6.0827625302982193,
      8.7749643873921226,
      4.69041575982343
    ]
  },
  {
    "Floor": "F",
    "Number": 27,
    "Distances": [
      14.594519519326424
    ]
  },
  {
    "Floor": "F",
    "Number": 28,
    "Distances": [
      6.164414002968976,
      7.0710678118654755,
      3.1622776601683795
    ]
  },
  {
    "Floor": "F",
    "Number": 29,
    "Distances": [
      2.23606797749979,
      6.7082039324993694,
      7.0710678118654755
    ]
  },
  {
    "Floor": "F",
    "Number": 30,
    "Distances": [
      8.6023252670426267,
      9.2195444572928871,
      4.1231056256176606
    ]
  },
  {
    "Floor": "F",
    "Number": 32,
    "Distances": [
      11.224972160321824
    ]
  },
  {
    "Floor": "F",
    "Number": 31,
    "Distances": [
      9.0,
      2.23606797749979,
      12.041594578792296
    ]
  },
  {
    "Floor": "F",
    "Number": 33,
    "Distances": [
      6.48074069840786,
      11.045361017187261,
      17.146428199482248
    ]
  },
  {
    "Floor": "F",
    "Number": 34,
    "Distances": [
      15.524174696260024,
      6.4031242374328485,
      21.118712081942874
    ]
  },
  {
    "Floor": "F",
    "Number": 35,
    "Distances": [
      13.638181696985855,
      14.352700094407323,
      17.606816861659009
    ]
  },
  {
    "Floor": "F",
    "Number": 36,
    "Distances": [
      8.7749643873921226,
      16.15549442140351,
      10.392304845413264
    ]
  },
  {
    "Floor": "F",
    "Number": 37,
    "Distances": [
      21.095023109728988,
      20.928449536456348,
      2.23606797749979
    ]
  },
  {
    "Floor": "F",
    "Number": 38,
    "Distances": [
      9.6953597148326587,
      3.7416573867739413,
      12.328828005937952
    ]
  },
  {
    "Floor": "F",
    "Number": 39,
    "Distances": [
      16.46207763315433,
      15.0996688705415,
      3.6055512754639891
    ]
  },
  {
    "Floor": "F",
    "Number": 40,
    "Distances": [
      20.322401432901575,
      15.716233645501712,
      8.717797887081348
    ]
  },
  {
    "Floor": "F",
    "Number": 41,
    "Distances": [
      9.0,
      12.409673645990857,
      10.535653752852738
    ]
  },
  {
    "Floor": "F",
    "Number": 42,
    "Distances": [
      9.8488578017961039,
      7.8740078740118111,
      7.8740078740118111
    ]
  },
  {
    "Floor": "F",
    "Number": 43,
    "Distances": [
      14.696938456699069,
      6.324555320336759,
      13.564659966250536
    ]
  }
]