﻿[
  {
    "Floor": "D",
    "Number": 1,
    "Distances": [
      2.0
    ]
  },
  {
    "Floor": "D",
    "Number": 2,
    "Distances": [
      3.0
    ]
  },
  {
    "Floor": "D",
    "Number": 3,
    "Distances": [
      7.0
    ]
  },
  {
    "Floor": "D",
    "Number": 4,
    "Distances": [
      6.0
    ]
  },
  {
    "Floor": "D",
    "Number": 5,
    "Distances": [
      4.0
    ]
  },
  {
    "Floor": "D",
    "Number": 6,
    "Distances": [
      0.0
    ]
  },
  {
    "Floor": "D",
    "Number": 9,
    "Distances": [
      6.0827625302982193
    ]
  },
  {
    "Floor": "D",
    "Number": 10,
    "Distances": [
      5.0
    ]
  },
  {
    "Floor": "D",
    "Number": 11,
    "Distances": [
      2.0
    ]
  },
  {
    "Floor": "D",
    "Number": 12,
    "Distances": [
      10.0
    ]
  },
  {
    "Floor": "D",
    "Number": 13,
    "Distances": [
      5.0
    ]
  },
  {
    "Floor": "D",
    "Number": 14,
    "Distances": [
      1.0
    ]
  },
  {
    "Floor": "D",
    "Number": 15,
    "Distances": [
      6.0
    ]
  },
  {
    "Floor": "D",
    "Number": 16,
    "Distances": [
      6.164414002968976
    ]
  },
  {
    "Floor": "D",
    "Number": 17,
    "Distances": [
      16.1245154965971
    ]
  },
  {
    "Floor": "D",
    "Number": 18,
    "Distances": [
      2.0
    ]
  },
  {
    "Floor": "D",
    "Number": 19,
    "Distances": []
  },
  {
    "Floor": "D",
    "Number": 20,
    "Distances": [
      12.409673645990857
    ]
  },
  {
    "Floor": "D",
    "Number": 21,
    "Distances": [
      6.0827625302982193
    ]
  },
  {
    "Floor": "D",
    "Number": 27,
    "Distances": [
      8.12403840463596
    ]
  },
  {
    "Floor": "D",
    "Number": 28,
    "Distances": [
      5.3851648071345037
    ]
  },
  {
    "Floor": "D",
    "Number": 29,
    "Distances": [
      17.233687939614086
    ]
  },
  {
    "Floor": "D",
    "Number": 30,
    "Distances": [
      3.0
    ]
  },
  {
    "Floor": "D",
    "Number": 31,
    "Distances": [
      2.4494897427831779
    ]
  },
  {
    "Floor": "D",
    "Number": 58,
    "Distances": [
      4.0
    ]
  },
  {
    "Floor": "D",
    "Number": 62,
    "Distances": [
      6.0827625302982193
    ]
  },
  {
    "Floor": "D",
    "Number": 89,
    "Distances": [
      6.0,
      6.0
    ]
  },
  {
    "Floor": "D",
    "Number": 90,
    "Distances": [
      30.0,
      10.04987562112089,
      19.0
    ]
  },
  {
    "Floor": "D",
    "Number": 91,
    "Distances": [
      5.0
    ]
  },
  {
    "Floor": "D",
    "Number": 92,
    "Distances": [
      5.0,
      9.0
    ]
  },
  {
    "Floor": "D",
    "Number": 88,
    "Distances": [
      12.0
    ]
  },
  {
    "Floor": "D",
    "Number": 89,
    "Distances": [
      6.0,
      6.0
    ]
  },
  {
    "Floor": "D",
    "Number": 90,
    "Distances": [
      30.0,
      10.04987562112089,
      19.0
    ]
  },
  {
    "Floor": "D",
    "Number": 90,
    "Distances": [
      30.0,
      10.04987562112089,
      19.0
    ]
  },
  {
    "Floor": "D",
    "Number": 92,
    "Distances": [
      5.0,
      9.0
    ]
  },
  {
    "Floor": "D",
    "Number": 93,
    "Distances": [
      2.0
    ]
  },
  {
    "Floor": "D",
    "Number": 94,
    "Distances": [
      6.0
    ]
  },
  {
    "Floor": "D",
    "Number": 113,
    "Distances": []
  },
  {
    "Floor": "D",
    "Number": 114,
    "Distances": [
      9.5393920141694561
    ]
  },
  {
    "Floor": "D",
    "Number": 115,
    "Distances": [
      1.0
    ]
  },
  {
    "Floor": "D",
    "Number": 117,
    "Distances": [
      5.0
    ]
  },
  {
    "Floor": "D",
    "Number": 118,
    "Distances": [
      8.0
    ]
  },
  {
    "Floor": "D",
    "Number": 120,
    "Distances": [
      13.0
    ]
  },
  {
    "Floor": "D",
    "Number": 122,
    "Distances": [
      1.0
    ]
  },
  {
    "Floor": "D",
    "Number": 123,
    "Distances": [
      8.2462112512353212
    ]
  },
  {
    "Floor": "D",
    "Number": 124,
    "Distances": []
  },
  {
    "Floor": "D",
    "Number": 125,
    "Distances": [
      3.0
    ]
  },
  {
    "Floor": "D",
    "Number": 126,
    "Distances": [
      11.0
    ]
  },
  {
    "Floor": "D",
    "Number": 102,
    "Distances": [
      2.8284271247461903
    ]
  },
  {
    "Floor": "D",
    "Number": 103,
    "Distances": [
      2.0
    ]
  },
  {
    "Floor": "D",
    "Number": 127,
    "Distances": []
  },
  {
    "Floor": "D",
    "Number": 128,
    "Distances": []
  },
  {
    "Floor": "D",
    "Number": 129,
    "Distances": [
      2.0
    ]
  },
  {
    "Floor": "D",
    "Number": 130,
    "Distances": [
      4.58257569495584
    ]
  },
  {
    "Floor": "D",
    "Number": 131,
    "Distances": [
      6.164414002968976
    ]
  },
  {
    "Floor": "D",
    "Number": 132,
    "Distances": [
      13.076696830622021
    ]
  },
  {
    "Floor": "D",
    "Number": 133,
    "Distances": [
      8.06225774829855
    ]
  },
  {
    "Floor": "D",
    "Number": 134,
    "Distances": [
      14.071247279470288
    ]
  },
  {
    "Floor": "D",
    "Number": 135,
    "Distances": [
      5.6568542494923806
    ]
  }
]