﻿[
  {
    "Floor": "G",
    "Number": 1,
    "Distances": [
      7.4833147735478827,
      10.816653826391969,
      8.54400374531753
    ]
  },
  {
    "Floor": "G",
    "Number": 2,
    "Distances": [
      20.024984394500787,
      23.937418407171648,
      10.677078252031311
    ]
  },
  {
    "Floor": "G",
    "Number": 3,
    "Distances": [
      8.94427190999916,
      19.235384061671343,
      15.811388300841896
    ]
  },
  {
    "Floor": "G",
    "Number": 21,
    "Distances": [
      13.19090595827292,
      15.362291495737216,
      5.4772255750516612
    ]
  },
  {
    "Floor": "G",
    "Number": 22,
    "Distances": [
      11.661903789690601,
      11.180339887498949,
      9.0
    ]
  },
  {
    "Floor": "G",
    "Number": 23,
    "Distances": [
      16.15549442140351,
      16.703293088490067,
      17.262676501632068
    ]
  },
  {
    "Floor": "G",
    "Number": 24,
    "Distances": [
      12.24744871391589,
      7.6157731058639087,
      5.8309518948453007
    ]
  },
  {
    "Floor": "G",
    "Number": 25,
    "Distances": [
      20.73644135332772,
      12.0,
      9.2195444572928871
    ]
  },
  {
    "Floor": "G",
    "Number": 28,
    "Distances": [
      8.54400374531753,
      8.8317608663278477,
      8.7749643873921226
    ]
  },
  {
    "Floor": "G",
    "Number": 29,
    "Distances": [
      16.278820596099706,
      16.46207763315433,
      7.3484692283495345
    ]
  },
  {
    "Floor": "G",
    "Number": 30,
    "Distances": [
      11.532562594670797,
      2.23606797749979
    ]
  },
  {
    "Floor": "G",
    "Number": 31,
    "Distances": [
      10.392304845413264,
      8.06225774829855,
      6.7082039324993694
    ]
  },
  {
    "Floor": "G",
    "Number": 32,
    "Distances": [
      7.810249675906654,
      18.681541692269406,
      16.15549442140351
    ]
  },
  {
    "Floor": "G",
    "Number": 48,
    "Distances": [
      15.264337522473747,
      9.8488578017961039,
      7.2801098892805181
    ]
  },
  {
    "Floor": "G",
    "Number": 49,
    "Distances": [
      11.489125293076057,
      11.489125293076057,
      18.761663039293719
    ]
  },
  {
    "Floor": "G",
    "Number": 50,
    "Distances": [
      11.74734012447073,
      1.0,
      12.124355652982141
    ]
  },
  {
    "Floor": "G",
    "Number": 51,
    "Distances": [
      4.0,
      8.06225774829855,
      10.63014581273465
    ]
  },
  {
    "Floor": "G",
    "Number": 52,
    "Distances": [
      8.2462112512353212,
      4.1231056256176606,
      6.4031242374328485
    ]
  },
  {
    "Floor": "G",
    "Number": 53,
    "Distances": [
      12.206555615733702
    ]
  },
  {
    "Floor": "G",
    "Number": 54,
    "Distances": [
      7.810249675906654
    ]
  },
  {
    "Floor": "G",
    "Number": 60,
    "Distances": [
      24.698178070456937,
      36.249137920783717,
      13.564659966250536
    ]
  },
  {
    "Floor": "G",
    "Number": 61,
    "Distances": [
      23.345235059857504,
      29.13760456866693,
      14.966629547095765
    ]
  },
  {
    "Floor": "G",
    "Number": 64,
    "Distances": [
      19.697715603592208,
      9.2195444572928871,
      18.973665961010276
    ]
  },
  {
    "Floor": "G",
    "Number": 65,
    "Distances": [
      22.494443758403985,
      28.757607689096812,
      12.041594578792296
    ]
  },
  {
    "Floor": "G",
    "Number": 1,
    "Distances": [
      7.4833147735478827,
      10.816653826391969,
      8.54400374531753
    ]
  },
  {
    "Floor": "G",
    "Number": 2,
    "Distances": [
      20.024984394500787,
      23.937418407171648,
      10.677078252031311
    ]
  },
  {
    "Floor": "G",
    "Number": 3,
    "Distances": [
      8.94427190999916,
      19.235384061671343,
      15.811388300841896
    ]
  },
  {
    "Floor": "G",
    "Number": 4,
    "Distances": []
  },
  {
    "Floor": "G",
    "Number": 5,
    "Distances": []
  },
  {
    "Floor": "G",
    "Number": 6,
    "Distances": []
  },
  {
    "Floor": "G",
    "Number": 7,
    "Distances": []
  },
  {
    "Floor": "G",
    "Number": 8,
    "Distances": []
  },
  {
    "Floor": "G",
    "Number": 9,
    "Distances": []
  },
  {
    "Floor": "G",
    "Number": 10,
    "Distances": []
  },
  {
    "Floor": "G",
    "Number": 11,
    "Distances": []
  },
  {
    "Floor": "G",
    "Number": 12,
    "Distances": []
  },
  {
    "Floor": "G",
    "Number": 13,
    "Distances": []
  },
  {
    "Floor": "G",
    "Number": 14,
    "Distances": []
  },
  {
    "Floor": "G",
    "Number": 15,
    "Distances": []
  },
  {
    "Floor": "G",
    "Number": 16,
    "Distances": []
  },
  {
    "Floor": "G",
    "Number": 17,
    "Distances": []
  },
  {
    "Floor": "G",
    "Number": 18,
    "Distances": []
  },
  {
    "Floor": "G",
    "Number": 19,
    "Distances": []
  },
  {
    "Floor": "G",
    "Number": 20,
    "Distances": []
  },
  {
    "Floor": "G",
    "Number": 21,
    "Distances": [
      13.19090595827292,
      15.362291495737216,
      5.4772255750516612
    ]
  },
  {
    "Floor": "G",
    "Number": 22,
    "Distances": [
      11.661903789690601,
      11.180339887498949,
      9.0
    ]
  },
  {
    "Floor": "G",
    "Number": 23,
    "Distances": [
      16.15549442140351,
      16.703293088490067,
      17.262676501632068
    ]
  },
  {
    "Floor": "G",
    "Number": 24,
    "Distances": [
      12.24744871391589,
      7.6157731058639087,
      5.8309518948453007
    ]
  },
  {
    "Floor": "G",
    "Number": 25,
    "Distances": [
      20.73644135332772,
      12.0,
      9.2195444572928871
    ]
  },
  {
    "Floor": "G",
    "Number": 26,
    "Distances": []
  },
  {
    "Floor": "G",
    "Number": 27,
    "Distances": []
  },
  {
    "Floor": "G",
    "Number": 28,
    "Distances": [
      8.54400374531753,
      8.8317608663278477,
      8.7749643873921226
    ]
  },
  {
    "Floor": "G",
    "Number": 29,
    "Distances": [
      16.278820596099706,
      16.46207763315433,
      7.3484692283495345
    ]
  },
  {
    "Floor": "G",
    "Number": 30,
    "Distances": [
      11.532562594670797,
      2.23606797749979
    ]
  },
  {
    "Floor": "G",
    "Number": 31,
    "Distances": [
      10.392304845413264,
      8.06225774829855,
      6.7082039324993694
    ]
  },
  {
    "Floor": "G",
    "Number": 32,
    "Distances": [
      7.810249675906654,
      18.681541692269406,
      16.15549442140351
    ]
  },
  {
    "Floor": "G",
    "Number": 33,
    "Distances": []
  },
  {
    "Floor": "G",
    "Number": 34,
    "Distances": []
  },
  {
    "Floor": "G",
    "Number": 35,
    "Distances": []
  },
  {
    "Floor": "G",
    "Number": 36,
    "Distances": []
  },
  {
    "Floor": "G",
    "Number": 37,
    "Distances": []
  },
  {
    "Floor": "G",
    "Number": 38,
    "Distances": []
  },
  {
    "Floor": "G",
    "Number": 39,
    "Distances": []
  },
  {
    "Floor": "G",
    "Number": 40,
    "Distances": []
  },
  {
    "Floor": "G",
    "Number": 41,
    "Distances": []
  },
  {
    "Floor": "G",
    "Number": 42,
    "Distances": []
  },
  {
    "Floor": "G",
    "Number": 43,
    "Distances": []
  },
  {
    "Floor": "G",
    "Number": 44,
    "Distances": []
  },
  {
    "Floor": "G",
    "Number": 45,
    "Distances": []
  },
  {
    "Floor": "G",
    "Number": 46,
    "Distances": []
  },
  {
    "Floor": "G",
    "Number": 47,
    "Distances": []
  },
  {
    "Floor": "G",
    "Number": 48,
    "Distances": [
      15.264337522473747,
      9.8488578017961039,
      7.2801098892805181
    ]
  },
  {
    "Floor": "G",
    "Number": 49,
    "Distances": [
      11.489125293076057,
      11.489125293076057,
      18.761663039293719
    ]
  },
  {
    "Floor": "G",
    "Number": 50,
    "Distances": [
      11.74734012447073,
      1.0,
      12.124355652982141
    ]
  },
  {
    "Floor": "G",
    "Number": 51,
    "Distances": [
      4.0,
      8.06225774829855,
      10.63014581273465
    ]
  },
  {
    "Floor": "G",
    "Number": 52,
    "Distances": [
      8.2462112512353212,
      4.1231056256176606,
      6.4031242374328485
    ]
  },
  {
    "Floor": "G",
    "Number": 53,
    "Distances": [
      12.206555615733702
    ]
  },
  {
    "Floor": "G",
    "Number": 54,
    "Distances": [
      7.810249675906654
    ]
  },
  {
    "Floor": "G",
    "Number": 55,
    "Distances": []
  },
  {
    "Floor": "G",
    "Number": 56,
    "Distances": []
  },
  {
    "Floor": "G",
    "Number": 57,
    "Distances": []
  },
  {
    "Floor": "G",
    "Number": 58,
    "Distances": []
  },
  {
    "Floor": "G",
    "Number": 59,
    "Distances": []
  },
  {
    "Floor": "G",
    "Number": 60,
    "Distances": [
      24.698178070456937,
      36.249137920783717,
      13.564659966250536
    ]
  },
  {
    "Floor": "G",
    "Number": 61,
    "Distances": [
      23.345235059857504,
      29.13760456866693,
      14.966629547095765
    ]
  },
  {
    "Floor": "G",
    "Number": 62,
    "Distances": []
  },
  {
    "Floor": "G",
    "Number": 63,
    "Distances": []
  },
  {
    "Floor": "G",
    "Number": 64,
    "Distances": [
      19.697715603592208,
      9.2195444572928871,
      18.973665961010276
    ]
  },
  {
    "Floor": "G",
    "Number": 65,
    "Distances": [
      22.494443758403985,
      28.757607689096812,
      12.041594578792296
    ]
  },
  {
    "Floor": "G",
    "Number": 66,
    "Distances": []
  },
  {
    "Floor": "G",
    "Number": 1,
    "Distances": [
      7.4833147735478827,
      10.816653826391969,
      8.54400374531753
    ]
  },
  {
    "Floor": "G",
    "Number": 2,
    "Distances": [
      20.024984394500787,
      23.937418407171648,
      10.677078252031311
    ]
  },
  {
    "Floor": "G",
    "Number": 3,
    "Distances": [
      8.94427190999916,
      19.235384061671343,
      15.811388300841896
    ]
  },
  {
    "Floor": "G",
    "Number": 21,
    "Distances": [
      13.19090595827292,
      15.362291495737216,
      5.4772255750516612
    ]
  },
  {
    "Floor": "G",
    "Number": 22,
    "Distances": [
      11.661903789690601,
      11.180339887498949,
      9.0
    ]
  },
  {
    "Floor": "G",
    "Number": 23,
    "Distances": [
      16.15549442140351,
      16.703293088490067,
      17.262676501632068
    ]
  },
  {
    "Floor": "G",
    "Number": 24,
    "Distances": [
      12.24744871391589,
      7.6157731058639087,
      5.8309518948453007
    ]
  },
  {
    "Floor": "G",
    "Number": 25,
    "Distances": [
      20.73644135332772,
      12.0,
      9.2195444572928871
    ]
  },
  {
    "Floor": "G",
    "Number": 28,
    "Distances": [
      8.54400374531753,
      8.8317608663278477,
      8.7749643873921226
    ]
  },
  {
    "Floor": "G",
    "Number": 29,
    "Distances": [
      16.278820596099706,
      16.46207763315433,
      7.3484692283495345
    ]
  },
  {
    "Floor": "G",
    "Number": 30,
    "Distances": [
      11.532562594670797,
      2.23606797749979
    ]
  },
  {
    "Floor": "G",
    "Number": 31,
    "Distances": [
      10.392304845413264,
      8.06225774829855,
      6.7082039324993694
    ]
  },
  {
    "Floor": "G",
    "Number": 32,
    "Distances": [
      7.810249675906654,
      18.681541692269406,
      16.15549442140351
    ]
  },
  {
    "Floor": "G",
    "Number": 48,
    "Distances": [
      15.264337522473747,
      9.8488578017961039,
      7.2801098892805181
    ]
  },
  {
    "Floor": "G",
    "Number": 49,
    "Distances": [
      11.489125293076057,
      11.489125293076057,
      18.761663039293719
    ]
  },
  {
    "Floor": "G",
    "Number": 50,
    "Distances": [
      11.74734012447073,
      1.0,
      12.124355652982141
    ]
  },
  {
    "Floor": "G",
    "Number": 51,
    "Distances": [
      4.0,
      8.06225774829855,
      10.63014581273465
    ]
  },
  {
    "Floor": "G",
    "Number": 52,
    "Distances": [
      8.2462112512353212,
      4.1231056256176606,
      6.4031242374328485
    ]
  },
  {
    "Floor": "G",
    "Number": 53,
    "Distances": [
      12.206555615733702
    ]
  },
  {
    "Floor": "G",
    "Number": 54,
    "Distances": [
      7.810249675906654
    ]
  },
  {
    "Floor": "G",
    "Number": 64,
    "Distances": [
      19.697715603592208,
      9.2195444572928871,
      18.973665961010276
    ]
  },
  {
    "Floor": "G",
    "Number": 65,
    "Distances": [
      22.494443758403985,
      28.757607689096812,
      12.041594578792296
    ]
  },
  {
    "Floor": "G",
    "Number": 61,
    "Distances": [
      23.345235059857504,
      29.13760456866693,
      14.966629547095765
    ]
  },
  {
    "Floor": "G",
    "Number": 60,
    "Distances": [
      24.698178070456937,
      36.249137920783717,
      13.564659966250536
    ]
  }
]