﻿[
  {
    "Floor": "A",
    "Number": 1,
    "Distances": [
      1.0,
      2.8284271247461903,
      1.0
    ]
  },
  {
    "Floor": "A",
    "Number": 2,
    "Distances": [
      1.0,
      5.6568542494923806,
      5.0
    ]
  },
  {
    "Floor": "A",
    "Number": 6,
    "Distances": [
      5.0,
      1.0,
      6.0
    ]
  },
  {
    "Floor": "A",
    "Number": 7,
    "Distances": [
      0.0,
      4.0,
      4.0
    ]
  },
  {
    "Floor": "A",
    "Number": 8,
    "Distances": [
      2.0,
      4.0,
      6.0
    ]
  },
  {
    "Floor": "A",
    "Number": 9,
    "Distances": [
      4.0
    ]
  },
  {
    "Floor": "A",
    "Number": 10,
    "Distances": [
      7.0,
      2.0,
      9.0
    ]
  },
  {
    "Floor": "A",
    "Number": 11,
    "Distances": [
      10.0,
      12.0,
      2.0
    ]
  },
  {
    "Floor": "A",
    "Number": 12,
    "Distances": [
      3.0,
      5.0,
      8.0
    ]
  },
  {
    "Floor": "A",
    "Number": 13,
    "Distances": [
      25.0,
      5.0,
      30.0
    ]
  },
  {
    "Floor": "A",
    "Number": 14,
    "Distances": [
      2.0,
      12.0,
      14.0
    ]
  },
  {
    "Floor": "A",
    "Number": 15,
    "Distances": [
      0.0,
      6.0,
      6.0
    ]
  },
  {
    "Floor": "A",
    "Number": 16,
    "Distances": [
      4.0,
      1.0,
      3.0
    ]
  },
  {
    "Floor": "A",
    "Number": 17,
    "Distances": [
      2.0,
      1.0,
      1.0
    ]
  },
  {
    "Floor": "A",
    "Number": 18,
    "Distances": [
      4.0,
      1.0,
      5.0
    ]
  },
  {
    "Floor": "A",
    "Number": 19,
    "Distances": [
      11.0,
      9.0,
      20.0
    ]
  },
  {
    "Floor": "A",
    "Number": 20,
    "Distances": [
      18.0,
      1.0,
      19.0
    ]
  },
  {
    "Floor": "A",
    "Number": 21,
    "Distances": [
      6.0,
      1.0,
      5.0
    ]
  },
  {
    "Floor": "A",
    "Number": 22,
    "Distances": [
      2.0,
      1.0,
      1.0
    ]
  },
  {
    "Floor": "A",
    "Number": 23,
    "Distances": [
      12.0
    ]
  },
  {
    "Floor": "A",
    "Number": 24,
    "Distances": [
      5.0,
      5.0,
      10.0
    ]
  },
  {
    "Floor": "A",
    "Number": 25,
    "Distances": [
      2.0,
      1.0,
      1.0
    ]
  },
  {
    "Floor": "A",
    "Number": 26,
    "Distances": [
      2.0,
      8.0,
      6.0
    ]
  },
  {
    "Floor": "A",
    "Number": 27,
    "Distances": [
      5.0,
      6.0,
      11.0
    ]
  },
  {
    "Floor": "A",
    "Number": 28,
    "Distances": [
      9.0,
      1.0,
      10.0
    ]
  },
  {
    "Floor": "A",
    "Number": 29,
    "Distances": [
      4.0,
      0.0,
      4.0
    ]
  },
  {
    "Floor": "A",
    "Number": 30,
    "Distances": [
      1.0,
      1.0,
      0.0
    ]
  },
  {
    "Floor": "A",
    "Number": 31,
    "Distances": [
      0.0,
      6.0,
      6.0
    ]
  },
  {
    "Floor": "A",
    "Number": 32,
    "Distances": [
      2.0,
      10.0,
      12.0
    ]
  },
  {
    "Floor": "A",
    "Number": 33,
    "Distances": [
      17.0,
      11.0,
      6.0
    ]
  },
  {
    "Floor": "A",
    "Number": 34,
    "Distances": [
      2.0,
      2.0,
      4.0
    ]
  },
  {
    "Floor": "A",
    "Number": 35,
    "Distances": [
      11.0,
      11.0,
      0.0
    ]
  },
  {
    "Floor": "A",
    "Number": 36,
    "Distances": [
      3.0
    ]
  },
  {
    "Floor": "A",
    "Number": 37,
    "Distances": [
      6.0
    ]
  },
  {
    "Floor": "A",
    "Number": 38,
    "Distances": [
      17.0,
      16.0,
      1.0
    ]
  },
  {
    "Floor": "A",
    "Number": 39,
    "Distances": [
      5.0,
      12.0,
      7.0
    ]
  },
  {
    "Floor": "A",
    "Number": 40,
    "Distances": [
      16.0,
      2.0,
      18.0
    ]
  },
  {
    "Floor": "A",
    "Number": 46,
    "Distances": [
      7.0,
      0.0,
      7.0
    ]
  },
  {
    "Floor": "A",
    "Number": 47,
    "Distances": [
      4.0,
      3.0,
      1.0
    ]
  },
  {
    "Floor": "A",
    "Number": 48,
    "Distances": [
      0.0,
      13.0,
      13.0
    ]
  },
  {
    "Floor": "A",
    "Number": 49,
    "Distances": [
      7.0,
      11.0,
      4.0
    ]
  },
  {
    "Floor": "A",
    "Number": 50,
    "Distances": [
      10.0,
      16.0,
      6.0
    ]
  },
  {
    "Floor": "A",
    "Number": 53,
    "Distances": [
      6.0,
      12.0,
      18.0
    ]
  },
  {
    "Floor": "A",
    "Number": 54,
    "Distances": [
      6.0,
      7.0,
      1.0
    ]
  },
  {
    "Floor": "A",
    "Number": 55,
    "Distances": [
      1.0
    ]
  },
  {
    "Floor": "A",
    "Number": 56,
    "Distances": [
      4.0,
      10.0,
      6.0
    ]
  },
  {
    "Floor": "A",
    "Number": 57,
    "Distances": [
      0.0
    ]
  },
  {
    "Floor": "A",
    "Number": 58,
    "Distances": [
      4.0,
      16.0,
      12.0
    ]
  },
  {
    "Floor": "A",
    "Number": 60,
    "Distances": [
      6.0,
      2.0,
      8.0
    ]
  },
  {
    "Floor": "A",
    "Number": 66,
    "Distances": [
      16.0,
      1.0,
      17.0
    ]
  },
  {
    "Floor": "A",
    "Number": 67,
    "Distances": [
      4.0,
      3.0,
      1.0
    ]
  },
  {
    "Floor": "A",
    "Number": 70,
    "Distances": [
      10.0
    ]
  },
  {
    "Floor": "A",
    "Number": 71,
    "Distances": [
      22.0,
      14.0,
      8.0
    ]
  },
  {
    "Floor": "A",
    "Number": 72,
    "Distances": [
      2.0,
      7.0,
      9.0
    ]
  },
  {
    "Floor": "A",
    "Number": 73,
    "Distances": [
      16.0,
      17.0,
      1.0
    ]
  },
  {
    "Floor": "A",
    "Number": 76,
    "Distances": [
      10.04987562112089,
      13.892443989449804,
      6.324555320336759
    ]
  },
  {
    "Floor": "A",
    "Number": 77,
    "Distances": [
      4.0,
      6.0,
      2.0
    ]
  },
  {
    "Floor": "A",
    "Number": 78,
    "Distances": [
      15.0
    ]
  },
  {
    "Floor": "A",
    "Number": 86,
    "Distances": [
      10.0,
      0.0,
      10.0
    ]
  },
  {
    "Floor": "A",
    "Number": 87,
    "Distances": [
      1.0
    ]
  },
  {
    "Floor": "A",
    "Number": 88,
    "Distances": [
      6.0,
      10.0,
      4.0
    ]
  },
  {
    "Floor": "A",
    "Number": 89,
    "Distances": [
      3.0,
      3.0,
      6.0
    ]
  },
  {
    "Floor": "A",
    "Number": 90,
    "Distances": [
      15.0,
      13.0,
      2.0
    ]
  },
  {
    "Floor": "A",
    "Number": 91,
    "Distances": [
      9.0,
      13.0,
      4.0
    ]
  },
  {
    "Floor": "A",
    "Number": 92,
    "Distances": [
      0.0,
      8.0,
      8.0
    ]
  },
  {
    "Floor": "A",
    "Number": 93,
    "Distances": [
      13.0,
      11.0,
      2.0
    ]
  },
  {
    "Floor": "A",
    "Number": 94,
    "Distances": [
      2.0
    ]
  },
  {
    "Floor": "A",
    "Number": 95,
    "Distances": []
  },
  {
    "Floor": "A",
    "Number": 96,
    "Distances": [
      2.0
    ]
  },
  {
    "Floor": "A",
    "Number": 97,
    "Distances": [
      4.0
    ]
  },
  {
    "Floor": "A",
    "Number": 98,
    "Distances": [
      3.0
    ]
  },
  {
    "Floor": "A",
    "Number": 118,
    "Distances": []
  },
  {
    "Floor": "A",
    "Number": 119,
    "Distances": []
  },
  {
    "Floor": "A",
    "Number": 120,
    "Distances": [
      16.0
    ]
  },
  {
    "Floor": "A",
    "Number": 1,
    "Distances": [
      1.0,
      2.8284271247461903,
      1.0
    ]
  },
  {
    "Floor": "A",
    "Number": 2,
    "Distances": [
      1.0,
      5.6568542494923806,
      5.0
    ]
  },
  {
    "Floor": "A",
    "Number": 3,
    "Distances": []
  },
  {
    "Floor": "A",
    "Number": 4,
    "Distances": []
  },
  {
    "Floor": "A",
    "Number": 5,
    "Distances": []
  },
  {
    "Floor": "A",
    "Number": 6,
    "Distances": [
      5.0,
      1.0,
      6.0
    ]
  },
  {
    "Floor": "A",
    "Number": 7,
    "Distances": [
      0.0,
      4.0,
      4.0
    ]
  },
  {
    "Floor": "A",
    "Number": 8,
    "Distances": [
      2.0,
      4.0,
      6.0
    ]
  },
  {
    "Floor": "A",
    "Number": 9,
    "Distances": [
      4.0
    ]
  },
  {
    "Floor": "A",
    "Number": 10,
    "Distances": [
      7.0,
      2.0,
      9.0
    ]
  },
  {
    "Floor": "A",
    "Number": 11,
    "Distances": [
      10.0,
      12.0,
      2.0
    ]
  },
  {
    "Floor": "A",
    "Number": 12,
    "Distances": [
      3.0,
      5.0,
      8.0
    ]
  },
  {
    "Floor": "A",
    "Number": 13,
    "Distances": [
      25.0,
      5.0,
      30.0
    ]
  },
  {
    "Floor": "A",
    "Number": 14,
    "Distances": [
      2.0,
      12.0,
      14.0
    ]
  },
  {
    "Floor": "A",
    "Number": 15,
    "Distances": [
      0.0,
      6.0,
      6.0
    ]
  },
  {
    "Floor": "A",
    "Number": 16,
    "Distances": [
      4.0,
      1.0,
      3.0
    ]
  },
  {
    "Floor": "A",
    "Number": 17,
    "Distances": [
      2.0,
      1.0,
      1.0
    ]
  },
  {
    "Floor": "A",
    "Number": 18,
    "Distances": [
      4.0,
      1.0,
      5.0
    ]
  },
  {
    "Floor": "A",
    "Number": 19,
    "Distances": [
      11.0,
      9.0,
      20.0
    ]
  },
  {
    "Floor": "A",
    "Number": 20,
    "Distances": [
      18.0,
      1.0,
      19.0
    ]
  },
  {
    "Floor": "A",
    "Number": 21,
    "Distances": [
      6.0,
      1.0,
      5.0
    ]
  },
  {
    "Floor": "A",
    "Number": 22,
    "Distances": [
      2.0,
      1.0,
      1.0
    ]
  },
  {
    "Floor": "A",
    "Number": 23,
    "Distances": [
      12.0
    ]
  },
  {
    "Floor": "A",
    "Number": 24,
    "Distances": [
      5.0,
      5.0,
      10.0
    ]
  },
  {
    "Floor": "A",
    "Number": 25,
    "Distances": [
      2.0,
      1.0,
      1.0
    ]
  },
  {
    "Floor": "A",
    "Number": 26,
    "Distances": [
      2.0,
      8.0,
      6.0
    ]
  },
  {
    "Floor": "A",
    "Number": 27,
    "Distances": [
      5.0,
      6.0,
      11.0
    ]
  },
  {
    "Floor": "A",
    "Number": 28,
    "Distances": [
      9.0,
      1.0,
      10.0
    ]
  },
  {
    "Floor": "A",
    "Number": 29,
    "Distances": [
      4.0,
      0.0,
      4.0
    ]
  },
  {
    "Floor": "A",
    "Number": 30,
    "Distances": [
      1.0,
      1.0,
      0.0
    ]
  },
  {
    "Floor": "A",
    "Number": 31,
    "Distances": [
      0.0,
      6.0,
      6.0
    ]
  },
  {
    "Floor": "A",
    "Number": 32,
    "Distances": [
      2.0,
      10.0,
      12.0
    ]
  },
  {
    "Floor": "A",
    "Number": 33,
    "Distances": [
      17.0,
      11.0,
      6.0
    ]
  },
  {
    "Floor": "A",
    "Number": 34,
    "Distances": [
      2.0,
      2.0,
      4.0
    ]
  },
  {
    "Floor": "A",
    "Number": 35,
    "Distances": [
      11.0,
      11.0,
      0.0
    ]
  },
  {
    "Floor": "A",
    "Number": 36,
    "Distances": [
      3.0
    ]
  },
  {
    "Floor": "A",
    "Number": 37,
    "Distances": [
      6.0
    ]
  },
  {
    "Floor": "A",
    "Number": 38,
    "Distances": [
      17.0,
      16.0,
      1.0
    ]
  },
  {
    "Floor": "A",
    "Number": 39,
    "Distances": [
      5.0,
      12.0,
      7.0
    ]
  },
  {
    "Floor": "A",
    "Number": 40,
    "Distances": [
      16.0,
      2.0,
      18.0
    ]
  },
  {
    "Floor": "A",
    "Number": 46,
    "Distances": [
      7.0,
      0.0,
      7.0
    ]
  },
  {
    "Floor": "A",
    "Number": 47,
    "Distances": [
      4.0,
      3.0,
      1.0
    ]
  },
  {
    "Floor": "A",
    "Number": 48,
    "Distances": [
      0.0,
      13.0,
      13.0
    ]
  },
  {
    "Floor": "A",
    "Number": 49,
    "Distances": [
      7.0,
      11.0,
      4.0
    ]
  },
  {
    "Floor": "A",
    "Number": 50,
    "Distances": [
      10.0,
      16.0,
      6.0
    ]
  },
  {
    "Floor": "A",
    "Number": 53,
    "Distances": [
      6.0,
      12.0,
      18.0
    ]
  },
  {
    "Floor": "A",
    "Number": 54,
    "Distances": [
      6.0,
      7.0,
      1.0
    ]
  },
  {
    "Floor": "A",
    "Number": 55,
    "Distances": [
      1.0
    ]
  },
  {
    "Floor": "A",
    "Number": 56,
    "Distances": [
      4.0,
      10.0,
      6.0
    ]
  },
  {
    "Floor": "A",
    "Number": 57,
    "Distances": [
      0.0
    ]
  },
  {
    "Floor": "A",
    "Number": 58,
    "Distances": [
      4.0,
      16.0,
      12.0
    ]
  },
  {
    "Floor": "A",
    "Number": 59,
    "Distances": []
  },
  {
    "Floor": "A",
    "Number": 60,
    "Distances": [
      6.0,
      2.0,
      8.0
    ]
  },
  {
    "Floor": "A",
    "Number": 66,
    "Distances": [
      16.0,
      1.0,
      17.0
    ]
  },
  {
    "Floor": "A",
    "Number": 67,
    "Distances": [
      4.0,
      3.0,
      1.0
    ]
  },
  {
    "Floor": "A",
    "Number": 68,
    "Distances": []
  },
  {
    "Floor": "A",
    "Number": 69,
    "Distances": []
  },
  {
    "Floor": "A",
    "Number": 70,
    "Distances": [
      10.0
    ]
  },
  {
    "Floor": "A",
    "Number": 71,
    "Distances": [
      22.0,
      14.0,
      8.0
    ]
  },
  {
    "Floor": "A",
    "Number": 72,
    "Distances": [
      2.0,
      7.0,
      9.0
    ]
  },
  {
    "Floor": "A",
    "Number": 73,
    "Distances": [
      16.0,
      17.0,
      1.0
    ]
  },
  {
    "Floor": "A",
    "Number": 76,
    "Distances": [
      10.04987562112089,
      13.892443989449804,
      6.324555320336759
    ]
  },
  {
    "Floor": "A",
    "Number": 77,
    "Distances": [
      4.0,
      6.0,
      2.0
    ]
  },
  {
    "Floor": "A",
    "Number": 78,
    "Distances": [
      15.0
    ]
  },
  {
    "Floor": "A",
    "Number": 84,
    "Distances": []
  },
  {
    "Floor": "A",
    "Number": 86,
    "Distances": [
      10.0,
      0.0,
      10.0
    ]
  },
  {
    "Floor": "A",
    "Number": 87,
    "Distances": [
      1.0
    ]
  },
  {
    "Floor": "A",
    "Number": 88,
    "Distances": [
      6.0,
      10.0,
      4.0
    ]
  },
  {
    "Floor": "A",
    "Number": 89,
    "Distances": [
      3.0,
      3.0,
      6.0
    ]
  },
  {
    "Floor": "A",
    "Number": 90,
    "Distances": [
      15.0,
      13.0,
      2.0
    ]
  },
  {
    "Floor": "A",
    "Number": 91,
    "Distances": [
      9.0,
      13.0,
      4.0
    ]
  },
  {
    "Floor": "A",
    "Number": 92,
    "Distances": [
      0.0,
      8.0,
      8.0
    ]
  },
  {
    "Floor": "A",
    "Number": 93,
    "Distances": [
      13.0,
      11.0,
      2.0
    ]
  },
  {
    "Floor": "A",
    "Number": 94,
    "Distances": [
      2.0
    ]
  },
  {
    "Floor": "A",
    "Number": 95,
    "Distances": []
  },
  {
    "Floor": "A",
    "Number": 96,
    "Distances": [
      2.0
    ]
  },
  {
    "Floor": "A",
    "Number": 97,
    "Distances": [
      4.0
    ]
  },
  {
    "Floor": "A",
    "Number": 98,
    "Distances": [
      3.0
    ]
  },
  {
    "Floor": "A",
    "Number": 99,
    "Distances": []
  },
  {
    "Floor": "A",
    "Number": 113,
    "Distances": []
  },
  {
    "Floor": "A",
    "Number": 118,
    "Distances": []
  },
  {
    "Floor": "A",
    "Number": 119,
    "Distances": []
  },
  {
    "Floor": "A",
    "Number": 120,
    "Distances": [
      16.0
    ]
  },
  {
    "Floor": "A",
    "Number": 1,
    "Distances": [
      1.0,
      2.8284271247461903,
      1.0
    ]
  },
  {
    "Floor": "A",
    "Number": 2,
    "Distances": [
      1.0,
      5.6568542494923806,
      5.0
    ]
  },
  {
    "Floor": "A",
    "Number": 6,
    "Distances": [
      5.0,
      1.0,
      6.0
    ]
  },
  {
    "Floor": "A",
    "Number": 7,
    "Distances": [
      0.0,
      4.0,
      4.0
    ]
  },
  {
    "Floor": "A",
    "Number": 8,
    "Distances": [
      2.0,
      4.0,
      6.0
    ]
  },
  {
    "Floor": "A",
    "Number": 9,
    "Distances": [
      4.0
    ]
  },
  {
    "Floor": "A",
    "Number": 10,
    "Distances": [
      7.0,
      2.0,
      9.0
    ]
  },
  {
    "Floor": "A",
    "Number": 11,
    "Distances": [
      10.0,
      12.0,
      2.0
    ]
  },
  {
    "Floor": "A",
    "Number": 12,
    "Distances": [
      3.0,
      5.0,
      8.0
    ]
  },
  {
    "Floor": "A",
    "Number": 13,
    "Distances": [
      25.0,
      5.0,
      30.0
    ]
  },
  {
    "Floor": "A",
    "Number": 14,
    "Distances": [
      2.0,
      12.0,
      14.0
    ]
  },
  {
    "Floor": "A",
    "Number": 15,
    "Distances": [
      0.0,
      6.0,
      6.0
    ]
  },
  {
    "Floor": "A",
    "Number": 16,
    "Distances": [
      4.0,
      1.0,
      3.0
    ]
  },
  {
    "Floor": "A",
    "Number": 17,
    "Distances": [
      2.0,
      1.0,
      1.0
    ]
  },
  {
    "Floor": "A",
    "Number": 18,
    "Distances": [
      4.0,
      1.0,
      5.0
    ]
  },
  {
    "Floor": "A",
    "Number": 19,
    "Distances": [
      11.0,
      9.0,
      20.0
    ]
  },
  {
    "Floor": "A",
    "Number": 20,
    "Distances": [
      18.0,
      1.0,
      19.0
    ]
  },
  {
    "Floor": "A",
    "Number": 21,
    "Distances": [
      6.0,
      1.0,
      5.0
    ]
  },
  {
    "Floor": "A",
    "Number": 22,
    "Distances": [
      2.0,
      1.0,
      1.0
    ]
  },
  {
    "Floor": "A",
    "Number": 23,
    "Distances": [
      12.0
    ]
  },
  {
    "Floor": "A",
    "Number": 24,
    "Distances": [
      5.0,
      5.0,
      10.0
    ]
  },
  {
    "Floor": "A",
    "Number": 25,
    "Distances": [
      2.0,
      1.0,
      1.0
    ]
  },
  {
    "Floor": "A",
    "Number": 26,
    "Distances": [
      2.0,
      8.0,
      6.0
    ]
  },
  {
    "Floor": "A",
    "Number": 27,
    "Distances": [
      5.0,
      6.0,
      11.0
    ]
  },
  {
    "Floor": "A",
    "Number": 28,
    "Distances": [
      9.0,
      1.0,
      10.0
    ]
  },
  {
    "Floor": "A",
    "Number": 29,
    "Distances": [
      4.0,
      0.0,
      4.0
    ]
  },
  {
    "Floor": "A",
    "Number": 30,
    "Distances": [
      1.0,
      1.0,
      0.0
    ]
  },
  {
    "Floor": "A",
    "Number": 31,
    "Distances": [
      0.0,
      6.0,
      6.0
    ]
  },
  {
    "Floor": "A",
    "Number": 32,
    "Distances": [
      2.0,
      10.0,
      12.0
    ]
  },
  {
    "Floor": "A",
    "Number": 33,
    "Distances": [
      17.0,
      11.0,
      6.0
    ]
  },
  {
    "Floor": "A",
    "Number": 34,
    "Distances": [
      2.0,
      2.0,
      4.0
    ]
  },
  {
    "Floor": "A",
    "Number": 35,
    "Distances": [
      11.0,
      11.0,
      0.0
    ]
  },
  {
    "Floor": "A",
    "Number": 36,
    "Distances": [
      3.0
    ]
  },
  {
    "Floor": "A",
    "Number": 37,
    "Distances": [
      6.0
    ]
  },
  {
    "Floor": "A",
    "Number": 38,
    "Distances": [
      17.0,
      16.0,
      1.0
    ]
  },
  {
    "Floor": "A",
    "Number": 39,
    "Distances": [
      5.0,
      12.0,
      7.0
    ]
  },
  {
    "Floor": "A",
    "Number": 40,
    "Distances": [
      16.0,
      2.0,
      18.0
    ]
  },
  {
    "Floor": "A",
    "Number": 46,
    "Distances": [
      7.0,
      0.0,
      7.0
    ]
  },
  {
    "Floor": "A",
    "Number": 47,
    "Distances": [
      4.0,
      3.0,
      1.0
    ]
  },
  {
    "Floor": "A",
    "Number": 48,
    "Distances": [
      0.0,
      13.0,
      13.0
    ]
  },
  {
    "Floor": "A",
    "Number": 49,
    "Distances": [
      7.0,
      11.0,
      4.0
    ]
  },
  {
    "Floor": "A",
    "Number": 50,
    "Distances": [
      10.0,
      16.0,
      6.0
    ]
  },
  {
    "Floor": "A",
    "Number": 51,
    "Distances": [
      1.0
    ]
  },
  {
    "Floor": "A",
    "Number": 52,
    "Distances": [
      1.0
    ]
  },
  {
    "Floor": "A",
    "Number": 53,
    "Distances": [
      6.0,
      12.0,
      18.0
    ]
  },
  {
    "Floor": "A",
    "Number": 54,
    "Distances": [
      6.0,
      7.0,
      1.0
    ]
  },
  {
    "Floor": "A",
    "Number": 55,
    "Distances": [
      1.0
    ]
  },
  {
    "Floor": "A",
    "Number": 56,
    "Distances": [
      4.0,
      10.0,
      6.0
    ]
  },
  {
    "Floor": "A",
    "Number": 57,
    "Distances": [
      0.0
    ]
  },
  {
    "Floor": "A",
    "Number": 58,
    "Distances": [
      4.0,
      16.0,
      12.0
    ]
  },
  {
    "Floor": "A",
    "Number": 60,
    "Distances": [
      6.0,
      2.0,
      8.0
    ]
  },
  {
    "Floor": "A",
    "Number": 66,
    "Distances": [
      16.0,
      1.0,
      17.0
    ]
  },
  {
    "Floor": "A",
    "Number": 67,
    "Distances": [
      4.0,
      3.0,
      1.0
    ]
  },
  {
    "Floor": "A",
    "Number": 70,
    "Distances": [
      10.0
    ]
  },
  {
    "Floor": "A",
    "Number": 71,
    "Distances": [
      22.0,
      14.0,
      8.0
    ]
  },
  {
    "Floor": "A",
    "Number": 72,
    "Distances": [
      2.0,
      7.0,
      9.0
    ]
  },
  {
    "Floor": "A",
    "Number": 73,
    "Distances": [
      16.0,
      17.0,
      1.0
    ]
  },
  {
    "Floor": "A",
    "Number": 74,
    "Distances": [
      0.0
    ]
  },
  {
    "Floor": "A",
    "Number": 75,
    "Distances": [
      8.0
    ]
  },
  {
    "Floor": "A",
    "Number": 76,
    "Distances": [
      10.04987562112089,
      13.892443989449804,
      6.324555320336759
    ]
  },
  {
    "Floor": "A",
    "Number": 77,
    "Distances": [
      4.0,
      6.0,
      2.0
    ]
  },
  {
    "Floor": "A",
    "Number": 78,
    "Distances": [
      15.0
    ]
  },
  {
    "Floor": "A",
    "Number": 79,
    "Distances": [
      11.0
    ]
  },
  {
    "Floor": "A",
    "Number": 80,
    "Distances": [
      2.0
    ]
  },
  {
    "Floor": "A",
    "Number": 85,
    "Distances": [
      10.0
    ]
  },
  {
    "Floor": "A",
    "Number": 86,
    "Distances": [
      10.0,
      0.0,
      10.0
    ]
  },
  {
    "Floor": "A",
    "Number": 87,
    "Distances": [
      1.0
    ]
  },
  {
    "Floor": "A",
    "Number": 88,
    "Distances": [
      6.0,
      10.0,
      4.0
    ]
  },
  {
    "Floor": "A",
    "Number": 89,
    "Distances": [
      3.0,
      3.0,
      6.0
    ]
  },
  {
    "Floor": "A",
    "Number": 90,
    "Distances": [
      15.0,
      13.0,
      2.0
    ]
  },
  {
    "Floor": "A",
    "Number": 91,
    "Distances": [
      9.0,
      13.0,
      4.0
    ]
  },
  {
    "Floor": "A",
    "Number": 92,
    "Distances": [
      0.0,
      8.0,
      8.0
    ]
  },
  {
    "Floor": "A",
    "Number": 93,
    "Distances": [
      13.0,
      11.0,
      2.0
    ]
  },
  {
    "Floor": "A",
    "Number": 94,
    "Distances": [
      2.0
    ]
  },
  {
    "Floor": "A",
    "Number": 95,
    "Distances": []
  },
  {
    "Floor": "A",
    "Number": 96,
    "Distances": [
      2.0
    ]
  },
  {
    "Floor": "A",
    "Number": 97,
    "Distances": [
      4.0
    ]
  },
  {
    "Floor": "A",
    "Number": 98,
    "Distances": [
      3.0
    ]
  },
  {
    "Floor": "A",
    "Number": 118,
    "Distances": []
  },
  {
    "Floor": "A",
    "Number": 119,
    "Distances": []
  },
  {
    "Floor": "A",
    "Number": 120,
    "Distances": [
      16.0
    ]
  }
]