﻿[
  {
    "Floor": "E",
    "Number": 1,
    "Distances": [
      8.3066238629180749,
      5.7445626465380286,
      6.7823299831252681
    ]
  },
  {
    "Floor": "E",
    "Number": 46,
    "Distances": [
      26.90724809414742,
      3.0,
      27.092434368288131
    ]
  },
  {
    "Floor": "E",
    "Number": 47,
    "Distances": [
      8.06225774829855,
      11.269427669584644,
      9.4339811320566032
    ]
  },
  {
    "Floor": "E",
    "Number": 48,
    "Distances": [
      17.804493814764857,
      11.090536506409418,
      9.0
    ]
  },
  {
    "Floor": "E",
    "Number": 49,
    "Distances": [
      16.673332000533065,
      15.842979517754859,
      9.4868329805051381
    ]
  },
  {
    "Floor": "E",
    "Number": 50,
    "Distances": [
      10.0,
      5.196152422706632,
      5.196152422706632
    ]
  },
  {
    "Floor": "E",
    "Number": 51,
    "Distances": [
      9.5393920141694561,
      15.165750888103101,
      12.609520212918492
    ]
  },
  {
    "Floor": "E",
    "Number": 68,
    "Distances": [
      12.806248474865697,
      10.954451150103322,
      20.297783130184438
    ]
  },
  {
    "Floor": "E",
    "Number": 69,
    "Distances": [
      18.814887722226779,
      19.974984355438178,
      26.888659319497503
    ]
  },
  {
    "Floor": "E",
    "Number": 70,
    "Distances": [
      18.055470085267789,
      11.269427669584644,
      11.357816691600547
    ]
  },
  {
    "Floor": "E",
    "Number": 71,
    "Distances": [
      6.48074069840786,
      7.54983443527075,
      8.54400374531753
    ]
  },
  {
    "Floor": "E",
    "Number": 72,
    "Distances": [
      3.7416573867739413,
      9.7467943448089631,
      9.3273790530888157
    ]
  },
  {
    "Floor": "E",
    "Number": 73,
    "Distances": [
      23.409399821439251,
      19.1049731745428,
      10.862780491200215
    ]
  },
  {
    "Floor": "E",
    "Number": 74,
    "Distances": [
      18.165902124584949
    ]
  },
  {
    "Floor": "E",
    "Number": 52,
    "Distances": [
      13.711309200802088
    ]
  },
  {
    "Floor": "E",
    "Number": 53,
    "Distances": [
      11.74734012447073
    ]
  },
  {
    "Floor": "E",
    "Number": 54,
    "Distances": [
      8.06225774829855
    ]
  },
  {
    "Floor": "E",
    "Number": 55,
    "Distances": [
      10.816653826391969
    ]
  },
  {
    "Floor": "E",
    "Number": 56,
    "Distances": [
      5.8309518948453007
    ]
  },
  {
    "Floor": "E",
    "Number": 57,
    "Distances": []
  },
  {
    "Floor": "E",
    "Number": 58,
    "Distances": [
      9.4868329805051381
    ]
  },
  {
    "Floor": "E",
    "Number": 59,
    "Distances": []
  },
  {
    "Floor": "E",
    "Number": 60,
    "Distances": [
      8.0
    ]
  },
  {
    "Floor": "E",
    "Number": 61,
    "Distances": [
      10.816653826391969
    ]
  },
  {
    "Floor": "E",
    "Number": 1,
    "Distances": [
      8.3066238629180749,
      5.7445626465380286,
      6.7823299831252681
    ]
  },
  {
    "Floor": "E",
    "Number": 46,
    "Distances": [
      26.90724809414742,
      3.0,
      27.092434368288131
    ]
  },
  {
    "Floor": "E",
    "Number": 47,
    "Distances": [
      8.06225774829855,
      11.269427669584644,
      9.4339811320566032
    ]
  },
  {
    "Floor": "E",
    "Number": 48,
    "Distances": [
      17.804493814764857,
      11.090536506409418,
      9.0
    ]
  },
  {
    "Floor": "E",
    "Number": 49,
    "Distances": [
      16.673332000533065,
      15.842979517754859,
      9.4868329805051381
    ]
  },
  {
    "Floor": "E",
    "Number": 50,
    "Distances": [
      10.0,
      5.196152422706632,
      5.196152422706632
    ]
  },
  {
    "Floor": "E",
    "Number": 51,
    "Distances": [
      9.5393920141694561,
      15.165750888103101,
      12.609520212918492
    ]
  },
  {
    "Floor": "E",
    "Number": 63,
    "Distances": []
  },
  {
    "Floor": "E",
    "Number": 64,
    "Distances": []
  },
  {
    "Floor": "E",
    "Number": 65,
    "Distances": []
  },
  {
    "Floor": "E",
    "Number": 67,
    "Distances": []
  },
  {
    "Floor": "E",
    "Number": 68,
    "Distances": [
      12.806248474865697,
      10.954451150103322,
      20.297783130184438
    ]
  },
  {
    "Floor": "E",
    "Number": 69,
    "Distances": [
      18.814887722226779,
      19.974984355438178,
      26.888659319497503
    ]
  },
  {
    "Floor": "E",
    "Number": 70,
    "Distances": [
      18.055470085267789,
      11.269427669584644,
      11.357816691600547
    ]
  },
  {
    "Floor": "E",
    "Number": 71,
    "Distances": [
      6.48074069840786,
      7.54983443527075,
      8.54400374531753
    ]
  },
  {
    "Floor": "E",
    "Number": 72,
    "Distances": [
      3.7416573867739413,
      9.7467943448089631,
      9.3273790530888157
    ]
  },
  {
    "Floor": "E",
    "Number": 73,
    "Distances": [
      23.409399821439251,
      19.1049731745428,
      10.862780491200215
    ]
  },
  {
    "Floor": "E",
    "Number": 74,
    "Distances": [
      18.165902124584949
    ]
  },
  {
    "Floor": "E",
    "Number": 52,
    "Distances": [
      13.711309200802088
    ]
  },
  {
    "Floor": "E",
    "Number": 53,
    "Distances": [
      11.74734012447073
    ]
  },
  {
    "Floor": "E",
    "Number": 54,
    "Distances": [
      8.06225774829855
    ]
  },
  {
    "Floor": "E",
    "Number": 55,
    "Distances": [
      10.816653826391969
    ]
  },
  {
    "Floor": "E",
    "Number": 56,
    "Distances": [
      5.8309518948453007
    ]
  },
  {
    "Floor": "E",
    "Number": 57,
    "Distances": []
  },
  {
    "Floor": "E",
    "Number": 58,
    "Distances": [
      9.4868329805051381
    ]
  },
  {
    "Floor": "E",
    "Number": 59,
    "Distances": []
  },
  {
    "Floor": "E",
    "Number": 60,
    "Distances": [
      8.0
    ]
  },
  {
    "Floor": "E",
    "Number": 61,
    "Distances": [
      10.816653826391969
    ]
  },
  {
    "Floor": "E",
    "Number": 62,
    "Distances": []
  },
  {
    "Floor": "E",
    "Number": 1,
    "Distances": [
      8.3066238629180749,
      5.7445626465380286,
      6.7823299831252681
    ]
  },
  {
    "Floor": "E",
    "Number": 50,
    "Distances": [
      10.0,
      5.196152422706632,
      5.196152422706632
    ]
  },
  {
    "Floor": "E",
    "Number": 51,
    "Distances": [
      9.5393920141694561,
      15.165750888103101,
      12.609520212918492
    ]
  },
  {
    "Floor": "E",
    "Number": 52,
    "Distances": [
      13.711309200802088
    ]
  },
  {
    "Floor": "E",
    "Number": 53,
    "Distances": [
      11.74734012447073
    ]
  },
  {
    "Floor": "E",
    "Number": 54,
    "Distances": [
      8.06225774829855
    ]
  },
  {
    "Floor": "E",
    "Number": 55,
    "Distances": [
      10.816653826391969
    ]
  },
  {
    "Floor": "E",
    "Number": 56,
    "Distances": [
      5.8309518948453007
    ]
  },
  {
    "Floor": "E",
    "Number": 57,
    "Distances": []
  },
  {
    "Floor": "E",
    "Number": 58,
    "Distances": [
      9.4868329805051381
    ]
  },
  {
    "Floor": "E",
    "Number": 59,
    "Distances": []
  },
  {
    "Floor": "E",
    "Number": 60,
    "Distances": [
      8.0
    ]
  },
  {
    "Floor": "E",
    "Number": 61,
    "Distances": [
      10.816653826391969
    ]
  },
  {
    "Floor": "E",
    "Number": 46,
    "Distances": [
      26.90724809414742,
      3.0,
      27.092434368288131
    ]
  },
  {
    "Floor": "E",
    "Number": 47,
    "Distances": [
      8.06225774829855,
      11.269427669584644,
      9.4339811320566032
    ]
  },
  {
    "Floor": "E",
    "Number": 48,
    "Distances": [
      17.804493814764857,
      11.090536506409418,
      9.0
    ]
  },
  {
    "Floor": "E",
    "Number": 49,
    "Distances": [
      16.673332000533065,
      15.842979517754859,
      9.4868329805051381
    ]
  },
  {
    "Floor": "E",
    "Number": 68,
    "Distances": [
      12.806248474865697,
      10.954451150103322,
      20.297783130184438
    ]
  },
  {
    "Floor": "E",
    "Number": 69,
    "Distances": [
      18.814887722226779,
      19.974984355438178,
      26.888659319497503
    ]
  },
  {
    "Floor": "E",
    "Number": 70,
    "Distances": [
      18.055470085267789,
      11.269427669584644,
      11.357816691600547
    ]
  },
  {
    "Floor": "E",
    "Number": 71,
    "Distances": [
      6.48074069840786,
      7.54983443527075,
      8.54400374531753
    ]
  },
  {
    "Floor": "E",
    "Number": 72,
    "Distances": [
      3.7416573867739413,
      9.7467943448089631,
      9.3273790530888157
    ]
  },
  {
    "Floor": "E",
    "Number": 73,
    "Distances": [
      23.409399821439251,
      19.1049731745428,
      10.862780491200215
    ]
  },
  {
    "Floor": "E",
    "Number": 74,
    "Distances": [
      18.165902124584949
    ]
  }
]