﻿[
  {
    "Floor": "A",
    "Number": 1,
    "UL1": 38,
    "UL2": 0,
    "Time": "11/22/2018 10:40:48 AM",
    "Measures": [
      {
        "devEui": "0018B200000023E6",
        "devAddr": "30014AE9",
        "time": "2018-11-22 10:40:51",
        "payload": "rxUmEA7MdPs=",
        "sf": 7,
        "gwEui": "7276FF003903097D",
        "gwName": "D60",
        "gwRssi": -110,
        "devUplinkCounter": 38
      },
      {
        "devEui": "0018B200000023E6",
        "devAddr": "30014AE9",
        "time": "2018-11-22 10:40:51",
        "payload": "rxUmEA7MdPs=",
        "sf": 7,
        "gwEui": "7276FF00390309F5",
        "gwName": "A02b",
        "gwRssi": -101,
        "devUplinkCounter": 38
      }
    ]
  },
  {
    "Floor": "A",
    "Number": 2,
    "UL1": 39,
    "UL2": 0,
    "Time": "11/22/2018 10:41:15 AM",
    "Measures": [
      {
        "devEui": "0018B200000023E6",
        "devAddr": "30014AE9",
        "time": "2018-11-22 10:41:17",
        "payload": "rxYnEQ7NXwY=",
        "sf": 7,
        "gwEui": "7276FF00390309F5",
        "gwName": "A02b",
        "gwRssi": -78,
        "devUplinkCounter": 39
      },
      {
        "devEui": "0018B200000023E6",
        "devAddr": "30014AE9",
        "time": "2018-11-22 10:41:17",
        "payload": "rxYnEQ7NXwY=",
        "sf": 7,
        "gwEui": "7276FF003903097D",
        "gwName": "D60",
        "gwRssi": -113,
        "devUplinkCounter": 39
      }
    ]
  },
  {
    "Floor": "A",
    "Number": 3,
    "UL1": 40,
    "UL2": 0,
    "Time": "11/22/2018 10:42:13 AM",
    "Measures": [
      {
        "devEui": "0018B200000023E6",
        "devAddr": "30014AE9",
        "time": "2018-11-22 10:42:16",
        "payload": "rxYoEg7MSwY=",
        "sf": 7,
        "gwEui": "7276FF00390309F5",
        "gwName": "A02b",
        "gwRssi": -92,
        "devUplinkCounter": 40
      },
      {
        "devEui": "0018B200000023E6",
        "devAddr": "30014AE9",
        "time": "2018-11-22 10:42:16",
        "payload": "rxYoEg7MSwY=",
        "sf": 7,
        "gwEui": "7276FF003903097D",
        "gwName": "D60",
        "gwRssi": -112,
        "devUplinkCounter": 40
      }
    ]
  },
  {
    "Floor": "A",
    "Number": 4,
    "UL1": 41,
    "UL2": 0,
    "Time": "11/22/2018 10:43:52 AM",
    "Measures": [
      {
        "devEui": "0018B200000023E6",
        "devAddr": "30014AE9",
        "time": "2018-11-22 10:42:31",
        "payload": "zxYpEw7NUgc=",
        "sf": 7,
        "gwEui": "7276FF00390309F5",
        "gwName": "A02b",
        "gwRssi": -86,
        "devUplinkCounter": 41
      },
      {
        "devEui": "0018B200000023E6",
        "devAddr": "30014AE9",
        "time": "2018-11-22 10:42:31",
        "payload": "zxYpEw7NUgc=",
        "sf": 7,
        "gwEui": "7276FF003903097D",
        "gwName": "D60",
        "gwRssi": -108,
        "devUplinkCounter": 41
      }
    ]
  },
  {
    "Floor": "A",
    "Number": 5,
    "UL1": 44,
    "UL2": 0,
    "Time": "11/22/2018 10:44:30 AM",
    "Measures": [
      {
        "devEui": "0018B200000023E6",
        "devAddr": "30014AE9",
        "time": "2018-11-22 10:44:29",
        "payload": "rxYsFg7MSwc=",
        "sf": 7,
        "gwEui": "7276FF00390309F5",
        "gwName": "A02b",
        "gwRssi": -75,
        "devUplinkCounter": 44
      }
    ]
  },
  {
    "Floor": "A",
    "Number": 6,
    "UL1": 45,
    "UL2": 0,
    "Time": "11/22/2018 10:45:39 AM",
    "Measures": [
      {
        "devEui": "0018B200000023E6",
        "devAddr": "30014AE9",
        "time": "2018-11-22 10:45:42",
        "payload": "rxYtFw7MRgY=",
        "sf": 7,
        "gwEui": "7276FF00390309F5",
        "gwName": "A02b",
        "gwRssi": -72,
        "devUplinkCounter": 45
      }
    ]
  },
  {
    "Floor": "A",
    "Number": 7,
    "UL1": 46,
    "UL2": 0,
    "Time": "11/22/2018 10:46:06 AM",
    "Measures": [
      {
        "devEui": "0018B200000023E6",
        "devAddr": "30014AE9",
        "time": "2018-11-22 10:46:09",
        "payload": "rxYuGA7KRwY=",
        "sf": 7,
        "gwEui": "7276FF00390309F5",
        "gwName": "A02b",
        "gwRssi": -68,
        "devUplinkCounter": 46
      }
    ]
  },
  {
    "Floor": "A",
    "Number": 8,
    "UL1": 47,
    "UL2": 0,
    "Time": "11/22/2018 10:46:28 AM",
    "Measures": [
      {
        "devEui": "0018B200000023E6",
        "devAddr": "30014AE9",
        "time": "2018-11-22 10:46:30",
        "payload": "rxYvGQ7JPQY=",
        "sf": 7,
        "gwEui": "7276FF00390309F5",
        "gwName": "A02b",
        "gwRssi": -63,
        "devUplinkCounter": 47
      }
    ]
  },
  {
    "Floor": "A",
    "Number": 9,
    "UL1": 48,
    "UL2": 0,
    "Time": "11/22/2018 10:46:40 AM",
    "Measures": [
      {
        "devEui": "0018B200000023E6",
        "devAddr": "30014AE9",
        "time": "2018-11-22 10:46:46",
        "payload": "rxYwGg7JQAc=",
        "sf": 7,
        "gwEui": "7276FF00390309F5",
        "gwName": "A02b",
        "gwRssi": -58,
        "devUplinkCounter": 48
      }
    ]
  },
  {
    "Floor": "A",
    "Number": 10,
    "UL1": 49,
    "UL2": 0,
    "Time": "11/22/2018 10:46:57 AM",
    "Measures": [
      {
        "devEui": "0018B200000023E6",
        "devAddr": "30014AE9",
        "time": "2018-11-22 10:47:00",
        "payload": "rxYxGw7LMgc=",
        "sf": 7,
        "gwEui": "7276FF00390309F5",
        "gwName": "A02b",
        "gwRssi": -65,
        "devUplinkCounter": 49
      }
    ]
  },
  {
    "Floor": "A",
    "Number": 11,
    "UL1": 50,
    "UL2": 0,
    "Time": "11/22/2018 10:49:53 AM",
    "Measures": [
      {
        "devEui": "0018B200000023E6",
        "devAddr": "30014AE9",
        "time": "2018-11-22 10:49:54",
        "payload": "rxYyHA7NPgY=",
        "sf": 7,
        "gwEui": "7276FF00390309F5",
        "gwName": "A02b",
        "gwRssi": -86,
        "devUplinkCounter": 50
      }
    ]
  },
  {
    "Floor": "A",
    "Number": 12,
    "UL1": 51,
    "UL2": 0,
    "Time": "11/22/2018 10:50:06 AM",
    "Measures": [
      {
        "devEui": "0018B200000023E6",
        "devAddr": "30014AE9",
        "time": "2018-11-22 10:50:07",
        "payload": "rxczHQ7LTQY=",
        "sf": 7,
        "gwEui": "7276FF00390309F5",
        "gwName": "A02b",
        "gwRssi": -77,
        "devUplinkCounter": 51
      }
    ]
  },
  {
    "Floor": "A",
    "Number": 13,
    "UL1": 52,
    "UL2": 0,
    "Time": "11/22/2018 10:50:23 AM",
    "Measures": [
      {
        "devEui": "0018B200000023E6",
        "devAddr": "30014AE9",
        "time": "2018-11-22 10:50:23",
        "payload": "rxc0Hg7JTQU=",
        "sf": 7,
        "gwEui": "7276FF00390309F5",
        "gwName": "A02b",
        "gwRssi": -64,
        "devUplinkCounter": 52
      }
    ]
  },
  {
    "Floor": "A",
    "Number": 14,
    "UL1": 53,
    "UL2": 0,
    "Time": "11/22/2018 10:50:39 AM",
    "Measures": [
      {
        "devEui": "0018B200000023E6",
        "devAddr": "30014AE9",
        "time": "2018-11-22 10:50:37",
        "payload": "rxc1Hw7LOQY=",
        "sf": 7,
        "gwEui": "7276FF00390309F5",
        "gwName": "A02b",
        "gwRssi": -80,
        "devUplinkCounter": 53
      }
    ]
  },
  {
    "Floor": "A",
    "Number": 15,
    "UL1": 54,
    "UL2": 0,
    "Time": "11/22/2018 10:50:56 AM",
    "Measures": [
      {
        "devEui": "0018B200000023E6",
        "devAddr": "30014AE9",
        "time": "2018-11-22 10:50:54",
        "payload": "rxc2IA7ITAY=",
        "sf": 7,
        "gwEui": "7276FF00390309F5",
        "gwName": "A02b",
        "gwRssi": -74,
        "devUplinkCounter": 54
      }
    ]
  },
  {
    "Floor": "A",
    "Number": 16,
    "UL1": 55,
    "UL2": 0,
    "Time": "11/22/2018 10:54:00 AM",
    "Measures": [
      {
        "devEui": "0018B200000023E6",
        "devAddr": "30014AE9",
        "time": "2018-11-22 10:54:03",
        "payload": "rxc3IQ7LRQc=",
        "sf": 7,
        "gwEui": "7276FF00390309F5",
        "gwName": "A02b",
        "gwRssi": -88,
        "devUplinkCounter": 55
      }
    ]
  },
  {
    "Floor": "A",
    "Number": 17,
    "UL1": 56,
    "UL2": 0,
    "Time": "11/22/2018 10:54:19 AM",
    "Measures": [
      {
        "devEui": "0018B200000023E6",
        "devAddr": "30014AE9",
        "time": "2018-11-22 10:54:21",
        "payload": "rxc4Ig7IUwg=",
        "sf": 7,
        "gwEui": "7276FF00390309F5",
        "gwName": "A02b",
        "gwRssi": -90,
        "devUplinkCounter": 56
      }
    ]
  },
  {
    "Floor": "A",
    "Number": 18,
    "UL1": 57,
    "UL2": 0,
    "Time": "11/22/2018 10:54:46 AM",
    "Measures": [
      {
        "devEui": "0018B200000023E6",
        "devAddr": "30014AE9",
        "time": "2018-11-22 10:54:43",
        "payload": "rxc5Iw7JTwc=",
        "sf": 7,
        "gwEui": "7276FF00390309F5",
        "gwName": "A02b",
        "gwRssi": -71,
        "devUplinkCounter": 57
      }
    ]
  },
  {
    "Floor": "A",
    "Number": 19,
    "UL1": 58,
    "UL2": 0,
    "Time": "11/22/2018 10:55:00 AM",
    "Measures": [
      {
        "devEui": "0018B200000023E6",
        "devAddr": "30014AE9",
        "time": "2018-11-22 10:55:03",
        "payload": "rxc6JA7KQwY=",
        "sf": 7,
        "gwEui": "7276FF00390309F5",
        "gwName": "A02b",
        "gwRssi": -86,
        "devUplinkCounter": 58
      }
    ]
  },
  {
    "Floor": "A",
    "Number": 20,
    "UL1": 59,
    "UL2": 0,
    "Time": "11/22/2018 10:55:20 AM",
    "Measures": [
      {
        "devEui": "0018B200000023E6",
        "devAddr": "30014AE9",
        "time": "2018-11-22 10:55:23",
        "payload": "rxc7JQ7HSgY=",
        "sf": 7,
        "gwEui": "7276FF00390309F5",
        "gwName": "A02b",
        "gwRssi": -78,
        "devUplinkCounter": 59
      }
    ]
  },
  {
    "Floor": "A",
    "Number": 21,
    "UL1": 60,
    "UL2": 0,
    "Time": "11/22/2018 10:56:27 AM",
    "Measures": [
      {
        "devEui": "0018B200000023E6",
        "devAddr": "30014AE9",
        "time": "2018-11-22 10:56:25",
        "payload": "rxc8Jg7JTAc=",
        "sf": 7,
        "gwEui": "7276FF00390309F5",
        "gwName": "A02b",
        "gwRssi": -92,
        "devUplinkCounter": 60
      }
    ]
  },
  {
    "Floor": "A",
    "Number": 22,
    "UL1": 62,
    "UL2": 0,
    "Time": "11/22/2018 10:58:35 AM",
    "Measures": [
      {
        "devEui": "0018B200000023E6",
        "devAddr": "30014AE9",
        "time": "2018-11-22 10:58:35",
        "payload": "rxc+KA7JRwc=",
        "sf": 7,
        "gwEui": "7276FF00390309F5",
        "gwName": "A02b",
        "gwRssi": -107,
        "devUplinkCounter": 62
      }
    ]
  },
  {
    "Floor": "A",
    "Number": 23,
    "UL1": 63,
    "UL2": 0,
    "Time": "11/22/2018 10:58:54 AM",
    "Measures": [
      {
        "devEui": "0018B200000023E6",
        "devAddr": "30014AE9",
        "time": "2018-11-22 10:58:57",
        "payload": "rxc/KQ7HWwY=",
        "sf": 7,
        "gwEui": "7276FF00390309F5",
        "gwName": "A02b",
        "gwRssi": -83,
        "devUplinkCounter": 63
      }
    ]
  },
  {
    "Floor": "A",
    "Number": 24,
    "UL1": 64,
    "UL2": 0,
    "Time": "11/22/2018 10:59:10 AM",
    "Measures": [
      {
        "devEui": "0018B200000023E6",
        "devAddr": "30014AE9",
        "time": "2018-11-22 10:59:13",
        "payload": "rxdAKg7GUQg=",
        "sf": 7,
        "gwEui": "7276FF00390309F5",
        "gwName": "A02b",
        "gwRssi": -87,
        "devUplinkCounter": 64
      }
    ]
  },
  {
    "Floor": "A",
    "Number": 25,
    "UL1": 65,
    "UL2": 0,
    "Time": "11/22/2018 10:59:23 AM",
    "Measures": [
      {
        "devEui": "0018B200000023E6",
        "devAddr": "30014AE9",
        "time": "2018-11-22 10:59:26",
        "payload": "rxdBKw7ISwc=",
        "sf": 7,
        "gwEui": "7276FF00390309F5",
        "gwName": "A02b",
        "gwRssi": -94,
        "devUplinkCounter": 65
      }
    ]
  },
  {
    "Floor": "A",
    "Number": 26,
    "UL1": 66,
    "UL2": 0,
    "Time": "11/22/2018 11:02:14 AM",
    "Measures": [
      {
        "devEui": "0018B200000023E6",
        "devAddr": "30014AE9",
        "time": "2018-11-22 11:00:58",
        "payload": "rxdCLA7FVQc=",
        "sf": 7,
        "gwEui": "7276FF00390309F5",
        "gwName": "A02b",
        "gwRssi": -108,
        "devUplinkCounter": 66
      }
    ]
  },
  {
    "Floor": "A",
    "Number": 27,
    "UL1": 67,
    "UL2": 0,
    "Time": "11/22/2018 11:02:34 AM",
    "Measures": [
      {
        "devEui": "0018B200000023E6",
        "devAddr": "30014AE9",
        "time": "2018-11-22 11:02:37",
        "payload": "rxZDLQ7IWwc=",
        "sf": 7,
        "gwEui": "7276FF00390309F5",
        "gwName": "A02b",
        "gwRssi": -110,
        "devUplinkCounter": 67
      }
    ]
  },
  {
    "Floor": "A",
    "Number": 28,
    "UL1": 68,
    "UL2": 0,
    "Time": "11/22/2018 11:03:02 AM",
    "Measures": [
      {
        "devEui": "0018B200000023E6",
        "devAddr": "30014AE9",
        "time": "2018-11-22 11:02:58",
        "payload": "rxdELg7HawM=",
        "sf": 7,
        "gwEui": "7276FF00390309F5",
        "gwName": "A02b",
        "gwRssi": -106,
        "devUplinkCounter": 68
      }
    ]
  },
  {
    "Floor": "A",
    "Number": 29,
    "UL1": 69,
    "UL2": 0,
    "Time": "11/22/2018 11:03:15 AM",
    "Measures": [
      {
        "devEui": "0018B200000023E6",
        "devAddr": "30014AE9",
        "time": "2018-11-22 11:03:16",
        "payload": "rxdFLw7HVgY=",
        "sf": 7,
        "gwEui": "7276FF00390309F5",
        "gwName": "A02b",
        "gwRssi": -93,
        "devUplinkCounter": 69
      }
    ]
  },
  {
    "Floor": "A",
    "Number": 30,
    "UL1": 70,
    "UL2": 0,
    "Time": "11/22/2018 11:03:25 AM",
    "Measures": [
      {
        "devEui": "0018B200000023E6",
        "devAddr": "30014AE9",
        "time": "2018-11-22 11:03:30",
        "payload": "rxZGMA7GWQU=",
        "sf": 7,
        "gwEui": "7276FF00390309F5",
        "gwName": "A02b",
        "gwRssi": -99,
        "devUplinkCounter": 70
      }
    ]
  },
  {
    "Floor": "A",
    "Number": 31,
    "UL1": 71,
    "UL2": 0,
    "Time": "11/22/2018 11:05:14 AM",
    "Measures": [
      {
        "devEui": "0018B200000023E6",
        "devAddr": "30014AE9",
        "time": "2018-11-22 11:03:55",
        "payload": "rxdHMQ7IaAE=",
        "sf": 7,
        "gwEui": "7276FF00390309F5",
        "gwName": "A02b",
        "gwRssi": -118,
        "devUplinkCounter": 71
      }
    ]
  },
  {
    "Floor": "A",
    "Number": 32,
    "UL1": 72,
    "UL2": 0,
    "Time": "11/22/2018 11:05:28 AM",
    "Measures": [
      {
        "devEui": "0018B200000023E6",
        "devAddr": "30014AE9",
        "time": "2018-11-22 11:05:26",
        "payload": "rxdIMg7IUQU=",
        "sf": 7,
        "gwEui": "7276FF00390309F5",
        "gwName": "A02b",
        "gwRssi": -106,
        "devUplinkCounter": 72
      }
    ]
  },
  {
    "Floor": "A",
    "Number": 33,
    "UL1": 73,
    "UL2": 0,
    "Time": "11/22/2018 11:06:19 AM",
    "Measures": [
      {
        "devEui": "0018B200000023E6",
        "devAddr": "30014AE9",
        "time": "2018-11-22 11:06:20",
        "payload": "rxdJMw7IWgY=",
        "sf": 7,
        "gwEui": "7276FF00390309F5",
        "gwName": "A02b",
        "gwRssi": -100,
        "devUplinkCounter": 73
      }
    ]
  },
  {
    "Floor": "A",
    "Number": 34,
    "UL1": 74,
    "UL2": 0,
    "Time": "11/22/2018 11:06:29 AM",
    "Measures": [
      {
        "devEui": "0018B200000023E6",
        "devAddr": "30014AE9",
        "time": "2018-11-22 11:06:35",
        "payload": "rxdKNA7GXgY=",
        "sf": 7,
        "gwEui": "7276FF00390309F5",
        "gwName": "A02b",
        "gwRssi": -102,
        "devUplinkCounter": 74
      }
    ]
  },
  {
    "Floor": "A",
    "Number": 35,
    "UL1": 75,
    "UL2": 0,
    "Time": "11/22/2018 11:06:45 AM",
    "Measures": [
      {
        "devEui": "0018B200000023E6",
        "devAddr": "30014AE9",
        "time": "2018-11-22 11:06:51",
        "payload": "rxdLNQ7EXAY=",
        "sf": 7,
        "gwEui": "7276FF00390309F5",
        "gwName": "A02b",
        "gwRssi": -96,
        "devUplinkCounter": 75
      }
    ]
  },
  {
    "Floor": "A",
    "Number": 36,
    "UL1": 76,
    "UL2": 0,
    "Time": "11/22/2018 11:08:17 AM",
    "Measures": [
      {
        "devEui": "0018B200000023E6",
        "devAddr": "30014AE9",
        "time": "2018-11-22 11:07:01",
        "payload": "rxdMNg7GVAY=",
        "sf": 7,
        "gwEui": "7276FF00390309F5",
        "gwName": "A02b",
        "gwRssi": -118,
        "devUplinkCounter": 76
      }
    ]
  },
  {
    "Floor": "A",
    "Number": 37,
    "UL1": 77,
    "UL2": 0,
    "Time": "11/22/2018 11:08:31 AM",
    "Measures": [
      {
        "devEui": "0018B200000023E6",
        "devAddr": "30014AE9",
        "time": "2018-11-22 11:08:30",
        "payload": "rxdNNw7FZf8=",
        "sf": 7,
        "gwEui": "7276FF00390309F5",
        "gwName": "A02b",
        "gwRssi": -112,
        "devUplinkCounter": 77
      }
    ]
  },
  {
    "Floor": "A",
    "Number": 38,
    "UL1": 78,
    "UL2": 0,
    "Time": "11/22/2018 11:08:48 AM",
    "Measures": [
      {
        "devEui": "0018B200000023E6",
        "devAddr": "30014AE9",
        "time": "2018-11-22 11:08:46",
        "payload": "rxdOOA7HUQY=",
        "sf": 7,
        "gwEui": "7276FF00390309F5",
        "gwName": "A02b",
        "gwRssi": -101,
        "devUplinkCounter": 78
      }
    ]
  },
  {
    "Floor": "A",
    "Number": 39,
    "UL1": 79,
    "UL2": 0,
    "Time": "11/22/2018 11:09:28 AM",
    "Measures": [
      {
        "devEui": "0018B200000023E6",
        "devAddr": "30014AE9",
        "time": "2018-11-22 11:09:22",
        "payload": "rxdPOQ7JaQU=",
        "sf": 7,
        "gwEui": "7276FF00390309F5",
        "gwName": "A02b",
        "gwRssi": -106,
        "devUplinkCounter": 79
      }
    ]
  },
  {
    "Floor": "A",
    "Number": 40,
    "UL1": 80,
    "UL2": 0,
    "Time": "11/22/2018 11:09:54 AM",
    "Measures": [
      {
        "devEui": "0018B200000023E6",
        "devAddr": "30014AE9",
        "time": "2018-11-22 11:09:48",
        "payload": "rxdQOg7GYwY=",
        "sf": 7,
        "gwEui": "7276FF00390309F5",
        "gwName": "A02b",
        "gwRssi": -114,
        "devUplinkCounter": 80
      }
    ]
  },
  {
    "Floor": "A",
    "Number": 46,
    "UL1": 81,
    "UL2": 0,
    "Time": "11/22/2018 11:13:46 AM",
    "Measures": [
      {
        "devEui": "0018B200000023E6",
        "devAddr": "30014AE9",
        "time": "2018-11-22 11:13:40",
        "payload": "rxdROw7GYQU=",
        "sf": 7,
        "gwEui": "7276FF00390309F5",
        "gwName": "A02b",
        "gwRssi": -102,
        "devUplinkCounter": 81
      }
    ]
  },
  {
    "Floor": "A",
    "Number": 47,
    "UL1": 82,
    "UL2": 0,
    "Time": "11/22/2018 11:13:59 AM",
    "Measures": [
      {
        "devEui": "0018B200000023E6",
        "devAddr": "30014AE9",
        "time": "2018-11-22 11:12:41",
        "payload": "rxdSPA7EWQY=",
        "sf": 7,
        "gwEui": "7276FF00390309F5",
        "gwName": "A02b",
        "gwRssi": -102,
        "devUplinkCounter": 82
      }
    ]
  },
  {
    "Floor": "A",
    "Number": 48,
    "UL1": 83,
    "UL2": 0,
    "Time": "11/22/2018 11:14:26 AM",
    "Measures": [
      {
        "devEui": "0018B200000023E6",
        "devAddr": "30014AE9",
        "time": "2018-11-22 11:14:18",
        "payload": "zxdTPQ7NYAY=",
        "sf": 7,
        "gwEui": "7276FF00390309F5",
        "gwName": "A02b",
        "gwRssi": -116,
        "devUplinkCounter": 83
      }
    ]
  },
  {
    "Floor": "A",
    "Number": 49,
    "UL1": 84,
    "UL2": 0,
    "Time": "11/22/2018 11:14:40 AM",
    "Measures": [
      {
        "devEui": "0018B200000023E6",
        "devAddr": "30014AE9",
        "time": "2018-11-22 11:13:22",
        "payload": "rxdUPg7CYQY=",
        "sf": 7,
        "gwEui": "7276FF00390309F5",
        "gwName": "A02b",
        "gwRssi": -105,
        "devUplinkCounter": 84
      }
    ]
  },
  {
    "Floor": "A",
    "Number": 50,
    "UL1": 85,
    "UL2": 0,
    "Time": "11/22/2018 11:14:54 AM",
    "Measures": [
      {
        "devEui": "0018B200000023E6",
        "devAddr": "30014AE9",
        "time": "2018-11-22 11:14:51",
        "payload": "rxhVPw7EaAU=",
        "sf": 7,
        "gwEui": "7276FF00390309F5",
        "gwName": "A02b",
        "gwRssi": -96,
        "devUplinkCounter": 85
      }
    ]
  },
  {
    "Floor": "A",
    "Number": 53,
    "UL1": 86,
    "UL2": 0,
    "Time": "11/22/2018 11:17:44 AM",
    "Measures": [
      {
        "devEui": "0018B200000023E6",
        "devAddr": "30014AE9",
        "time": "2018-11-22 11:17:41",
        "payload": "rxdWQA7GYQc=",
        "sf": 7,
        "gwEui": "7276FF00390309F5",
        "gwName": "A02b",
        "gwRssi": -95,
        "devUplinkCounter": 86
      }
    ]
  },
  {
    "Floor": "A",
    "Number": 54,
    "UL1": 87,
    "UL2": 0,
    "Time": "11/22/2018 11:18:03 AM",
    "Measures": [
      {
        "devEui": "0018B200000023E6",
        "devAddr": "30014AE9",
        "time": "2018-11-22 11:16:43",
        "payload": "rxdXQQ7FWgc=",
        "sf": 7,
        "gwEui": "7276FF00390309F5",
        "gwName": "A02b",
        "gwRssi": -106,
        "devUplinkCounter": 87
      }
    ]
  },
  {
    "Floor": "A",
    "Number": 55,
    "UL1": 88,
    "UL2": 0,
    "Time": "11/22/2018 11:18:41 AM",
    "Measures": [
      {
        "devEui": "0018B200000023E6",
        "devAddr": "30014AE9",
        "time": "2018-11-22 11:18:16",
        "payload": "rxdYQg7FYQY=",
        "sf": 7,
        "gwEui": "7276FF00390309F5",
        "gwName": "A02b",
        "gwRssi": -93,
        "devUplinkCounter": 88
      }
    ]
  },
  {
    "Floor": "A",
    "Number": 56,
    "UL1": 89,
    "UL2": 0,
    "Time": "11/22/2018 11:20:04 AM",
    "Measures": [
      {
        "devEui": "0018B200000023E6",
        "devAddr": "30014AE9",
        "time": "2018-11-22 11:19:57",
        "payload": "rxdZQw7EVwc=",
        "sf": 7,
        "gwEui": "7276FF00390309F5",
        "gwName": "A02b",
        "gwRssi": -93,
        "devUplinkCounter": 89
      }
    ]
  },
  {
    "Floor": "A",
    "Number": 57,
    "UL1": 90,
    "UL2": 0,
    "Time": "11/22/2018 11:20:16 AM",
    "Measures": [
      {
        "devEui": "0018B200000023E6",
        "devAddr": "30014AE9",
        "time": "2018-11-22 11:19:03",
        "payload": "rxhaRA7EVAY=",
        "sf": 7,
        "gwEui": "7276FF00390309F5",
        "gwName": "A02b",
        "gwRssi": -90,
        "devUplinkCounter": 90
      }
    ]
  },
  {
    "Floor": "A",
    "Number": 58,
    "UL1": 91,
    "UL2": 0,
    "Time": "11/22/2018 11:21:04 AM",
    "Measures": [
      {
        "devEui": "0018B200000023E6",
        "devAddr": "30014AE9",
        "time": "2018-11-22 11:19:45",
        "payload": "rxdbRQ7EUQc=",
        "sf": 7,
        "gwEui": "7276FF00390309F5",
        "gwName": "A02b",
        "gwRssi": -104,
        "devUplinkCounter": 91
      }
    ]
  },
  {
    "Floor": "A",
    "Number": 59,
    "UL1": 92,
    "UL2": 0,
    "Time": "11/22/2018 11:21:45 AM",
    "Measures": [
      {
        "devEui": "0018B200000023E6",
        "devAddr": "30014AE9",
        "time": "2018-11-22 11:20:27",
        "payload": "rxdcRg7DXwY=",
        "sf": 7,
        "gwEui": "7276FF00390309F5",
        "gwName": "A02b",
        "gwRssi": -96,
        "devUplinkCounter": 92
      }
    ]
  },
  {
    "Floor": "A",
    "Number": 60,
    "UL1": 93,
    "UL2": 0,
    "Time": "11/22/2018 11:22:15 AM",
    "Measures": [
      {
        "devEui": "0018B200000023E6",
        "devAddr": "30014AE9",
        "time": "2018-11-22 11:22:10",
        "payload": "rxhdRw7EZQQ=",
        "sf": 7,
        "gwEui": "7276FF00390309F5",
        "gwName": "A02b",
        "gwRssi": -94,
        "devUplinkCounter": 93
      }
    ]
  },
  {
    "Floor": "A",
    "Number": 66,
    "UL1": 94,
    "UL2": 0,
    "Time": "11/22/2018 11:24:58 AM",
    "Measures": [
      {
        "devEui": "0018B200000023E6",
        "devAddr": "30014AE9",
        "time": "2018-11-22 11:25:01",
        "payload": "rxheSA7EWAY=",
        "sf": 7,
        "gwEui": "7276FF00390309F5",
        "gwName": "A02b",
        "gwRssi": -92,
        "devUplinkCounter": 94
      }
    ]
  },
  {
    "Floor": "A",
    "Number": 67,
    "UL1": 95,
    "UL2": 0,
    "Time": "11/22/2018 11:25:40 AM",
    "Measures": [
      {
        "devEui": "0018B200000023E6",
        "devAddr": "30014AE9",
        "time": "2018-11-22 11:25:43",
        "payload": "rxdfSQ7CTwY=",
        "sf": 7,
        "gwEui": "7276FF00390309F5",
        "gwName": "A02b",
        "gwRssi": -72,
        "devUplinkCounter": 95
      }
    ]
  },
  {
    "Floor": "A",
    "Number": 68,
    "UL1": 96,
    "UL2": 0,
    "Time": "11/22/2018 11:26:53 AM",
    "Measures": [
      {
        "devEui": "0018B200000023E6",
        "devAddr": "30014AE9",
        "time": "2018-11-22 11:25:40",
        "payload": "rxhgSg7CQwc=",
        "sf": 7,
        "gwEui": "7276FF00390309F5",
        "gwName": "A02b",
        "gwRssi": -92,
        "devUplinkCounter": 96
      }
    ]
  },
  {
    "Floor": "A",
    "Number": 69,
    "UL1": 97,
    "UL2": 0,
    "Time": "11/22/2018 11:27:08 AM",
    "Measures": [
      {
        "devEui": "0018B200000023E6",
        "devAddr": "30014AE9",
        "time": "2018-11-22 11:25:54",
        "payload": "rxhhSw7CVQU=",
        "sf": 7,
        "gwEui": "7276FF00390309F5",
        "gwName": "A02b",
        "gwRssi": -92,
        "devUplinkCounter": 97
      }
    ]
  },
  {
    "Floor": "A",
    "Number": 70,
    "UL1": 98,
    "UL2": 0,
    "Time": "11/22/2018 11:27:26 AM",
    "Measures": [
      {
        "devEui": "0018B200000023E6",
        "devAddr": "30014AE9",
        "time": "2018-11-22 11:27:29",
        "payload": "rxhiTA7BVAY=",
        "sf": 7,
        "gwEui": "7276FF00390309F5",
        "gwName": "A02b",
        "gwRssi": -86,
        "devUplinkCounter": 98
      }
    ]
  },
  {
    "Floor": "A",
    "Number": 71,
    "UL1": 99,
    "UL2": 0,
    "Time": "11/22/2018 11:30:04 AM",
    "Measures": [
      {
        "devEui": "0018B200000023E6",
        "devAddr": "30014AE9",
        "time": "2018-11-22 11:28:45",
        "payload": "rxdjTQ7CWQY=",
        "sf": 7,
        "gwEui": "7276FF00390309F5",
        "gwName": "A02b",
        "gwRssi": -86,
        "devUplinkCounter": 99
      }
    ]
  },
  {
    "Floor": "A",
    "Number": 72,
    "UL1": 100,
    "UL2": 0,
    "Time": "11/22/2018 11:30:19 AM",
    "Measures": [
      {
        "devEui": "0018B200000023E6",
        "devAddr": "30014AE9",
        "time": "2018-11-22 11:29:01",
        "payload": "rxhkTg7BSwc=",
        "sf": 7,
        "gwEui": "7276FF00390309F5",
        "gwName": "A02b",
        "gwRssi": -78,
        "devUplinkCounter": 100
      }
    ]
  },
  {
    "Floor": "A",
    "Number": 73,
    "UL1": 102,
    "UL2": 0,
    "Time": "11/22/2018 11:32:03 AM",
    "Measures": [
      {
        "devEui": "0018B200000023E6",
        "devAddr": "30014AE9",
        "time": "2018-11-22 11:30:42",
        "payload": "rxhmUA6/JwY=",
        "sf": 7,
        "gwEui": "7276FF00390309F5",
        "gwName": "A02b",
        "gwRssi": -64,
        "devUplinkCounter": 102
      }
    ]
  },
  {
    "Floor": "A",
    "Number": 76,
    "UL1": 103,
    "UL2": 0,
    "Time": "11/22/2018 11:32:55 AM",
    "Measures": [
      {
        "devEui": "0018B200000023E6",
        "devAddr": "30014AE9",
        "time": "2018-11-22 11:32:59",
        "payload": "rxhnUQ7BNwc=",
        "sf": 7,
        "gwEui": "7276FF00390309F5",
        "gwName": "A02b",
        "gwRssi": -58,
        "devUplinkCounter": 103
      },
      {
        "devEui": "0018B200000023E6",
        "devAddr": "30014AE9",
        "time": "2018-11-22 11:32:59",
        "payload": "rxhnUQ7BNwc=",
        "sf": 7,
        "gwEui": "7276FF003903097D",
        "gwName": "D60",
        "gwRssi": -113,
        "devUplinkCounter": 103
      }
    ]
  },
  {
    "Floor": "A",
    "Number": 77,
    "UL1": 106,
    "UL2": 0,
    "Time": "11/22/2018 11:33:45 AM",
    "Measures": [
      {
        "devEui": "0018B200000023E6",
        "devAddr": "30014AE9",
        "time": "2018-11-22 11:33:49",
        "payload": "rxhqVA6+KgY=",
        "sf": 7,
        "gwEui": "7276FF00390309F5",
        "gwName": "A02b",
        "gwRssi": -48,
        "devUplinkCounter": 106
      }
    ]
  },
  {
    "Floor": "A",
    "Number": 78,
    "UL1": 107,
    "UL2": 0,
    "Time": "11/22/2018 11:34:15 AM",
    "Measures": [
      {
        "devEui": "0018B200000023E6",
        "devAddr": "30014AE9",
        "time": "2018-11-22 11:34:18",
        "payload": "rxhrVQ7ALwQ=",
        "sf": 7,
        "gwEui": "7276FF00390309F5",
        "gwName": "A02b",
        "gwRssi": -47,
        "devUplinkCounter": 107
      }
    ]
  },
  {
    "Floor": "A",
    "Number": 84,
    "UL1": 108,
    "UL2": 0,
    "Time": "11/22/2018 11:36:46 AM",
    "Measures": [
      {
        "devEui": "0018B200000023E6",
        "devAddr": "30014AE9",
        "time": "2018-11-22 11:36:42",
        "payload": "rxdsVg7BLAY=",
        "sf": 7,
        "gwEui": "7276FF00390309F5",
        "gwName": "A02b",
        "gwRssi": -38,
        "devUplinkCounter": 108
      }
    ]
  },
  {
    "Floor": "A",
    "Number": 86,
    "UL1": 109,
    "UL2": 0,
    "Time": "11/22/2018 12:01:59 PM",
    "Measures": [
      {
        "devEui": "0018B200000023E6",
        "devAddr": "30014AE9",
        "time": "2018-11-22 12:02:00",
        "payload": "rxZtVw6+JgY=",
        "sf": 7,
        "gwEui": "7276FF00390309F5",
        "gwName": "A02b",
        "gwRssi": -54,
        "devUplinkCounter": 109
      }
    ]
  },
  {
    "Floor": "A",
    "Number": 87,
    "UL1": 110,
    "UL2": 0,
    "Time": "11/22/2018 12:02:36 PM",
    "Measures": []
  },
  {
    "Floor": "A",
    "Number": 88,
    "UL1": 111,
    "UL2": 0,
    "Time": "11/22/2018 12:03:00 PM",
    "Measures": [
      {
        "devEui": "0018B200000023E6",
        "devAddr": "30014AE9",
        "time": "2018-11-22 12:02:54",
        "payload": "rxdvWQ68ZgE=",
        "sf": 7,
        "gwEui": "7276FF00390309F5",
        "gwName": "A02b",
        "gwRssi": -71,
        "devUplinkCounter": 111
      }
    ]
  },
  {
    "Floor": "A",
    "Number": 89,
    "UL1": 112,
    "UL2": 0,
    "Time": "11/22/2018 12:03:25 PM",
    "Measures": [
      {
        "devEui": "0018B200000023E6",
        "devAddr": "30014AE9",
        "time": "2018-11-22 12:02:03",
        "payload": "rxdwWg69Pgc=",
        "sf": 7,
        "gwEui": "7276FF00390309F5",
        "gwName": "A02b",
        "gwRssi": -75,
        "devUplinkCounter": 112
      }
    ]
  },
  {
    "Floor": "A",
    "Number": 90,
    "UL1": 113,
    "UL2": 0,
    "Time": "11/22/2018 12:03:48 PM",
    "Measures": [
      {
        "devEui": "0018B200000023E6",
        "devAddr": "30014AE9",
        "time": "2018-11-22 12:02:25",
        "payload": "rxdxWw69RgY=",
        "sf": 7,
        "gwEui": "7276FF00390309F5",
        "gwName": "A02b",
        "gwRssi": -96,
        "devUplinkCounter": 113
      }
    ]
  },
  {
    "Floor": "A",
    "Number": 91,
    "UL1": 114,
    "UL2": 0,
    "Time": "11/22/2018 12:04:13 PM",
    "Measures": [
      {
        "devEui": "0018B200000023E6",
        "devAddr": "30014AE9",
        "time": "2018-11-22 12:04:07",
        "payload": "rxdyXA6+VQY=",
        "sf": 7,
        "gwEui": "7276FF00390309F5",
        "gwName": "A02b",
        "gwRssi": -98,
        "devUplinkCounter": 114
      }
    ]
  },
  {
    "Floor": "A",
    "Number": 92,
    "UL1": 116,
    "UL2": 0,
    "Time": "11/22/2018 12:06:17 PM",
    "Measures": [
      {
        "devEui": "0018B200000023E6",
        "devAddr": "30014AE9",
        "time": "2018-11-22 12:06:35",
        "payload": "rxd0Xg68YgQ=",
        "sf": 7,
        "gwEui": "7276FF00390309F5",
        "gwName": "A02b",
        "gwRssi": -112,
        "devUplinkCounter": 116
      }
    ]
  },
  {
    "Floor": "A",
    "Number": 93,
    "UL1": 117,
    "UL2": 0,
    "Time": "11/22/2018 12:06:41 PM",
    "Measures": [
      {
        "devEui": "0018B200000023E6",
        "devAddr": "30014AE9",
        "time": "2018-11-22 12:07:37",
        "payload": "rxd1Xw6+ZQM=",
        "sf": 8,
        "gwEui": "7276FF00390309F5",
        "gwName": "A02b",
        "gwRssi": -117,
        "devUplinkCounter": 117
      }
    ]
  },
  {
    "Floor": "A",
    "Number": 94,
    "UL1": 118,
    "UL2": 0,
    "Time": "11/22/2018 12:07:40 PM",
    "Measures": []
  },
  {
    "Floor": "A",
    "Number": 95,
    "UL1": 120,
    "UL2": 0,
    "Time": "11/22/2018 12:10:14 PM",
    "Measures": []
  },
  {
    "Floor": "A",
    "Number": 96,
    "UL1": 121,
    "UL2": 0,
    "Time": "11/22/2018 12:10:42 PM",
    "Measures": [
      {
        "devEui": "0018B200000023E6",
        "devAddr": "30014AE9",
        "time": "2018-11-22 12:09:15",
        "payload": "rxd5YQ66Vwc=",
        "sf": 7,
        "gwEui": "7276FF00390309F5",
        "gwName": "A02b",
        "gwRssi": -119,
        "devUplinkCounter": 121
      }
    ]
  },
  {
    "Floor": "A",
    "Number": 97,
    "UL1": 122,
    "UL2": 0,
    "Time": "11/22/2018 12:13:32 PM",
    "Measures": []
  },
  {
    "Floor": "A",
    "Number": 98,
    "UL1": 123,
    "UL2": 0,
    "Time": "11/22/2018 12:13:50 PM",
    "Measures": [
      {
        "devEui": "0018B200000023E6",
        "devAddr": "30014AE9",
        "time": "2018-11-22 12:13:50",
        "payload": "rxd7Yw67XwU=",
        "sf": 7,
        "gwEui": "7276FF00390309F5",
        "gwName": "A02b",
        "gwRssi": -114,
        "devUplinkCounter": 123
      }
    ]
  },
  {
    "Floor": "A",
    "Number": 99,
    "UL1": 124,
    "UL2": 0,
    "Time": "11/22/2018 12:14:07 PM",
    "Measures": []
  },
  {
    "Floor": "A",
    "Number": 113,
    "UL1": 125,
    "UL2": 0,
    "Time": "11/22/2018 12:17:02 PM",
    "Measures": [
      {
        "devEui": "0018B200000023E6",
        "devAddr": "30014AE9",
        "time": "2018-11-22 12:15:31",
        "payload": "rxd9ZQ66XAU=",
        "sf": 7,
        "gwEui": "7276FF00390309F5",
        "gwName": "A02b",
        "gwRssi": -116,
        "devUplinkCounter": 125
      }
    ]
  },
  {
    "Floor": "A",
    "Number": 118,
    "UL1": 126,
    "UL2": 0,
    "Time": "11/22/2018 12:18:13 PM",
    "Measures": [
      {
        "devEui": "0018B200000023E6",
        "devAddr": "30014AE9",
        "time": "2018-11-22 12:16:55",
        "payload": "rxZ+Zg67bQM=",
        "sf": 7,
        "gwEui": "7276FF00390309F5",
        "gwName": "A02b",
        "gwRssi": -117,
        "devUplinkCounter": 126
      }
    ]
  },
  {
    "Floor": "A",
    "Number": 119,
    "UL1": 127,
    "UL2": 0,
    "Time": "11/22/2018 12:19:07 PM",
    "Measures": [
      {
        "devEui": "0018B200000023E6",
        "devAddr": "30014AE9",
        "time": "2018-11-22 12:19:00",
        "payload": "rxd/Zw67YgA=",
        "sf": 7,
        "gwEui": "7276FF00390309F5",
        "gwName": "A02b",
        "gwRssi": -112,
        "devUplinkCounter": 127
      }
    ]
  },
  {
    "Floor": "A",
    "Number": 120,
    "UL1": 128,
    "UL2": 0,
    "Time": "11/22/2018 12:19:33 PM",
    "Measures": [
      {
        "devEui": "0018B200000023E6",
        "devAddr": "30014AE9",
        "time": "2018-11-22 12:18:20",
        "payload": "rxaAaA67YwU=",
        "sf": 7,
        "gwEui": "7276FF00390309F5",
        "gwName": "A02b",
        "gwRssi": -114,
        "devUplinkCounter": 128
      }
    ]
  }
]