﻿[
  {
    "Floor": "B",
    "Number": 1,
    "UL1": 129,
    "UL2": 0,
    "Time": "11/22/2018 12:33:01 PM",
    "Measures": [
      {
        "devEui": "0018B200000023E6",
        "devAddr": "30014AE9",
        "time": "2018-11-22 12:32:57",
        "payload": "rxaBaQ65Wgc=",
        "sf": 7,
        "gwEui": "7276FF00390309F5",
        "gwName": "A02b",
        "gwRssi": -106,
        "devUplinkCounter": 129
      },
      {
        "devEui": "0018B200000023E6",
        "devAddr": "30014AE9",
        "time": "2018-11-22 12:32:57",
        "payload": "rxaBaQ65Wgc=",
        "sf": 7,
        "gwEui": "7276FF003903097D",
        "gwName": "D60",
        "gwRssi": -113,
        "devUplinkCounter": 129
      }
    ]
  },
  {
    "Floor": "B",
    "Number": 2,
    "UL1": 130,
    "UL2": 0,
    "Time": "11/22/2018 12:33:14 PM",
    "Measures": [
      {
        "devEui": "0018B200000023E6",
        "devAddr": "30014AE9",
        "time": "2018-11-22 12:33:10",
        "payload": "rxWCag65WwY=",
        "sf": 7,
        "gwEui": "7276FF003903097D",
        "gwName": "D60",
        "gwRssi": -113,
        "devUplinkCounter": 130
      },
      {
        "devEui": "0018B200000023E6",
        "devAddr": "30014AE9",
        "time": "2018-11-22 12:33:10",
        "payload": "rxWCag65WwY=",
        "sf": 7,
        "gwEui": "7276FF00390309F5",
        "gwName": "A02b",
        "gwRssi": -95,
        "devUplinkCounter": 130
      }
    ]
  },
  {
    "Floor": "B",
    "Number": 3,
    "UL1": 131,
    "UL2": 0,
    "Time": "11/22/2018 12:33:41 PM",
    "Measures": [
      {
        "devEui": "0018B200000023E6",
        "devAddr": "30014AE9",
        "time": "2018-11-22 12:33:34",
        "payload": "rxaDaw62YAU=",
        "sf": 7,
        "gwEui": "7276FF00390309F5",
        "gwName": "A02b",
        "gwRssi": -84,
        "devUplinkCounter": 131
      }
    ]
  },
  {
    "Floor": "B",
    "Number": 4,
    "UL1": 132,
    "UL2": 0,
    "Time": "11/22/2018 12:33:53 PM",
    "Measures": [
      {
        "devEui": "0018B200000023E6",
        "devAddr": "30014AE9",
        "time": "2018-11-22 12:33:49",
        "payload": "rxaEbA64TQY=",
        "sf": 7,
        "gwEui": "7276FF00390309F5",
        "gwName": "A02b",
        "gwRssi": -84,
        "devUplinkCounter": 132
      }
    ]
  },
  {
    "Floor": "B",
    "Number": 5,
    "UL1": 133,
    "UL2": 0,
    "Time": "11/22/2018 12:34:07 PM",
    "Measures": [
      {
        "devEui": "0018B200000023E6",
        "devAddr": "30014AE9",
        "time": "2018-11-22 12:34:04",
        "payload": "rxaFbQ64VAY=",
        "sf": 7,
        "gwEui": "7276FF00390309F5",
        "gwName": "A02b",
        "gwRssi": -89,
        "devUplinkCounter": 133
      }
    ]
  },
  {
    "Floor": "B",
    "Number": 6,
    "UL1": 134,
    "UL2": 0,
    "Time": "11/22/2018 12:35:16 PM",
    "Measures": [
      {
        "devEui": "0018B200000023E6",
        "devAddr": "30014AE9",
        "time": "2018-11-22 12:35:16",
        "payload": "rxaGbg63Uwg=",
        "sf": 7,
        "gwEui": "7276FF00390309F5",
        "gwName": "A02b",
        "gwRssi": -101,
        "devUplinkCounter": 134
      }
    ]
  },
  {
    "Floor": "B",
    "Number": 7,
    "UL1": 135,
    "UL2": 0,
    "Time": "11/22/2018 12:36:02 PM",
    "Measures": [
      {
        "devEui": "0018B200000023E6",
        "devAddr": "30014AE9",
        "time": "2018-11-22 12:34:45",
        "payload": "rxaHbw62WgY=",
        "sf": 7,
        "gwEui": "7276FF00390309F5",
        "gwName": "A02b",
        "gwRssi": -98,
        "devUplinkCounter": 135
      }
    ]
  },
  {
    "Floor": "B",
    "Number": 8,
    "UL1": 136,
    "UL2": 0,
    "Time": "11/22/2018 12:36:44 PM",
    "Measures": [
      {
        "devEui": "0018B200000023E6",
        "devAddr": "30014AE9",
        "time": "2018-11-22 12:36:20",
        "payload": "rxaIcA65VwU=",
        "sf": 7,
        "gwEui": "7276FF0039030950",
        "gwName": "B40",
        "gwRssi": -107,
        "devUplinkCounter": 136
      },
      {
        "devEui": "0018B200000023E6",
        "devAddr": "30014AE9",
        "time": "2018-11-22 12:36:20",
        "payload": "rxaIcA65VwU=",
        "sf": 7,
        "gwEui": "7276FF00390309F5",
        "gwName": "A02b",
        "gwRssi": -112,
        "devUplinkCounter": 136
      }
    ]
  },
  {
    "Floor": "B",
    "Number": 9,
    "UL1": 137,
    "UL2": 0,
    "Time": "11/22/2018 12:37:02 PM",
    "Measures": [
      {
        "devEui": "0018B200000023E6",
        "devAddr": "30014AE9",
        "time": "2018-11-22 12:36:57",
        "payload": "rxaJcQ61WwY=",
        "sf": 7,
        "gwEui": "7276FF00390309F5",
        "gwName": "A02b",
        "gwRssi": -96,
        "devUplinkCounter": 137
      }
    ]
  },
  {
    "Floor": "B",
    "Number": 10,
    "UL1": 138,
    "UL2": 0,
    "Time": "11/22/2018 12:37:12 PM",
    "Measures": [
      {
        "devEui": "0018B200000023E6",
        "devAddr": "30014AE9",
        "time": "2018-11-22 12:37:12",
        "payload": "rxeKcg63WQU=",
        "sf": 7,
        "gwEui": "7276FF00390309F5",
        "gwName": "A02b",
        "gwRssi": -95,
        "devUplinkCounter": 138
      }
    ]
  },
  {
    "Floor": "B",
    "Number": 17,
    "UL1": 139,
    "UL2": 0,
    "Time": "11/22/2018 12:40:35 PM",
    "Measures": [
      {
        "devEui": "0018B200000023E6",
        "devAddr": "30014AE9",
        "time": "2018-11-22 12:39:10",
        "payload": "rxeLcw64YAM=",
        "sf": 7,
        "gwEui": "7276FF00390309F5",
        "gwName": "A02b",
        "gwRssi": -119,
        "devUplinkCounter": 139
      },
      {
        "devEui": "0018B200000023E6",
        "devAddr": "30014AE9",
        "time": "2018-11-22 12:39:10",
        "payload": "rxeLcw64YAM=",
        "sf": 7,
        "gwEui": "7276FF0039030950",
        "gwName": "B40",
        "gwRssi": -105,
        "devUplinkCounter": 139
      }
    ]
  },
  {
    "Floor": "B",
    "Number": 18,
    "UL1": 140,
    "UL2": 0,
    "Time": "11/22/2018 12:41:01 PM",
    "Measures": [
      {
        "devEui": "0018B200000023E6",
        "devAddr": "30014AE9",
        "time": "2018-11-22 12:41:02",
        "payload": "rxeMdA64YQE=",
        "sf": 7,
        "gwEui": "7276FF00390309F5",
        "gwName": "A02b",
        "gwRssi": -114,
        "devUplinkCounter": 140
      }
    ]
  },
  {
    "Floor": "B",
    "Number": 19,
    "UL1": 141,
    "UL2": 0,
    "Time": "11/22/2018 12:41:33 PM",
    "Measures": [
      {
        "devEui": "0018B200000023E6",
        "devAddr": "30014AE9",
        "time": "2018-11-22 12:41:33",
        "payload": "rxeNdQ63YAc=",
        "sf": 7,
        "gwEui": "7276FF00390309F5",
        "gwName": "A02b",
        "gwRssi": -111,
        "devUplinkCounter": 141
      },
      {
        "devEui": "0018B200000023E6",
        "devAddr": "30014AE9",
        "time": "2018-11-22 12:41:33",
        "payload": "rxeNdQ63YAc=",
        "sf": 7,
        "gwEui": "7276FF0039030950",
        "gwName": "B40",
        "gwRssi": -102,
        "devUplinkCounter": 141
      }
    ]
  },
  {
    "Floor": "B",
    "Number": 20,
    "UL1": 142,
    "UL2": 0,
    "Time": "11/22/2018 12:41:47 PM",
    "Measures": [
      {
        "devEui": "0018B200000023E6",
        "devAddr": "30014AE9",
        "time": "2018-11-22 12:40:31",
        "payload": "rxeOdg61ZQU=",
        "sf": 7,
        "gwEui": "7276FF00390309F5",
        "gwName": "A02b",
        "gwRssi": -113,
        "devUplinkCounter": 142
      }
    ]
  },
  {
    "Floor": "B",
    "Number": 21,
    "UL1": 143,
    "UL2": 0,
    "Time": "11/22/2018 12:42:02 PM",
    "Measures": [
      {
        "devEui": "0018B200000023E6",
        "devAddr": "30014AE9",
        "time": "2018-11-22 12:42:01",
        "payload": "rxaPdw61YAY=",
        "sf": 7,
        "gwEui": "7276FF0039030950",
        "gwName": "B40",
        "gwRssi": -105,
        "devUplinkCounter": 143
      }
    ]
  },
  {
    "Floor": "B",
    "Number": 22,
    "UL1": 144,
    "UL2": 0,
    "Time": "11/22/2018 12:42:17 PM",
    "Measures": [
      {
        "devEui": "0018B200000023E6",
        "devAddr": "30014AE9",
        "time": "2018-11-22 12:42:09",
        "payload": "rxeQeA63WgM=",
        "sf": 7,
        "gwEui": "7276FF0039030950",
        "gwName": "B40",
        "gwRssi": -105,
        "devUplinkCounter": 144
      },
      {
        "devEui": "0018B200000023E6",
        "devAddr": "30014AE9",
        "time": "2018-11-22 12:42:09",
        "payload": "rxeQeA63WgM=",
        "sf": 7,
        "gwEui": "7276FF00390309F5",
        "gwName": "A02b",
        "gwRssi": -115,
        "devUplinkCounter": 144
      },
      {
        "devEui": "0018B200000023E6",
        "devAddr": "30014AE9",
        "time": "2018-11-22 12:42:09",
        "payload": "rxeQeA63WgM=",
        "sf": 7,
        "gwEui": "7276FF003903097D",
        "gwName": "D60",
        "gwRssi": -112,
        "devUplinkCounter": 144
      }
    ]
  },
  {
    "Floor": "B",
    "Number": 23,
    "UL1": 145,
    "UL2": 0,
    "Time": "11/22/2018 12:43:25 PM",
    "Measures": [
      {
        "devEui": "0018B200000023E6",
        "devAddr": "30014AE9",
        "time": "2018-11-22 12:43:56",
        "payload": "rxeReQ63Xwc=",
        "sf": 7,
        "gwEui": "7276FF003903097C",
        "gwName": "C22",
        "gwRssi": -112,
        "devUplinkCounter": 145
      }
    ]
  },
  {
    "Floor": "B",
    "Number": 24,
    "UL1": 146,
    "UL2": 0,
    "Time": "11/22/2018 12:43:57 PM",
    "Measures": [
      {
        "devEui": "0018B200000023E6",
        "devAddr": "30014AE9",
        "time": "2018-11-22 12:43:06",
        "payload": "rxeSeg62YAU=",
        "sf": 7,
        "gwEui": "7276FF0039030950",
        "gwName": "B40",
        "gwRssi": -93,
        "devUplinkCounter": 146
      },
      {
        "devEui": "0018B200000023E6",
        "devAddr": "30014AE9",
        "time": "2018-11-22 12:43:06",
        "payload": "rxeSeg62YAU=",
        "sf": 7,
        "gwEui": "7276FF003903097C",
        "gwName": "C22",
        "gwRssi": -111,
        "devUplinkCounter": 146
      },
      {
        "devEui": "0018B200000023E6",
        "devAddr": "30014AE9",
        "time": "2018-11-22 12:43:06",
        "payload": "rxeSeg62YAU=",
        "sf": 7,
        "gwEui": "7276FF00390309F5",
        "gwName": "A02b",
        "gwRssi": -118,
        "devUplinkCounter": 146
      }
    ]
  },
  {
    "Floor": "B",
    "Number": 25,
    "UL1": 147,
    "UL2": 0,
    "Time": "11/22/2018 12:44:23 PM",
    "Measures": [
      {
        "devEui": "0018B200000023E6",
        "devAddr": "30014AE9",
        "time": "2018-11-22 12:45:26",
        "payload": "rxeTew62Vwc=",
        "sf": 7,
        "gwEui": "7276FF0039030950",
        "gwName": "B40",
        "gwRssi": -106,
        "devUplinkCounter": 147
      },
      {
        "devEui": "0018B200000023E6",
        "devAddr": "30014AE9",
        "time": "2018-11-22 12:45:26",
        "payload": "rxeTew62Vwc=",
        "sf": 7,
        "gwEui": "7276FF003903097C",
        "gwName": "C22",
        "gwRssi": -109,
        "devUplinkCounter": 147
      }
    ]
  },
  {
    "Floor": "B",
    "Number": 26,
    "UL1": 147,
    "UL2": 0,
    "Time": "11/22/2018 12:45:27 PM",
    "Measures": [
      {
        "devEui": "0018B200000023E6",
        "devAddr": "30014AE9",
        "time": "2018-11-22 12:45:26",
        "payload": "rxeTew62Vwc=",
        "sf": 7,
        "gwEui": "7276FF0039030950",
        "gwName": "B40",
        "gwRssi": -106,
        "devUplinkCounter": 147
      },
      {
        "devEui": "0018B200000023E6",
        "devAddr": "30014AE9",
        "time": "2018-11-22 12:45:26",
        "payload": "rxeTew62Vwc=",
        "sf": 7,
        "gwEui": "7276FF003903097C",
        "gwName": "C22",
        "gwRssi": -109,
        "devUplinkCounter": 147
      }
    ]
  },
  {
    "Floor": "B",
    "Number": 27,
    "UL1": 148,
    "UL2": 0,
    "Time": "11/22/2018 12:45:44 PM",
    "Measures": [
      {
        "devEui": "0018B200000023E6",
        "devAddr": "30014AE9",
        "time": "2018-11-22 12:45:44",
        "payload": "rxaUfA60YAY=",
        "sf": 7,
        "gwEui": "7276FF00390309F5",
        "gwName": "A02b",
        "gwRssi": -118,
        "devUplinkCounter": 148
      },
      {
        "devEui": "0018B200000023E6",
        "devAddr": "30014AE9",
        "time": "2018-11-22 12:45:44",
        "payload": "rxaUfA60YAY=",
        "sf": 7,
        "gwEui": "7276FF0039030950",
        "gwName": "B40",
        "gwRssi": -105,
        "devUplinkCounter": 148
      }
    ]
  },
  {
    "Floor": "B",
    "Number": 28,
    "UL1": 150,
    "UL2": 0,
    "Time": "11/22/2018 12:49:49 PM",
    "Measures": [
      {
        "devEui": "0018B200000023E6",
        "devAddr": "30014AE9",
        "time": "2018-11-22 12:48:25",
        "payload": "rxeWfg61XwY=",
        "sf": 7,
        "gwEui": "7276FF003903097C",
        "gwName": "C22",
        "gwRssi": -101,
        "devUplinkCounter": 150
      },
      {
        "devEui": "0018B200000023E6",
        "devAddr": "30014AE9",
        "time": "2018-11-22 12:48:25",
        "payload": "rxeWfg61XwY=",
        "sf": 7,
        "gwEui": "7276FF00390309F5",
        "gwName": "A02b",
        "gwRssi": -119,
        "devUplinkCounter": 150
      },
      {
        "devEui": "0018B200000023E6",
        "devAddr": "30014AE9",
        "time": "2018-11-22 12:48:25",
        "payload": "rxeWfg61XwY=",
        "sf": 7,
        "gwEui": "7276FF0039030950",
        "gwName": "B40",
        "gwRssi": -105,
        "devUplinkCounter": 150
      }
    ]
  },
  {
    "Floor": "B",
    "Number": 29,
    "UL1": 151,
    "UL2": 0,
    "Time": "11/22/2018 12:50:11 PM",
    "Measures": [
      {
        "devEui": "0018B200000023E6",
        "devAddr": "30014AE9",
        "time": "2018-11-22 12:50:06",
        "payload": "rxeXfw6yYgY=",
        "sf": 7,
        "gwEui": "7276FF003903097C",
        "gwName": "C22",
        "gwRssi": -97,
        "devUplinkCounter": 151
      }
    ]
  },
  {
    "Floor": "B",
    "Number": 30,
    "UL1": 152,
    "UL2": 0,
    "Time": "11/22/2018 12:50:43 PM",
    "Measures": [
      {
        "devEui": "0018B200000023E6",
        "devAddr": "30014AE9",
        "time": "2018-11-22 12:50:47",
        "payload": "rxeYgA6zWgc=",
        "sf": 7,
        "gwEui": "7276FF003903097C",
        "gwName": "C22",
        "gwRssi": -111,
        "devUplinkCounter": 152
      }
    ]
  },
  {
    "Floor": "B",
    "Number": 31,
    "UL1": 153,
    "UL2": 0,
    "Time": "11/22/2018 12:51:14 PM",
    "Measures": [
      {
        "devEui": "0018B200000023E6",
        "devAddr": "30014AE9",
        "time": "2018-11-22 12:50:52",
        "payload": "rxeZgQ6zbQU=",
        "sf": 7,
        "gwEui": "7276FF003903097C",
        "gwName": "C22",
        "gwRssi": -98,
        "devUplinkCounter": 153
      },
      {
        "devEui": "0018B200000023E6",
        "devAddr": "30014AE9",
        "time": "2018-11-22 12:50:52",
        "payload": "rxeZgQ6zbQU=",
        "sf": 7,
        "gwEui": "7276FF0039030950",
        "gwName": "B40",
        "gwRssi": -106,
        "devUplinkCounter": 153
      }
    ]
  },
  {
    "Floor": "B",
    "Number": 41,
    "UL1": 154,
    "UL2": 0,
    "Time": "11/22/2018 12:52:10 PM",
    "Measures": [
      {
        "devEui": "0018B200000023E6",
        "devAddr": "30014AE9",
        "time": "2018-11-22 12:52:10",
        "payload": "rxeagg61WAY=",
        "sf": 7,
        "gwEui": "7276FF003903097C",
        "gwName": "C22",
        "gwRssi": -90,
        "devUplinkCounter": 154
      }
    ]
  },
  {
    "Floor": "B",
    "Number": 46,
    "UL1": 155,
    "UL2": 0,
    "Time": "11/22/2018 12:55:15 PM",
    "Measures": [
      {
        "devEui": "0018B200000023E6",
        "devAddr": "30014AE9",
        "time": "2018-11-22 12:54:52",
        "payload": "rxebgw60UwU=",
        "sf": 7,
        "gwEui": "7276FF0039030950",
        "gwName": "B40",
        "gwRssi": -106,
        "devUplinkCounter": 155
      }
    ]
  },
  {
    "Floor": "B",
    "Number": 47,
    "UL1": 156,
    "UL2": 0,
    "Time": "11/22/2018 12:55:33 PM",
    "Measures": [
      {
        "devEui": "0018B200000023E6",
        "devAddr": "30014AE9",
        "time": "2018-11-22 12:55:31",
        "payload": "rxichA6zZgU=",
        "sf": 7,
        "gwEui": "7276FF003903097C",
        "gwName": "C22",
        "gwRssi": -108,
        "devUplinkCounter": 156
      }
    ]
  },
  {
    "Floor": "B",
    "Number": 48,
    "UL1": 157,
    "UL2": 0,
    "Time": "11/22/2018 12:55:47 PM",
    "Measures": []
  },
  {
    "Floor": "B",
    "Number": 49,
    "UL1": 158,
    "UL2": 0,
    "Time": "11/22/2018 12:57:30 PM",
    "Measures": [
      {
        "devEui": "0018B200000023E6",
        "devAddr": "30014AE9",
        "time": "2018-11-22 12:56:04",
        "payload": "zxiehg60dPw=",
        "sf": 7,
        "gwEui": "7276FF003903097C",
        "gwName": "C22",
        "gwRssi": -107,
        "devUplinkCounter": 158
      }
    ]
  },
  {
    "Floor": "B",
    "Number": 50,
    "UL1": 160,
    "UL2": 0,
    "Time": "11/22/2018 12:57:56 PM",
    "Measures": [
      {
        "devEui": "0018B200000023E6",
        "devAddr": "30014AE9",
        "time": "2018-11-22 12:57:56",
        "payload": "rxegiA6zbQI=",
        "sf": 7,
        "gwEui": "7276FF0039030950",
        "gwName": "B40",
        "gwRssi": -106,
        "devUplinkCounter": 160
      },
      {
        "devEui": "0018B200000023E6",
        "devAddr": "30014AE9",
        "time": "2018-11-22 12:57:56",
        "payload": "rxegiA6zbQI=",
        "sf": 7,
        "gwEui": "7276FF00390309F5",
        "gwName": "A02b",
        "gwRssi": -115,
        "devUplinkCounter": 160
      }
    ]
  },
  {
    "Floor": "B",
    "Number": 51,
    "UL1": 161,
    "UL2": 0,
    "Time": "11/22/2018 12:58:18 PM",
    "Measures": [
      {
        "devEui": "0018B200000023E6",
        "devAddr": "30014AE9",
        "time": "2018-11-22 12:58:22",
        "payload": "rxihiQ6xYgY=",
        "sf": 7,
        "gwEui": "7276FF003903097C",
        "gwName": "C22",
        "gwRssi": -112,
        "devUplinkCounter": 161
      }
    ]
  },
  {
    "Floor": "B",
    "Number": 52,
    "UL1": 163,
    "UL2": 0,
    "Time": "11/22/2018 12:59:09 PM",
    "Measures": [
      {
        "devEui": "0018B200000023E6",
        "devAddr": "30014AE9",
        "time": "2018-11-22 12:59:03",
        "payload": "rxejig60awI=",
        "sf": 7,
        "gwEui": "7276FF003903097C",
        "gwName": "C22",
        "gwRssi": -111,
        "devUplinkCounter": 163
      }
    ]
  },
  {
    "Floor": "B",
    "Number": 53,
    "UL1": 164,
    "UL2": 0,
    "Time": "11/22/2018 12:59:21 PM",
    "Measures": []
  },
  {
    "Floor": "B",
    "Number": 11,
    "UL1": 165,
    "UL2": 0,
    "Time": "11/22/2018 2:37:19 PM",
    "Measures": [
      {
        "devEui": "0018B200000023E6",
        "devAddr": "30014AE9",
        "time": "2018-11-22 14:37:13",
        "payload": "rxWljA6lZQU=",
        "sf": 7,
        "gwEui": "7276FF00390309F5",
        "gwName": "A02b",
        "gwRssi": -111,
        "devUplinkCounter": 165
      }
    ]
  },
  {
    "Floor": "B",
    "Number": 12,
    "UL1": 166,
    "UL2": 0,
    "Time": "11/22/2018 2:37:39 PM",
    "Measures": [
      {
        "devEui": "0018B200000023E6",
        "devAddr": "30014AE9",
        "time": "2018-11-22 14:37:34",
        "payload": "rxWmjQ6iWAY=",
        "sf": 7,
        "gwEui": "7276FF00390309F5",
        "gwName": "A02b",
        "gwRssi": -102,
        "devUplinkCounter": 166
      },
      {
        "devEui": "0018B200000023E6",
        "devAddr": "30014AE9",
        "time": "2018-11-22 14:37:34",
        "payload": "rxWmjQ6iWAY=",
        "sf": 7,
        "gwEui": "7276FF0039030950",
        "gwName": "B40",
        "gwRssi": -104,
        "devUplinkCounter": 166
      }
    ]
  },
  {
    "Floor": "B",
    "Number": 13,
    "UL1": 167,
    "UL2": 0,
    "Time": "11/22/2018 2:38:03 PM",
    "Measures": [
      {
        "devEui": "0018B200000023E6",
        "devAddr": "30014AE9",
        "time": "2018-11-22 14:37:57",
        "payload": "rxWnjg6hXwc=",
        "sf": 7,
        "gwEui": "7276FF00390309F5",
        "gwName": "A02b",
        "gwRssi": -110,
        "devUplinkCounter": 167
      }
    ]
  },
  {
    "Floor": "B",
    "Number": 14,
    "UL1": 168,
    "UL2": 0,
    "Time": "11/22/2018 2:38:18 PM",
    "Measures": [
      {
        "devEui": "0018B200000023E6",
        "devAddr": "30014AE9",
        "time": "2018-11-22 14:36:56",
        "payload": "rxaojw6hZgQ=",
        "sf": 7,
        "gwEui": "7276FF00390309F5",
        "gwName": "A02b",
        "gwRssi": -118,
        "devUplinkCounter": 168
      },
      {
        "devEui": "0018B200000023E6",
        "devAddr": "30014AE9",
        "time": "2018-11-22 14:36:56",
        "payload": "rxaojw6hZgQ=",
        "sf": 7,
        "gwEui": "7276FF003903097D",
        "gwName": "D60",
        "gwRssi": -112,
        "devUplinkCounter": 168
      }
    ]
  },
  {
    "Floor": "B",
    "Number": 15,
    "UL1": 169,
    "UL2": 0,
    "Time": "11/22/2018 2:38:33 PM",
    "Measures": []
  },
  {
    "Floor": "B",
    "Number": 16,
    "UL1": 171,
    "UL2": 0,
    "Time": "11/22/2018 2:39:18 PM",
    "Measures": []
  },
  {
    "Floor": "B",
    "Number": 54,
    "UL1": 175,
    "UL2": 0,
    "Time": "11/22/2018 2:41:23 PM",
    "Measures": []
  },
  {
    "Floor": "B",
    "Number": 55,
    "UL1": 176,
    "UL2": 0,
    "Time": "11/22/2018 2:41:35 PM",
    "Measures": [
      {
        "devEui": "0018B200000023E6",
        "devAddr": "30014AE9",
        "time": "2018-11-22 14:41:32",
        "payload": "rxawlg6gaQM=",
        "sf": 7,
        "gwEui": "7276FF00390309F5",
        "gwName": "A02b",
        "gwRssi": -118,
        "devUplinkCounter": 176
      }
    ]
  },
  {
    "Floor": "B",
    "Number": 56,
    "UL1": 177,
    "UL2": 0,
    "Time": "11/22/2018 2:41:56 PM",
    "Measures": []
  },
  {
    "Floor": "B",
    "Number": 57,
    "UL1": 178,
    "UL2": 0,
    "Time": "11/22/2018 2:42:11 PM",
    "Measures": [
      {
        "devEui": "0018B200000023E6",
        "devAddr": "30014AE9",
        "time": "2018-11-22 14:40:54",
        "payload": "rxaymA6fawQ=",
        "sf": 7,
        "gwEui": "7276FF00390309F5",
        "gwName": "A02b",
        "gwRssi": -119,
        "devUplinkCounter": 178
      }
    ]
  },
  {
    "Floor": "B",
    "Number": 58,
    "UL1": 179,
    "UL2": 0,
    "Time": "11/22/2018 2:42:36 PM",
    "Measures": []
  },
  {
    "Floor": "B",
    "Number": 59,
    "UL1": 180,
    "UL2": 0,
    "Time": "11/22/2018 2:44:24 PM",
    "Measures": [
      {
        "devEui": "0018B200000023E6",
        "devAddr": "30014AE9",
        "time": "2018-11-22 14:43:02",
        "payload": "rxa0mg6hZwY=",
        "sf": 7,
        "gwEui": "7276FF00390309F5",
        "gwName": "A02b",
        "gwRssi": -92,
        "devUplinkCounter": 180
      }
    ]
  },
  {
    "Floor": "B",
    "Number": 60,
    "UL1": 181,
    "UL2": 0,
    "Time": "11/22/2018 2:45:35 PM",
    "Measures": [
      {
        "devEui": "0018B200000023E6",
        "devAddr": "30014AE9",
        "time": "2018-11-22 14:45:21",
        "payload": "rxe1mw6gWgY=",
        "sf": 7,
        "gwEui": "7276FF00390309F5",
        "gwName": "A02b",
        "gwRssi": -108,
        "devUplinkCounter": 181
      }
    ]
  },
  {
    "Floor": "B",
    "Number": 63,
    "UL1": 182,
    "UL2": 0,
    "Time": "11/22/2018 2:46:30 PM",
    "Measures": [
      {
        "devEui": "0018B200000023E6",
        "devAddr": "30014AE9",
        "time": "2018-11-22 14:45:03",
        "payload": "rxa2nA6haAY=",
        "sf": 7,
        "gwEui": "7276FF00390309F5",
        "gwName": "A02b",
        "gwRssi": -116,
        "devUplinkCounter": 182
      }
    ]
  },
  {
    "Floor": "B",
    "Number": 64,
    "UL1": 183,
    "UL2": 0,
    "Time": "11/22/2018 2:47:32 PM",
    "Measures": [
      {
        "devEui": "0018B200000023E6",
        "devAddr": "30014AE9",
        "time": "2018-11-22 14:47:27",
        "payload": "rxa3nQ6fbgU=",
        "sf": 7,
        "gwEui": "7276FF00390309F5",
        "gwName": "A02b",
        "gwRssi": -102,
        "devUplinkCounter": 183
      }
    ]
  },
  {
    "Floor": "B",
    "Number": 65,
    "UL1": 184,
    "UL2": 0,
    "Time": "11/22/2018 2:48:05 PM",
    "Measures": [
      {
        "devEui": "0018B200000023E6",
        "devAddr": "30014AE9",
        "time": "2018-11-22 14:46:42",
        "payload": "rxa4ng6hZgQ=",
        "sf": 7,
        "gwEui": "7276FF00390309F5",
        "gwName": "A02b",
        "gwRssi": -115,
        "devUplinkCounter": 184
      }
    ]
  },
  {
    "Floor": "B",
    "Number": 66,
    "UL1": 185,
    "UL2": 0,
    "Time": "11/22/2018 2:50:15 PM",
    "Measures": [
      {
        "devEui": "0018B200000023E6",
        "devAddr": "30014AE9",
        "time": "2018-11-22 14:48:52",
        "payload": "rxW5nw6fZQQ=",
        "sf": 7,
        "gwEui": "7276FF00390309F5",
        "gwName": "A02b",
        "gwRssi": -119,
        "devUplinkCounter": 185
      }
    ]
  },
  {
    "Floor": "B",
    "Number": 67,
    "UL1": 186,
    "UL2": 0,
    "Time": "11/22/2018 2:50:37 PM",
    "Measures": [
      {
        "devEui": "0018B200000023E6",
        "devAddr": "30014AE9",
        "time": "2018-11-22 14:49:14",
        "payload": "rxW6oA6hd/g=",
        "sf": 7,
        "gwEui": "7276FF00390309F5",
        "gwName": "A02b",
        "gwRssi": -114,
        "devUplinkCounter": 186
      }
    ]
  },
  {
    "Floor": "B",
    "Number": 68,
    "UL1": 187,
    "UL2": 0,
    "Time": "11/22/2018 2:51:18 PM",
    "Measures": [
      {
        "devEui": "0018B200000023E6",
        "devAddr": "30014AE9",
        "time": "2018-11-22 14:51:07",
        "payload": "rxW7oQ6fZwU=",
        "sf": 7,
        "gwEui": "7276FF00390309F5",
        "gwName": "A02b",
        "gwRssi": -95,
        "devUplinkCounter": 187
      }
    ]
  },
  {
    "Floor": "B",
    "Number": 69,
    "UL1": 188,
    "UL2": 0,
    "Time": "11/22/2018 2:52:29 PM",
    "Measures": [
      {
        "devEui": "0018B200000023E6",
        "devAddr": "30014AE9",
        "time": "2018-11-22 14:52:12",
        "payload": "zxa8og6lWQY=",
        "sf": 7,
        "gwEui": "7276FF00390309F5",
        "gwName": "A02b",
        "gwRssi": -90,
        "devUplinkCounter": 188
      }
    ]
  },
  {
    "Floor": "B",
    "Number": 70,
    "UL1": 190,
    "UL2": 0,
    "Time": "11/22/2018 2:53:12 PM",
    "Measures": [
      {
        "devEui": "0018B200000023E6",
        "devAddr": "30014AE9",
        "time": "2018-11-22 14:53:10",
        "payload": "rxW+pA6gTAY=",
        "sf": 7,
        "gwEui": "7276FF00390309F5",
        "gwName": "A02b",
        "gwRssi": -112,
        "devUplinkCounter": 190
      }
    ]
  },
  {
    "Floor": "B",
    "Number": 73,
    "UL1": 191,
    "UL2": 0,
    "Time": "11/22/2018 2:57:20 PM",
    "Measures": [
      {
        "devEui": "0018B200000023E6",
        "devAddr": "30014AE9",
        "time": "2018-11-22 14:57:13",
        "payload": "rxS/pQ6fXgU=",
        "sf": 7,
        "gwEui": "7276FF00390309F5",
        "gwName": "A02b",
        "gwRssi": -70,
        "devUplinkCounter": 191
      },
      {
        "devEui": "0018B200000023E6",
        "devAddr": "30014AE9",
        "time": "2018-11-22 14:57:13",
        "payload": "rxS/pQ6fXgU=",
        "sf": 7,
        "gwEui": "7276FF003903097D",
        "gwName": "D60",
        "gwRssi": -110,
        "devUplinkCounter": 191
      }
    ]
  },
  {
    "Floor": "B",
    "Number": 74,
    "UL1": 192,
    "UL2": 0,
    "Time": "11/22/2018 2:57:46 PM",
    "Measures": [
      {
        "devEui": "0018B200000023E6",
        "devAddr": "30014AE9",
        "time": "2018-11-22 14:57:34",
        "payload": "rxXApg6eRAU=",
        "sf": 7,
        "gwEui": "7276FF00390309F5",
        "gwName": "A02b",
        "gwRssi": -77,
        "devUplinkCounter": 192
      }
    ]
  },
  {
    "Floor": "B",
    "Number": 77,
    "UL1": 193,
    "UL2": 0,
    "Time": "11/22/2018 2:59:59 PM",
    "Measures": []
  },
  {
    "Floor": "B",
    "Number": 78,
    "UL1": 194,
    "UL2": 0,
    "Time": "11/22/2018 3:00:22 PM",
    "Measures": []
  },
  {
    "Floor": "B",
    "Number": 79,
    "UL1": 195,
    "UL2": 0,
    "Time": "11/22/2018 3:00:41 PM",
    "Measures": [
      {
        "devEui": "0018B200000023E6",
        "devAddr": "30014AE9",
        "time": "2018-11-22 15:00:36",
        "payload": "rxXDqQ6eWwc=",
        "sf": 7,
        "gwEui": "7276FF003903097D",
        "gwName": "D60",
        "gwRssi": -105,
        "devUplinkCounter": 195
      },
      {
        "devEui": "0018B200000023E6",
        "devAddr": "30014AE9",
        "time": "2018-11-22 15:00:36",
        "payload": "rxXDqQ6eWwc=",
        "sf": 7,
        "gwEui": "7276FF00390309F5",
        "gwName": "A02b",
        "gwRssi": -114,
        "devUplinkCounter": 195
      }
    ]
  },
  {
    "Floor": "B",
    "Number": 80,
    "UL1": 196,
    "UL2": 0,
    "Time": "11/22/2018 3:00:55 PM",
    "Measures": [
      {
        "devEui": "0018B200000023E6",
        "devAddr": "30014AE9",
        "time": "2018-11-22 15:00:50",
        "payload": "rxXEqg6cXwU=",
        "sf": 7,
        "gwEui": "7276FF00390309F5",
        "gwName": "A02b",
        "gwRssi": -106,
        "devUplinkCounter": 196
      },
      {
        "devEui": "0018B200000023E6",
        "devAddr": "30014AE9",
        "time": "2018-11-22 15:00:50",
        "payload": "rxXEqg6cXwU=",
        "sf": 7,
        "gwEui": "7276FF003903097D",
        "gwName": "D60",
        "gwRssi": -112,
        "devUplinkCounter": 196
      }
    ]
  },
  {
    "Floor": "B",
    "Number": 81,
    "UL1": 197,
    "UL2": 0,
    "Time": "11/22/2018 3:01:22 PM",
    "Measures": [
      {
        "devEui": "0018B200000023E6",
        "devAddr": "30014AE9",
        "time": "2018-11-22 15:01:18",
        "payload": "rxXFqw6eWgY=",
        "sf": 7,
        "gwEui": "7276FF003903097D",
        "gwName": "D60",
        "gwRssi": -113,
        "devUplinkCounter": 197
      },
      {
        "devEui": "0018B200000023E6",
        "devAddr": "30014AE9",
        "time": "2018-11-22 15:01:18",
        "payload": "rxXFqw6eWgY=",
        "sf": 7,
        "gwEui": "7276FF00390309F5",
        "gwName": "A02b",
        "gwRssi": -108,
        "devUplinkCounter": 197
      }
    ]
  },
  {
    "Floor": "B",
    "Number": 82,
    "UL1": 198,
    "UL2": 0,
    "Time": "11/22/2018 3:01:37 PM",
    "Measures": [
      {
        "devEui": "0018B200000023E6",
        "devAddr": "30014AE9",
        "time": "2018-11-22 15:01:31",
        "payload": "rxXGrA6dVAY=",
        "sf": 7,
        "gwEui": "7276FF003903097D",
        "gwName": "D60",
        "gwRssi": -111,
        "devUplinkCounter": 198
      },
      {
        "devEui": "0018B200000023E6",
        "devAddr": "30014AE9",
        "time": "2018-11-22 15:01:31",
        "payload": "rxXGrA6dVAY=",
        "sf": 7,
        "gwEui": "7276FF00390309F5",
        "gwName": "A02b",
        "gwRssi": -111,
        "devUplinkCounter": 198
      }
    ]
  },
  {
    "Floor": "B",
    "Number": 83,
    "UL1": 199,
    "UL2": 0,
    "Time": "11/22/2018 3:03:09 PM",
    "Measures": []
  },
  {
    "Floor": "B",
    "Number": 84,
    "UL1": 200,
    "UL2": 0,
    "Time": "11/22/2018 3:03:25 PM",
    "Measures": [
      {
        "devEui": "0018B200000023E6",
        "devAddr": "30014AE9",
        "time": "2018-11-22 15:03:21",
        "payload": "rxbIrg6dYAY=",
        "sf": 7,
        "gwEui": "7276FF003903097D",
        "gwName": "D60",
        "gwRssi": -112,
        "devUplinkCounter": 200
      },
      {
        "devEui": "0018B200000023E6",
        "devAddr": "30014AE9",
        "time": "2018-11-22 15:03:21",
        "payload": "rxbIrg6dYAY=",
        "sf": 7,
        "gwEui": "7276FF00390309F5",
        "gwName": "A02b",
        "gwRssi": -117,
        "devUplinkCounter": 200
      }
    ]
  },
  {
    "Floor": "B",
    "Number": 87,
    "UL1": 202,
    "UL2": 0,
    "Time": "11/22/2018 3:05:20 PM",
    "Measures": [
      {
        "devEui": "0018B200000023E6",
        "devAddr": "30014AE9",
        "time": "2018-11-22 15:05:02",
        "payload": "rxbKsA6caQQ=",
        "sf": 7,
        "gwEui": "7276FF003903097D",
        "gwName": "D60",
        "gwRssi": -112,
        "devUplinkCounter": 202
      }
    ]
  },
  {
    "Floor": "B",
    "Number": 88,
    "UL1": 203,
    "UL2": 0,
    "Time": "11/22/2018 3:05:44 PM",
    "Measures": [
      {
        "devEui": "0018B200000023E6",
        "devAddr": "30014AE9",
        "time": "2018-11-22 15:05:35",
        "payload": "rxbLsQ6cWgc=",
        "sf": 7,
        "gwEui": "7276FF003903097D",
        "gwName": "D60",
        "gwRssi": -112,
        "devUplinkCounter": 203
      }
    ]
  },
  {
    "Floor": "B",
    "Number": 89,
    "UL1": 204,
    "UL2": 0,
    "Time": "11/22/2018 3:06:13 PM",
    "Measures": []
  },
  {
    "Floor": "B",
    "Number": 90,
    "UL1": 205,
    "UL2": 0,
    "Time": "11/22/2018 3:06:26 PM",
    "Measures": []
  },
  {
    "Floor": "B",
    "Number": 91,
    "UL1": 207,
    "UL2": 0,
    "Time": "11/22/2018 3:07:00 PM",
    "Measures": []
  },
  {
    "Floor": "B",
    "Number": 110,
    "UL1": 210,
    "UL2": 0,
    "Time": "11/22/2018 3:11:04 PM",
    "Measures": [
      {
        "devEui": "0018B200000023E6",
        "devAddr": "30014AE9",
        "time": "2018-11-22 15:11:04",
        "payload": "rxbStg6bawA=",
        "sf": 7,
        "gwEui": "7276FF00390309F5",
        "gwName": "A02b",
        "gwRssi": -113,
        "devUplinkCounter": 210
      }
    ]
  },
  {
    "Floor": "B",
    "Number": 111,
    "UL1": 211,
    "UL2": 0,
    "Time": "11/22/2018 3:11:22 PM",
    "Measures": [
      {
        "devEui": "0018B200000023E6",
        "devAddr": "30014AE9",
        "time": "2018-11-22 15:10:01",
        "payload": "rxXTtw6bbgM=",
        "sf": 7,
        "gwEui": "7276FF00390309F5",
        "gwName": "A02b",
        "gwRssi": -118,
        "devUplinkCounter": 211
      }
    ]
  },
  {
    "Floor": "B",
    "Number": 112,
    "UL1": 212,
    "UL2": 0,
    "Time": "11/22/2018 3:11:50 PM",
    "Measures": [
      {
        "devEui": "0018B200000023E6",
        "devAddr": "30014AE9",
        "time": "2018-11-22 15:10:29",
        "payload": "rxbUuA6aZAY=",
        "sf": 8,
        "gwEui": "7276FF003903097D",
        "gwName": "D60",
        "gwRssi": -112,
        "devUplinkCounter": 212
      },
      {
        "devEui": "0018B200000023E6",
        "devAddr": "30014AE9",
        "time": "2018-11-22 15:10:29",
        "payload": "rxbUuA6aZAY=",
        "sf": 8,
        "gwEui": "7276FF00390309F5",
        "gwName": "A02b",
        "gwRssi": -117,
        "devUplinkCounter": 212
      }
    ]
  },
  {
    "Floor": "B",
    "Number": 113,
    "UL1": 215,
    "UL2": 0,
    "Time": "11/22/2018 3:12:23 PM",
    "Measures": []
  },
  {
    "Floor": "B",
    "Number": 114,
    "UL1": 220,
    "UL2": 0,
    "Time": "11/22/2018 3:15:11 PM",
    "Measures": []
  },
  {
    "Floor": "B",
    "Number": 115,
    "UL1": 221,
    "UL2": 0,
    "Time": "11/22/2018 3:17:26 PM",
    "Measures": [
      {
        "devEui": "0018B200000023E6",
        "devAddr": "30014AE9",
        "time": "2018-11-22 15:16:03",
        "payload": "rxbduw6acAI=",
        "sf": 7,
        "gwEui": "7276FF00390309F5",
        "gwName": "A02b",
        "gwRssi": -116,
        "devUplinkCounter": 221
      }
    ]
  },
  {
    "Floor": "B",
    "Number": 116,
    "UL1": 226,
    "UL2": 0,
    "Time": "11/22/2018 3:18:06 PM",
    "Measures": []
  },
  {
    "Floor": "B",
    "Number": 117,
    "UL1": 227,
    "UL2": 0,
    "Time": "11/22/2018 3:18:38 PM",
    "Measures": [
      {
        "devEui": "0018B200000023E6",
        "devAddr": "30014AE9",
        "time": "2018-11-22 15:18:31",
        "payload": "rxfjvg6ZbgM=",
        "sf": 7,
        "gwEui": "7276FF00390309F5",
        "gwName": "A02b",
        "gwRssi": -114,
        "devUplinkCounter": 227
      }
    ]
  },
  {
    "Floor": "B",
    "Number": 118,
    "UL1": 228,
    "UL2": 0,
    "Time": "11/22/2018 3:18:53 PM",
    "Measures": [
      {
        "devEui": "0018B200000023E6",
        "devAddr": "30014AE9",
        "time": "2018-11-22 15:18:48",
        "payload": "rxfkvw6VaAM=",
        "sf": 7,
        "gwEui": "7276FF003903097D",
        "gwName": "D60",
        "gwRssi": -110,
        "devUplinkCounter": 228
      },
      {
        "devEui": "0018B200000023E6",
        "devAddr": "30014AE9",
        "time": "2018-11-22 15:18:48",
        "payload": "rxfkvw6VaAM=",
        "sf": 7,
        "gwEui": "7276FF00390309F5",
        "gwName": "A02b",
        "gwRssi": -112,
        "devUplinkCounter": 228
      }
    ]
  },
  {
    "Floor": "B",
    "Number": 121,
    "UL1": 229,
    "UL2": 0,
    "Time": "11/22/2018 3:20:47 PM",
    "Measures": [
      {
        "devEui": "0018B200000023E6",
        "devAddr": "30014AE9",
        "time": "2018-11-22 15:20:37",
        "payload": "rxflwA6XaAQ=",
        "sf": 7,
        "gwEui": "7276FF00390309F5",
        "gwName": "A02b",
        "gwRssi": -108,
        "devUplinkCounter": 229
      },
      {
        "devEui": "0018B200000023E6",
        "devAddr": "30014AE9",
        "time": "2018-11-22 15:20:37",
        "payload": "rxflwA6XaAQ=",
        "sf": 7,
        "gwEui": "7276FF003903097D",
        "gwName": "D60",
        "gwRssi": -111,
        "devUplinkCounter": 229
      }
    ]
  },
  {
    "Floor": "B",
    "Number": 122,
    "UL1": 230,
    "UL2": 0,
    "Time": "11/22/2018 3:21:36 PM",
    "Measures": [
      {
        "devEui": "0018B200000023E6",
        "devAddr": "30014AE9",
        "time": "2018-11-22 15:19:59",
        "payload": "rxfmwQ6XZQY=",
        "sf": 7,
        "gwEui": "7276FF003903097D",
        "gwName": "D60",
        "gwRssi": -102,
        "devUplinkCounter": 230
      },
      {
        "devEui": "0018B200000023E6",
        "devAddr": "30014AE9",
        "time": "2018-11-22 15:19:59",
        "payload": "rxfmwQ6XZQY=",
        "sf": 7,
        "gwEui": "7276FF00390309F5",
        "gwName": "A02b",
        "gwRssi": -118,
        "devUplinkCounter": 230
      }
    ]
  },
  {
    "Floor": "B",
    "Number": 127,
    "UL1": 231,
    "UL2": 0,
    "Time": "11/22/2018 3:24:52 PM",
    "Measures": [
      {
        "devEui": "0018B200000023E6",
        "devAddr": "30014AE9",
        "time": "2018-11-22 15:24:45",
        "payload": "rxfnwg6WYAc=",
        "sf": 7,
        "gwEui": "7276FF003903097D",
        "gwName": "D60",
        "gwRssi": -104,
        "devUplinkCounter": 231
      },
      {
        "devEui": "0018B200000023E6",
        "devAddr": "30014AE9",
        "time": "2018-11-22 15:24:45",
        "payload": "rxfnwg6WYAc=",
        "sf": 7,
        "gwEui": "7276FF00390309F5",
        "gwName": "A02b",
        "gwRssi": -102,
        "devUplinkCounter": 231
      }
    ]
  },
  {
    "Floor": "B",
    "Number": 128,
    "UL1": 233,
    "UL2": 0,
    "Time": "11/22/2018 3:25:51 PM",
    "Measures": [
      {
        "devEui": "0018B200000023E6",
        "devAddr": "30014AE9",
        "time": "2018-11-22 15:24:21",
        "payload": "rxfpxA6VXAY=",
        "sf": 7,
        "gwEui": "7276FF003903097D",
        "gwName": "D60",
        "gwRssi": -94,
        "devUplinkCounter": 233
      },
      {
        "devEui": "0018B200000023E6",
        "devAddr": "30014AE9",
        "time": "2018-11-22 15:24:21",
        "payload": "rxfpxA6VXAY=",
        "sf": 7,
        "gwEui": "7276FF00390309F5",
        "gwName": "A02b",
        "gwRssi": -116,
        "devUplinkCounter": 233
      }
    ]
  },
  {
    "Floor": "B",
    "Number": 146,
    "UL1": 234,
    "UL2": 0,
    "Time": "11/22/2018 3:31:07 PM",
    "Measures": [
      {
        "devEui": "0018B200000023E6",
        "devAddr": "30014AE9",
        "time": "2018-11-22 15:31:01",
        "payload": "rxfqxQ6VUgc=",
        "sf": 7,
        "gwEui": "7276FF0039030950",
        "gwName": "B40",
        "gwRssi": -80,
        "devUplinkCounter": 234
      }
    ]
  },
  {
    "Floor": "B",
    "Number": 147,
    "UL1": 235,
    "UL2": 0,
    "Time": "11/22/2018 3:31:26 PM",
    "Measures": [
      {
        "devEui": "0018B200000023E6",
        "devAddr": "30014AE9",
        "time": "2018-11-22 15:31:20",
        "payload": "rxfrxg6UTAY=",
        "sf": 7,
        "gwEui": "7276FF0039030950",
        "gwName": "B40",
        "gwRssi": -65,
        "devUplinkCounter": 235
      }
    ]
  },
  {
    "Floor": "B",
    "Number": 148,
    "UL1": 239,
    "UL2": 0,
    "Time": "11/22/2018 3:32:07 PM",
    "Measures": []
  },
  {
    "Floor": "B",
    "Number": 149,
    "UL1": 240,
    "UL2": 0,
    "Time": "11/22/2018 3:33:55 PM",
    "Measures": [
      {
        "devEui": "0018B200000023E6",
        "devAddr": "30014AE9",
        "time": "2018-11-22 15:33:48",
        "payload": "rxfwyA6VRAU=",
        "sf": 7,
        "gwEui": "7276FF0039030950",
        "gwName": "B40",
        "gwRssi": -72,
        "devUplinkCounter": 240
      }
    ]
  },
  {
    "Floor": "B",
    "Number": 150,
    "UL1": 241,
    "UL2": 0,
    "Time": "11/22/2018 3:34:11 PM",
    "Measures": [
      {
        "devEui": "0018B200000023E6",
        "devAddr": "30014AE9",
        "time": "2018-11-22 15:34:06",
        "payload": "rxfxyQ6WPwc=",
        "sf": 7,
        "gwEui": "7276FF0039030950",
        "gwName": "B40",
        "gwRssi": -78,
        "devUplinkCounter": 241
      }
    ]
  },
  {
    "Floor": "B",
    "Number": 151,
    "UL1": 242,
    "UL2": 0,
    "Time": "11/22/2018 3:34:29 PM",
    "Measures": [
      {
        "devEui": "0018B200000023E6",
        "devAddr": "30014AE9",
        "time": "2018-11-22 15:34:24",
        "payload": "rxfyyg6TRQc=",
        "sf": 7,
        "gwEui": "7276FF0039030950",
        "gwName": "B40",
        "gwRssi": -76,
        "devUplinkCounter": 242
      }
    ]
  },
  {
    "Floor": "B",
    "Number": 152,
    "UL1": 243,
    "UL2": 0,
    "Time": "11/22/2018 3:34:42 PM",
    "Measures": [
      {
        "devEui": "0018B200000023E6",
        "devAddr": "30014AE9",
        "time": "2018-11-22 15:34:37",
        "payload": "rxjzyw6VRwY=",
        "sf": 7,
        "gwEui": "7276FF0039030950",
        "gwName": "B40",
        "gwRssi": -84,
        "devUplinkCounter": 243
      }
    ]
  },
  {
    "Floor": "B",
    "Number": 153,
    "UL1": 244,
    "UL2": 0,
    "Time": "11/22/2018 3:34:56 PM",
    "Measures": [
      {
        "devEui": "0018B200000023E6",
        "devAddr": "30014AE9",
        "time": "2018-11-22 15:34:51",
        "payload": "rxf0zA6TSwc=",
        "sf": 7,
        "gwEui": "7276FF0039030950",
        "gwName": "B40",
        "gwRssi": -86,
        "devUplinkCounter": 244
      }
    ]
  },
  {
    "Floor": "B",
    "Number": 154,
    "UL1": 245,
    "UL2": 0,
    "Time": "11/22/2018 3:36:16 PM",
    "Measures": [
      {
        "devEui": "0018B200000023E6",
        "devAddr": "30014AE9",
        "time": "2018-11-22 15:36:07",
        "payload": "rxj1zQ6USgc=",
        "sf": 7,
        "gwEui": "7276FF0039030950",
        "gwName": "B40",
        "gwRssi": -50,
        "devUplinkCounter": 245
      }
    ]
  },
  {
    "Floor": "B",
    "Number": 155,
    "UL1": 246,
    "UL2": 0,
    "Time": "11/22/2018 3:36:40 PM",
    "Measures": [
      {
        "devEui": "0018B200000023E6",
        "devAddr": "30014AE9",
        "time": "2018-11-22 15:36:32",
        "payload": "rxj2zg6SLAY=",
        "sf": 7,
        "gwEui": "7276FF0039030950",
        "gwName": "B40",
        "gwRssi": -52,
        "devUplinkCounter": 246
      }
    ]
  },
  {
    "Floor": "B",
    "Number": 156,
    "UL1": 247,
    "UL2": 0,
    "Time": "11/22/2018 3:37:00 PM",
    "Measures": [
      {
        "devEui": "0018B200000023E6",
        "devAddr": "30014AE9",
        "time": "2018-11-22 15:36:31",
        "payload": "rxf3zw6ULwc=",
        "sf": 7,
        "gwEui": "7276FF0039030950",
        "gwName": "B40",
        "gwRssi": -44,
        "devUplinkCounter": 247
      }
    ]
  },
  {
    "Floor": "B",
    "Number": 157,
    "UL1": 248,
    "UL2": 0,
    "Time": "11/22/2018 3:37:19 PM",
    "Measures": []
  },
  {
    "Floor": "B",
    "Number": 158,
    "UL1": 250,
    "UL2": 0,
    "Time": "11/22/2018 3:37:39 PM",
    "Measures": [
      {
        "devEui": "0018B200000023E6",
        "devAddr": "30014AE9",
        "time": "2018-11-22 15:37:41",
        "payload": "rxj60Q6QJgY=",
        "sf": 7,
        "gwEui": "7276FF0039030950",
        "gwName": "B40",
        "gwRssi": -44,
        "devUplinkCounter": 250
      }
    ]
  },
  {
    "Floor": "B",
    "Number": 159,
    "UL1": 251,
    "UL2": 0,
    "Time": "11/22/2018 3:37:45 PM",
    "Measures": [
      {
        "devEui": "0018B200000023E6",
        "devAddr": "30014AE9",
        "time": "2018-11-22 15:38:31",
        "payload": "rxj70g6SJwY=",
        "sf": 7,
        "gwEui": "7276FF0039030950",
        "gwName": "B40",
        "gwRssi": -54,
        "devUplinkCounter": 251
      }
    ]
  },
  {
    "Floor": "B",
    "Number": 160,
    "UL1": 252,
    "UL2": 0,
    "Time": "11/22/2018 3:38:43 PM",
    "Measures": [
      {
        "devEui": "0018B200000023E6",
        "devAddr": "30014AE9",
        "time": "2018-11-22 15:38:39",
        "payload": "rxj80w6SKwQ=",
        "sf": 7,
        "gwEui": "7276FF0039030950",
        "gwName": "B40",
        "gwRssi": -52,
        "devUplinkCounter": 252
      },
      {
        "devEui": "0018B200000023E6",
        "devAddr": "30014AE9",
        "time": "2018-11-22 15:38:39",
        "payload": "rxj80w6SKwQ=",
        "sf": 7,
        "gwEui": "7276FF003903097C",
        "gwName": "C22",
        "gwRssi": -112,
        "devUplinkCounter": 252
      }
    ]
  },
  {
    "Floor": "B",
    "Number": 161,
    "UL1": 253,
    "UL2": 0,
    "Time": "11/22/2018 3:38:56 PM",
    "Measures": [
      {
        "devEui": "0018B200000023E6",
        "devAddr": "30014AE9",
        "time": "2018-11-22 15:38:26",
        "payload": "rxj91A6TKwU=",
        "sf": 7,
        "gwEui": "7276FF0039030950",
        "gwName": "B40",
        "gwRssi": -45,
        "devUplinkCounter": 253
      }
    ]
  },
  {
    "Floor": "B",
    "Number": 162,
    "UL1": 254,
    "UL2": 0,
    "Time": "11/22/2018 3:39:12 PM",
    "Measures": [
      {
        "devEui": "0018B200000023E6",
        "devAddr": "30014AE9",
        "time": "2018-11-22 15:38:43",
        "payload": "rxj+1Q6RJgY=",
        "sf": 7,
        "gwEui": "7276FF0039030950",
        "gwName": "B40",
        "gwRssi": -30,
        "devUplinkCounter": 254
      }
    ]
  },
  {
    "Floor": "B",
    "Number": 163,
    "UL1": 255,
    "UL2": 0,
    "Time": "11/22/2018 3:39:24 PM",
    "Measures": [
      {
        "devEui": "0018B200000023E6",
        "devAddr": "30014AE9",
        "time": "2018-11-22 15:38:54",
        "payload": "rxj/1g6QBAc=",
        "sf": 7,
        "gwEui": "7276FF0039030950",
        "gwName": "B40",
        "gwRssi": -24,
        "devUplinkCounter": 255
      }
    ]
  },
  {
    "Floor": "B",
    "Number": 164,
    "UL1": 256,
    "UL2": 0,
    "Time": "11/22/2018 3:39:33 PM",
    "Measures": [
      {
        "devEui": "0018B200000023E6",
        "devAddr": "30014AE9",
        "time": "2018-11-22 15:39:10",
        "payload": "rxgAAQ6RKwY=",
        "sf": 7,
        "gwEui": "7276FF0039030950",
        "gwName": "B40",
        "gwRssi": -36,
        "devUplinkCounter": 0
      },
      {
        "devEui": "0018B200000023E6",
        "devAddr": "30014AE9",
        "time": "2018-11-22 15:39:38",
        "payload": "rxgAAQ6RKwY=",
        "sf": 7,
        "gwEui": "7276FF0039030950",
        "gwName": "B40",
        "gwRssi": -35,
        "devUplinkCounter": 0
      }
    ]
  },
  {
    "Floor": "B",
    "Number": 165,
    "UL1": 258,
    "UL2": 0,
    "Time": "11/22/2018 3:41:17 PM",
    "Measures": [
      {
        "devEui": "0018B200000023E6",
        "devAddr": "30014AE9",
        "time": "2018-11-22 15:41:12",
        "payload": "rxgCAg6SJAI=",
        "sf": 7,
        "gwEui": "7276FF003903097C",
        "gwName": "C22",
        "gwRssi": -106,
        "devUplinkCounter": 2
      },
      {
        "devEui": "0018B200000023E6",
        "devAddr": "30014AE9",
        "time": "2018-11-22 15:41:12",
        "payload": "rxgCAg6SJAI=",
        "sf": 7,
        "gwEui": "7276FF0039030950",
        "gwName": "B40",
        "gwRssi": -51,
        "devUplinkCounter": 2
      }
    ]
  },
  {
    "Floor": "B",
    "Number": 166,
    "UL1": 259,
    "UL2": 0,
    "Time": "11/22/2018 3:41:33 PM",
    "Measures": [
      {
        "devEui": "0018B200000023E6",
        "devAddr": "30014AE9",
        "time": "2018-11-22 15:41:03",
        "payload": "rxkDAw6QLAQ=",
        "sf": 7,
        "gwEui": "7276FF0039030950",
        "gwName": "B40",
        "gwRssi": -60,
        "devUplinkCounter": 3
      }
    ]
  },
  {
    "Floor": "B",
    "Number": 167,
    "UL1": 260,
    "UL2": 0,
    "Time": "11/22/2018 3:41:51 PM",
    "Measures": [
      {
        "devEui": "0018B200000023E6",
        "devAddr": "30014AE9",
        "time": "2018-11-22 15:41:22",
        "payload": "rxkEBA6SNAc=",
        "sf": 7,
        "gwEui": "7276FF0039030950",
        "gwName": "B40",
        "gwRssi": -42,
        "devUplinkCounter": 4
      }
    ]
  },
  {
    "Floor": "B",
    "Number": 168,
    "UL1": 261,
    "UL2": 0,
    "Time": "11/22/2018 3:42:04 PM",
    "Measures": [
      {
        "devEui": "0018B200000023E6",
        "devAddr": "30014AE9",
        "time": "2018-11-22 15:41:57",
        "payload": "rxkFBQ6QKgY=",
        "sf": 7,
        "gwEui": "7276FF0039030950",
        "gwName": "B40",
        "gwRssi": -52,
        "devUplinkCounter": 5
      },
      {
        "devEui": "0018B200000023E6",
        "devAddr": "30014AE9",
        "time": "2018-11-22 15:41:57",
        "payload": "rxkFBQ6QKgY=",
        "sf": 7,
        "gwEui": "7276FF003903097C",
        "gwName": "C22",
        "gwRssi": -112,
        "devUplinkCounter": 5
      }
    ]
  },
  {
    "Floor": "B",
    "Number": 169,
    "UL1": 263,
    "UL2": 0,
    "Time": "11/22/2018 3:44:59 PM",
    "Measures": [
      {
        "devEui": "0018B200000023E6",
        "devAddr": "30014AE9",
        "time": "2018-11-22 15:44:52",
        "payload": "rxkHBw6QNAc=",
        "sf": 7,
        "gwEui": "7276FF003903097C",
        "gwName": "C22",
        "gwRssi": -99,
        "devUplinkCounter": 7
      },
      {
        "devEui": "0018B200000023E6",
        "devAddr": "30014AE9",
        "time": "2018-11-22 15:44:52",
        "payload": "rxkHBw6QNAc=",
        "sf": 7,
        "gwEui": "7276FF0039030950",
        "gwName": "B40",
        "gwRssi": -60,
        "devUplinkCounter": 7
      }
    ]
  },
  {
    "Floor": "B",
    "Number": 170,
    "UL1": 264,
    "UL2": 0,
    "Time": "11/22/2018 3:45:19 PM",
    "Measures": [
      {
        "devEui": "0018B200000023E6",
        "devAddr": "30014AE9",
        "time": "2018-11-22 15:45:12",
        "payload": "rxkICA6QNAY=",
        "sf": 7,
        "gwEui": "7276FF0039030950",
        "gwName": "B40",
        "gwRssi": -50,
        "devUplinkCounter": 8
      },
      {
        "devEui": "0018B200000023E6",
        "devAddr": "30014AE9",
        "time": "2018-11-22 15:45:12",
        "payload": "rxkICA6QNAY=",
        "sf": 7,
        "gwEui": "7276FF003903097C",
        "gwName": "C22",
        "gwRssi": -110,
        "devUplinkCounter": 8
      }
    ]
  },
  {
    "Floor": "B",
    "Number": 171,
    "UL1": 265,
    "UL2": 0,
    "Time": "11/22/2018 3:45:39 PM",
    "Measures": [
      {
        "devEui": "0018B200000023E6",
        "devAddr": "30014AE9",
        "time": "2018-11-22 15:45:08",
        "payload": "rxoJCQ6QNwY=",
        "sf": 7,
        "gwEui": "7276FF0039030950",
        "gwName": "B40",
        "gwRssi": -74,
        "devUplinkCounter": 9
      },
      {
        "devEui": "0018B200000023E6",
        "devAddr": "30014AE9",
        "time": "2018-11-22 15:45:31",
        "payload": "rxoJCQ6QNwY=",
        "sf": 7,
        "gwEui": "7276FF003903097C",
        "gwName": "C22",
        "gwRssi": -108,
        "devUplinkCounter": 9
      }
    ]
  },
  {
    "Floor": "B",
    "Number": 172,
    "UL1": 266,
    "UL2": 0,
    "Time": "11/22/2018 3:45:55 PM",
    "Measures": [
      {
        "devEui": "0018B200000023E6",
        "devAddr": "30014AE9",
        "time": "2018-11-22 15:45:49",
        "payload": "rxoKCg6OQQY=",
        "sf": 7,
        "gwEui": "7276FF0039030950",
        "gwName": "B40",
        "gwRssi": -74,
        "devUplinkCounter": 10
      },
      {
        "devEui": "0018B200000023E6",
        "devAddr": "30014AE9",
        "time": "2018-11-22 15:45:49",
        "payload": "rxoKCg6OQQY=",
        "sf": 7,
        "gwEui": "7276FF003903097C",
        "gwName": "C22",
        "gwRssi": -95,
        "devUplinkCounter": 10
      }
    ]
  },
  {
    "Floor": "B",
    "Number": 173,
    "UL1": 267,
    "UL2": 0,
    "Time": "11/22/2018 3:46:08 PM",
    "Measures": [
      {
        "devEui": "0018B200000023E6",
        "devAddr": "30014AE9",
        "time": "2018-11-22 15:45:45",
        "payload": "rxkLCw6OTwY=",
        "sf": 7,
        "gwEui": "7276FF0039030950",
        "gwName": "B40",
        "gwRssi": -71,
        "devUplinkCounter": 11
      }
    ]
  },
  {
    "Floor": "B",
    "Number": 179,
    "UL1": 268,
    "UL2": 0,
    "Time": "11/22/2018 3:48:44 PM",
    "Measures": [
      {
        "devEui": "0018B200000023E6",
        "devAddr": "30014AE9",
        "time": "2018-11-22 15:48:35",
        "payload": "rxoMDA6OQwU=",
        "sf": 7,
        "gwEui": "7276FF0039030950",
        "gwName": "B40",
        "gwRssi": -78,
        "devUplinkCounter": 12
      },
      {
        "devEui": "0018B200000023E6",
        "devAddr": "30014AE9",
        "time": "2018-11-22 15:48:35",
        "payload": "rxoMDA6OQwU=",
        "sf": 7,
        "gwEui": "7276FF003903097C",
        "gwName": "C22",
        "gwRssi": -105,
        "devUplinkCounter": 12
      }
    ]
  },
  {
    "Floor": "B",
    "Number": 185,
    "UL1": 269,
    "UL2": 0,
    "Time": "11/22/2018 3:51:11 PM",
    "Measures": [
      {
        "devEui": "0018B200000023E6",
        "devAddr": "30014AE9",
        "time": "2018-11-22 15:51:02",
        "payload": "rxkNDQ6PSgY=",
        "sf": 7,
        "gwEui": "7276FF0039030950",
        "gwName": "B40",
        "gwRssi": -65,
        "devUplinkCounter": 13
      }
    ]
  },
  {
    "Floor": "B",
    "Number": 186,
    "UL1": 270,
    "UL2": 0,
    "Time": "11/22/2018 3:51:39 PM",
    "Measures": [
      {
        "devEui": "0018B200000023E6",
        "devAddr": "30014AE9",
        "time": "2018-11-22 15:51:06",
        "payload": "zxkODg6QOwc=",
        "sf": 7,
        "gwEui": "7276FF0039030950",
        "gwName": "B40",
        "gwRssi": -59,
        "devUplinkCounter": 14
      }
    ]
  },
  {
    "Floor": "B",
    "Number": 187,
    "UL1": 271,
    "UL2": 0,
    "Time": "11/22/2018 3:51:53 PM",
    "Measures": [
      {
        "devEui": "0018B200000023E6",
        "devAddr": "30014AE9",
        "time": "2018-11-22 15:51:46",
        "payload": "rxgPDw6NJQc=",
        "sf": 7,
        "gwEui": "7276FF0039030950",
        "gwName": "B40",
        "gwRssi": -60,
        "devUplinkCounter": 15
      }
    ]
  },
  {
    "Floor": "B",
    "Number": 188,
    "UL1": 272,
    "UL2": 0,
    "Time": "11/22/2018 3:53:03 PM",
    "Measures": [
      {
        "devEui": "0018B200000023E6",
        "devAddr": "30014AE9",
        "time": "2018-11-22 15:51:29",
        "payload": "rxgQEA6NNwY=",
        "sf": 7,
        "gwEui": "7276FF0039030950",
        "gwName": "B40",
        "gwRssi": -77,
        "devUplinkCounter": 16
      },
      {
        "devEui": "0018B200000023E6",
        "devAddr": "30014AE9",
        "time": "2018-11-22 15:51:29",
        "payload": "rxgQEA6NNwY=",
        "sf": 7,
        "gwEui": "7276FF00390309F5",
        "gwName": "A02b",
        "gwRssi": -116,
        "devUplinkCounter": 16
      },
      {
        "devEui": "0018B200000023E6",
        "devAddr": "30014AE9",
        "time": "2018-11-22 15:51:29",
        "payload": "rxgQEA6NNwY=",
        "sf": 7,
        "gwEui": "7276FF003903097C",
        "gwName": "C22",
        "gwRssi": -106,
        "devUplinkCounter": 16
      }
    ]
  },
  {
    "Floor": "B",
    "Number": 189,
    "UL1": 273,
    "UL2": 0,
    "Time": "11/22/2018 3:53:41 PM",
    "Measures": [
      {
        "devEui": "0018B200000023E6",
        "devAddr": "30014AE9",
        "time": "2018-11-22 15:53:33",
        "payload": "rxgREQ6ORgY=",
        "sf": 7,
        "gwEui": "7276FF0039030950",
        "gwName": "B40",
        "gwRssi": -90,
        "devUplinkCounter": 17
      },
      {
        "devEui": "0018B200000023E6",
        "devAddr": "30014AE9",
        "time": "2018-11-22 15:53:33",
        "payload": "rxgREQ6ORgY=",
        "sf": 7,
        "gwEui": "7276FF00390309F5",
        "gwName": "A02b",
        "gwRssi": -113,
        "devUplinkCounter": 17
      },
      {
        "devEui": "0018B200000023E6",
        "devAddr": "30014AE9",
        "time": "2018-11-22 15:53:33",
        "payload": "rxgREQ6ORgY=",
        "sf": 7,
        "gwEui": "7276FF003903097C",
        "gwName": "C22",
        "gwRssi": -90,
        "devUplinkCounter": 17
      }
    ]
  },
  {
    "Floor": "B",
    "Number": 190,
    "UL1": 274,
    "UL2": 0,
    "Time": "11/22/2018 3:54:04 PM",
    "Measures": [
      {
        "devEui": "0018B200000023E6",
        "devAddr": "30014AE9",
        "time": "2018-11-22 15:53:54",
        "payload": "rxkSEg6LVAY=",
        "sf": 7,
        "gwEui": "7276FF003903097C",
        "gwName": "C22",
        "gwRssi": -108,
        "devUplinkCounter": 18
      },
      {
        "devEui": "0018B200000023E6",
        "devAddr": "30014AE9",
        "time": "2018-11-22 15:53:54",
        "payload": "rxkSEg6LVAY=",
        "sf": 7,
        "gwEui": "7276FF0039030950",
        "gwName": "B40",
        "gwRssi": -102,
        "devUplinkCounter": 18
      }
    ]
  },
  {
    "Floor": "B",
    "Number": 191,
    "UL1": 275,
    "UL2": 0,
    "Time": "11/22/2018 3:54:36 PM",
    "Measures": [
      {
        "devEui": "0018B200000023E6",
        "devAddr": "30014AE9",
        "time": "2018-11-22 15:54:27",
        "payload": "rxkTEw6LXgU=",
        "sf": 7,
        "gwEui": "7276FF003903097C",
        "gwName": "C22",
        "gwRssi": -104,
        "devUplinkCounter": 19
      },
      {
        "devEui": "0018B200000023E6",
        "devAddr": "30014AE9",
        "time": "2018-11-22 15:54:27",
        "payload": "rxkTEw6LXgU=",
        "sf": 7,
        "gwEui": "7276FF0039030950",
        "gwName": "B40",
        "gwRssi": -96,
        "devUplinkCounter": 19
      }
    ]
  },
  {
    "Floor": "B",
    "Number": 192,
    "UL1": 276,
    "UL2": 0,
    "Time": "11/22/2018 3:55:03 PM",
    "Measures": [
      {
        "devEui": "0018B200000023E6",
        "devAddr": "30014AE9",
        "time": "2018-11-22 15:54:31",
        "payload": "zxkUFA6NWQY=",
        "sf": 7,
        "gwEui": "7276FF0039030950",
        "gwName": "B40",
        "gwRssi": -105,
        "devUplinkCounter": 20
      },
      {
        "devEui": "0018B200000023E6",
        "devAddr": "30014AE9",
        "time": "2018-11-22 15:54:31",
        "payload": "zxkUFA6NWQY=",
        "sf": 7,
        "gwEui": "7276FF003903097C",
        "gwName": "C22",
        "gwRssi": -112,
        "devUplinkCounter": 20
      }
    ]
  },
  {
    "Floor": "B",
    "Number": 193,
    "UL1": 278,
    "UL2": 0,
    "Time": "11/22/2018 3:55:39 PM",
    "Measures": [
      {
        "devEui": "0018B200000023E6",
        "devAddr": "30014AE9",
        "time": "2018-11-22 15:55:33",
        "payload": "rxgWFg6NTgY=",
        "sf": 7,
        "gwEui": "7276FF0039030950",
        "gwName": "B40",
        "gwRssi": -103,
        "devUplinkCounter": 22
      },
      {
        "devEui": "0018B200000023E6",
        "devAddr": "30014AE9",
        "time": "2018-11-22 15:55:33",
        "payload": "rxgWFg6NTgY=",
        "sf": 7,
        "gwEui": "7276FF003903097C",
        "gwName": "C22",
        "gwRssi": -104,
        "devUplinkCounter": 22
      }
    ]
  },
  {
    "Floor": "B",
    "Number": 194,
    "UL1": 279,
    "UL2": 0,
    "Time": "11/22/2018 3:57:23 PM",
    "Measures": [
      {
        "devEui": "0018B200000023E6",
        "devAddr": "30014AE9",
        "time": "2018-11-22 15:57:17",
        "payload": "rxgXFw6MXgU=",
        "sf": 7,
        "gwEui": "7276FF003903097C",
        "gwName": "C22",
        "gwRssi": -106,
        "devUplinkCounter": 23
      },
      {
        "devEui": "0018B200000023E6",
        "devAddr": "30014AE9",
        "time": "2018-11-22 15:57:17",
        "payload": "rxgXFw6MXgU=",
        "sf": 7,
        "gwEui": "7276FF00390309F5",
        "gwName": "A02b",
        "gwRssi": -114,
        "devUplinkCounter": 23
      },
      {
        "devEui": "0018B200000023E6",
        "devAddr": "30014AE9",
        "time": "2018-11-22 15:57:17",
        "payload": "rxgXFw6MXgU=",
        "sf": 7,
        "gwEui": "7276FF0039030950",
        "gwName": "B40",
        "gwRssi": -88,
        "devUplinkCounter": 23
      }
    ]
  },
  {
    "Floor": "B",
    "Number": 195,
    "UL1": 280,
    "UL2": 0,
    "Time": "11/22/2018 3:57:40 PM",
    "Measures": [
      {
        "devEui": "0018B200000023E6",
        "devAddr": "30014AE9",
        "time": "2018-11-22 15:57:34",
        "payload": "rxgYGA6MTgg=",
        "sf": 7,
        "gwEui": "7276FF0039030950",
        "gwName": "B40",
        "gwRssi": -99,
        "devUplinkCounter": 24
      },
      {
        "devEui": "0018B200000023E6",
        "devAddr": "30014AE9",
        "time": "2018-11-22 15:57:34",
        "payload": "rxgYGA6MTgg=",
        "sf": 7,
        "gwEui": "7276FF00390309F5",
        "gwName": "A02b",
        "gwRssi": -113,
        "devUplinkCounter": 24
      }
    ]
  },
  {
    "Floor": "B",
    "Number": 196,
    "UL1": 281,
    "UL2": 0,
    "Time": "11/22/2018 3:58:09 PM",
    "Measures": [
      {
        "devEui": "0018B200000023E6",
        "devAddr": "30014AE9",
        "time": "2018-11-22 15:56:47",
        "payload": "rxgZGQ6LWwY=",
        "sf": 7,
        "gwEui": "7276FF0039030950",
        "gwName": "B40",
        "gwRssi": -101,
        "devUplinkCounter": 25
      },
      {
        "devEui": "0018B200000023E6",
        "devAddr": "30014AE9",
        "time": "2018-11-22 15:56:47",
        "payload": "rxgZGQ6LWwY=",
        "sf": 7,
        "gwEui": "7276FF00390309F5",
        "gwName": "A02b",
        "gwRssi": -116,
        "devUplinkCounter": 25
      }
    ]
  },
  {
    "Floor": "B",
    "Number": 197,
    "UL1": 282,
    "UL2": 0,
    "Time": "11/22/2018 3:58:33 PM",
    "Measures": [
      {
        "devEui": "0018B200000023E6",
        "devAddr": "30014AE9",
        "time": "2018-11-22 15:58:29",
        "payload": "rxgaGg6JXgU=",
        "sf": 7,
        "gwEui": "7276FF0039030950",
        "gwName": "B40",
        "gwRssi": -101,
        "devUplinkCounter": 26
      },
      {
        "devEui": "0018B200000023E6",
        "devAddr": "30014AE9",
        "time": "2018-11-22 15:58:29",
        "payload": "rxgaGg6JXgU=",
        "sf": 7,
        "gwEui": "7276FF00390309F5",
        "gwName": "A02b",
        "gwRssi": -95,
        "devUplinkCounter": 26
      }
    ]
  },
  {
    "Floor": "B",
    "Number": 198,
    "UL1": 283,
    "UL2": 0,
    "Time": "11/22/2018 3:58:50 PM",
    "Measures": [
      {
        "devEui": "0018B200000023E6",
        "devAddr": "30014AE9",
        "time": "2018-11-22 15:58:45",
        "payload": "rxgbGw6KVAY=",
        "sf": 7,
        "gwEui": "7276FF00390309F5",
        "gwName": "A02b",
        "gwRssi": -89,
        "devUplinkCounter": 27
      },
      {
        "devEui": "0018B200000023E6",
        "devAddr": "30014AE9",
        "time": "2018-11-22 15:58:45",
        "payload": "rxgbGw6KVAY=",
        "sf": 7,
        "gwEui": "7276FF0039030950",
        "gwName": "B40",
        "gwRssi": -105,
        "devUplinkCounter": 27
      }
    ]
  },
  {
    "Floor": "B",
    "Number": 199,
    "UL1": 284,
    "UL2": 0,
    "Time": "11/22/2018 3:59:10 PM",
    "Measures": [
      {
        "devEui": "0018B200000023E6",
        "devAddr": "30014AE9",
        "time": "2018-11-22 15:57:48",
        "payload": "rxgcHA6KUQY=",
        "sf": 7,
        "gwEui": "7276FF00390309F5",
        "gwName": "A02b",
        "gwRssi": -100,
        "devUplinkCounter": 28
      }
    ]
  },
  {
    "Floor": "B",
    "Number": 200,
    "UL1": 285,
    "UL2": 0,
    "Time": "11/22/2018 3:59:27 PM",
    "Measures": [
      {
        "devEui": "0018B200000023E6",
        "devAddr": "30014AE9",
        "time": "2018-11-22 15:58:04",
        "payload": "rxgdHQ6JVwY=",
        "sf": 7,
        "gwEui": "7276FF00390309F5",
        "gwName": "A02b",
        "gwRssi": -81,
        "devUplinkCounter": 29
      }
    ]
  },
  {
    "Floor": "B",
    "Number": 201,
    "UL1": 286,
    "UL2": 0,
    "Time": "11/22/2018 4:00:03 PM",
    "Measures": []
  },
  {
    "Floor": "B",
    "Number": 202,
    "UL1": 287,
    "UL2": 0,
    "Time": "11/22/2018 4:00:24 PM",
    "Measures": [
      {
        "devEui": "0018B200000023E6",
        "devAddr": "30014AE9",
        "time": "2018-11-22 16:00:19",
        "payload": "rxgfHw6ITgc=",
        "sf": 7,
        "gwEui": "7276FF00390309F5",
        "gwName": "A02b",
        "gwRssi": -98,
        "devUplinkCounter": 31
      },
      {
        "devEui": "0018B200000023E6",
        "devAddr": "30014AE9",
        "time": "2018-11-22 16:00:19",
        "payload": "rxgfHw6ITgc=",
        "sf": 7,
        "gwEui": "7276FF003903097D",
        "gwName": "D60",
        "gwRssi": -111,
        "devUplinkCounter": 31
      }
    ]
  },
  {
    "Floor": "B",
    "Number": 203,
    "UL1": 288,
    "UL2": 0,
    "Time": "11/22/2018 4:01:08 PM",
    "Measures": [
      {
        "devEui": "0018B200000023E6",
        "devAddr": "30014AE9",
        "time": "2018-11-22 16:01:04",
        "payload": "rxggIA6KVAc=",
        "sf": 7,
        "gwEui": "7276FF003903097D",
        "gwName": "D60",
        "gwRssi": -110,
        "devUplinkCounter": 32
      },
      {
        "devEui": "0018B200000023E6",
        "devAddr": "30014AE9",
        "time": "2018-11-22 16:01:04",
        "payload": "rxggIA6KVAc=",
        "sf": 7,
        "gwEui": "7276FF00390309F5",
        "gwName": "A02b",
        "gwRssi": -107,
        "devUplinkCounter": 32
      }
    ]
  },
  {
    "Floor": "B",
    "Number": 204,
    "UL1": 289,
    "UL2": 0,
    "Time": "11/22/2018 4:01:27 PM",
    "Measures": [
      {
        "devEui": "0018B200000023E6",
        "devAddr": "30014AE9",
        "time": "2018-11-22 16:00:06",
        "payload": "rxchIQ6KYQU=",
        "sf": 7,
        "gwEui": "7276FF00390309F5",
        "gwName": "A02b",
        "gwRssi": -115,
        "devUplinkCounter": 33
      }
    ]
  },
  {
    "Floor": "B",
    "Number": 205,
    "UL1": 291,
    "UL2": 0,
    "Time": "11/22/2018 4:01:57 PM",
    "Measures": []
  },
  {
    "Floor": "B",
    "Number": 206,
    "UL1": 293,
    "UL2": 0,
    "Time": "11/22/2018 4:03:13 PM",
    "Measures": [
      {
        "devEui": "0018B200000023E6",
        "devAddr": "30014AE9",
        "time": "2018-11-22 16:03:15",
        "payload": "rxglJA6LcAA=",
        "sf": 7,
        "gwEui": "7276FF00390309F5",
        "gwName": "A02b",
        "gwRssi": -69,
        "devUplinkCounter": 37
      }
    ]
  },
  {
    "Floor": "B",
    "Number": 138,
    "UL1": 295,
    "UL2": 0,
    "Time": "11/22/2018 4:41:44 PM",
    "Measures": [
      {
        "devEui": "0018B200000023E6",
        "devAddr": "30014AE9",
        "time": "2018-11-22 16:41:44",
        "payload": "rxYnJg5+ZgM=",
        "sf": 7,
        "gwEui": "7276FF0039030950",
        "gwName": "B40",
        "gwRssi": -90,
        "devUplinkCounter": 39
      }
    ]
  },
  {
    "Floor": "B",
    "Number": 139,
    "UL1": 296,
    "UL2": 0,
    "Time": "11/22/2018 4:42:14 PM",
    "Measures": [
      {
        "devEui": "0018B200000023E6",
        "devAddr": "30014AE9",
        "time": "2018-11-22 16:42:06",
        "payload": "rxYoJw5+TgY=",
        "sf": 7,
        "gwEui": "7276FF0039030950",
        "gwName": "B40",
        "gwRssi": -90,
        "devUplinkCounter": 40
      }
    ]
  },
  {
    "Floor": "B",
    "Number": 140,
    "UL1": 297,
    "UL2": 0,
    "Time": "11/22/2018 4:42:36 PM",
    "Measures": [
      {
        "devEui": "0018B200000023E6",
        "devAddr": "30014AE9",
        "time": "2018-11-22 16:42:26",
        "payload": "rxYpKA5+Tgc=",
        "sf": 7,
        "gwEui": "7276FF0039030950",
        "gwName": "B40",
        "gwRssi": -82,
        "devUplinkCounter": 41
      }
    ]
  },
  {
    "Floor": "B",
    "Number": 141,
    "UL1": 300,
    "UL2": 0,
    "Time": "11/22/2018 4:43:05 PM",
    "Measures": [
      {
        "devEui": "0018B200000023E6",
        "devAddr": "30014AE9",
        "time": "2018-11-22 16:42:59",
        "payload": "rxYsKw59RQY=",
        "sf": 7,
        "gwEui": "7276FF0039030950",
        "gwName": "B40",
        "gwRssi": -83,
        "devUplinkCounter": 44
      }
    ]
  },
  {
    "Floor": "B",
    "Number": 142,
    "UL1": 301,
    "UL2": 0,
    "Time": "11/22/2018 4:43:27 PM",
    "Measures": [
      {
        "devEui": "0018B200000023E6",
        "devAddr": "30014AE9",
        "time": "2018-11-22 16:43:27",
        "payload": "rxYtLA59SwY=",
        "sf": 7,
        "gwEui": "7276FF003903097C",
        "gwName": "C22",
        "gwRssi": -110,
        "devUplinkCounter": 45
      },
      {
        "devEui": "0018B200000023E6",
        "devAddr": "30014AE9",
        "time": "2018-11-22 16:43:27",
        "payload": "rxYtLA59SwY=",
        "sf": 7,
        "gwEui": "7276FF0039030950",
        "gwName": "B40",
        "gwRssi": -88,
        "devUplinkCounter": 45
      }
    ]
  },
  {
    "Floor": "B",
    "Number": 174,
    "UL1": 302,
    "UL2": 0,
    "Time": "11/22/2018 4:44:31 PM",
    "Measures": [
      {
        "devEui": "0018B200000023E6",
        "devAddr": "30014AE9",
        "time": "2018-11-22 16:44:25",
        "payload": "rxYuLQ59Vwc=",
        "sf": 7,
        "gwEui": "7276FF0039030950",
        "gwName": "B40",
        "gwRssi": -70,
        "devUplinkCounter": 46
      },
      {
        "devEui": "0018B200000023E6",
        "devAddr": "30014AE9",
        "time": "2018-11-22 16:44:25",
        "payload": "rxYuLQ59Vwc=",
        "sf": 7,
        "gwEui": "7276FF003903097C",
        "gwName": "C22",
        "gwRssi": -100,
        "devUplinkCounter": 46
      }
    ]
  },
  {
    "Floor": "B",
    "Number": 175,
    "UL1": 303,
    "UL2": 0,
    "Time": "11/22/2018 4:44:45 PM",
    "Measures": [
      {
        "devEui": "0018B200000023E6",
        "devAddr": "30014AE9",
        "time": "2018-11-22 16:44:39",
        "payload": "rxcvLg58RAU=",
        "sf": 7,
        "gwEui": "7276FF0039030950",
        "gwName": "B40",
        "gwRssi": -68,
        "devUplinkCounter": 47
      },
      {
        "devEui": "0018B200000023E6",
        "devAddr": "30014AE9",
        "time": "2018-11-22 16:44:39",
        "payload": "rxcvLg58RAU=",
        "sf": 7,
        "gwEui": "7276FF003903097C",
        "gwName": "C22",
        "gwRssi": -95,
        "devUplinkCounter": 47
      }
    ]
  },
  {
    "Floor": "B",
    "Number": 176,
    "UL1": 304,
    "UL2": 0,
    "Time": "11/22/2018 4:45:00 PM",
    "Measures": [
      {
        "devEui": "0018B200000023E6",
        "devAddr": "30014AE9",
        "time": "2018-11-22 16:44:55",
        "payload": "rxcwLw58OgY=",
        "sf": 7,
        "gwEui": "7276FF003903097C",
        "gwName": "C22",
        "gwRssi": -100,
        "devUplinkCounter": 48
      },
      {
        "devEui": "0018B200000023E6",
        "devAddr": "30014AE9",
        "time": "2018-11-22 16:44:55",
        "payload": "rxcwLw58OgY=",
        "sf": 7,
        "gwEui": "7276FF0039030950",
        "gwName": "B40",
        "gwRssi": -71,
        "devUplinkCounter": 48
      }
    ]
  },
  {
    "Floor": "B",
    "Number": 177,
    "UL1": 305,
    "UL2": 0,
    "Time": "11/22/2018 4:45:14 PM",
    "Measures": [
      {
        "devEui": "0018B200000023E6",
        "devAddr": "30014AE9",
        "time": "2018-11-22 16:45:09",
        "payload": "rxcxMA58QwY=",
        "sf": 7,
        "gwEui": "7276FF003903097C",
        "gwName": "C22",
        "gwRssi": -106,
        "devUplinkCounter": 49
      },
      {
        "devEui": "0018B200000023E6",
        "devAddr": "30014AE9",
        "time": "2018-11-22 16:45:09",
        "payload": "rxcxMA58QwY=",
        "sf": 7,
        "gwEui": "7276FF0039030950",
        "gwName": "B40",
        "gwRssi": -82,
        "devUplinkCounter": 49
      }
    ]
  },
  {
    "Floor": "B",
    "Number": 178,
    "UL1": 306,
    "UL2": 0,
    "Time": "11/22/2018 4:45:33 PM",
    "Measures": [
      {
        "devEui": "0018B200000023E6",
        "devAddr": "30014AE9",
        "time": "2018-11-22 16:45:28",
        "payload": "rxcyMQ58SAY=",
        "sf": 7,
        "gwEui": "7276FF0039030950",
        "gwName": "B40",
        "gwRssi": -74,
        "devUplinkCounter": 50
      },
      {
        "devEui": "0018B200000023E6",
        "devAddr": "30014AE9",
        "time": "2018-11-22 16:45:28",
        "payload": "rxcyMQ58SAY=",
        "sf": 7,
        "gwEui": "7276FF003903097C",
        "gwName": "C22",
        "gwRssi": -95,
        "devUplinkCounter": 50
      }
    ]
  }
]