﻿[
  {
    "Floor": "H",
    "Number": 1,
    "UL1": 1156,
    "UL2": 0,
    "Time": "11/25/2018 12:02:31 PM",
    "Measures": [
      {
        "devEui": "0018B200000023E6",
        "devAddr": "30014AE9",
        "time": "2018-11-25 12:02:31",
        "payload": "rxeEZRBAUQU=",
        "sf": 7,
        "gwEui": "7276FF0039030977",
        "gwName": "H06",
        "gwRssi": -74,
        "devUplinkCounter": 132
      },
      {
        "devEui": "0018B200000023E6",
        "devAddr": "30014AE9",
        "time": "2018-11-25 12:02:31",
        "payload": "rxeEZRBAUQU=",
        "sf": 7,
        "gwEui": "7276FF003903094E",
        "gwName": "K01a",
        "gwRssi": -95,
        "devUplinkCounter": 132
      },
      {
        "devEui": "0018B200000023E6",
        "devAddr": "30014AE9",
        "time": "2018-11-25 12:02:31",
        "payload": "rxeEZRBAUQU=",
        "sf": 7,
        "gwEui": "7276FF003903094F",
        "gwName": "F07",
        "gwRssi": -86,
        "devUplinkCounter": 132
      }
    ]
  },
  {
    "Floor": "H",
    "Number": 2,
    "UL1": 1157,
    "UL2": 0,
    "Time": "11/25/2018 12:02:42 PM",
    "Measures": [
      {
        "devEui": "0018B200000023E6",
        "devAddr": "30014AE9",
        "time": "2018-11-25 12:02:42",
        "payload": "rxeFZhA/RAY=",
        "sf": 7,
        "gwEui": "7276FF0039030977",
        "gwName": "H06",
        "gwRssi": -77,
        "devUplinkCounter": 133
      },
      {
        "devEui": "0018B200000023E6",
        "devAddr": "30014AE9",
        "time": "2018-11-25 12:02:42",
        "payload": "rxeFZhA/RAY=",
        "sf": 7,
        "gwEui": "7276FF0039030A01",
        "gwName": "Loge",
        "gwRssi": -94,
        "devUplinkCounter": 133
      },
      {
        "devEui": "0018B200000023E6",
        "devAddr": "30014AE9",
        "time": "2018-11-25 12:02:42",
        "payload": "rxeFZhA/RAY=",
        "sf": 7,
        "gwEui": "7276FF003903094F",
        "gwName": "F07",
        "gwRssi": -77,
        "devUplinkCounter": 133
      },
      {
        "devEui": "0018B200000023E6",
        "devAddr": "30014AE9",
        "time": "2018-11-25 12:02:42",
        "payload": "rxeFZhA/RAY=",
        "sf": 7,
        "gwEui": "7276FF003903094E",
        "gwName": "K01a",
        "gwRssi": -94,
        "devUplinkCounter": 133
      }
    ]
  },
  {
    "Floor": "H",
    "Number": 3,
    "UL1": 1158,
    "UL2": 0,
    "Time": "11/25/2018 12:02:53 PM",
    "Measures": [
      {
        "devEui": "0018B200000023E6",
        "devAddr": "30014AE9",
        "time": "2018-11-25 12:02:54",
        "payload": "rxeGZxA/QQY=",
        "sf": 7,
        "gwEui": "7276FF003903094F",
        "gwName": "F07",
        "gwRssi": -90,
        "devUplinkCounter": 134
      },
      {
        "devEui": "0018B200000023E6",
        "devAddr": "30014AE9",
        "time": "2018-11-25 12:02:54",
        "payload": "rxeGZxA/QQY=",
        "sf": 7,
        "gwEui": "7276FF0039030977",
        "gwName": "H06",
        "gwRssi": -75,
        "devUplinkCounter": 134
      },
      {
        "devEui": "0018B200000023E6",
        "devAddr": "30014AE9",
        "time": "2018-11-25 12:02:54",
        "payload": "rxeGZxA/QQY=",
        "sf": 7,
        "gwEui": "7276FF003903094E",
        "gwName": "K01a",
        "gwRssi": -80,
        "devUplinkCounter": 134
      },
      {
        "devEui": "0018B200000023E6",
        "devAddr": "30014AE9",
        "time": "2018-11-25 12:02:54",
        "payload": "rxeGZxA/QQY=",
        "sf": 7,
        "gwEui": "7276FF0039030A01",
        "gwName": "Loge",
        "gwRssi": -93,
        "devUplinkCounter": 134
      }
    ]
  },
  {
    "Floor": "H",
    "Number": 4,
    "UL1": 1159,
    "UL2": 0,
    "Time": "11/25/2018 12:03:34 PM",
    "Measures": [
      {
        "devEui": "0018B200000023E6",
        "devAddr": "30014AE9",
        "time": "2018-11-25 12:03:34",
        "payload": "rxeHaBA/QAc=",
        "sf": 7,
        "gwEui": "7276FF0039030977",
        "gwName": "H06",
        "gwRssi": -110,
        "devUplinkCounter": 135
      },
      {
        "devEui": "0018B200000023E6",
        "devAddr": "30014AE9",
        "time": "2018-11-25 12:03:34",
        "payload": "rxeHaBA/QAc=",
        "sf": 7,
        "gwEui": "7276FF003903094E",
        "gwName": "K01a",
        "gwRssi": -71,
        "devUplinkCounter": 135
      },
      {
        "devEui": "0018B200000023E6",
        "devAddr": "30014AE9",
        "time": "2018-11-25 12:03:34",
        "payload": "rxeHaBA/QAc=",
        "sf": 7,
        "gwEui": "7276FF0039030A01",
        "gwName": "Loge",
        "gwRssi": -108,
        "devUplinkCounter": 135
      }
    ]
  },
  {
    "Floor": "H",
    "Number": 5,
    "UL1": 1160,
    "UL2": 0,
    "Time": "11/25/2018 12:03:46 PM",
    "Measures": [
      {
        "devEui": "0018B200000023E6",
        "devAddr": "30014AE9",
        "time": "2018-11-25 12:03:47",
        "payload": "rxeIaRA+QQU=",
        "sf": 7,
        "gwEui": "7276FF003903094E",
        "gwName": "K01a",
        "gwRssi": -69,
        "devUplinkCounter": 136
      },
      {
        "devEui": "0018B200000023E6",
        "devAddr": "30014AE9",
        "time": "2018-11-25 12:03:47",
        "payload": "rxeIaRA+QQU=",
        "sf": 7,
        "gwEui": "7276FF003903094F",
        "gwName": "F07",
        "gwRssi": -106,
        "devUplinkCounter": 136
      },
      {
        "devEui": "0018B200000023E6",
        "devAddr": "30014AE9",
        "time": "2018-11-25 12:03:47",
        "payload": "rxeIaRA+QQU=",
        "sf": 7,
        "gwEui": "7276FF0039030977",
        "gwName": "H06",
        "gwRssi": -105,
        "devUplinkCounter": 136
      }
    ]
  },
  {
    "Floor": "H",
    "Number": 6,
    "UL1": 1161,
    "UL2": 0,
    "Time": "11/25/2018 12:04:09 PM",
    "Measures": [
      {
        "devEui": "0018B200000023E6",
        "devAddr": "30014AE9",
        "time": "2018-11-25 12:02:27",
        "payload": "rxeJahA9Pwc=",
        "sf": 7,
        "gwEui": "7276FF00390309F5",
        "gwName": "A02b",
        "gwRssi": -115,
        "devUplinkCounter": 137
      },
      {
        "devEui": "0018B200000023E6",
        "devAddr": "30014AE9",
        "time": "2018-11-25 12:02:27",
        "payload": "rxeJahA9Pwc=",
        "sf": 7,
        "gwEui": "7276FF0039030977",
        "gwName": "H06",
        "gwRssi": -104,
        "devUplinkCounter": 137
      },
      {
        "devEui": "0018B200000023E6",
        "devAddr": "30014AE9",
        "time": "2018-11-25 12:02:27",
        "payload": "rxeJahA9Pwc=",
        "sf": 7,
        "gwEui": "7276FF003903094E",
        "gwName": "K01a",
        "gwRssi": -65,
        "devUplinkCounter": 137
      },
      {
        "devEui": "0018B200000023E6",
        "devAddr": "30014AE9",
        "time": "2018-11-25 12:02:27",
        "payload": "rxeJahA9Pwc=",
        "sf": 7,
        "gwEui": "7276FF003903094F",
        "gwName": "F07",
        "gwRssi": -105,
        "devUplinkCounter": 137
      }
    ]
  },
  {
    "Floor": "H",
    "Number": 7,
    "UL1": 1162,
    "UL2": 0,
    "Time": "11/25/2018 12:04:19 PM",
    "Measures": [
      {
        "devEui": "0018B200000023E6",
        "devAddr": "30014AE9",
        "time": "2018-11-25 12:04:20",
        "payload": "rxeKaxA9PgY=",
        "sf": 7,
        "gwEui": "7276FF003903094F",
        "gwName": "F07",
        "gwRssi": -107,
        "devUplinkCounter": 138
      },
      {
        "devEui": "0018B200000023E6",
        "devAddr": "30014AE9",
        "time": "2018-11-25 12:04:20",
        "payload": "rxeKaxA9PgY=",
        "sf": 7,
        "gwEui": "7276FF003903094E",
        "gwName": "K01a",
        "gwRssi": -69,
        "devUplinkCounter": 138
      },
      {
        "devEui": "0018B200000023E6",
        "devAddr": "30014AE9",
        "time": "2018-11-25 12:04:20",
        "payload": "rxeKaxA9PgY=",
        "sf": 7,
        "gwEui": "7276FF0039030977",
        "gwName": "H06",
        "gwRssi": -108,
        "devUplinkCounter": 138
      }
    ]
  },
  {
    "Floor": "H",
    "Number": 8,
    "UL1": 1163,
    "UL2": 0,
    "Time": "11/25/2018 12:04:30 PM",
    "Measures": [
      {
        "devEui": "0018B200000023E6",
        "devAddr": "30014AE9",
        "time": "2018-11-25 12:04:31",
        "payload": "rxeLbBA+RQU=",
        "sf": 7,
        "gwEui": "7276FF003903094F",
        "gwName": "F07",
        "gwRssi": -108,
        "devUplinkCounter": 139
      },
      {
        "devEui": "0018B200000023E6",
        "devAddr": "30014AE9",
        "time": "2018-11-25 12:04:31",
        "payload": "rxeLbBA+RQU=",
        "sf": 7,
        "gwEui": "7276FF0039030977",
        "gwName": "H06",
        "gwRssi": -111,
        "devUplinkCounter": 139
      },
      {
        "devEui": "0018B200000023E6",
        "devAddr": "30014AE9",
        "time": "2018-11-25 12:04:31",
        "payload": "rxeLbBA+RQU=",
        "sf": 7,
        "gwEui": "7276FF003903094E",
        "gwName": "K01a",
        "gwRssi": -70,
        "devUplinkCounter": 139
      }
    ]
  },
  {
    "Floor": "H",
    "Number": 9,
    "UL1": 1164,
    "UL2": 0,
    "Time": "11/25/2018 12:04:40 PM",
    "Measures": [
      {
        "devEui": "0018B200000023E6",
        "devAddr": "30014AE9",
        "time": "2018-11-25 12:04:40",
        "payload": "rxeMbRA+Pgg=",
        "sf": 7,
        "gwEui": "7276FF0039030A01",
        "gwName": "Loge",
        "gwRssi": -106,
        "devUplinkCounter": 140
      },
      {
        "devEui": "0018B200000023E6",
        "devAddr": "30014AE9",
        "time": "2018-11-25 12:04:40",
        "payload": "rxeMbRA+Pgg=",
        "sf": 7,
        "gwEui": "7276FF003903094F",
        "gwName": "F07",
        "gwRssi": -107,
        "devUplinkCounter": 140
      },
      {
        "devEui": "0018B200000023E6",
        "devAddr": "30014AE9",
        "time": "2018-11-25 12:04:40",
        "payload": "rxeMbRA+Pgg=",
        "sf": 7,
        "gwEui": "7276FF0039030977",
        "gwName": "H06",
        "gwRssi": -107,
        "devUplinkCounter": 140
      },
      {
        "devEui": "0018B200000023E6",
        "devAddr": "30014AE9",
        "time": "2018-11-25 12:04:40",
        "payload": "rxeMbRA+Pgg=",
        "sf": 7,
        "gwEui": "7276FF003903094E",
        "gwName": "K01a",
        "gwRssi": -76,
        "devUplinkCounter": 140
      }
    ]
  },
  {
    "Floor": "H",
    "Number": 10,
    "UL1": 1166,
    "UL2": 0,
    "Time": "11/25/2018 12:06:03 PM",
    "Measures": [
      {
        "devEui": "0018B200000023E6",
        "devAddr": "30014AE9",
        "time": "2018-11-25 12:06:01",
        "payload": "rxeObxA7Pgc=",
        "sf": 7,
        "gwEui": "7276FF003903094F",
        "gwName": "F07",
        "gwRssi": -109,
        "devUplinkCounter": 142
      },
      {
        "devEui": "0018B200000023E6",
        "devAddr": "30014AE9",
        "time": "2018-11-25 12:06:01",
        "payload": "rxeObxA7Pgc=",
        "sf": 7,
        "gwEui": "7276FF003903094E",
        "gwName": "K01a",
        "gwRssi": -74,
        "devUplinkCounter": 142
      },
      {
        "devEui": "0018B200000023E6",
        "devAddr": "30014AE9",
        "time": "2018-11-25 12:06:01",
        "payload": "rxeObxA7Pgc=",
        "sf": 7,
        "gwEui": "7276FF0039030A01",
        "gwName": "Loge",
        "gwRssi": -102,
        "devUplinkCounter": 142
      },
      {
        "devEui": "0018B200000023E6",
        "devAddr": "30014AE9",
        "time": "2018-11-25 12:06:01",
        "payload": "rxeObxA7Pgc=",
        "sf": 7,
        "gwEui": "7276FF0039030977",
        "gwName": "H06",
        "gwRssi": -102,
        "devUplinkCounter": 142
      }
    ]
  },
  {
    "Floor": "H",
    "Number": 11,
    "UL1": 1167,
    "UL2": 0,
    "Time": "11/25/2018 12:06:14 PM",
    "Measures": []
  },
  {
    "Floor": "H",
    "Number": 12,
    "UL1": 1168,
    "UL2": 0,
    "Time": "11/25/2018 12:06:33 PM",
    "Measures": [
      {
        "devEui": "0018B200000023E6",
        "devAddr": "30014AE9",
        "time": "2018-11-25 12:06:14",
        "payload": "rxeQcBA8QAg=",
        "sf": 7,
        "gwEui": "7276FF0039030A01",
        "gwName": "Loge",
        "gwRssi": -106,
        "devUplinkCounter": 144
      },
      {
        "devEui": "0018B200000023E6",
        "devAddr": "30014AE9",
        "time": "2018-11-25 12:06:14",
        "payload": "rxeQcBA8QAg=",
        "sf": 7,
        "gwEui": "7276FF0039030977",
        "gwName": "H06",
        "gwRssi": -102,
        "devUplinkCounter": 144
      },
      {
        "devEui": "0018B200000023E6",
        "devAddr": "30014AE9",
        "time": "2018-11-25 12:06:14",
        "payload": "rxeQcBA8QAg=",
        "sf": 7,
        "gwEui": "7276FF003903094E",
        "gwName": "K01a",
        "gwRssi": -74,
        "devUplinkCounter": 144
      }
    ]
  },
  {
    "Floor": "H",
    "Number": 13,
    "UL1": 1170,
    "UL2": 0,
    "Time": "11/25/2018 12:06:51 PM",
    "Measures": [
      {
        "devEui": "0018B200000023E6",
        "devAddr": "30014AE9",
        "time": "2018-11-25 12:05:08",
        "payload": "rxeSchA8Ogg=",
        "sf": 7,
        "gwEui": "7276FF00390309F5",
        "gwName": "A02b",
        "gwRssi": -117,
        "devUplinkCounter": 146
      },
      {
        "devEui": "0018B200000023E6",
        "devAddr": "30014AE9",
        "time": "2018-11-25 12:05:08",
        "payload": "rxeSchA8Ogg=",
        "sf": 7,
        "gwEui": "7276FF0039030977",
        "gwName": "H06",
        "gwRssi": -108,
        "devUplinkCounter": 146
      },
      {
        "devEui": "0018B200000023E6",
        "devAddr": "30014AE9",
        "time": "2018-11-25 12:05:08",
        "payload": "rxeSchA8Ogg=",
        "sf": 7,
        "gwEui": "7276FF003903094E",
        "gwName": "K01a",
        "gwRssi": -82,
        "devUplinkCounter": 146
      },
      {
        "devEui": "0018B200000023E6",
        "devAddr": "30014AE9",
        "time": "2018-11-25 12:05:08",
        "payload": "rxeSchA8Ogg=",
        "sf": 7,
        "gwEui": "7276FF003903094F",
        "gwName": "F07",
        "gwRssi": -107,
        "devUplinkCounter": 146
      },
      {
        "devEui": "0018B200000023E6",
        "devAddr": "30014AE9",
        "time": "2018-11-25 12:05:08",
        "payload": "rxeSchA8Ogg=",
        "sf": 7,
        "gwEui": "7276FF0039030A01",
        "gwName": "Loge",
        "gwRssi": -107,
        "devUplinkCounter": 146
      }
    ]
  },
  {
    "Floor": "H",
    "Number": 15,
    "UL1": 1171,
    "UL2": 0,
    "Time": "11/25/2018 12:08:49 PM",
    "Measures": [
      {
        "devEui": "0018B200000023E6",
        "devAddr": "30014AE9",
        "time": "2018-11-25 12:08:44",
        "payload": "rxeTcxA7Sgc=",
        "sf": 7,
        "gwEui": "7276FF003903094F",
        "gwName": "F07",
        "gwRssi": -101,
        "devUplinkCounter": 147
      },
      {
        "devEui": "0018B200000023E6",
        "devAddr": "30014AE9",
        "time": "2018-11-25 12:08:44",
        "payload": "rxeTcxA7Sgc=",
        "sf": 7,
        "gwEui": "7276FF0039030977",
        "gwName": "H06",
        "gwRssi": -99,
        "devUplinkCounter": 147
      },
      {
        "devEui": "0018B200000023E6",
        "devAddr": "30014AE9",
        "time": "2018-11-25 12:08:44",
        "payload": "rxeTcxA7Sgc=",
        "sf": 7,
        "gwEui": "7276FF003903094E",
        "gwName": "K01a",
        "gwRssi": -77,
        "devUplinkCounter": 147
      }
    ]
  },
  {
    "Floor": "H",
    "Number": 16,
    "UL1": 1172,
    "UL2": 0,
    "Time": "11/25/2018 12:09:00 PM",
    "Measures": [
      {
        "devEui": "0018B200000023E6",
        "devAddr": "30014AE9",
        "time": "2018-11-25 12:09:01",
        "payload": "rxeUdBA7SgU=",
        "sf": 7,
        "gwEui": "7276FF003903094F",
        "gwName": "F07",
        "gwRssi": -107,
        "devUplinkCounter": 148
      },
      {
        "devEui": "0018B200000023E6",
        "devAddr": "30014AE9",
        "time": "2018-11-25 12:09:01",
        "payload": "rxeUdBA7SgU=",
        "sf": 7,
        "gwEui": "7276FF003903094E",
        "gwName": "K01a",
        "gwRssi": -86,
        "devUplinkCounter": 148
      },
      {
        "devEui": "0018B200000023E6",
        "devAddr": "30014AE9",
        "time": "2018-11-25 12:09:01",
        "payload": "rxeUdBA7SgU=",
        "sf": 7,
        "gwEui": "7276FF0039030977",
        "gwName": "H06",
        "gwRssi": -102,
        "devUplinkCounter": 148
      }
    ]
  },
  {
    "Floor": "H",
    "Number": 17,
    "UL1": 1173,
    "UL2": 0,
    "Time": "11/25/2018 12:09:19 PM",
    "Measures": [
      {
        "devEui": "0018B200000023E6",
        "devAddr": "30014AE9",
        "time": "2018-11-25 12:07:45",
        "payload": "rxeVdRA7Ugc=",
        "sf": 7,
        "gwEui": "7276FF003903094E",
        "gwName": "K01a",
        "gwRssi": -94,
        "devUplinkCounter": 149
      },
      {
        "devEui": "0018B200000023E6",
        "devAddr": "30014AE9",
        "time": "2018-11-25 12:07:45",
        "payload": "rxeVdRA7Ugc=",
        "sf": 7,
        "gwEui": "7276FF0039030A01",
        "gwName": "Loge",
        "gwRssi": -98,
        "devUplinkCounter": 149
      },
      {
        "devEui": "0018B200000023E6",
        "devAddr": "30014AE9",
        "time": "2018-11-25 12:07:45",
        "payload": "rxeVdRA7Ugc=",
        "sf": 7,
        "gwEui": "7276FF003903094F",
        "gwName": "F07",
        "gwRssi": -100,
        "devUplinkCounter": 149
      },
      {
        "devEui": "0018B200000023E6",
        "devAddr": "30014AE9",
        "time": "2018-11-25 12:07:45",
        "payload": "rxeVdRA7Ugc=",
        "sf": 7,
        "gwEui": "7276FF0039030977",
        "gwName": "H06",
        "gwRssi": -95,
        "devUplinkCounter": 149
      },
      {
        "devEui": "0018B200000023E6",
        "devAddr": "30014AE9",
        "time": "2018-11-25 12:07:45",
        "payload": "rxeVdRA7Ugc=",
        "sf": 7,
        "gwEui": "7276FF00390309F5",
        "gwName": "A02b",
        "gwRssi": -118,
        "devUplinkCounter": 149
      }
    ]
  },
  {
    "Floor": "H",
    "Number": 18,
    "UL1": 1175,
    "UL2": 0,
    "Time": "11/25/2018 12:09:44 PM",
    "Measures": [
      {
        "devEui": "0018B200000023E6",
        "devAddr": "30014AE9",
        "time": "2018-11-25 12:09:44",
        "payload": "rxeXdhA7VQc=",
        "sf": 7,
        "gwEui": "7276FF0039030977",
        "gwName": "H06",
        "gwRssi": -99,
        "devUplinkCounter": 151
      },
      {
        "devEui": "0018B200000023E6",
        "devAddr": "30014AE9",
        "time": "2018-11-25 12:09:44",
        "payload": "rxeXdhA7VQc=",
        "sf": 7,
        "gwEui": "7276FF003903094E",
        "gwName": "K01a",
        "gwRssi": -78,
        "devUplinkCounter": 151
      },
      {
        "devEui": "0018B200000023E6",
        "devAddr": "30014AE9",
        "time": "2018-11-25 12:09:44",
        "payload": "rxeXdhA7VQc=",
        "sf": 7,
        "gwEui": "7276FF003903094F",
        "gwName": "F07",
        "gwRssi": -96,
        "devUplinkCounter": 151
      }
    ]
  },
  {
    "Floor": "H",
    "Number": 19,
    "UL1": 1176,
    "UL2": 0,
    "Time": "11/25/2018 12:09:57 PM",
    "Measures": [
      {
        "devEui": "0018B200000023E6",
        "devAddr": "30014AE9",
        "time": "2018-11-25 12:09:57",
        "payload": "rxeYdxA7RwY=",
        "sf": 7,
        "gwEui": "7276FF003903094E",
        "gwName": "K01a",
        "gwRssi": -86,
        "devUplinkCounter": 152
      },
      {
        "devEui": "0018B200000023E6",
        "devAddr": "30014AE9",
        "time": "2018-11-25 12:09:57",
        "payload": "rxeYdxA7RwY=",
        "sf": 7,
        "gwEui": "7276FF003903094F",
        "gwName": "F07",
        "gwRssi": -95,
        "devUplinkCounter": 152
      },
      {
        "devEui": "0018B200000023E6",
        "devAddr": "30014AE9",
        "time": "2018-11-25 12:09:57",
        "payload": "rxeYdxA7RwY=",
        "sf": 7,
        "gwEui": "7276FF0039030A01",
        "gwName": "Loge",
        "gwRssi": -100,
        "devUplinkCounter": 152
      },
      {
        "devEui": "0018B200000023E6",
        "devAddr": "30014AE9",
        "time": "2018-11-25 12:09:57",
        "payload": "rxeYdxA7RwY=",
        "sf": 7,
        "gwEui": "7276FF0039030977",
        "gwName": "H06",
        "gwRssi": -92,
        "devUplinkCounter": 152
      }
    ]
  },
  {
    "Floor": "H",
    "Number": 20,
    "UL1": 1177,
    "UL2": 0,
    "Time": "11/25/2018 12:11:13 PM",
    "Measures": [
      {
        "devEui": "0018B200000023E6",
        "devAddr": "30014AE9",
        "time": "2018-11-25 12:11:14",
        "payload": "rxeZeBA7Twc=",
        "sf": 7,
        "gwEui": "7276FF0039030A01",
        "gwName": "Loge",
        "gwRssi": -86,
        "devUplinkCounter": 153
      },
      {
        "devEui": "0018B200000023E6",
        "devAddr": "30014AE9",
        "time": "2018-11-25 12:11:14",
        "payload": "rxeZeBA7Twc=",
        "sf": 7,
        "gwEui": "7276FF003903094E",
        "gwName": "K01a",
        "gwRssi": -96,
        "devUplinkCounter": 153
      },
      {
        "devEui": "0018B200000023E6",
        "devAddr": "30014AE9",
        "time": "2018-11-25 12:11:14",
        "payload": "rxeZeBA7Twc=",
        "sf": 7,
        "gwEui": "7276FF003903094F",
        "gwName": "F07",
        "gwRssi": -99,
        "devUplinkCounter": 153
      },
      {
        "devEui": "0018B200000023E6",
        "devAddr": "30014AE9",
        "time": "2018-11-25 12:11:14",
        "payload": "rxeZeBA7Twc=",
        "sf": 7,
        "gwEui": "7276FF0039030977",
        "gwName": "H06",
        "gwRssi": -87,
        "devUplinkCounter": 153
      },
      {
        "devEui": "0018B200000023E6",
        "devAddr": "30014AE9",
        "time": "2018-11-25 12:11:18",
        "payload": "rxeZeBA7Twc=",
        "sf": 7,
        "gwEui": "7276FF0039030977",
        "gwName": "H06",
        "gwRssi": -82,
        "devUplinkCounter": 153
      },
      {
        "devEui": "0018B200000023E6",
        "devAddr": "30014AE9",
        "time": "2018-11-25 12:11:18",
        "payload": "rxeZeBA7Twc=",
        "sf": 7,
        "gwEui": "7276FF0039030A01",
        "gwName": "Loge",
        "gwRssi": -90,
        "devUplinkCounter": 153
      },
      {
        "devEui": "0018B200000023E6",
        "devAddr": "30014AE9",
        "time": "2018-11-25 12:11:18",
        "payload": "rxeZeBA7Twc=",
        "sf": 7,
        "gwEui": "7276FF003903094F",
        "gwName": "F07",
        "gwRssi": -107,
        "devUplinkCounter": 153
      },
      {
        "devEui": "0018B200000023E6",
        "devAddr": "30014AE9",
        "time": "2018-11-25 12:11:18",
        "payload": "rxeZeBA7Twc=",
        "sf": 7,
        "gwEui": "7276FF003903094E",
        "gwName": "K01a",
        "gwRssi": -94,
        "devUplinkCounter": 153
      }
    ]
  },
  {
    "Floor": "H",
    "Number": 21,
    "UL1": 1179,
    "UL2": 0,
    "Time": "11/25/2018 12:11:35 PM",
    "Measures": [
      {
        "devEui": "0018B200000023E6",
        "devAddr": "30014AE9",
        "time": "2018-11-25 12:11:35",
        "payload": "rxebeRA7TAc=",
        "sf": 7,
        "gwEui": "7276FF0039030977",
        "gwName": "H06",
        "gwRssi": -96,
        "devUplinkCounter": 155
      },
      {
        "devEui": "0018B200000023E6",
        "devAddr": "30014AE9",
        "time": "2018-11-25 12:11:35",
        "payload": "rxebeRA7TAc=",
        "sf": 7,
        "gwEui": "7276FF003903094E",
        "gwName": "K01a",
        "gwRssi": -102,
        "devUplinkCounter": 155
      },
      {
        "devEui": "0018B200000023E6",
        "devAddr": "30014AE9",
        "time": "2018-11-25 12:11:35",
        "payload": "rxebeRA7TAc=",
        "sf": 7,
        "gwEui": "7276FF0039030A01",
        "gwName": "Loge",
        "gwRssi": -90,
        "devUplinkCounter": 155
      },
      {
        "devEui": "0018B200000023E6",
        "devAddr": "30014AE9",
        "time": "2018-11-25 12:11:35",
        "payload": "rxebeRA7TAc=",
        "sf": 7,
        "gwEui": "7276FF003903094F",
        "gwName": "F07",
        "gwRssi": -102,
        "devUplinkCounter": 155
      },
      {
        "devEui": "0018B200000023E6",
        "devAddr": "30014AE9",
        "time": "2018-11-25 12:11:39",
        "payload": "rxebeRA7TAc=",
        "sf": 7,
        "gwEui": "7276FF0039030977",
        "gwName": "H06",
        "gwRssi": -89,
        "devUplinkCounter": 155
      },
      {
        "devEui": "0018B200000023E6",
        "devAddr": "30014AE9",
        "time": "2018-11-25 12:11:39",
        "payload": "rxebeRA7TAc=",
        "sf": 7,
        "gwEui": "7276FF0039030A01",
        "gwName": "Loge",
        "gwRssi": -92,
        "devUplinkCounter": 155
      },
      {
        "devEui": "0018B200000023E6",
        "devAddr": "30014AE9",
        "time": "2018-11-25 12:11:39",
        "payload": "rxebeRA7TAc=",
        "sf": 7,
        "gwEui": "7276FF003903094E",
        "gwName": "K01a",
        "gwRssi": -100,
        "devUplinkCounter": 155
      }
    ]
  },
  {
    "Floor": "H",
    "Number": 22,
    "UL1": 1181,
    "UL2": 0,
    "Time": "11/25/2018 12:12:05 PM",
    "Measures": [
      {
        "devEui": "0018B200000023E6",
        "devAddr": "30014AE9",
        "time": "2018-11-25 12:10:26",
        "payload": "rxedehA6TwY=",
        "sf": 7,
        "gwEui": "7276FF0039030977",
        "gwName": "H06",
        "gwRssi": -90,
        "devUplinkCounter": 157
      },
      {
        "devEui": "0018B200000023E6",
        "devAddr": "30014AE9",
        "time": "2018-11-25 12:10:26",
        "payload": "rxedehA6TwY=",
        "sf": 7,
        "gwEui": "7276FF0039030A01",
        "gwName": "Loge",
        "gwRssi": -96,
        "devUplinkCounter": 157
      },
      {
        "devEui": "0018B200000023E6",
        "devAddr": "30014AE9",
        "time": "2018-11-25 12:10:26",
        "payload": "rxedehA6TwY=",
        "sf": 7,
        "gwEui": "7276FF00390309F5",
        "gwName": "A02b",
        "gwRssi": -114,
        "devUplinkCounter": 157
      },
      {
        "devEui": "0018B200000023E6",
        "devAddr": "30014AE9",
        "time": "2018-11-25 12:10:26",
        "payload": "rxedehA6TwY=",
        "sf": 7,
        "gwEui": "7276FF003903094F",
        "gwName": "F07",
        "gwRssi": -99,
        "devUplinkCounter": 157
      },
      {
        "devEui": "0018B200000023E6",
        "devAddr": "30014AE9",
        "time": "2018-11-25 12:10:26",
        "payload": "rxedehA6TwY=",
        "sf": 7,
        "gwEui": "7276FF003903094E",
        "gwName": "K01a",
        "gwRssi": -102,
        "devUplinkCounter": 157
      }
    ]
  },
  {
    "Floor": "H",
    "Number": 23,
    "UL1": 1182,
    "UL2": 0,
    "Time": "11/25/2018 12:12:16 PM",
    "Measures": []
  },
  {
    "Floor": "H",
    "Number": 24,
    "UL1": 1183,
    "UL2": 0,
    "Time": "11/25/2018 12:12:27 PM",
    "Measures": [
      {
        "devEui": "0018B200000023E6",
        "devAddr": "30014AE9",
        "time": "2018-11-25 12:12:28",
        "payload": "rxeffBA4TAY=",
        "sf": 7,
        "gwEui": "7276FF0039030977",
        "gwName": "H06",
        "gwRssi": -81,
        "devUplinkCounter": 159
      },
      {
        "devEui": "0018B200000023E6",
        "devAddr": "30014AE9",
        "time": "2018-11-25 12:12:28",
        "payload": "rxeffBA4TAY=",
        "sf": 7,
        "gwEui": "7276FF003903094E",
        "gwName": "K01a",
        "gwRssi": -92,
        "devUplinkCounter": 159
      },
      {
        "devEui": "0018B200000023E6",
        "devAddr": "30014AE9",
        "time": "2018-11-25 12:12:28",
        "payload": "rxeffBA4TAY=",
        "sf": 7,
        "gwEui": "7276FF003903094F",
        "gwName": "F07",
        "gwRssi": -97,
        "devUplinkCounter": 159
      }
    ]
  },
  {
    "Floor": "H",
    "Number": 25,
    "UL1": 1184,
    "UL2": 0,
    "Time": "11/25/2018 12:14:10 PM",
    "Measures": [
      {
        "devEui": "0018B200000023E6",
        "devAddr": "30014AE9",
        "time": "2018-11-25 12:14:11",
        "payload": "rxegfRA4TgY=",
        "sf": 7,
        "gwEui": "7276FF003903094F",
        "gwName": "F07",
        "gwRssi": -101,
        "devUplinkCounter": 160
      },
      {
        "devEui": "0018B200000023E6",
        "devAddr": "30014AE9",
        "time": "2018-11-25 12:14:11",
        "payload": "rxegfRA4TgY=",
        "sf": 7,
        "gwEui": "7276FF0039030A01",
        "gwName": "Loge",
        "gwRssi": -78,
        "devUplinkCounter": 160
      },
      {
        "devEui": "0018B200000023E6",
        "devAddr": "30014AE9",
        "time": "2018-11-25 12:14:11",
        "payload": "rxegfRA4TgY=",
        "sf": 7,
        "gwEui": "7276FF0039030977",
        "gwName": "H06",
        "gwRssi": -74,
        "devUplinkCounter": 160
      },
      {
        "devEui": "0018B200000023E6",
        "devAddr": "30014AE9",
        "time": "2018-11-25 12:14:11",
        "payload": "rxegfRA4TgY=",
        "sf": 7,
        "gwEui": "7276FF003903094E",
        "gwName": "K01a",
        "gwRssi": -98,
        "devUplinkCounter": 160
      }
    ]
  },
  {
    "Floor": "H",
    "Number": 26,
    "UL1": 1185,
    "UL2": 0,
    "Time": "11/25/2018 12:14:15 PM",
    "Measures": [
      {
        "devEui": "0018B200000023E6",
        "devAddr": "30014AE9",
        "time": "2018-11-25 12:14:32",
        "payload": "rxehfhA4RQc=",
        "sf": 7,
        "gwEui": "7276FF003903094F",
        "gwName": "F07",
        "gwRssi": -95,
        "devUplinkCounter": 161
      },
      {
        "devEui": "0018B200000023E6",
        "devAddr": "30014AE9",
        "time": "2018-11-25 12:14:32",
        "payload": "rxehfhA4RQc=",
        "sf": 7,
        "gwEui": "7276FF0039030977",
        "gwName": "H06",
        "gwRssi": -69,
        "devUplinkCounter": 161
      },
      {
        "devEui": "0018B200000023E6",
        "devAddr": "30014AE9",
        "time": "2018-11-25 12:14:32",
        "payload": "rxehfhA4RQc=",
        "sf": 7,
        "gwEui": "7276FF003903094E",
        "gwName": "K01a",
        "gwRssi": -94,
        "devUplinkCounter": 161
      }
    ]
  },
  {
    "Floor": "H",
    "Number": 27,
    "UL1": 1186,
    "UL2": 0,
    "Time": "11/25/2018 12:14:53 PM",
    "Measures": [
      {
        "devEui": "0018B200000023E6",
        "devAddr": "30014AE9",
        "time": "2018-11-25 12:13:10",
        "payload": "rxeifxA2OwY=",
        "sf": 7,
        "gwEui": "7276FF00390309F5",
        "gwName": "A02b",
        "gwRssi": -119,
        "devUplinkCounter": 162
      },
      {
        "devEui": "0018B200000023E6",
        "devAddr": "30014AE9",
        "time": "2018-11-25 12:13:10",
        "payload": "rxeifxA2OwY=",
        "sf": 7,
        "gwEui": "7276FF003903097C",
        "gwName": "C22",
        "gwRssi": -105,
        "devUplinkCounter": 162
      },
      {
        "devEui": "0018B200000023E6",
        "devAddr": "30014AE9",
        "time": "2018-11-25 12:13:10",
        "payload": "rxeifxA2OwY=",
        "sf": 7,
        "gwEui": "7276FF0039030A01",
        "gwName": "Loge",
        "gwRssi": -87,
        "devUplinkCounter": 162
      },
      {
        "devEui": "0018B200000023E6",
        "devAddr": "30014AE9",
        "time": "2018-11-25 12:13:10",
        "payload": "rxeifxA2OwY=",
        "sf": 7,
        "gwEui": "7276FF0039030977",
        "gwName": "H06",
        "gwRssi": -78,
        "devUplinkCounter": 162
      },
      {
        "devEui": "0018B200000023E6",
        "devAddr": "30014AE9",
        "time": "2018-11-25 12:13:10",
        "payload": "rxeifxA2OwY=",
        "sf": 7,
        "gwEui": "7276FF003903094E",
        "gwName": "K01a",
        "gwRssi": -96,
        "devUplinkCounter": 162
      },
      {
        "devEui": "0018B200000023E6",
        "devAddr": "30014AE9",
        "time": "2018-11-25 12:13:10",
        "payload": "rxeifxA2OwY=",
        "sf": 7,
        "gwEui": "7276FF003903094F",
        "gwName": "F07",
        "gwRssi": -101,
        "devUplinkCounter": 162
      }
    ]
  },
  {
    "Floor": "H",
    "Number": 28,
    "UL1": 1187,
    "UL2": 0,
    "Time": "11/25/2018 12:15:07 PM",
    "Measures": [
      {
        "devEui": "0018B200000023E6",
        "devAddr": "30014AE9",
        "time": "2018-11-25 12:15:04",
        "payload": "rxejgBA2RQc=",
        "sf": 7,
        "gwEui": "7276FF0039030A01",
        "gwName": "Loge",
        "gwRssi": -88,
        "devUplinkCounter": 163
      },
      {
        "devEui": "0018B200000023E6",
        "devAddr": "30014AE9",
        "time": "2018-11-25 12:15:04",
        "payload": "rxejgBA2RQc=",
        "sf": 7,
        "gwEui": "7276FF0039030977",
        "gwName": "H06",
        "gwRssi": -77,
        "devUplinkCounter": 163
      },
      {
        "devEui": "0018B200000023E6",
        "devAddr": "30014AE9",
        "time": "2018-11-25 12:15:04",
        "payload": "rxejgBA2RQc=",
        "sf": 7,
        "gwEui": "7276FF003903094E",
        "gwName": "K01a",
        "gwRssi": -94,
        "devUplinkCounter": 163
      },
      {
        "devEui": "0018B200000023E6",
        "devAddr": "30014AE9",
        "time": "2018-11-25 12:15:04",
        "payload": "rxejgBA2RQc=",
        "sf": 7,
        "gwEui": "7276FF003903094F",
        "gwName": "F07",
        "gwRssi": -99,
        "devUplinkCounter": 163
      }
    ]
  },
  {
    "Floor": "H",
    "Number": 29,
    "UL1": 1188,
    "UL2": 0,
    "Time": "11/25/2018 12:15:15 PM",
    "Measures": [
      {
        "devEui": "0018B200000023E6",
        "devAddr": "30014AE9",
        "time": "2018-11-25 12:15:16",
        "payload": "rxekgRA2SgY=",
        "sf": 7,
        "gwEui": "7276FF0039030977",
        "gwName": "H06",
        "gwRssi": -76,
        "devUplinkCounter": 164
      },
      {
        "devEui": "0018B200000023E6",
        "devAddr": "30014AE9",
        "time": "2018-11-25 12:15:16",
        "payload": "rxekgRA2SgY=",
        "sf": 7,
        "gwEui": "7276FF003903094F",
        "gwName": "F07",
        "gwRssi": -94,
        "devUplinkCounter": 164
      },
      {
        "devEui": "0018B200000023E6",
        "devAddr": "30014AE9",
        "time": "2018-11-25 12:15:16",
        "payload": "rxekgRA2SgY=",
        "sf": 7,
        "gwEui": "7276FF003903094E",
        "gwName": "K01a",
        "gwRssi": -104,
        "devUplinkCounter": 164
      }
    ]
  },
  {
    "Floor": "H",
    "Number": 30,
    "UL1": 1189,
    "UL2": 0,
    "Time": "11/25/2018 12:16:44 PM",
    "Measures": [
      {
        "devEui": "0018B200000023E6",
        "devAddr": "30014AE9",
        "time": "2018-11-25 12:16:38",
        "payload": "rxelghA2QQY=",
        "sf": 7,
        "gwEui": "7276FF003903094E",
        "gwName": "K01a",
        "gwRssi": -84,
        "devUplinkCounter": 165
      },
      {
        "devEui": "0018B200000023E6",
        "devAddr": "30014AE9",
        "time": "2018-11-25 12:16:38",
        "payload": "rxelghA2QQY=",
        "sf": 7,
        "gwEui": "7276FF003903094F",
        "gwName": "F07",
        "gwRssi": -79,
        "devUplinkCounter": 165
      },
      {
        "devEui": "0018B200000023E6",
        "devAddr": "30014AE9",
        "time": "2018-11-25 12:16:38",
        "payload": "rxelghA2QQY=",
        "sf": 7,
        "gwEui": "7276FF0039030977",
        "gwName": "H06",
        "gwRssi": -77,
        "devUplinkCounter": 165
      }
    ]
  },
  {
    "Floor": "H",
    "Number": 31,
    "UL1": 1190,
    "UL2": 0,
    "Time": "11/25/2018 12:17:02 PM",
    "Measures": [
      {
        "devEui": "0018B200000023E6",
        "devAddr": "30014AE9",
        "time": "2018-11-25 12:16:53",
        "payload": "rxemgxA2QQY=",
        "sf": 7,
        "gwEui": "7276FF0039030A01",
        "gwName": "Loge",
        "gwRssi": -74,
        "devUplinkCounter": 166
      },
      {
        "devEui": "0018B200000023E6",
        "devAddr": "30014AE9",
        "time": "2018-11-25 12:16:53",
        "payload": "rxemgxA2QQY=",
        "sf": 7,
        "gwEui": "7276FF003903094F",
        "gwName": "F07",
        "gwRssi": -95,
        "devUplinkCounter": 166
      },
      {
        "devEui": "0018B200000023E6",
        "devAddr": "30014AE9",
        "time": "2018-11-25 12:16:53",
        "payload": "rxemgxA2QQY=",
        "sf": 7,
        "gwEui": "7276FF003903097C",
        "gwName": "C22",
        "gwRssi": -110,
        "devUplinkCounter": 166
      },
      {
        "devEui": "0018B200000023E6",
        "devAddr": "30014AE9",
        "time": "2018-11-25 12:16:53",
        "payload": "rxemgxA2QQY=",
        "sf": 7,
        "gwEui": "7276FF0039030977",
        "gwName": "H06",
        "gwRssi": -71,
        "devUplinkCounter": 166
      },
      {
        "devEui": "0018B200000023E6",
        "devAddr": "30014AE9",
        "time": "2018-11-25 12:16:53",
        "payload": "rxemgxA2QQY=",
        "sf": 7,
        "gwEui": "7276FF003903094E",
        "gwName": "K01a",
        "gwRssi": -104,
        "devUplinkCounter": 166
      },
      {
        "devEui": "0018B200000023E6",
        "devAddr": "30014AE9",
        "time": "2018-11-25 12:16:53",
        "payload": "rxemgxA2QQY=",
        "sf": 7,
        "gwEui": "7276FF0039030950",
        "gwName": "B40",
        "gwRssi": -105,
        "devUplinkCounter": 166
      }
    ]
  },
  {
    "Floor": "H",
    "Number": 32,
    "UL1": 1191,
    "UL2": 0,
    "Time": "11/25/2018 12:17:14 PM",
    "Measures": [
      {
        "devEui": "0018B200000023E6",
        "devAddr": "30014AE9",
        "time": "2018-11-25 12:17:09",
        "payload": "rxinhBA2Owc=",
        "sf": 7,
        "gwEui": "7276FF0039030A01",
        "gwName": "Loge",
        "gwRssi": -72,
        "devUplinkCounter": 167
      },
      {
        "devEui": "0018B200000023E6",
        "devAddr": "30014AE9",
        "time": "2018-11-25 12:17:09",
        "payload": "rxinhBA2Owc=",
        "sf": 7,
        "gwEui": "7276FF003903094F",
        "gwName": "F07",
        "gwRssi": -81,
        "devUplinkCounter": 167
      },
      {
        "devEui": "0018B200000023E6",
        "devAddr": "30014AE9",
        "time": "2018-11-25 12:17:09",
        "payload": "rxinhBA2Owc=",
        "sf": 7,
        "gwEui": "7276FF0039030977",
        "gwName": "H06",
        "gwRssi": -71,
        "devUplinkCounter": 167
      },
      {
        "devEui": "0018B200000023E6",
        "devAddr": "30014AE9",
        "time": "2018-11-25 12:17:09",
        "payload": "rxinhBA2Owc=",
        "sf": 7,
        "gwEui": "7276FF003903094E",
        "gwName": "K01a",
        "gwRssi": -98,
        "devUplinkCounter": 167
      },
      {
        "devEui": "0018B200000023E6",
        "devAddr": "30014AE9",
        "time": "2018-11-25 12:17:09",
        "payload": "rxinhBA2Owc=",
        "sf": 7,
        "gwEui": "7276FF003903097C",
        "gwName": "C22",
        "gwRssi": -110,
        "devUplinkCounter": 167
      }
    ]
  },
  {
    "Floor": "H",
    "Number": 33,
    "UL1": 1192,
    "UL2": 0,
    "Time": "11/25/2018 12:18:29 PM",
    "Measures": [
      {
        "devEui": "0018B200000023E6",
        "devAddr": "30014AE9",
        "time": "2018-11-25 12:18:30",
        "payload": "rxiohRA2QQY=",
        "sf": 7,
        "gwEui": "7276FF003903094E",
        "gwName": "K01a",
        "gwRssi": -94,
        "devUplinkCounter": 168
      },
      {
        "devEui": "0018B200000023E6",
        "devAddr": "30014AE9",
        "time": "2018-11-25 12:18:30",
        "payload": "rxiohRA2QQY=",
        "sf": 7,
        "gwEui": "7276FF0039030977",
        "gwName": "H06",
        "gwRssi": -66,
        "devUplinkCounter": 168
      },
      {
        "devEui": "0018B200000023E6",
        "devAddr": "30014AE9",
        "time": "2018-11-25 12:18:30",
        "payload": "rxiohRA2QQY=",
        "sf": 7,
        "gwEui": "7276FF003903094F",
        "gwName": "F07",
        "gwRssi": -79,
        "devUplinkCounter": 168
      }
    ]
  },
  {
    "Floor": "H",
    "Number": 34,
    "UL1": 1193,
    "UL2": 0,
    "Time": "11/25/2018 12:18:45 PM",
    "Measures": [
      {
        "devEui": "0018B200000023E6",
        "devAddr": "30014AE9",
        "time": "2018-11-25 12:17:39",
        "payload": "rxephhA3QQY=",
        "sf": 7,
        "gwEui": "7276FF003903094F",
        "gwName": "F07",
        "gwRssi": -95,
        "devUplinkCounter": 169
      },
      {
        "devEui": "0018B200000023E6",
        "devAddr": "30014AE9",
        "time": "2018-11-25 12:17:39",
        "payload": "rxephhA3QQY=",
        "sf": 7,
        "gwEui": "7276FF0039030977",
        "gwName": "H06",
        "gwRssi": -77,
        "devUplinkCounter": 169
      },
      {
        "devEui": "0018B200000023E6",
        "devAddr": "30014AE9",
        "time": "2018-11-25 12:17:39",
        "payload": "rxephhA3QQY=",
        "sf": 7,
        "gwEui": "7276FF0039030A01",
        "gwName": "Loge",
        "gwRssi": -84,
        "devUplinkCounter": 169
      },
      {
        "devEui": "0018B200000023E6",
        "devAddr": "30014AE9",
        "time": "2018-11-25 12:17:39",
        "payload": "rxephhA3QQY=",
        "sf": 7,
        "gwEui": "7276FF003903094E",
        "gwName": "K01a",
        "gwRssi": -104,
        "devUplinkCounter": 169
      }
    ]
  },
  {
    "Floor": "H",
    "Number": 35,
    "UL1": 1194,
    "UL2": 0,
    "Time": "11/25/2018 12:18:55 PM",
    "Measures": [
      {
        "devEui": "0018B200000023E6",
        "devAddr": "30014AE9",
        "time": "2018-11-25 12:17:51",
        "payload": "rxiqhxA1QwY=",
        "sf": 7,
        "gwEui": "7276FF0039030977",
        "gwName": "H06",
        "gwRssi": -80,
        "devUplinkCounter": 170
      },
      {
        "devEui": "0018B200000023E6",
        "devAddr": "30014AE9",
        "time": "2018-11-25 12:17:51",
        "payload": "rxiqhxA1QwY=",
        "sf": 7,
        "gwEui": "7276FF003903094E",
        "gwName": "K01a",
        "gwRssi": -107,
        "devUplinkCounter": 170
      },
      {
        "devEui": "0018B200000023E6",
        "devAddr": "30014AE9",
        "time": "2018-11-25 12:17:51",
        "payload": "rxiqhxA1QwY=",
        "sf": 7,
        "gwEui": "7276FF003903094F",
        "gwName": "F07",
        "gwRssi": -103,
        "devUplinkCounter": 170
      },
      {
        "devEui": "0018B200000023E6",
        "devAddr": "30014AE9",
        "time": "2018-11-25 12:17:51",
        "payload": "rxiqhxA1QwY=",
        "sf": 7,
        "gwEui": "7276FF0039030A01",
        "gwName": "Loge",
        "gwRssi": -86,
        "devUplinkCounter": 170
      }
    ]
  },
  {
    "Floor": "H",
    "Number": 36,
    "UL1": 1195,
    "UL2": 0,
    "Time": "11/25/2018 12:19:10 PM",
    "Measures": [
      {
        "devEui": "0018B200000023E6",
        "devAddr": "30014AE9",
        "time": "2018-11-25 12:19:10",
        "payload": "rxiriBA1RgY=",
        "sf": 7,
        "gwEui": "7276FF003903094F",
        "gwName": "F07",
        "gwRssi": -89,
        "devUplinkCounter": 171
      },
      {
        "devEui": "0018B200000023E6",
        "devAddr": "30014AE9",
        "time": "2018-11-25 12:19:10",
        "payload": "rxiriBA1RgY=",
        "sf": 7,
        "gwEui": "7276FF003903094E",
        "gwName": "K01a",
        "gwRssi": -102,
        "devUplinkCounter": 171
      },
      {
        "devEui": "0018B200000023E6",
        "devAddr": "30014AE9",
        "time": "2018-11-25 12:19:10",
        "payload": "rxiriBA1RgY=",
        "sf": 7,
        "gwEui": "7276FF003903097C",
        "gwName": "C22",
        "gwRssi": -106,
        "devUplinkCounter": 171
      },
      {
        "devEui": "0018B200000023E6",
        "devAddr": "30014AE9",
        "time": "2018-11-25 12:19:10",
        "payload": "rxiriBA1RgY=",
        "sf": 7,
        "gwEui": "7276FF0039030977",
        "gwName": "H06",
        "gwRssi": -74,
        "devUplinkCounter": 171
      }
    ]
  },
  {
    "Floor": "H",
    "Number": 37,
    "UL1": 1196,
    "UL2": 0,
    "Time": "11/25/2018 12:19:20 PM",
    "Measures": [
      {
        "devEui": "0018B200000023E6",
        "devAddr": "30014AE9",
        "time": "2018-11-25 12:18:17",
        "payload": "rxisiRA0TAY=",
        "sf": 7,
        "gwEui": "7276FF003903094E",
        "gwName": "K01a",
        "gwRssi": -102,
        "devUplinkCounter": 172
      },
      {
        "devEui": "0018B200000023E6",
        "devAddr": "30014AE9",
        "time": "2018-11-25 12:18:17",
        "payload": "rxisiRA0TAY=",
        "sf": 7,
        "gwEui": "7276FF003903094F",
        "gwName": "F07",
        "gwRssi": -89,
        "devUplinkCounter": 172
      },
      {
        "devEui": "0018B200000023E6",
        "devAddr": "30014AE9",
        "time": "2018-11-25 12:18:17",
        "payload": "rxisiRA0TAY=",
        "sf": 7,
        "gwEui": "7276FF0039030977",
        "gwName": "H06",
        "gwRssi": -70,
        "devUplinkCounter": 172
      }
    ]
  },
  {
    "Floor": "H",
    "Number": 38,
    "UL1": 1197,
    "UL2": 0,
    "Time": "11/25/2018 12:20:36 PM",
    "Measures": [
      {
        "devEui": "0018B200000023E6",
        "devAddr": "30014AE9",
        "time": "2018-11-25 12:19:33",
        "payload": "rxitihAzPwY=",
        "sf": 7,
        "gwEui": "7276FF003903094E",
        "gwName": "K01a",
        "gwRssi": -99,
        "devUplinkCounter": 173
      },
      {
        "devEui": "0018B200000023E6",
        "devAddr": "30014AE9",
        "time": "2018-11-25 12:19:33",
        "payload": "rxitihAzPwY=",
        "sf": 7,
        "gwEui": "7276FF0039030977",
        "gwName": "H06",
        "gwRssi": -47,
        "devUplinkCounter": 173
      },
      {
        "devEui": "0018B200000023E6",
        "devAddr": "30014AE9",
        "time": "2018-11-25 12:19:33",
        "payload": "rxitihAzPwY=",
        "sf": 7,
        "gwEui": "7276FF0039030A01",
        "gwName": "Loge",
        "gwRssi": -81,
        "devUplinkCounter": 173
      },
      {
        "devEui": "0018B200000023E6",
        "devAddr": "30014AE9",
        "time": "2018-11-25 12:19:33",
        "payload": "rxitihAzPwY=",
        "sf": 7,
        "gwEui": "7276FF003903094F",
        "gwName": "F07",
        "gwRssi": -81,
        "devUplinkCounter": 173
      }
    ]
  },
  {
    "Floor": "H",
    "Number": 39,
    "UL1": 1198,
    "UL2": 0,
    "Time": "11/25/2018 12:20:48 PM",
    "Measures": [
      {
        "devEui": "0018B200000023E6",
        "devAddr": "30014AE9",
        "time": "2018-11-25 12:19:44",
        "payload": "rxiuixA0LQU=",
        "sf": 7,
        "gwEui": "7276FF0039030A01",
        "gwName": "Loge",
        "gwRssi": -77,
        "devUplinkCounter": 174
      },
      {
        "devEui": "0018B200000023E6",
        "devAddr": "30014AE9",
        "time": "2018-11-25 12:19:44",
        "payload": "rxiuixA0LQU=",
        "sf": 7,
        "gwEui": "7276FF0039030977",
        "gwName": "H06",
        "gwRssi": -45,
        "devUplinkCounter": 174
      },
      {
        "devEui": "0018B200000023E6",
        "devAddr": "30014AE9",
        "time": "2018-11-25 12:19:44",
        "payload": "rxiuixA0LQU=",
        "sf": 7,
        "gwEui": "7276FF003903094E",
        "gwName": "K01a",
        "gwRssi": -107,
        "devUplinkCounter": 174
      },
      {
        "devEui": "0018B200000023E6",
        "devAddr": "30014AE9",
        "time": "2018-11-25 12:19:44",
        "payload": "rxiuixA0LQU=",
        "sf": 7,
        "gwEui": "7276FF003903094F",
        "gwName": "F07",
        "gwRssi": -81,
        "devUplinkCounter": 174
      }
    ]
  },
  {
    "Floor": "H",
    "Number": 40,
    "UL1": 1199,
    "UL2": 0,
    "Time": "11/25/2018 12:21:08 PM",
    "Measures": [
      {
        "devEui": "0018B200000023E6",
        "devAddr": "30014AE9",
        "time": "2018-11-25 12:21:09",
        "payload": "rxivjBA1KgU=",
        "sf": 7,
        "gwEui": "7276FF003903094E",
        "gwName": "K01a",
        "gwRssi": -102,
        "devUplinkCounter": 175
      },
      {
        "devEui": "0018B200000023E6",
        "devAddr": "30014AE9",
        "time": "2018-11-25 12:21:09",
        "payload": "rxivjBA1KgU=",
        "sf": 7,
        "gwEui": "7276FF003903094F",
        "gwName": "F07",
        "gwRssi": -73,
        "devUplinkCounter": 175
      },
      {
        "devEui": "0018B200000023E6",
        "devAddr": "30014AE9",
        "time": "2018-11-25 12:21:09",
        "payload": "rxivjBA1KgU=",
        "sf": 7,
        "gwEui": "7276FF0039030977",
        "gwName": "H06",
        "gwRssi": -53,
        "devUplinkCounter": 175
      },
      {
        "devEui": "0018B200000023E6",
        "devAddr": "30014AE9",
        "time": "2018-11-25 12:21:09",
        "payload": "rxivjBA1KgU=",
        "sf": 7,
        "gwEui": "7276FF0039030A01",
        "gwName": "Loge",
        "gwRssi": -96,
        "devUplinkCounter": 175
      }
    ]
  },
  {
    "Floor": "H",
    "Number": 41,
    "UL1": 1200,
    "UL2": 0,
    "Time": "11/25/2018 12:21:24 PM",
    "Measures": [
      {
        "devEui": "0018B200000023E6",
        "devAddr": "30014AE9",
        "time": "2018-11-25 12:21:25",
        "payload": "rxiwjRAzNAU=",
        "sf": 7,
        "gwEui": "7276FF0039030A01",
        "gwName": "Loge",
        "gwRssi": -80,
        "devUplinkCounter": 176
      },
      {
        "devEui": "0018B200000023E6",
        "devAddr": "30014AE9",
        "time": "2018-11-25 12:21:25",
        "payload": "rxiwjRAzNAU=",
        "sf": 7,
        "gwEui": "7276FF003903094E",
        "gwName": "K01a",
        "gwRssi": -99,
        "devUplinkCounter": 176
      },
      {
        "devEui": "0018B200000023E6",
        "devAddr": "30014AE9",
        "time": "2018-11-25 12:21:25",
        "payload": "rxiwjRAzNAU=",
        "sf": 7,
        "gwEui": "7276FF003903094F",
        "gwName": "F07",
        "gwRssi": -82,
        "devUplinkCounter": 176
      },
      {
        "devEui": "0018B200000023E6",
        "devAddr": "30014AE9",
        "time": "2018-11-25 12:21:25",
        "payload": "rxiwjRAzNAU=",
        "sf": 7,
        "gwEui": "7276FF0039030977",
        "gwName": "H06",
        "gwRssi": -54,
        "devUplinkCounter": 176
      }
    ]
  },
  {
    "Floor": "H",
    "Number": 42,
    "UL1": 1201,
    "UL2": 0,
    "Time": "11/25/2018 12:21:35 PM",
    "Measures": [
      {
        "devEui": "0018B200000023E6",
        "devAddr": "30014AE9",
        "time": "2018-11-25 12:20:32",
        "payload": "rxixjhA0NAc=",
        "sf": 7,
        "gwEui": "7276FF003903094F",
        "gwName": "F07",
        "gwRssi": -66,
        "devUplinkCounter": 177
      },
      {
        "devEui": "0018B200000023E6",
        "devAddr": "30014AE9",
        "time": "2018-11-25 12:20:32",
        "payload": "rxixjhA0NAc=",
        "sf": 7,
        "gwEui": "7276FF0039030A01",
        "gwName": "Loge",
        "gwRssi": -83,
        "devUplinkCounter": 177
      },
      {
        "devEui": "0018B200000023E6",
        "devAddr": "30014AE9",
        "time": "2018-11-25 12:20:32",
        "payload": "rxixjhA0NAc=",
        "sf": 7,
        "gwEui": "7276FF0039030977",
        "gwName": "H06",
        "gwRssi": -46,
        "devUplinkCounter": 177
      },
      {
        "devEui": "0018B200000023E6",
        "devAddr": "30014AE9",
        "time": "2018-11-25 12:20:32",
        "payload": "rxixjhA0NAc=",
        "sf": 7,
        "gwEui": "7276FF003903094E",
        "gwName": "K01a",
        "gwRssi": -99,
        "devUplinkCounter": 177
      }
    ]
  },
  {
    "Floor": "H",
    "Number": 43,
    "UL1": 1202,
    "UL2": 0,
    "Time": "11/25/2018 12:21:48 PM",
    "Measures": [
      {
        "devEui": "0018B200000023E6",
        "devAddr": "30014AE9",
        "time": "2018-11-25 12:21:49",
        "payload": "rxiyjxAwJwU=",
        "sf": 7,
        "gwEui": "7276FF003903094F",
        "gwName": "F07",
        "gwRssi": -84,
        "devUplinkCounter": 178
      },
      {
        "devEui": "0018B200000023E6",
        "devAddr": "30014AE9",
        "time": "2018-11-25 12:21:49",
        "payload": "rxiyjxAwJwU=",
        "sf": 7,
        "gwEui": "7276FF003903094E",
        "gwName": "K01a",
        "gwRssi": -106,
        "devUplinkCounter": 178
      },
      {
        "devEui": "0018B200000023E6",
        "devAddr": "30014AE9",
        "time": "2018-11-25 12:21:49",
        "payload": "rxiyjxAwJwU=",
        "sf": 7,
        "gwEui": "7276FF0039030977",
        "gwName": "H06",
        "gwRssi": -46,
        "devUplinkCounter": 178
      }
    ]
  },
  {
    "Floor": "H",
    "Number": 44,
    "UL1": 1203,
    "UL2": 0,
    "Time": "11/25/2018 12:23:41 PM",
    "Measures": [
      {
        "devEui": "0018B200000023E6",
        "devAddr": "30014AE9",
        "time": "2018-11-25 12:23:41",
        "payload": "rxizkBAxNwc=",
        "sf": 7,
        "gwEui": "7276FF003903094F",
        "gwName": "F07",
        "gwRssi": -69,
        "devUplinkCounter": 179
      },
      {
        "devEui": "0018B200000023E6",
        "devAddr": "30014AE9",
        "time": "2018-11-25 12:23:41",
        "payload": "rxizkBAxNwc=",
        "sf": 7,
        "gwEui": "7276FF0039030977",
        "gwName": "H06",
        "gwRssi": -64,
        "devUplinkCounter": 179
      },
      {
        "devEui": "0018B200000023E6",
        "devAddr": "30014AE9",
        "time": "2018-11-25 12:23:41",
        "payload": "rxizkBAxNwc=",
        "sf": 7,
        "gwEui": "7276FF0039030A01",
        "gwName": "Loge",
        "gwRssi": -86,
        "devUplinkCounter": 179
      },
      {
        "devEui": "0018B200000023E6",
        "devAddr": "30014AE9",
        "time": "2018-11-25 12:23:41",
        "payload": "rxizkBAxNwc=",
        "sf": 7,
        "gwEui": "7276FF003903094E",
        "gwName": "K01a",
        "gwRssi": -92,
        "devUplinkCounter": 179
      }
    ]
  },
  {
    "Floor": "H",
    "Number": 45,
    "UL1": 1204,
    "UL2": 0,
    "Time": "11/25/2018 12:23:48 PM",
    "Measures": [
      {
        "devEui": "0018B200000023E6",
        "devAddr": "30014AE9",
        "time": "2018-11-25 12:22:45",
        "payload": "rxi0kRAwPwc=",
        "sf": 7,
        "gwEui": "7276FF003903094E",
        "gwName": "K01a",
        "gwRssi": -94,
        "devUplinkCounter": 180
      },
      {
        "devEui": "0018B200000023E6",
        "devAddr": "30014AE9",
        "time": "2018-11-25 12:22:45",
        "payload": "rxi0kRAwPwc=",
        "sf": 7,
        "gwEui": "7276FF003903094F",
        "gwName": "F07",
        "gwRssi": -73,
        "devUplinkCounter": 180
      },
      {
        "devEui": "0018B200000023E6",
        "devAddr": "30014AE9",
        "time": "2018-11-25 12:22:45",
        "payload": "rxi0kRAwPwc=",
        "sf": 7,
        "gwEui": "7276FF0039030977",
        "gwName": "H06",
        "gwRssi": -63,
        "devUplinkCounter": 180
      }
    ]
  },
  {
    "Floor": "H",
    "Number": 46,
    "UL1": 1205,
    "UL2": 0,
    "Time": "11/25/2018 12:24:14 PM",
    "Measures": [
      {
        "devEui": "0018B200000023E6",
        "devAddr": "30014AE9",
        "time": "2018-11-25 12:24:15",
        "payload": "rxi1khAzNAY=",
        "sf": 7,
        "gwEui": "7276FF003903094F",
        "gwName": "F07",
        "gwRssi": -68,
        "devUplinkCounter": 181
      },
      {
        "devEui": "0018B200000023E6",
        "devAddr": "30014AE9",
        "time": "2018-11-25 12:24:15",
        "payload": "rxi1khAzNAY=",
        "sf": 7,
        "gwEui": "7276FF0039030977",
        "gwName": "H06",
        "gwRssi": -53,
        "devUplinkCounter": 181
      },
      {
        "devEui": "0018B200000023E6",
        "devAddr": "30014AE9",
        "time": "2018-11-25 12:24:15",
        "payload": "rxi1khAzNAY=",
        "sf": 7,
        "gwEui": "7276FF003903094E",
        "gwName": "K01a",
        "gwRssi": -87,
        "devUplinkCounter": 181
      },
      {
        "devEui": "0018B200000023E6",
        "devAddr": "30014AE9",
        "time": "2018-11-25 12:24:15",
        "payload": "rxi1khAzNAY=",
        "sf": 7,
        "gwEui": "7276FF0039030A01",
        "gwName": "Loge",
        "gwRssi": -88,
        "devUplinkCounter": 181
      }
    ]
  },
  {
    "Floor": "H",
    "Number": 47,
    "UL1": 1206,
    "UL2": 0,
    "Time": "11/25/2018 12:24:29 PM",
    "Measures": [
      {
        "devEui": "0018B200000023E6",
        "devAddr": "30014AE9",
        "time": "2018-11-25 12:24:29",
        "payload": "rxi2kxAxMwY=",
        "sf": 7,
        "gwEui": "7276FF003903094E",
        "gwName": "K01a",
        "gwRssi": -94,
        "devUplinkCounter": 182
      },
      {
        "devEui": "0018B200000023E6",
        "devAddr": "30014AE9",
        "time": "2018-11-25 12:24:29",
        "payload": "rxi2kxAxMwY=",
        "sf": 7,
        "gwEui": "7276FF003903094F",
        "gwName": "F07",
        "gwRssi": -79,
        "devUplinkCounter": 182
      },
      {
        "devEui": "0018B200000023E6",
        "devAddr": "30014AE9",
        "time": "2018-11-25 12:24:29",
        "payload": "rxi2kxAxMwY=",
        "sf": 7,
        "gwEui": "7276FF0039030977",
        "gwName": "H06",
        "gwRssi": -46,
        "devUplinkCounter": 182
      }
    ]
  },
  {
    "Floor": "H",
    "Number": 48,
    "UL1": 1207,
    "UL2": 0,
    "Time": "11/25/2018 12:24:42 PM",
    "Measures": [
      {
        "devEui": "0018B200000023E6",
        "devAddr": "30014AE9",
        "time": "2018-11-25 12:24:42",
        "payload": "rxm3lBAxKQc=",
        "sf": 7,
        "gwEui": "7276FF0039030977",
        "gwName": "H06",
        "gwRssi": -40,
        "devUplinkCounter": 183
      },
      {
        "devEui": "0018B200000023E6",
        "devAddr": "30014AE9",
        "time": "2018-11-25 12:24:42",
        "payload": "rxm3lBAxKQc=",
        "sf": 7,
        "gwEui": "7276FF003903094E",
        "gwName": "K01a",
        "gwRssi": -89,
        "devUplinkCounter": 183
      },
      {
        "devEui": "0018B200000023E6",
        "devAddr": "30014AE9",
        "time": "2018-11-25 12:24:42",
        "payload": "rxm3lBAxKQc=",
        "sf": 7,
        "gwEui": "7276FF003903094F",
        "gwName": "F07",
        "gwRssi": -71,
        "devUplinkCounter": 183
      }
    ]
  },
  {
    "Floor": "H",
    "Number": 49,
    "UL1": 1208,
    "UL2": 0,
    "Time": "11/25/2018 12:24:55 PM",
    "Measures": [
      {
        "devEui": "0018B200000023E6",
        "devAddr": "30014AE9",
        "time": "2018-11-25 12:24:56",
        "payload": "rxi4lRAuIwU=",
        "sf": 7,
        "gwEui": "7276FF0039030977",
        "gwName": "H06",
        "gwRssi": -47,
        "devUplinkCounter": 184
      },
      {
        "devEui": "0018B200000023E6",
        "devAddr": "30014AE9",
        "time": "2018-11-25 12:24:56",
        "payload": "rxi4lRAuIwU=",
        "sf": 7,
        "gwEui": "7276FF003903094E",
        "gwName": "K01a",
        "gwRssi": -80,
        "devUplinkCounter": 184
      },
      {
        "devEui": "0018B200000023E6",
        "devAddr": "30014AE9",
        "time": "2018-11-25 12:24:56",
        "payload": "rxi4lRAuIwU=",
        "sf": 7,
        "gwEui": "7276FF003903094F",
        "gwName": "F07",
        "gwRssi": -66,
        "devUplinkCounter": 184
      }
    ]
  },
  {
    "Floor": "H",
    "Number": 50,
    "UL1": 1209,
    "UL2": 0,
    "Time": "11/25/2018 12:26:13 PM",
    "Measures": [
      {
        "devEui": "0018B200000023E6",
        "devAddr": "30014AE9",
        "time": "2018-11-25 12:26:14",
        "payload": "rxm5lhAxKwU=",
        "sf": 7,
        "gwEui": "7276FF003903094F",
        "gwName": "F07",
        "gwRssi": -76,
        "devUplinkCounter": 185
      },
      {
        "devEui": "0018B200000023E6",
        "devAddr": "30014AE9",
        "time": "2018-11-25 12:26:14",
        "payload": "rxm5lhAxKwU=",
        "sf": 7,
        "gwEui": "7276FF0039030977",
        "gwName": "H06",
        "gwRssi": -54,
        "devUplinkCounter": 185
      },
      {
        "devEui": "0018B200000023E6",
        "devAddr": "30014AE9",
        "time": "2018-11-25 12:26:14",
        "payload": "rxm5lhAxKwU=",
        "sf": 7,
        "gwEui": "7276FF0039030A01",
        "gwName": "Loge",
        "gwRssi": -56,
        "devUplinkCounter": 185
      },
      {
        "devEui": "0018B200000023E6",
        "devAddr": "30014AE9",
        "time": "2018-11-25 12:26:14",
        "payload": "rxm5lhAxKwU=",
        "sf": 7,
        "gwEui": "7276FF003903094E",
        "gwName": "K01a",
        "gwRssi": -95,
        "devUplinkCounter": 185
      }
    ]
  },
  {
    "Floor": "H",
    "Number": 51,
    "UL1": 1210,
    "UL2": 0,
    "Time": "11/25/2018 12:26:24 PM",
    "Measures": [
      {
        "devEui": "0018B200000023E6",
        "devAddr": "30014AE9",
        "time": "2018-11-25 12:26:25",
        "payload": "rxm6lxAxNAY=",
        "sf": 7,
        "gwEui": "7276FF003903094F",
        "gwName": "F07",
        "gwRssi": -79,
        "devUplinkCounter": 186
      },
      {
        "devEui": "0018B200000023E6",
        "devAddr": "30014AE9",
        "time": "2018-11-25 12:26:25",
        "payload": "rxm6lxAxNAY=",
        "sf": 7,
        "gwEui": "7276FF003903094E",
        "gwName": "K01a",
        "gwRssi": -80,
        "devUplinkCounter": 186
      },
      {
        "devEui": "0018B200000023E6",
        "devAddr": "30014AE9",
        "time": "2018-11-25 12:26:25",
        "payload": "rxm6lxAxNAY=",
        "sf": 7,
        "gwEui": "7276FF0039030977",
        "gwName": "H06",
        "gwRssi": -58,
        "devUplinkCounter": 186
      }
    ]
  },
  {
    "Floor": "H",
    "Number": 52,
    "UL1": 1211,
    "UL2": 0,
    "Time": "11/25/2018 12:26:35 PM",
    "Measures": [
      {
        "devEui": "0018B200000023E6",
        "devAddr": "30014AE9",
        "time": "2018-11-25 12:26:36",
        "payload": "rxi7mBAxMwc=",
        "sf": 7,
        "gwEui": "7276FF0039030977",
        "gwName": "H06",
        "gwRssi": -62,
        "devUplinkCounter": 187
      },
      {
        "devEui": "0018B200000023E6",
        "devAddr": "30014AE9",
        "time": "2018-11-25 12:26:36",
        "payload": "rxi7mBAxMwc=",
        "sf": 7,
        "gwEui": "7276FF003903094F",
        "gwName": "F07",
        "gwRssi": -77,
        "devUplinkCounter": 187
      },
      {
        "devEui": "0018B200000023E6",
        "devAddr": "30014AE9",
        "time": "2018-11-25 12:26:36",
        "payload": "rxi7mBAxMwc=",
        "sf": 7,
        "gwEui": "7276FF003903094E",
        "gwName": "K01a",
        "gwRssi": -69,
        "devUplinkCounter": 187
      }
    ]
  },
  {
    "Floor": "H",
    "Number": 53,
    "UL1": 1212,
    "UL2": 0,
    "Time": "11/25/2018 12:26:45 PM",
    "Measures": [
      {
        "devEui": "0018B200000023E6",
        "devAddr": "30014AE9",
        "time": "2018-11-25 12:26:46",
        "payload": "rxi8mRAvNAc=",
        "sf": 7,
        "gwEui": "7276FF0039030977",
        "gwName": "H06",
        "gwRssi": -64,
        "devUplinkCounter": 188
      },
      {
        "devEui": "0018B200000023E6",
        "devAddr": "30014AE9",
        "time": "2018-11-25 12:26:46",
        "payload": "rxi8mRAvNAc=",
        "sf": 7,
        "gwEui": "7276FF003903094E",
        "gwName": "K01a",
        "gwRssi": -84,
        "devUplinkCounter": 188
      },
      {
        "devEui": "0018B200000023E6",
        "devAddr": "30014AE9",
        "time": "2018-11-25 12:26:46",
        "payload": "rxi8mRAvNAc=",
        "sf": 7,
        "gwEui": "7276FF003903094F",
        "gwName": "F07",
        "gwRssi": -83,
        "devUplinkCounter": 188
      }
    ]
  },
  {
    "Floor": "H",
    "Number": 54,
    "UL1": 1213,
    "UL2": 0,
    "Time": "11/25/2018 12:26:55 PM",
    "Measures": [
      {
        "devEui": "0018B200000023E6",
        "devAddr": "30014AE9",
        "time": "2018-11-25 12:26:56",
        "payload": "rxi9mhAvOwc=",
        "sf": 7,
        "gwEui": "7276FF003903094F",
        "gwName": "F07",
        "gwRssi": -83,
        "devUplinkCounter": 189
      },
      {
        "devEui": "0018B200000023E6",
        "devAddr": "30014AE9",
        "time": "2018-11-25 12:26:56",
        "payload": "rxi9mhAvOwc=",
        "sf": 7,
        "gwEui": "7276FF0039030977",
        "gwName": "H06",
        "gwRssi": -70,
        "devUplinkCounter": 189
      },
      {
        "devEui": "0018B200000023E6",
        "devAddr": "30014AE9",
        "time": "2018-11-25 12:26:56",
        "payload": "rxi9mhAvOwc=",
        "sf": 7,
        "gwEui": "7276FF003903094E",
        "gwName": "K01a",
        "gwRssi": -79,
        "devUplinkCounter": 189
      },
      {
        "devEui": "0018B200000023E6",
        "devAddr": "30014AE9",
        "time": "2018-11-25 12:26:56",
        "payload": "rxi9mhAvOwc=",
        "sf": 7,
        "gwEui": "7276FF0039030A01",
        "gwName": "Loge",
        "gwRssi": -84,
        "devUplinkCounter": 189
      }
    ]
  },
  {
    "Floor": "H",
    "Number": 55,
    "UL1": 1214,
    "UL2": 0,
    "Time": "11/25/2018 12:27:09 PM",
    "Measures": [
      {
        "devEui": "0018B200000023E6",
        "devAddr": "30014AE9",
        "time": "2018-11-25 12:27:10",
        "payload": "rxm+mxAwQAc=",
        "sf": 7,
        "gwEui": "7276FF0039030977",
        "gwName": "H06",
        "gwRssi": -69,
        "devUplinkCounter": 190
      },
      {
        "devEui": "0018B200000023E6",
        "devAddr": "30014AE9",
        "time": "2018-11-25 12:27:10",
        "payload": "rxm+mxAwQAc=",
        "sf": 7,
        "gwEui": "7276FF003903094F",
        "gwName": "F07",
        "gwRssi": -70,
        "devUplinkCounter": 190
      },
      {
        "devEui": "0018B200000023E6",
        "devAddr": "30014AE9",
        "time": "2018-11-25 12:27:10",
        "payload": "rxm+mxAwQAc=",
        "sf": 7,
        "gwEui": "7276FF0039030A01",
        "gwName": "Loge",
        "gwRssi": -96,
        "devUplinkCounter": 190
      },
      {
        "devEui": "0018B200000023E6",
        "devAddr": "30014AE9",
        "time": "2018-11-25 12:27:10",
        "payload": "rxm+mxAwQAc=",
        "sf": 7,
        "gwEui": "7276FF003903094E",
        "gwName": "K01a",
        "gwRssi": -78,
        "devUplinkCounter": 190
      }
    ]
  },
  {
    "Floor": "H",
    "Number": 56,
    "UL1": 1215,
    "UL2": 0,
    "Time": "11/25/2018 12:27:17 PM",
    "Measures": [
      {
        "devEui": "0018B200000023E6",
        "devAddr": "30014AE9",
        "time": "2018-11-25 12:27:18",
        "payload": "rxi/nBAuRAc=",
        "sf": 7,
        "gwEui": "7276FF0039030977",
        "gwName": "H06",
        "gwRssi": -77,
        "devUplinkCounter": 191
      },
      {
        "devEui": "0018B200000023E6",
        "devAddr": "30014AE9",
        "time": "2018-11-25 12:27:18",
        "payload": "rxi/nBAuRAc=",
        "sf": 7,
        "gwEui": "7276FF003903094E",
        "gwName": "K01a",
        "gwRssi": -78,
        "devUplinkCounter": 191
      },
      {
        "devEui": "0018B200000023E6",
        "devAddr": "30014AE9",
        "time": "2018-11-25 12:27:18",
        "payload": "rxi/nBAuRAc=",
        "sf": 7,
        "gwEui": "7276FF003903094F",
        "gwName": "F07",
        "gwRssi": -75,
        "devUplinkCounter": 191
      },
      {
        "devEui": "0018B200000023E6",
        "devAddr": "30014AE9",
        "time": "2018-11-25 12:27:18",
        "payload": "rxi/nBAuRAc=",
        "sf": 7,
        "gwEui": "7276FF0039030A01",
        "gwName": "Loge",
        "gwRssi": -83,
        "devUplinkCounter": 191
      }
    ]
  },
  {
    "Floor": "H",
    "Number": 57,
    "UL1": 1216,
    "UL2": 0,
    "Time": "11/25/2018 12:27:31 PM",
    "Measures": [
      {
        "devEui": "0018B200000023E6",
        "devAddr": "30014AE9",
        "time": "2018-11-25 12:27:32",
        "payload": "rxjAnRAuPgY=",
        "sf": 7,
        "gwEui": "7276FF003903094F",
        "gwName": "F07",
        "gwRssi": -83,
        "devUplinkCounter": 192
      },
      {
        "devEui": "0018B200000023E6",
        "devAddr": "30014AE9",
        "time": "2018-11-25 12:27:32",
        "payload": "rxjAnRAuPgY=",
        "sf": 7,
        "gwEui": "7276FF003903094E",
        "gwName": "K01a",
        "gwRssi": -70,
        "devUplinkCounter": 192
      },
      {
        "devEui": "0018B200000023E6",
        "devAddr": "30014AE9",
        "time": "2018-11-25 12:27:32",
        "payload": "rxjAnRAuPgY=",
        "sf": 7,
        "gwEui": "7276FF0039030977",
        "gwName": "H06",
        "gwRssi": -69,
        "devUplinkCounter": 192
      }
    ]
  },
  {
    "Floor": "H",
    "Number": 58,
    "UL1": 1217,
    "UL2": 0,
    "Time": "11/25/2018 12:27:41 PM",
    "Measures": [
      {
        "devEui": "0018B200000023E6",
        "devAddr": "30014AE9",
        "time": "2018-11-25 12:27:42",
        "payload": "rxnBnhAvRQY=",
        "sf": 7,
        "gwEui": "7276FF003903094E",
        "gwName": "K01a",
        "gwRssi": -63,
        "devUplinkCounter": 193
      },
      {
        "devEui": "0018B200000023E6",
        "devAddr": "30014AE9",
        "time": "2018-11-25 12:27:42",
        "payload": "rxnBnhAvRQY=",
        "sf": 7,
        "gwEui": "7276FF0039030977",
        "gwName": "H06",
        "gwRssi": -74,
        "devUplinkCounter": 193
      },
      {
        "devEui": "0018B200000023E6",
        "devAddr": "30014AE9",
        "time": "2018-11-25 12:27:42",
        "payload": "rxnBnhAvRQY=",
        "sf": 7,
        "gwEui": "7276FF0039030A01",
        "gwName": "Loge",
        "gwRssi": -86,
        "devUplinkCounter": 193
      },
      {
        "devEui": "0018B200000023E6",
        "devAddr": "30014AE9",
        "time": "2018-11-25 12:27:42",
        "payload": "rxnBnhAvRQY=",
        "sf": 7,
        "gwEui": "7276FF003903094F",
        "gwName": "F07",
        "gwRssi": -84,
        "devUplinkCounter": 193
      }
    ]
  },
  {
    "Floor": "H",
    "Number": 59,
    "UL1": 1218,
    "UL2": 0,
    "Time": "11/25/2018 12:27:50 PM",
    "Measures": [
      {
        "devEui": "0018B200000023E6",
        "devAddr": "30014AE9",
        "time": "2018-11-25 12:27:50",
        "payload": "rxjCnxAvPwY=",
        "sf": 7,
        "gwEui": "7276FF0039030A01",
        "gwName": "Loge",
        "gwRssi": -90,
        "devUplinkCounter": 194
      },
      {
        "devEui": "0018B200000023E6",
        "devAddr": "30014AE9",
        "time": "2018-11-25 12:27:50",
        "payload": "rxjCnxAvPwY=",
        "sf": 7,
        "gwEui": "7276FF0039030977",
        "gwName": "H06",
        "gwRssi": -74,
        "devUplinkCounter": 194
      },
      {
        "devEui": "0018B200000023E6",
        "devAddr": "30014AE9",
        "time": "2018-11-25 12:27:50",
        "payload": "rxjCnxAvPwY=",
        "sf": 7,
        "gwEui": "7276FF003903094E",
        "gwName": "K01a",
        "gwRssi": -74,
        "devUplinkCounter": 194
      },
      {
        "devEui": "0018B200000023E6",
        "devAddr": "30014AE9",
        "time": "2018-11-25 12:27:50",
        "payload": "rxjCnxAvPwY=",
        "sf": 7,
        "gwEui": "7276FF003903094F",
        "gwName": "F07",
        "gwRssi": -93,
        "devUplinkCounter": 194
      }
    ]
  },
  {
    "Floor": "H",
    "Number": 60,
    "UL1": 1219,
    "UL2": 0,
    "Time": "11/25/2018 12:28:00 PM",
    "Measures": [
      {
        "devEui": "0018B200000023E6",
        "devAddr": "30014AE9",
        "time": "2018-11-25 12:28:01",
        "payload": "rxjDoBAuQAY=",
        "sf": 7,
        "gwEui": "7276FF0039030977",
        "gwName": "H06",
        "gwRssi": -82,
        "devUplinkCounter": 195
      },
      {
        "devEui": "0018B200000023E6",
        "devAddr": "30014AE9",
        "time": "2018-11-25 12:28:01",
        "payload": "rxjDoBAuQAY=",
        "sf": 7,
        "gwEui": "7276FF003903094E",
        "gwName": "K01a",
        "gwRssi": -70,
        "devUplinkCounter": 195
      },
      {
        "devEui": "0018B200000023E6",
        "devAddr": "30014AE9",
        "time": "2018-11-25 12:28:01",
        "payload": "rxjDoBAuQAY=",
        "sf": 7,
        "gwEui": "7276FF0039030A01",
        "gwName": "Loge",
        "gwRssi": -100,
        "devUplinkCounter": 195
      },
      {
        "devEui": "0018B200000023E6",
        "devAddr": "30014AE9",
        "time": "2018-11-25 12:28:01",
        "payload": "rxjDoBAuQAY=",
        "sf": 7,
        "gwEui": "7276FF003903094F",
        "gwName": "F07",
        "gwRssi": -93,
        "devUplinkCounter": 195
      }
    ]
  },
  {
    "Floor": "H",
    "Number": 61,
    "UL1": 1220,
    "UL2": 0,
    "Time": "11/25/2018 12:28:08 PM",
    "Measures": [
      {
        "devEui": "0018B200000023E6",
        "devAddr": "30014AE9",
        "time": "2018-11-25 12:28:09",
        "payload": "rxnEoRAvQAc=",
        "sf": 7,
        "gwEui": "7276FF0039030977",
        "gwName": "H06",
        "gwRssi": -88,
        "devUplinkCounter": 196
      },
      {
        "devEui": "0018B200000023E6",
        "devAddr": "30014AE9",
        "time": "2018-11-25 12:28:09",
        "payload": "rxnEoRAvQAc=",
        "sf": 7,
        "gwEui": "7276FF003903094F",
        "gwName": "F07",
        "gwRssi": -103,
        "devUplinkCounter": 196
      },
      {
        "devEui": "0018B200000023E6",
        "devAddr": "30014AE9",
        "time": "2018-11-25 12:28:09",
        "payload": "rxnEoRAvQAc=",
        "sf": 7,
        "gwEui": "7276FF003903094E",
        "gwName": "K01a",
        "gwRssi": -77,
        "devUplinkCounter": 196
      }
    ]
  }
]