﻿[
  {
    "Floor": "K",
    "Number": 1,
    "UL1": 720,
    "UL2": 0,
    "Time": "11/23/2018 1:38:34 PM",
    "Measures": [
      {
        "devEui": "0018B200000023E6",
        "devAddr": "30014AE9",
        "time": "2018-11-23 13:38:35",
        "payload": "rxjQjw7wQAY=",
        "sf": 7,
        "gwEui": "7276FF003903094F",
        "gwName": "F07",
        "gwRssi": -79,
        "devUplinkCounter": 208
      },
      {
        "devEui": "0018B200000023E6",
        "devAddr": "30014AE9",
        "time": "2018-11-23 13:38:35",
        "payload": "rxjQjw7wQAY=",
        "sf": 7,
        "gwEui": "7276FF003903094E",
        "gwName": "K01a",
        "gwRssi": -74,
        "devUplinkCounter": 208
      },
      {
        "devEui": "0018B200000023E6",
        "devAddr": "30014AE9",
        "time": "2018-11-23 13:38:35",
        "payload": "rxjQjw7wQAY=",
        "sf": 7,
        "gwEui": "7276FF0039030A01",
        "gwName": "Loge",
        "gwRssi": -94,
        "devUplinkCounter": 208
      },
      {
        "devEui": "0018B200000023E6",
        "devAddr": "30014AE9",
        "time": "2018-11-23 13:38:35",
        "payload": "rxjQjw7wQAY=",
        "sf": 7,
        "gwEui": "7276FF0039030977",
        "gwName": "H06",
        "gwRssi": -86,
        "devUplinkCounter": 208
      }
    ]
  },
  {
    "Floor": "K",
    "Number": 2,
    "UL1": 721,
    "UL2": 0,
    "Time": "11/23/2018 1:38:46 PM",
    "Measures": [
      {
        "devEui": "0018B200000023E6",
        "devAddr": "30014AE9",
        "time": "2018-11-23 13:38:46",
        "payload": "rxjRkA7vSgY=",
        "sf": 7,
        "gwEui": "7276FF003903094E",
        "gwName": "K01a",
        "gwRssi": -68,
        "devUplinkCounter": 209
      },
      {
        "devEui": "0018B200000023E6",
        "devAddr": "30014AE9",
        "time": "2018-11-23 13:38:46",
        "payload": "rxjRkA7vSgY=",
        "sf": 7,
        "gwEui": "7276FF003903094F",
        "gwName": "F07",
        "gwRssi": -97,
        "devUplinkCounter": 209
      },
      {
        "devEui": "0018B200000023E6",
        "devAddr": "30014AE9",
        "time": "2018-11-23 13:38:46",
        "payload": "rxjRkA7vSgY=",
        "sf": 7,
        "gwEui": "7276FF0039030977",
        "gwName": "H06",
        "gwRssi": -90,
        "devUplinkCounter": 209
      }
    ]
  },
  {
    "Floor": "K",
    "Number": 3,
    "UL1": 722,
    "UL2": 0,
    "Time": "11/23/2018 1:38:55 PM",
    "Measures": [
      {
        "devEui": "0018B200000023E6",
        "devAddr": "30014AE9",
        "time": "2018-11-23 13:38:55",
        "payload": "rxfSkQ7wPQY=",
        "sf": 7,
        "gwEui": "7276FF0039030977",
        "gwName": "H06",
        "gwRssi": -71,
        "devUplinkCounter": 210
      },
      {
        "devEui": "0018B200000023E6",
        "devAddr": "30014AE9",
        "time": "2018-11-23 13:38:55",
        "payload": "rxfSkQ7wPQY=",
        "sf": 7,
        "gwEui": "7276FF003903094F",
        "gwName": "F07",
        "gwRssi": -85,
        "devUplinkCounter": 210
      },
      {
        "devEui": "0018B200000023E6",
        "devAddr": "30014AE9",
        "time": "2018-11-23 13:38:55",
        "payload": "rxfSkQ7wPQY=",
        "sf": 7,
        "gwEui": "7276FF003903094E",
        "gwName": "K01a",
        "gwRssi": -68,
        "devUplinkCounter": 210
      }
    ]
  },
  {
    "Floor": "K",
    "Number": 4,
    "UL1": 724,
    "UL2": 0,
    "Time": "11/23/2018 1:40:13 PM",
    "Measures": [
      {
        "devEui": "0018B200000023E6",
        "devAddr": "30014AE9",
        "time": "2018-11-23 13:40:13",
        "payload": "rxjUkw7vJQY=",
        "sf": 7,
        "gwEui": "7276FF0039030977",
        "gwName": "H06",
        "gwRssi": -104,
        "devUplinkCounter": 212
      },
      {
        "devEui": "0018B200000023E6",
        "devAddr": "30014AE9",
        "time": "2018-11-23 13:40:13",
        "payload": "rxjUkw7vJQY=",
        "sf": 7,
        "gwEui": "7276FF003903094E",
        "gwName": "K01a",
        "gwRssi": -46,
        "devUplinkCounter": 212
      },
      {
        "devEui": "0018B200000023E6",
        "devAddr": "30014AE9",
        "time": "2018-11-23 13:40:13",
        "payload": "rxjUkw7vJQY=",
        "sf": 7,
        "gwEui": "7276FF003903094F",
        "gwName": "F07",
        "gwRssi": -107,
        "devUplinkCounter": 212
      },
      {
        "devEui": "0018B200000023E6",
        "devAddr": "30014AE9",
        "time": "2018-11-23 13:40:13",
        "payload": "rxjUkw7vJQY=",
        "sf": 7,
        "gwEui": "7276FF003903097D",
        "gwName": "D60",
        "gwRssi": -94,
        "devUplinkCounter": 212
      }
    ]
  },
  {
    "Floor": "K",
    "Number": 5,
    "UL1": 725,
    "UL2": 0,
    "Time": "11/23/2018 1:40:26 PM",
    "Measures": []
  },
  {
    "Floor": "K",
    "Number": 6,
    "UL1": 726,
    "UL2": 0,
    "Time": "11/23/2018 1:40:47 PM",
    "Measures": [
      {
        "devEui": "0018B200000023E6",
        "devAddr": "30014AE9",
        "time": "2018-11-23 13:39:23",
        "payload": "rxjWlQ7vNgc=",
        "sf": 7,
        "gwEui": "7276FF003903097D",
        "gwName": "D60",
        "gwRssi": -90,
        "devUplinkCounter": 214
      },
      {
        "devEui": "0018B200000023E6",
        "devAddr": "30014AE9",
        "time": "2018-11-23 13:39:23",
        "payload": "rxjWlQ7vNgc=",
        "sf": 7,
        "gwEui": "7276FF0039030977",
        "gwName": "H06",
        "gwRssi": -107,
        "devUplinkCounter": 214
      },
      {
        "devEui": "0018B200000023E6",
        "devAddr": "30014AE9",
        "time": "2018-11-23 13:39:23",
        "payload": "rxjWlQ7vNgc=",
        "sf": 7,
        "gwEui": "7276FF003903094F",
        "gwName": "F07",
        "gwRssi": -106,
        "devUplinkCounter": 214
      },
      {
        "devEui": "0018B200000023E6",
        "devAddr": "30014AE9",
        "time": "2018-11-23 13:39:23",
        "payload": "rxjWlQ7vNgc=",
        "sf": 7,
        "gwEui": "7276FF003903094E",
        "gwName": "K01a",
        "gwRssi": -41,
        "devUplinkCounter": 214
      },
      {
        "devEui": "0018B200000023E6",
        "devAddr": "30014AE9",
        "time": "2018-11-23 13:39:23",
        "payload": "rxjWlQ7vNgc=",
        "sf": 7,
        "gwEui": "7276FF00390309F5",
        "gwName": "A02b",
        "gwRssi": -117,
        "devUplinkCounter": 214
      }
    ]
  },
  {
    "Floor": "K",
    "Number": 7,
    "UL1": 727,
    "UL2": 0,
    "Time": "11/23/2018 1:41:00 PM",
    "Measures": [
      {
        "devEui": "0018B200000023E6",
        "devAddr": "30014AE9",
        "time": "2018-11-23 13:39:36",
        "payload": "rxjXlg7vLAU=",
        "sf": 7,
        "gwEui": "7276FF003903097D",
        "gwName": "D60",
        "gwRssi": -82,
        "devUplinkCounter": 215
      },
      {
        "devEui": "0018B200000023E6",
        "devAddr": "30014AE9",
        "time": "2018-11-23 13:39:36",
        "payload": "rxjXlg7vLAU=",
        "sf": 7,
        "gwEui": "7276FF00390309F5",
        "gwName": "A02b",
        "gwRssi": -116,
        "devUplinkCounter": 215
      },
      {
        "devEui": "0018B200000023E6",
        "devAddr": "30014AE9",
        "time": "2018-11-23 13:39:36",
        "payload": "rxjXlg7vLAU=",
        "sf": 7,
        "gwEui": "7276FF0039030977",
        "gwName": "H06",
        "gwRssi": -107,
        "devUplinkCounter": 215
      },
      {
        "devEui": "0018B200000023E6",
        "devAddr": "30014AE9",
        "time": "2018-11-23 13:39:36",
        "payload": "rxjXlg7vLAU=",
        "sf": 7,
        "gwEui": "7276FF003903094E",
        "gwName": "K01a",
        "gwRssi": -64,
        "devUplinkCounter": 215
      }
    ]
  },
  {
    "Floor": "K",
    "Number": 8,
    "UL1": 728,
    "UL2": 0,
    "Time": "11/23/2018 1:41:16 PM",
    "Measures": [
      {
        "devEui": "0018B200000023E6",
        "devAddr": "30014AE9",
        "time": "2018-11-23 13:41:17",
        "payload": "rxjYlw7vOgc=",
        "sf": 7,
        "gwEui": "7276FF003903097D",
        "gwName": "D60",
        "gwRssi": -94,
        "devUplinkCounter": 216
      },
      {
        "devEui": "0018B200000023E6",
        "devAddr": "30014AE9",
        "time": "2018-11-23 13:41:17",
        "payload": "rxjYlw7vOgc=",
        "sf": 7,
        "gwEui": "7276FF0039030977",
        "gwName": "H06",
        "gwRssi": -104,
        "devUplinkCounter": 216
      },
      {
        "devEui": "0018B200000023E6",
        "devAddr": "30014AE9",
        "time": "2018-11-23 13:41:17",
        "payload": "rxjYlw7vOgc=",
        "sf": 7,
        "gwEui": "7276FF003903094E",
        "gwName": "K01a",
        "gwRssi": -53,
        "devUplinkCounter": 216
      },
      {
        "devEui": "0018B200000023E6",
        "devAddr": "30014AE9",
        "time": "2018-11-23 13:41:17",
        "payload": "rxjYlw7vOgc=",
        "sf": 7,
        "gwEui": "7276FF003903094F",
        "gwName": "F07",
        "gwRssi": -105,
        "devUplinkCounter": 216
      }
    ]
  },
  {
    "Floor": "K",
    "Number": 9,
    "UL1": 729,
    "UL2": 0,
    "Time": "11/23/2018 1:42:40 PM",
    "Measures": []
  },
  {
    "Floor": "K",
    "Number": 10,
    "UL1": 730,
    "UL2": 0,
    "Time": "11/23/2018 1:42:52 PM",
    "Measures": [
      {
        "devEui": "0018B200000023E6",
        "devAddr": "30014AE9",
        "time": "2018-11-23 13:42:53",
        "payload": "rxjamQ7tOwY=",
        "sf": 7,
        "gwEui": "7276FF003903094E",
        "gwName": "K01a",
        "gwRssi": -88,
        "devUplinkCounter": 218
      },
      {
        "devEui": "0018B200000023E6",
        "devAddr": "30014AE9",
        "time": "2018-11-23 13:42:53",
        "payload": "rxjamQ7tOwY=",
        "sf": 7,
        "gwEui": "7276FF0039030977",
        "gwName": "H06",
        "gwRssi": -106,
        "devUplinkCounter": 218
      }
    ]
  },
  {
    "Floor": "K",
    "Number": 11,
    "UL1": 731,
    "UL2": 0,
    "Time": "11/23/2018 1:43:16 PM",
    "Measures": [
      {
        "devEui": "0018B200000023E6",
        "devAddr": "30014AE9",
        "time": "2018-11-23 13:43:16",
        "payload": "rxnbmg7uSQU=",
        "sf": 7,
        "gwEui": "7276FF003903097D",
        "gwName": "D60",
        "gwRssi": -98,
        "devUplinkCounter": 219
      },
      {
        "devEui": "0018B200000023E6",
        "devAddr": "30014AE9",
        "time": "2018-11-23 13:43:16",
        "payload": "rxnbmg7uSQU=",
        "sf": 7,
        "gwEui": "7276FF003903094F",
        "gwName": "F07",
        "gwRssi": -107,
        "devUplinkCounter": 219
      },
      {
        "devEui": "0018B200000023E6",
        "devAddr": "30014AE9",
        "time": "2018-11-23 13:43:16",
        "payload": "rxnbmg7uSQU=",
        "sf": 7,
        "gwEui": "7276FF003903094E",
        "gwName": "K01a",
        "gwRssi": -66,
        "devUplinkCounter": 219
      },
      {
        "devEui": "0018B200000023E6",
        "devAddr": "30014AE9",
        "time": "2018-11-23 13:43:16",
        "payload": "rxnbmg7uSQU=",
        "sf": 7,
        "gwEui": "7276FF0039030977",
        "gwName": "H06",
        "gwRssi": -107,
        "devUplinkCounter": 219
      },
      {
        "devEui": "0018B200000023E6",
        "devAddr": "30014AE9",
        "time": "2018-11-23 13:41:52",
        "payload": "rxnbmg7uSQU=",
        "sf": 7,
        "gwEui": "7276FF00390309F5",
        "gwName": "A02b",
        "gwRssi": -112,
        "devUplinkCounter": 219
      }
    ]
  },
  {
    "Floor": "K",
    "Number": 12,
    "UL1": 732,
    "UL2": 0,
    "Time": "11/23/2018 1:43:31 PM",
    "Measures": []
  },
  {
    "Floor": "K",
    "Number": 13,
    "UL1": 733,
    "UL2": 0,
    "Time": "11/23/2018 1:43:44 PM",
    "Measures": []
  },
  {
    "Floor": "K",
    "Number": 14,
    "UL1": 734,
    "UL2": 0,
    "Time": "11/23/2018 1:53:08 PM",
    "Measures": [
      {
        "devEui": "0018B200000023E6",
        "devAddr": "30014AE9",
        "time": "2018-11-23 13:52:50",
        "payload": "rxjenQ7uMgY=",
        "sf": 7,
        "gwEui": "7276FF003903097D",
        "gwName": "D60",
        "gwRssi": -108,
        "devUplinkCounter": 222
      },
      {
        "devEui": "0018B200000023E6",
        "devAddr": "30014AE9",
        "time": "2018-11-23 13:52:50",
        "payload": "rxjenQ7uMgY=",
        "sf": 7,
        "gwEui": "7276FF0039030977",
        "gwName": "H06",
        "gwRssi": -84,
        "devUplinkCounter": 222
      },
      {
        "devEui": "0018B200000023E6",
        "devAddr": "30014AE9",
        "time": "2018-11-23 13:52:50",
        "payload": "rxjenQ7uMgY=",
        "sf": 7,
        "gwEui": "7276FF003903094F",
        "gwName": "F07",
        "gwRssi": -102,
        "devUplinkCounter": 222
      },
      {
        "devEui": "0018B200000023E6",
        "devAddr": "30014AE9",
        "time": "2018-11-23 13:52:50",
        "payload": "rxjenQ7uMgY=",
        "sf": 7,
        "gwEui": "7276FF0039030A01",
        "gwName": "Loge",
        "gwRssi": -76,
        "devUplinkCounter": 222
      },
      {
        "devEui": "0018B200000023E6",
        "devAddr": "30014AE9",
        "time": "2018-11-23 13:52:50",
        "payload": "rxjenQ7uMgY=",
        "sf": 7,
        "gwEui": "7276FF003903094E",
        "gwName": "K01a",
        "gwRssi": -93,
        "devUplinkCounter": 222
      },
      {
        "devEui": "0018B200000023E6",
        "devAddr": "30014AE9",
        "time": "2018-11-23 13:52:54",
        "payload": "rxjenQ7uMgY=",
        "sf": 7,
        "gwEui": "7276FF003903094E",
        "gwName": "K01a",
        "gwRssi": -95,
        "devUplinkCounter": 222
      },
      {
        "devEui": "0018B200000023E6",
        "devAddr": "30014AE9",
        "time": "2018-11-23 13:52:54",
        "payload": "rxjenQ7uMgY=",
        "sf": 7,
        "gwEui": "7276FF0039030977",
        "gwName": "H06",
        "gwRssi": -84,
        "devUplinkCounter": 222
      },
      {
        "devEui": "0018B200000023E6",
        "devAddr": "30014AE9",
        "time": "2018-11-23 13:52:54",
        "payload": "rxjenQ7uMgY=",
        "sf": 7,
        "gwEui": "7276FF0039030A01",
        "gwName": "Loge",
        "gwRssi": -74,
        "devUplinkCounter": 222
      },
      {
        "devEui": "0018B200000023E6",
        "devAddr": "30014AE9",
        "time": "2018-11-23 13:52:54",
        "payload": "rxjenQ7uMgY=",
        "sf": 7,
        "gwEui": "7276FF003903097D",
        "gwName": "D60",
        "gwRssi": -112,
        "devUplinkCounter": 222
      },
      {
        "devEui": "0018B200000023E6",
        "devAddr": "30014AE9",
        "time": "2018-11-23 13:52:54",
        "payload": "rxjenQ7uMgY=",
        "sf": 7,
        "gwEui": "7276FF003903094F",
        "gwName": "F07",
        "gwRssi": -102,
        "devUplinkCounter": 222
      },
      {
        "devEui": "0018B200000023E6",
        "devAddr": "30014AE9",
        "time": "2018-11-23 13:52:58",
        "payload": "rxjenQ7uMgY=",
        "sf": 8,
        "gwEui": "7276FF003903094F",
        "gwName": "F07",
        "gwRssi": -100,
        "devUplinkCounter": 222
      },
      {
        "devEui": "0018B200000023E6",
        "devAddr": "30014AE9",
        "time": "2018-11-23 13:52:58",
        "payload": "rxjenQ7uMgY=",
        "sf": 8,
        "gwEui": "7276FF003903094E",
        "gwName": "K01a",
        "gwRssi": -90,
        "devUplinkCounter": 222
      },
      {
        "devEui": "0018B200000023E6",
        "devAddr": "30014AE9",
        "time": "2018-11-23 13:52:58",
        "payload": "rxjenQ7uMgY=",
        "sf": 8,
        "gwEui": "7276FF0039030977",
        "gwName": "H06",
        "gwRssi": -82,
        "devUplinkCounter": 222
      },
      {
        "devEui": "0018B200000023E6",
        "devAddr": "30014AE9",
        "time": "2018-11-23 13:52:58",
        "payload": "rxjenQ7uMgY=",
        "sf": 8,
        "gwEui": "7276FF0039030A01",
        "gwName": "Loge",
        "gwRssi": -76,
        "devUplinkCounter": 222
      },
      {
        "devEui": "0018B200000023E6",
        "devAddr": "30014AE9",
        "time": "2018-11-23 13:52:58",
        "payload": "rxjenQ7uMgY=",
        "sf": 8,
        "gwEui": "7276FF003903097D",
        "gwName": "D60",
        "gwRssi": -112,
        "devUplinkCounter": 222
      }
    ]
  },
  {
    "Floor": "K",
    "Number": 15,
    "UL1": 737,
    "UL2": 0,
    "Time": "11/23/2018 1:53:27 PM",
    "Measures": [
      {
        "devEui": "0018B200000023E6",
        "devAddr": "30014AE9",
        "time": "2018-11-23 13:53:19",
        "payload": "rxjhng7sQQc=",
        "sf": 7,
        "gwEui": "7276FF0039030977",
        "gwName": "H06",
        "gwRssi": -82,
        "devUplinkCounter": 225
      },
      {
        "devEui": "0018B200000023E6",
        "devAddr": "30014AE9",
        "time": "2018-11-23 13:53:19",
        "payload": "rxjhng7sQQc=",
        "sf": 7,
        "gwEui": "7276FF003903094E",
        "gwName": "K01a",
        "gwRssi": -86,
        "devUplinkCounter": 225
      },
      {
        "devEui": "0018B200000023E6",
        "devAddr": "30014AE9",
        "time": "2018-11-23 13:53:19",
        "payload": "rxjhng7sQQc=",
        "sf": 7,
        "gwEui": "7276FF003903094F",
        "gwName": "F07",
        "gwRssi": -103,
        "devUplinkCounter": 225
      }
    ]
  },
  {
    "Floor": "K",
    "Number": 16,
    "UL1": 738,
    "UL2": 0,
    "Time": "11/23/2018 1:53:39 PM",
    "Measures": [
      {
        "devEui": "0018B200000023E6",
        "devAddr": "30014AE9",
        "time": "2018-11-23 13:53:34",
        "payload": "rxjinw7tSgc=",
        "sf": 7,
        "gwEui": "7276FF0039030A01",
        "gwName": "Loge",
        "gwRssi": -84,
        "devUplinkCounter": 226
      },
      {
        "devEui": "0018B200000023E6",
        "devAddr": "30014AE9",
        "time": "2018-11-23 13:53:34",
        "payload": "rxjinw7tSgc=",
        "sf": 7,
        "gwEui": "7276FF003903094E",
        "gwName": "K01a",
        "gwRssi": -78,
        "devUplinkCounter": 226
      },
      {
        "devEui": "0018B200000023E6",
        "devAddr": "30014AE9",
        "time": "2018-11-23 13:53:34",
        "payload": "rxjinw7tSgc=",
        "sf": 7,
        "gwEui": "7276FF003903094F",
        "gwName": "F07",
        "gwRssi": -101,
        "devUplinkCounter": 226
      },
      {
        "devEui": "0018B200000023E6",
        "devAddr": "30014AE9",
        "time": "2018-11-23 13:53:34",
        "payload": "rxjinw7tSgc=",
        "sf": 7,
        "gwEui": "7276FF0039030977",
        "gwName": "H06",
        "gwRssi": -74,
        "devUplinkCounter": 226
      }
    ]
  },
  {
    "Floor": "K",
    "Number": 17,
    "UL1": 739,
    "UL2": 0,
    "Time": "11/23/2018 1:55:25 PM",
    "Measures": []
  },
  {
    "Floor": "K",
    "Number": 18,
    "UL1": 740,
    "UL2": 0,
    "Time": "11/23/2018 1:55:34 PM",
    "Measures": [
      {
        "devEui": "0018B200000023E6",
        "devAddr": "30014AE9",
        "time": "2018-11-23 13:55:34",
        "payload": "rxjkoQ7vPwU=",
        "sf": 7,
        "gwEui": "7276FF0039030A01",
        "gwName": "Loge",
        "gwRssi": -95,
        "devUplinkCounter": 228
      },
      {
        "devEui": "0018B200000023E6",
        "devAddr": "30014AE9",
        "time": "2018-11-23 13:55:34",
        "payload": "rxjkoQ7vPwU=",
        "sf": 7,
        "gwEui": "7276FF0039030977",
        "gwName": "H06",
        "gwRssi": -78,
        "devUplinkCounter": 228
      },
      {
        "devEui": "0018B200000023E6",
        "devAddr": "30014AE9",
        "time": "2018-11-23 13:55:34",
        "payload": "rxjkoQ7vPwU=",
        "sf": 7,
        "gwEui": "7276FF003903094E",
        "gwName": "K01a",
        "gwRssi": -71,
        "devUplinkCounter": 228
      },
      {
        "devEui": "0018B200000023E6",
        "devAddr": "30014AE9",
        "time": "2018-11-23 13:55:34",
        "payload": "rxjkoQ7vPwU=",
        "sf": 7,
        "gwEui": "7276FF003903094F",
        "gwName": "F07",
        "gwRssi": -95,
        "devUplinkCounter": 228
      }
    ]
  },
  {
    "Floor": "K",
    "Number": 19,
    "UL1": 741,
    "UL2": 0,
    "Time": "11/23/2018 1:55:50 PM",
    "Measures": [
      {
        "devEui": "0018B200000023E6",
        "devAddr": "30014AE9",
        "time": "2018-11-23 13:55:46",
        "payload": "rxjlog7tOQY=",
        "sf": 7,
        "gwEui": "7276FF003903094F",
        "gwName": "F07",
        "gwRssi": -99,
        "devUplinkCounter": 229
      },
      {
        "devEui": "0018B200000023E6",
        "devAddr": "30014AE9",
        "time": "2018-11-23 13:55:46",
        "payload": "rxjlog7tOQY=",
        "sf": 7,
        "gwEui": "7276FF0039030977",
        "gwName": "H06",
        "gwRssi": -88,
        "devUplinkCounter": 229
      },
      {
        "devEui": "0018B200000023E6",
        "devAddr": "30014AE9",
        "time": "2018-11-23 13:55:46",
        "payload": "rxjlog7tOQY=",
        "sf": 7,
        "gwEui": "7276FF003903094E",
        "gwName": "K01a",
        "gwRssi": -61,
        "devUplinkCounter": 229
      },
      {
        "devEui": "0018B200000023E6",
        "devAddr": "30014AE9",
        "time": "2018-11-23 13:55:46",
        "payload": "rxjlog7tOQY=",
        "sf": 7,
        "gwEui": "7276FF0039030A01",
        "gwName": "Loge",
        "gwRssi": -99,
        "devUplinkCounter": 229
      }
    ]
  },
  {
    "Floor": "K",
    "Number": 20,
    "UL1": 742,
    "UL2": 0,
    "Time": "11/23/2018 1:56:05 PM",
    "Measures": [
      {
        "devEui": "0018B200000023E6",
        "devAddr": "30014AE9",
        "time": "2018-11-23 13:56:03",
        "payload": "rxnmow7rPQY=",
        "sf": 7,
        "gwEui": "7276FF003903094F",
        "gwName": "F07",
        "gwRssi": -103,
        "devUplinkCounter": 230
      },
      {
        "devEui": "0018B200000023E6",
        "devAddr": "30014AE9",
        "time": "2018-11-23 13:56:03",
        "payload": "rxnmow7rPQY=",
        "sf": 7,
        "gwEui": "7276FF0039030977",
        "gwName": "H06",
        "gwRssi": -84,
        "devUplinkCounter": 230
      },
      {
        "devEui": "0018B200000023E6",
        "devAddr": "30014AE9",
        "time": "2018-11-23 13:56:03",
        "payload": "rxnmow7rPQY=",
        "sf": 7,
        "gwEui": "7276FF003903094E",
        "gwName": "K01a",
        "gwRssi": -67,
        "devUplinkCounter": 230
      }
    ]
  },
  {
    "Floor": "K",
    "Number": 21,
    "UL1": 743,
    "UL2": 0,
    "Time": "11/23/2018 1:56:22 PM",
    "Measures": [
      {
        "devEui": "0018B200000023E6",
        "devAddr": "30014AE9",
        "time": "2018-11-23 13:56:13",
        "payload": "rxjnpA7sOAc=",
        "sf": 7,
        "gwEui": "7276FF003903094F",
        "gwName": "F07",
        "gwRssi": -97,
        "devUplinkCounter": 231
      },
      {
        "devEui": "0018B200000023E6",
        "devAddr": "30014AE9",
        "time": "2018-11-23 13:56:13",
        "payload": "rxjnpA7sOAc=",
        "sf": 7,
        "gwEui": "7276FF0039030977",
        "gwName": "H06",
        "gwRssi": -84,
        "devUplinkCounter": 231
      },
      {
        "devEui": "0018B200000023E6",
        "devAddr": "30014AE9",
        "time": "2018-11-23 13:56:13",
        "payload": "rxjnpA7sOAc=",
        "sf": 7,
        "gwEui": "7276FF003903094E",
        "gwName": "K01a",
        "gwRssi": -47,
        "devUplinkCounter": 231
      },
      {
        "devEui": "0018B200000023E6",
        "devAddr": "30014AE9",
        "time": "2018-11-23 13:56:13",
        "payload": "rxjnpA7sOAc=",
        "sf": 7,
        "gwEui": "7276FF003903097D",
        "gwName": "D60",
        "gwRssi": -112,
        "devUplinkCounter": 231
      }
    ]
  },
  {
    "Floor": "K",
    "Number": 22,
    "UL1": 744,
    "UL2": 0,
    "Time": "11/23/2018 1:56:27 PM",
    "Measures": [
      {
        "devEui": "0018B200000023E6",
        "devAddr": "30014AE9",
        "time": "2018-11-23 13:56:32",
        "payload": "rxjopQ7sLAQ=",
        "sf": 7,
        "gwEui": "7276FF003903094F",
        "gwName": "F07",
        "gwRssi": -107,
        "devUplinkCounter": 232
      },
      {
        "devEui": "0018B200000023E6",
        "devAddr": "30014AE9",
        "time": "2018-11-23 13:56:32",
        "payload": "rxjopQ7sLAQ=",
        "sf": 7,
        "gwEui": "7276FF003903094E",
        "gwName": "K01a",
        "gwRssi": -53,
        "devUplinkCounter": 232
      },
      {
        "devEui": "0018B200000023E6",
        "devAddr": "30014AE9",
        "time": "2018-11-23 13:56:32",
        "payload": "rxjopQ7sLAQ=",
        "sf": 7,
        "gwEui": "7276FF0039030A01",
        "gwName": "Loge",
        "gwRssi": -106,
        "devUplinkCounter": 232
      },
      {
        "devEui": "0018B200000023E6",
        "devAddr": "30014AE9",
        "time": "2018-11-23 13:56:32",
        "payload": "rxjopQ7sLAQ=",
        "sf": 7,
        "gwEui": "7276FF003903097D",
        "gwName": "D60",
        "gwRssi": -111,
        "devUplinkCounter": 232
      }
    ]
  },
  {
    "Floor": "K",
    "Number": 23,
    "UL1": 745,
    "UL2": 0,
    "Time": "11/23/2018 1:56:50 PM",
    "Measures": [
      {
        "devEui": "0018B200000023E6",
        "devAddr": "30014AE9",
        "time": "2018-11-23 13:56:44",
        "payload": "rxjppg7rMwc=",
        "sf": 7,
        "gwEui": "7276FF0039030977",
        "gwName": "H06",
        "gwRssi": -91,
        "devUplinkCounter": 233
      },
      {
        "devEui": "0018B200000023E6",
        "devAddr": "30014AE9",
        "time": "2018-11-23 13:56:44",
        "payload": "rxjppg7rMwc=",
        "sf": 7,
        "gwEui": "7276FF0039030A01",
        "gwName": "Loge",
        "gwRssi": -102,
        "devUplinkCounter": 233
      },
      {
        "devEui": "0018B200000023E6",
        "devAddr": "30014AE9",
        "time": "2018-11-23 13:56:44",
        "payload": "rxjppg7rMwc=",
        "sf": 7,
        "gwEui": "7276FF003903094E",
        "gwName": "K01a",
        "gwRssi": -34,
        "devUplinkCounter": 233
      },
      {
        "devEui": "0018B200000023E6",
        "devAddr": "30014AE9",
        "time": "2018-11-23 13:56:44",
        "payload": "rxjppg7rMwc=",
        "sf": 7,
        "gwEui": "7276FF003903097D",
        "gwName": "D60",
        "gwRssi": -110,
        "devUplinkCounter": 233
      },
      {
        "devEui": "0018B200000023E6",
        "devAddr": "30014AE9",
        "time": "2018-11-23 13:56:44",
        "payload": "rxjppg7rMwc=",
        "sf": 7,
        "gwEui": "7276FF003903094F",
        "gwName": "F07",
        "gwRssi": -102,
        "devUplinkCounter": 233
      }
    ]
  }
]