﻿[
  {
    "Floor": "G",
    "Number": 1,
    "UL1": 643,
    "UL2": 0,
    "Time": "11/23/2018 12:55:25 PM",
    "Measures": [
      {
        "devEui": "0018B200000023E6",
        "devAddr": "30014AE9",
        "time": "2018-11-23 12:55:19",
        "payload": "rxeDRw73TQY=",
        "sf": 7,
        "gwEui": "7276FF003903094F",
        "gwName": "F07",
        "gwRssi": -63,
        "devUplinkCounter": 131
      },
      {
        "devEui": "0018B200000023E6",
        "devAddr": "30014AE9",
        "time": "2018-11-23 12:55:19",
        "payload": "rxeDRw73TQY=",
        "sf": 7,
        "gwEui": "7276FF0039030977",
        "gwName": "H06",
        "gwRssi": -76,
        "devUplinkCounter": 131
      },
      {
        "devEui": "0018B200000023E6",
        "devAddr": "30014AE9",
        "time": "2018-11-23 12:55:19",
        "payload": "rxeDRw73TQY=",
        "sf": 7,
        "gwEui": "7276FF003903094E",
        "gwName": "K01a",
        "gwRssi": -96,
        "devUplinkCounter": 131
      }
    ]
  },
  {
    "Floor": "G",
    "Number": 2,
    "UL1": 644,
    "UL2": 0,
    "Time": "11/23/2018 12:55:41 PM",
    "Measures": [
      {
        "devEui": "0018B200000023E6",
        "devAddr": "30014AE9",
        "time": "2018-11-23 12:55:35",
        "payload": "rxeESA74NgY=",
        "sf": 7,
        "gwEui": "7276FF003903094E",
        "gwName": "K01a",
        "gwRssi": -87,
        "devUplinkCounter": 132
      },
      {
        "devEui": "0018B200000023E6",
        "devAddr": "30014AE9",
        "time": "2018-11-23 12:55:35",
        "payload": "rxeESA74NgY=",
        "sf": 7,
        "gwEui": "7276FF0039030977",
        "gwName": "H06",
        "gwRssi": -79,
        "devUplinkCounter": 132
      },
      {
        "devEui": "0018B200000023E6",
        "devAddr": "30014AE9",
        "time": "2018-11-23 12:55:35",
        "payload": "rxeESA74NgY=",
        "sf": 7,
        "gwEui": "7276FF003903094F",
        "gwName": "F07",
        "gwRssi": -77,
        "devUplinkCounter": 132
      }
    ]
  },
  {
    "Floor": "G",
    "Number": 3,
    "UL1": 645,
    "UL2": 0,
    "Time": "11/23/2018 12:55:59 PM",
    "Measures": [
      {
        "devEui": "0018B200000023E6",
        "devAddr": "30014AE9",
        "time": "2018-11-23 12:55:54",
        "payload": "rxeFSQ74QQY=",
        "sf": 7,
        "gwEui": "7276FF0039030977",
        "gwName": "H06",
        "gwRssi": -88,
        "devUplinkCounter": 133
      },
      {
        "devEui": "0018B200000023E6",
        "devAddr": "30014AE9",
        "time": "2018-11-23 12:55:54",
        "payload": "rxeFSQ74QQY=",
        "sf": 7,
        "gwEui": "7276FF003903094E",
        "gwName": "K01a",
        "gwRssi": -92,
        "devUplinkCounter": 133
      },
      {
        "devEui": "0018B200000023E6",
        "devAddr": "30014AE9",
        "time": "2018-11-23 12:55:54",
        "payload": "rxeFSQ74QQY=",
        "sf": 7,
        "gwEui": "7276FF003903094F",
        "gwName": "F07",
        "gwRssi": -66,
        "devUplinkCounter": 133
      }
    ]
  },
  {
    "Floor": "G",
    "Number": 4,
    "UL1": 646,
    "UL2": 0,
    "Time": "11/23/2018 12:56:26 PM",
    "Measures": [
      {
        "devEui": "0018B200000023E6",
        "devAddr": "30014AE9",
        "time": "2018-11-23 12:56:21",
        "payload": "rxeGSg74PQY=",
        "sf": 7,
        "gwEui": "7276FF003903097D",
        "gwName": "D60",
        "gwRssi": -110,
        "devUplinkCounter": 134
      },
      {
        "devEui": "0018B200000023E6",
        "devAddr": "30014AE9",
        "time": "2018-11-23 12:56:21",
        "payload": "rxeGSg74PQY=",
        "sf": 7,
        "gwEui": "7276FF003903094E",
        "gwName": "K01a",
        "gwRssi": -68,
        "devUplinkCounter": 134
      },
      {
        "devEui": "0018B200000023E6",
        "devAddr": "30014AE9",
        "time": "2018-11-23 12:56:21",
        "payload": "rxeGSg74PQY=",
        "sf": 7,
        "gwEui": "7276FF0039030977",
        "gwName": "H06",
        "gwRssi": -99,
        "devUplinkCounter": 134
      },
      {
        "devEui": "0018B200000023E6",
        "devAddr": "30014AE9",
        "time": "2018-11-23 12:56:21",
        "payload": "rxeGSg74PQY=",
        "sf": 7,
        "gwEui": "7276FF003903094F",
        "gwName": "F07",
        "gwRssi": -99,
        "devUplinkCounter": 134
      }
    ]
  },
  {
    "Floor": "G",
    "Number": 5,
    "UL1": 647,
    "UL2": 0,
    "Time": "11/23/2018 12:56:49 PM",
    "Measures": [
      {
        "devEui": "0018B200000023E6",
        "devAddr": "30014AE9",
        "time": "2018-11-23 12:56:36",
        "payload": "rxeHSw74PQc=",
        "sf": 7,
        "gwEui": "7276FF003903097D",
        "gwName": "D60",
        "gwRssi": -94,
        "devUplinkCounter": 135
      },
      {
        "devEui": "0018B200000023E6",
        "devAddr": "30014AE9",
        "time": "2018-11-23 12:56:36",
        "payload": "rxeHSw74PQc=",
        "sf": 7,
        "gwEui": "7276FF003903094F",
        "gwName": "F07",
        "gwRssi": -103,
        "devUplinkCounter": 135
      },
      {
        "devEui": "0018B200000023E6",
        "devAddr": "30014AE9",
        "time": "2018-11-23 12:56:36",
        "payload": "rxeHSw74PQc=",
        "sf": 7,
        "gwEui": "7276FF003903094E",
        "gwName": "K01a",
        "gwRssi": -70,
        "devUplinkCounter": 135
      },
      {
        "devEui": "0018B200000023E6",
        "devAddr": "30014AE9",
        "time": "2018-11-23 12:56:36",
        "payload": "rxeHSw74PQc=",
        "sf": 7,
        "gwEui": "7276FF0039030977",
        "gwName": "H06",
        "gwRssi": -107,
        "devUplinkCounter": 135
      }
    ]
  },
  {
    "Floor": "G",
    "Number": 6,
    "UL1": 648,
    "UL2": 0,
    "Time": "11/23/2018 12:57:02 PM",
    "Measures": [
      {
        "devEui": "0018B200000023E6",
        "devAddr": "30014AE9",
        "time": "2018-11-23 12:57:00",
        "payload": "rxeITA74QQY=",
        "sf": 7,
        "gwEui": "7276FF003903094E",
        "gwName": "K01a",
        "gwRssi": -87,
        "devUplinkCounter": 136
      },
      {
        "devEui": "0018B200000023E6",
        "devAddr": "30014AE9",
        "time": "2018-11-23 12:57:00",
        "payload": "rxeITA74QQY=",
        "sf": 7,
        "gwEui": "7276FF003903097D",
        "gwName": "D60",
        "gwRssi": -92,
        "devUplinkCounter": 136
      },
      {
        "devEui": "0018B200000023E6",
        "devAddr": "30014AE9",
        "time": "2018-11-23 12:57:00",
        "payload": "rxeITA74QQY=",
        "sf": 7,
        "gwEui": "7276FF0039030977",
        "gwName": "H06",
        "gwRssi": -110,
        "devUplinkCounter": 136
      },
      {
        "devEui": "0018B200000023E6",
        "devAddr": "30014AE9",
        "time": "2018-11-23 12:57:00",
        "payload": "rxeITA74QQY=",
        "sf": 7,
        "gwEui": "7276FF003903094F",
        "gwName": "F07",
        "gwRssi": -107,
        "devUplinkCounter": 136
      }
    ]
  },
  {
    "Floor": "G",
    "Number": 7,
    "UL1": 649,
    "UL2": 0,
    "Time": "11/23/2018 12:57:13 PM",
    "Measures": [
      {
        "devEui": "0018B200000023E6",
        "devAddr": "30014AE9",
        "time": "2018-11-23 12:57:12",
        "payload": "rxeJTQ73TwY=",
        "sf": 7,
        "gwEui": "7276FF003903094E",
        "gwName": "K01a",
        "gwRssi": -77,
        "devUplinkCounter": 137
      },
      {
        "devEui": "0018B200000023E6",
        "devAddr": "30014AE9",
        "time": "2018-11-23 12:57:12",
        "payload": "rxeJTQ73TwY=",
        "sf": 7,
        "gwEui": "7276FF003903097D",
        "gwName": "D60",
        "gwRssi": -88,
        "devUplinkCounter": 137
      },
      {
        "devEui": "0018B200000023E6",
        "devAddr": "30014AE9",
        "time": "2018-11-23 12:57:12",
        "payload": "rxeJTQ73TwY=",
        "sf": 7,
        "gwEui": "7276FF003903094F",
        "gwName": "F07",
        "gwRssi": -105,
        "devUplinkCounter": 137
      },
      {
        "devEui": "0018B200000023E6",
        "devAddr": "30014AE9",
        "time": "2018-11-23 12:57:12",
        "payload": "rxeJTQ73TwY=",
        "sf": 7,
        "gwEui": "7276FF0039030977",
        "gwName": "H06",
        "gwRssi": -107,
        "devUplinkCounter": 137
      }
    ]
  },
  {
    "Floor": "G",
    "Number": 8,
    "UL1": 650,
    "UL2": 0,
    "Time": "11/23/2018 12:57:30 PM",
    "Measures": [
      {
        "devEui": "0018B200000023E6",
        "devAddr": "30014AE9",
        "time": "2018-11-23 12:57:29",
        "payload": "rxeKTg72RwY=",
        "sf": 7,
        "gwEui": "7276FF003903097D",
        "gwName": "D60",
        "gwRssi": -101,
        "devUplinkCounter": 138
      },
      {
        "devEui": "0018B200000023E6",
        "devAddr": "30014AE9",
        "time": "2018-11-23 12:57:29",
        "payload": "rxeKTg72RwY=",
        "sf": 7,
        "gwEui": "7276FF003903094E",
        "gwName": "K01a",
        "gwRssi": -74,
        "devUplinkCounter": 138
      },
      {
        "devEui": "0018B200000023E6",
        "devAddr": "30014AE9",
        "time": "2018-11-23 12:57:29",
        "payload": "rxeKTg72RwY=",
        "sf": 7,
        "gwEui": "7276FF003903094F",
        "gwName": "F07",
        "gwRssi": -102,
        "devUplinkCounter": 138
      }
    ]
  },
  {
    "Floor": "G",
    "Number": 9,
    "UL1": 651,
    "UL2": 0,
    "Time": "11/23/2018 12:57:52 PM",
    "Measures": [
      {
        "devEui": "0018B200000023E6",
        "devAddr": "30014AE9",
        "time": "2018-11-23 12:57:46",
        "payload": "rxeLTw74RQc=",
        "sf": 7,
        "gwEui": "7276FF003903094F",
        "gwName": "F07",
        "gwRssi": -106,
        "devUplinkCounter": 139
      },
      {
        "devEui": "0018B200000023E6",
        "devAddr": "30014AE9",
        "time": "2018-11-23 12:57:46",
        "payload": "rxeLTw74RQc=",
        "sf": 7,
        "gwEui": "7276FF003903097D",
        "gwName": "D60",
        "gwRssi": -102,
        "devUplinkCounter": 139
      },
      {
        "devEui": "0018B200000023E6",
        "devAddr": "30014AE9",
        "time": "2018-11-23 12:57:46",
        "payload": "rxeLTw74RQc=",
        "sf": 7,
        "gwEui": "7276FF003903094E",
        "gwName": "K01a",
        "gwRssi": -74,
        "devUplinkCounter": 139
      }
    ]
  },
  {
    "Floor": "G",
    "Number": 10,
    "UL1": 652,
    "UL2": 0,
    "Time": "11/23/2018 12:58:12 PM",
    "Measures": [
      {
        "devEui": "0018B200000023E6",
        "devAddr": "30014AE9",
        "time": "2018-11-23 12:58:06",
        "payload": "rxeMUA73TQc=",
        "sf": 7,
        "gwEui": "7276FF003903097D",
        "gwName": "D60",
        "gwRssi": -113,
        "devUplinkCounter": 140
      },
      {
        "devEui": "0018B200000023E6",
        "devAddr": "30014AE9",
        "time": "2018-11-23 12:58:06",
        "payload": "rxeMUA73TQc=",
        "sf": 7,
        "gwEui": "7276FF003903094F",
        "gwName": "F07",
        "gwRssi": -104,
        "devUplinkCounter": 140
      },
      {
        "devEui": "0018B200000023E6",
        "devAddr": "30014AE9",
        "time": "2018-11-23 12:58:06",
        "payload": "rxeMUA73TQc=",
        "sf": 7,
        "gwEui": "7276FF003903094E",
        "gwName": "K01a",
        "gwRssi": -74,
        "devUplinkCounter": 140
      },
      {
        "devEui": "0018B200000023E6",
        "devAddr": "30014AE9",
        "time": "2018-11-23 12:58:06",
        "payload": "rxeMUA73TQc=",
        "sf": 7,
        "gwEui": "7276FF0039030977",
        "gwName": "H06",
        "gwRssi": -107,
        "devUplinkCounter": 140
      }
    ]
  },
  {
    "Floor": "G",
    "Number": 11,
    "UL1": 653,
    "UL2": 0,
    "Time": "11/23/2018 1:00:54 PM",
    "Measures": [
      {
        "devEui": "0018B200000023E6",
        "devAddr": "30014AE9",
        "time": "2018-11-23 13:00:55",
        "payload": "rxeNUQ73RAc=",
        "sf": 7,
        "gwEui": "7276FF003903094F",
        "gwName": "F07",
        "gwRssi": -105,
        "devUplinkCounter": 141
      },
      {
        "devEui": "0018B200000023E6",
        "devAddr": "30014AE9",
        "time": "2018-11-23 13:00:55",
        "payload": "rxeNUQ73RAc=",
        "sf": 7,
        "gwEui": "7276FF003903097D",
        "gwName": "D60",
        "gwRssi": -110,
        "devUplinkCounter": 141
      },
      {
        "devEui": "0018B200000023E6",
        "devAddr": "30014AE9",
        "time": "2018-11-23 13:00:55",
        "payload": "rxeNUQ73RAc=",
        "sf": 7,
        "gwEui": "7276FF003903094E",
        "gwName": "K01a",
        "gwRssi": -86,
        "devUplinkCounter": 141
      },
      {
        "devEui": "0018B200000023E6",
        "devAddr": "30014AE9",
        "time": "2018-11-23 13:00:55",
        "payload": "rxeNUQ73RAc=",
        "sf": 7,
        "gwEui": "7276FF0039030977",
        "gwName": "H06",
        "gwRssi": -103,
        "devUplinkCounter": 141
      }
    ]
  },
  {
    "Floor": "G",
    "Number": 12,
    "UL1": 654,
    "UL2": 0,
    "Time": "11/23/2018 1:01:07 PM",
    "Measures": [
      {
        "devEui": "0018B200000023E6",
        "devAddr": "30014AE9",
        "time": "2018-11-23 13:01:08",
        "payload": "rxeOUg72Rwc=",
        "sf": 7,
        "gwEui": "7276FF003903094F",
        "gwName": "F07",
        "gwRssi": -101,
        "devUplinkCounter": 142
      },
      {
        "devEui": "0018B200000023E6",
        "devAddr": "30014AE9",
        "time": "2018-11-23 13:01:08",
        "payload": "rxeOUg72Rwc=",
        "sf": 7,
        "gwEui": "7276FF003903097D",
        "gwName": "D60",
        "gwRssi": -110,
        "devUplinkCounter": 142
      },
      {
        "devEui": "0018B200000023E6",
        "devAddr": "30014AE9",
        "time": "2018-11-23 13:01:08",
        "payload": "rxeOUg72Rwc=",
        "sf": 7,
        "gwEui": "7276FF003903094E",
        "gwName": "K01a",
        "gwRssi": -86,
        "devUplinkCounter": 142
      },
      {
        "devEui": "0018B200000023E6",
        "devAddr": "30014AE9",
        "time": "2018-11-23 13:01:08",
        "payload": "rxeOUg72Rwc=",
        "sf": 7,
        "gwEui": "7276FF0039030977",
        "gwName": "H06",
        "gwRssi": -107,
        "devUplinkCounter": 142
      }
    ]
  },
  {
    "Floor": "G",
    "Number": 13,
    "UL1": 655,
    "UL2": 0,
    "Time": "11/23/2018 1:01:26 PM",
    "Measures": [
      {
        "devEui": "0018B200000023E6",
        "devAddr": "30014AE9",
        "time": "2018-11-23 13:01:29",
        "payload": "rxiPUw73RwY=",
        "sf": 7,
        "gwEui": "7276FF003903094E",
        "gwName": "K01a",
        "gwRssi": -72,
        "devUplinkCounter": 143
      },
      {
        "devEui": "0018B200000023E6",
        "devAddr": "30014AE9",
        "time": "2018-11-23 13:01:29",
        "payload": "rxiPUw73RwY=",
        "sf": 7,
        "gwEui": "7276FF003903094F",
        "gwName": "F07",
        "gwRssi": -106,
        "devUplinkCounter": 143
      },
      {
        "devEui": "0018B200000023E6",
        "devAddr": "30014AE9",
        "time": "2018-11-23 13:01:29",
        "payload": "rxiPUw73RwY=",
        "sf": 7,
        "gwEui": "7276FF0039030977",
        "gwName": "H06",
        "gwRssi": -105,
        "devUplinkCounter": 143
      },
      {
        "devEui": "0018B200000023E6",
        "devAddr": "30014AE9",
        "time": "2018-11-23 13:01:29",
        "payload": "rxiPUw73RwY=",
        "sf": 7,
        "gwEui": "7276FF003903097D",
        "gwName": "D60",
        "gwRssi": -106,
        "devUplinkCounter": 143
      }
    ]
  },
  {
    "Floor": "G",
    "Number": 14,
    "UL1": 656,
    "UL2": 0,
    "Time": "11/23/2018 1:01:40 PM",
    "Measures": [
      {
        "devEui": "0018B200000023E6",
        "devAddr": "30014AE9",
        "time": "2018-11-23 13:01:41",
        "payload": "rxeQVA73QAY=",
        "sf": 7,
        "gwEui": "7276FF003903094F",
        "gwName": "F07",
        "gwRssi": -104,
        "devUplinkCounter": 144
      },
      {
        "devEui": "0018B200000023E6",
        "devAddr": "30014AE9",
        "time": "2018-11-23 13:01:41",
        "payload": "rxeQVA73QAY=",
        "sf": 7,
        "gwEui": "7276FF003903094E",
        "gwName": "K01a",
        "gwRssi": -80,
        "devUplinkCounter": 144
      },
      {
        "devEui": "0018B200000023E6",
        "devAddr": "30014AE9",
        "time": "2018-11-23 13:01:41",
        "payload": "rxeQVA73QAY=",
        "sf": 7,
        "gwEui": "7276FF003903097D",
        "gwName": "D60",
        "gwRssi": -92,
        "devUplinkCounter": 144
      },
      {
        "devEui": "0018B200000023E6",
        "devAddr": "30014AE9",
        "time": "2018-11-23 13:01:41",
        "payload": "rxeQVA73QAY=",
        "sf": 7,
        "gwEui": "7276FF0039030977",
        "gwName": "H06",
        "gwRssi": -106,
        "devUplinkCounter": 144
      }
    ]
  },
  {
    "Floor": "G",
    "Number": 15,
    "UL1": 657,
    "UL2": 0,
    "Time": "11/23/2018 1:01:54 PM",
    "Measures": [
      {
        "devEui": "0018B200000023E6",
        "devAddr": "30014AE9",
        "time": "2018-11-23 13:01:54",
        "payload": "rxeRVQ72RQY=",
        "sf": 7,
        "gwEui": "7276FF003903094F",
        "gwName": "F07",
        "gwRssi": -99,
        "devUplinkCounter": 145
      },
      {
        "devEui": "0018B200000023E6",
        "devAddr": "30014AE9",
        "time": "2018-11-23 13:01:54",
        "payload": "rxeRVQ72RQY=",
        "sf": 7,
        "gwEui": "7276FF003903094E",
        "gwName": "K01a",
        "gwRssi": -83,
        "devUplinkCounter": 145
      },
      {
        "devEui": "0018B200000023E6",
        "devAddr": "30014AE9",
        "time": "2018-11-23 13:01:54",
        "payload": "rxeRVQ72RQY=",
        "sf": 7,
        "gwEui": "7276FF0039030977",
        "gwName": "H06",
        "gwRssi": -106,
        "devUplinkCounter": 145
      }
    ]
  },
  {
    "Floor": "G",
    "Number": 16,
    "UL1": 658,
    "UL2": 0,
    "Time": "11/23/2018 1:03:15 PM",
    "Measures": [
      {
        "devEui": "0018B200000023E6",
        "devAddr": "30014AE9",
        "time": "2018-11-23 13:03:14",
        "payload": "rxeSVg73SgU=",
        "sf": 7,
        "gwEui": "7276FF003903094E",
        "gwName": "K01a",
        "gwRssi": -95,
        "devUplinkCounter": 146
      },
      {
        "devEui": "0018B200000023E6",
        "devAddr": "30014AE9",
        "time": "2018-11-23 13:03:14",
        "payload": "rxeSVg73SgU=",
        "sf": 7,
        "gwEui": "7276FF0039030977",
        "gwName": "H06",
        "gwRssi": -100,
        "devUplinkCounter": 146
      },
      {
        "devEui": "0018B200000023E6",
        "devAddr": "30014AE9",
        "time": "2018-11-23 13:03:14",
        "payload": "rxeSVg73SgU=",
        "sf": 7,
        "gwEui": "7276FF003903097D",
        "gwName": "D60",
        "gwRssi": -114,
        "devUplinkCounter": 146
      },
      {
        "devEui": "0018B200000023E6",
        "devAddr": "30014AE9",
        "time": "2018-11-23 13:03:14",
        "payload": "rxeSVg73SgU=",
        "sf": 7,
        "gwEui": "7276FF003903094F",
        "gwName": "F07",
        "gwRssi": -93,
        "devUplinkCounter": 146
      }
    ]
  },
  {
    "Floor": "G",
    "Number": 17,
    "UL1": 659,
    "UL2": 0,
    "Time": "11/23/2018 1:03:25 PM",
    "Measures": [
      {
        "devEui": "0018B200000023E6",
        "devAddr": "30014AE9",
        "time": "2018-11-23 13:03:26",
        "payload": "rxiTVw73UwY=",
        "sf": 7,
        "gwEui": "7276FF003903094F",
        "gwName": "F07",
        "gwRssi": -95,
        "devUplinkCounter": 147
      },
      {
        "devEui": "0018B200000023E6",
        "devAddr": "30014AE9",
        "time": "2018-11-23 13:03:26",
        "payload": "rxiTVw73UwY=",
        "sf": 7,
        "gwEui": "7276FF003903094E",
        "gwName": "K01a",
        "gwRssi": -100,
        "devUplinkCounter": 147
      }
    ]
  },
  {
    "Floor": "G",
    "Number": 18,
    "UL1": 660,
    "UL2": 0,
    "Time": "11/23/2018 1:03:41 PM",
    "Measures": [
      {
        "devEui": "0018B200000023E6",
        "devAddr": "30014AE9",
        "time": "2018-11-23 13:03:42",
        "payload": "rxeUWA73VQc=",
        "sf": 7,
        "gwEui": "7276FF003903094F",
        "gwName": "F07",
        "gwRssi": -101,
        "devUplinkCounter": 148
      },
      {
        "devEui": "0018B200000023E6",
        "devAddr": "30014AE9",
        "time": "2018-11-23 13:03:42",
        "payload": "rxeUWA73VQc=",
        "sf": 7,
        "gwEui": "7276FF0039030977",
        "gwName": "H06",
        "gwRssi": -97,
        "devUplinkCounter": 148
      },
      {
        "devEui": "0018B200000023E6",
        "devAddr": "30014AE9",
        "time": "2018-11-23 13:03:42",
        "payload": "rxeUWA73VQc=",
        "sf": 7,
        "gwEui": "7276FF003903097D",
        "gwName": "D60",
        "gwRssi": -111,
        "devUplinkCounter": 148
      },
      {
        "devEui": "0018B200000023E6",
        "devAddr": "30014AE9",
        "time": "2018-11-23 13:03:42",
        "payload": "rxeUWA73VQc=",
        "sf": 7,
        "gwEui": "7276FF003903094E",
        "gwName": "K01a",
        "gwRssi": -85,
        "devUplinkCounter": 148
      }
    ]
  },
  {
    "Floor": "G",
    "Number": 19,
    "UL1": 661,
    "UL2": 0,
    "Time": "11/23/2018 1:04:04 PM",
    "Measures": [
      {
        "devEui": "0018B200000023E6",
        "devAddr": "30014AE9",
        "time": "2018-11-23 13:03:56",
        "payload": "rxeVWQ72TgY=",
        "sf": 7,
        "gwEui": "7276FF0039030977",
        "gwName": "H06",
        "gwRssi": -110,
        "devUplinkCounter": 149
      },
      {
        "devEui": "0018B200000023E6",
        "devAddr": "30014AE9",
        "time": "2018-11-23 13:03:56",
        "payload": "rxeVWQ72TgY=",
        "sf": 7,
        "gwEui": "7276FF003903097D",
        "gwName": "D60",
        "gwRssi": -105,
        "devUplinkCounter": 149
      },
      {
        "devEui": "0018B200000023E6",
        "devAddr": "30014AE9",
        "time": "2018-11-23 13:03:56",
        "payload": "rxeVWQ72TgY=",
        "sf": 7,
        "gwEui": "7276FF003903094E",
        "gwName": "K01a",
        "gwRssi": -89,
        "devUplinkCounter": 149
      },
      {
        "devEui": "0018B200000023E6",
        "devAddr": "30014AE9",
        "time": "2018-11-23 13:03:56",
        "payload": "rxeVWQ72TgY=",
        "sf": 7,
        "gwEui": "7276FF003903094F",
        "gwName": "F07",
        "gwRssi": -103,
        "devUplinkCounter": 149
      }
    ]
  },
  {
    "Floor": "G",
    "Number": 20,
    "UL1": 662,
    "UL2": 0,
    "Time": "11/23/2018 1:04:11 PM",
    "Measures": [
      {
        "devEui": "0018B200000023E6",
        "devAddr": "30014AE9",
        "time": "2018-11-23 13:04:12",
        "payload": "rxeWWg72VwY=",
        "sf": 7,
        "gwEui": "7276FF003903094E",
        "gwName": "K01a",
        "gwRssi": -94,
        "devUplinkCounter": 150
      },
      {
        "devEui": "0018B200000023E6",
        "devAddr": "30014AE9",
        "time": "2018-11-23 13:04:12",
        "payload": "rxeWWg72VwY=",
        "sf": 7,
        "gwEui": "7276FF0039030977",
        "gwName": "H06",
        "gwRssi": -98,
        "devUplinkCounter": 150
      },
      {
        "devEui": "0018B200000023E6",
        "devAddr": "30014AE9",
        "time": "2018-11-23 13:04:12",
        "payload": "rxeWWg72VwY=",
        "sf": 7,
        "gwEui": "7276FF003903094F",
        "gwName": "F07",
        "gwRssi": -90,
        "devUplinkCounter": 150
      },
      {
        "devEui": "0018B200000023E6",
        "devAddr": "30014AE9",
        "time": "2018-11-23 13:04:12",
        "payload": "rxeWWg72VwY=",
        "sf": 7,
        "gwEui": "7276FF003903097D",
        "gwName": "D60",
        "gwRssi": -112,
        "devUplinkCounter": 150
      }
    ]
  },
  {
    "Floor": "G",
    "Number": 21,
    "UL1": 663,
    "UL2": 0,
    "Time": "11/23/2018 1:05:24 PM",
    "Measures": [
      {
        "devEui": "0018B200000023E6",
        "devAddr": "30014AE9",
        "time": "2018-11-23 13:05:25",
        "payload": "rxiXWw72UwY=",
        "sf": 7,
        "gwEui": "7276FF0039030977",
        "gwName": "H06",
        "gwRssi": -88,
        "devUplinkCounter": 151
      },
      {
        "devEui": "0018B200000023E6",
        "devAddr": "30014AE9",
        "time": "2018-11-23 13:05:25",
        "payload": "rxiXWw72UwY=",
        "sf": 7,
        "gwEui": "7276FF003903097D",
        "gwName": "D60",
        "gwRssi": -111,
        "devUplinkCounter": 151
      },
      {
        "devEui": "0018B200000023E6",
        "devAddr": "30014AE9",
        "time": "2018-11-23 13:05:25",
        "payload": "rxiXWw72UwY=",
        "sf": 7,
        "gwEui": "7276FF003903094E",
        "gwName": "K01a",
        "gwRssi": -96,
        "devUplinkCounter": 151
      },
      {
        "devEui": "0018B200000023E6",
        "devAddr": "30014AE9",
        "time": "2018-11-23 13:05:25",
        "payload": "rxiXWw72UwY=",
        "sf": 7,
        "gwEui": "7276FF003903094F",
        "gwName": "F07",
        "gwRssi": -101,
        "devUplinkCounter": 151
      }
    ]
  },
  {
    "Floor": "G",
    "Number": 22,
    "UL1": 664,
    "UL2": 0,
    "Time": "11/23/2018 1:05:37 PM",
    "Measures": [
      {
        "devEui": "0018B200000023E6",
        "devAddr": "30014AE9",
        "time": "2018-11-23 13:05:37",
        "payload": "rxiYXA72Vwc=",
        "sf": 7,
        "gwEui": "7276FF0039030977",
        "gwName": "H06",
        "gwRssi": -108,
        "devUplinkCounter": 152
      },
      {
        "devEui": "0018B200000023E6",
        "devAddr": "30014AE9",
        "time": "2018-11-23 13:05:37",
        "payload": "rxiYXA72Vwc=",
        "sf": 7,
        "gwEui": "7276FF003903094E",
        "gwName": "K01a",
        "gwRssi": -94,
        "devUplinkCounter": 152
      },
      {
        "devEui": "0018B200000023E6",
        "devAddr": "30014AE9",
        "time": "2018-11-23 13:05:37",
        "payload": "rxiYXA72Vwc=",
        "sf": 7,
        "gwEui": "7276FF003903094F",
        "gwName": "F07",
        "gwRssi": -91,
        "devUplinkCounter": 152
      }
    ]
  },
  {
    "Floor": "G",
    "Number": 23,
    "UL1": 669,
    "UL2": 0,
    "Time": "11/23/2018 1:06:37 PM",
    "Measures": [
      {
        "devEui": "0018B200000023E6",
        "devAddr": "30014AE9",
        "time": "2018-11-23 13:06:12",
        "payload": "rxedXg71Sgc=",
        "sf": 7,
        "gwEui": "7276FF003903094E",
        "gwName": "K01a",
        "gwRssi": -95,
        "devUplinkCounter": 157
      },
      {
        "devEui": "0018B200000023E6",
        "devAddr": "30014AE9",
        "time": "2018-11-23 13:06:12",
        "payload": "rxedXg71Sgc=",
        "sf": 7,
        "gwEui": "7276FF0039030977",
        "gwName": "H06",
        "gwRssi": -92,
        "devUplinkCounter": 157
      },
      {
        "devEui": "0018B200000023E6",
        "devAddr": "30014AE9",
        "time": "2018-11-23 13:06:12",
        "payload": "rxedXg71Sgc=",
        "sf": 7,
        "gwEui": "7276FF003903097D",
        "gwName": "D60",
        "gwRssi": -111,
        "devUplinkCounter": 157
      },
      {
        "devEui": "0018B200000023E6",
        "devAddr": "30014AE9",
        "time": "2018-11-23 13:06:12",
        "payload": "rxedXg71Sgc=",
        "sf": 7,
        "gwEui": "7276FF003903094F",
        "gwName": "F07",
        "gwRssi": -87,
        "devUplinkCounter": 157
      }
    ]
  },
  {
    "Floor": "G",
    "Number": 24,
    "UL1": 670,
    "UL2": 0,
    "Time": "11/23/2018 1:06:43 PM",
    "Measures": [
      {
        "devEui": "0018B200000023E6",
        "devAddr": "30014AE9",
        "time": "2018-11-23 13:06:44",
        "payload": "rxeeXw73TAY=",
        "sf": 7,
        "gwEui": "7276FF003903094E",
        "gwName": "K01a",
        "gwRssi": -99,
        "devUplinkCounter": 158
      },
      {
        "devEui": "0018B200000023E6",
        "devAddr": "30014AE9",
        "time": "2018-11-23 13:06:44",
        "payload": "rxeeXw73TAY=",
        "sf": 7,
        "gwEui": "7276FF0039030977",
        "gwName": "H06",
        "gwRssi": -104,
        "devUplinkCounter": 158
      },
      {
        "devEui": "0018B200000023E6",
        "devAddr": "30014AE9",
        "time": "2018-11-23 13:06:44",
        "payload": "rxeeXw73TAY=",
        "sf": 7,
        "gwEui": "7276FF003903097D",
        "gwName": "D60",
        "gwRssi": -109,
        "devUplinkCounter": 158
      },
      {
        "devEui": "0018B200000023E6",
        "devAddr": "30014AE9",
        "time": "2018-11-23 13:06:48",
        "payload": "rxeeXw73TAY=",
        "sf": 7,
        "gwEui": "7276FF003903097D",
        "gwName": "D60",
        "gwRssi": -108,
        "devUplinkCounter": 158
      },
      {
        "devEui": "0018B200000023E6",
        "devAddr": "30014AE9",
        "time": "2018-11-23 13:06:48",
        "payload": "rxeeXw73TAY=",
        "sf": 7,
        "gwEui": "7276FF003903094E",
        "gwName": "K01a",
        "gwRssi": -92,
        "devUplinkCounter": 158
      },
      {
        "devEui": "0018B200000023E6",
        "devAddr": "30014AE9",
        "time": "2018-11-23 13:06:48",
        "payload": "rxeeXw73TAY=",
        "sf": 7,
        "gwEui": "7276FF003903094F",
        "gwName": "F07",
        "gwRssi": -87,
        "devUplinkCounter": 158
      }
    ]
  },
  {
    "Floor": "G",
    "Number": 25,
    "UL1": 672,
    "UL2": 0,
    "Time": "11/23/2018 1:07:05 PM",
    "Measures": [
      {
        "devEui": "0018B200000023E6",
        "devAddr": "30014AE9",
        "time": "2018-11-23 13:07:06",
        "payload": "rxegYA71TQY=",
        "sf": 7,
        "gwEui": "7276FF003903094E",
        "gwName": "K01a",
        "gwRssi": -98,
        "devUplinkCounter": 160
      },
      {
        "devEui": "0018B200000023E6",
        "devAddr": "30014AE9",
        "time": "2018-11-23 13:07:06",
        "payload": "rxegYA71TQY=",
        "sf": 7,
        "gwEui": "7276FF003903094F",
        "gwName": "F07",
        "gwRssi": -86,
        "devUplinkCounter": 160
      },
      {
        "devEui": "0018B200000023E6",
        "devAddr": "30014AE9",
        "time": "2018-11-23 13:07:06",
        "payload": "rxegYA71TQY=",
        "sf": 7,
        "gwEui": "7276FF0039030977",
        "gwName": "H06",
        "gwRssi": -86,
        "devUplinkCounter": 160
      }
    ]
  },
  {
    "Floor": "G",
    "Number": 26,
    "UL1": 674,
    "UL2": 0,
    "Time": "11/23/2018 1:09:02 PM",
    "Measures": [
      {
        "devEui": "0018B200000023E6",
        "devAddr": "30014AE9",
        "time": "2018-11-23 13:09:03",
        "payload": "rxeiYg71VAY=",
        "sf": 7,
        "gwEui": "7276FF003903094F",
        "gwName": "F07",
        "gwRssi": -96,
        "devUplinkCounter": 162
      },
      {
        "devEui": "0018B200000023E6",
        "devAddr": "30014AE9",
        "time": "2018-11-23 13:09:03",
        "payload": "rxeiYg71VAY=",
        "sf": 7,
        "gwEui": "7276FF003903094E",
        "gwName": "K01a",
        "gwRssi": -98,
        "devUplinkCounter": 162
      },
      {
        "devEui": "0018B200000023E6",
        "devAddr": "30014AE9",
        "time": "2018-11-23 13:09:03",
        "payload": "rxeiYg71VAY=",
        "sf": 7,
        "gwEui": "7276FF0039030977",
        "gwName": "H06",
        "gwRssi": -94,
        "devUplinkCounter": 162
      }
    ]
  },
  {
    "Floor": "G",
    "Number": 27,
    "UL1": 675,
    "UL2": 0,
    "Time": "11/23/2018 1:09:14 PM",
    "Measures": [
      {
        "devEui": "0018B200000023E6",
        "devAddr": "30014AE9",
        "time": "2018-11-23 13:09:14",
        "payload": "rxijYw70TAc=",
        "sf": 7,
        "gwEui": "7276FF0039030977",
        "gwName": "H06",
        "gwRssi": -72,
        "devUplinkCounter": 163
      },
      {
        "devEui": "0018B200000023E6",
        "devAddr": "30014AE9",
        "time": "2018-11-23 13:09:14",
        "payload": "rxijYw70TAc=",
        "sf": 7,
        "gwEui": "7276FF003903094E",
        "gwName": "K01a",
        "gwRssi": -106,
        "devUplinkCounter": 163
      },
      {
        "devEui": "0018B200000023E6",
        "devAddr": "30014AE9",
        "time": "2018-11-23 13:09:14",
        "payload": "rxijYw70TAc=",
        "sf": 7,
        "gwEui": "7276FF003903094F",
        "gwName": "F07",
        "gwRssi": -97,
        "devUplinkCounter": 163
      }
    ]
  },
  {
    "Floor": "G",
    "Number": 28,
    "UL1": 676,
    "UL2": 0,
    "Time": "11/23/2018 1:10:17 PM",
    "Measures": [
      {
        "devEui": "0018B200000023E6",
        "devAddr": "30014AE9",
        "time": "2018-11-23 13:09:28",
        "payload": "rxikZA71RAc=",
        "sf": 7,
        "gwEui": "7276FF003903094F",
        "gwName": "F07",
        "gwRssi": -88,
        "devUplinkCounter": 164
      },
      {
        "devEui": "0018B200000023E6",
        "devAddr": "30014AE9",
        "time": "2018-11-23 13:09:28",
        "payload": "rxikZA71RAc=",
        "sf": 7,
        "gwEui": "7276FF003903094E",
        "gwName": "K01a",
        "gwRssi": -108,
        "devUplinkCounter": 164
      },
      {
        "devEui": "0018B200000023E6",
        "devAddr": "30014AE9",
        "time": "2018-11-23 13:09:28",
        "payload": "rxikZA71RAc=",
        "sf": 7,
        "gwEui": "7276FF003903097C",
        "gwName": "C22",
        "gwRssi": -109,
        "devUplinkCounter": 164
      },
      {
        "devEui": "0018B200000023E6",
        "devAddr": "30014AE9",
        "time": "2018-11-23 13:09:28",
        "payload": "rxikZA71RAc=",
        "sf": 7,
        "gwEui": "7276FF0039030977",
        "gwName": "H06",
        "gwRssi": -83,
        "devUplinkCounter": 164
      }
    ]
  },
  {
    "Floor": "G",
    "Number": 29,
    "UL1": 677,
    "UL2": 0,
    "Time": "11/23/2018 1:10:29 PM",
    "Measures": [
      {
        "devEui": "0018B200000023E6",
        "devAddr": "30014AE9",
        "time": "2018-11-23 13:10:29",
        "payload": "rxilZQ72TgY=",
        "sf": 7,
        "gwEui": "7276FF003903097D",
        "gwName": "D60",
        "gwRssi": -112,
        "devUplinkCounter": 165
      },
      {
        "devEui": "0018B200000023E6",
        "devAddr": "30014AE9",
        "time": "2018-11-23 13:10:29",
        "payload": "rxilZQ72TgY=",
        "sf": 7,
        "gwEui": "7276FF003903094E",
        "gwName": "K01a",
        "gwRssi": -108,
        "devUplinkCounter": 165
      },
      {
        "devEui": "0018B200000023E6",
        "devAddr": "30014AE9",
        "time": "2018-11-23 13:10:29",
        "payload": "rxilZQ72TgY=",
        "sf": 7,
        "gwEui": "7276FF003903094F",
        "gwName": "F07",
        "gwRssi": -95,
        "devUplinkCounter": 165
      },
      {
        "devEui": "0018B200000023E6",
        "devAddr": "30014AE9",
        "time": "2018-11-23 13:10:29",
        "payload": "rxilZQ72TgY=",
        "sf": 7,
        "gwEui": "7276FF003903097C",
        "gwName": "C22",
        "gwRssi": -105,
        "devUplinkCounter": 165
      },
      {
        "devEui": "0018B200000023E6",
        "devAddr": "30014AE9",
        "time": "2018-11-23 13:10:29",
        "payload": "rxilZQ72TgY=",
        "sf": 7,
        "gwEui": "7276FF0039030977",
        "gwName": "H06",
        "gwRssi": -84,
        "devUplinkCounter": 165
      }
    ]
  },
  {
    "Floor": "G",
    "Number": 30,
    "UL1": 678,
    "UL2": 0,
    "Time": "11/23/2018 1:10:45 PM",
    "Measures": [
      {
        "devEui": "0018B200000023E6",
        "devAddr": "30014AE9",
        "time": "2018-11-23 13:10:45",
        "payload": "rxemZg72SAU=",
        "sf": 7,
        "gwEui": "7276FF003903094E",
        "gwName": "K01a",
        "gwRssi": -106,
        "devUplinkCounter": 166
      },
      {
        "devEui": "0018B200000023E6",
        "devAddr": "30014AE9",
        "time": "2018-11-23 13:10:45",
        "payload": "rxemZg72SAU=",
        "sf": 7,
        "gwEui": "7276FF003903094F",
        "gwName": "F07",
        "gwRssi": -96,
        "devUplinkCounter": 166
      },
      {
        "devEui": "0018B200000023E6",
        "devAddr": "30014AE9",
        "time": "2018-11-23 13:10:45",
        "payload": "rxemZg72SAU=",
        "sf": 7,
        "gwEui": "7276FF0039030977",
        "gwName": "H06",
        "gwRssi": -88,
        "devUplinkCounter": 166
      }
    ]
  },
  {
    "Floor": "G",
    "Number": 31,
    "UL1": 679,
    "UL2": 0,
    "Time": "11/23/2018 1:10:57 PM",
    "Measures": [
      {
        "devEui": "0018B200000023E6",
        "devAddr": "30014AE9",
        "time": "2018-11-23 13:10:56",
        "payload": "rxinZw7zVwc=",
        "sf": 7,
        "gwEui": "7276FF003903094E",
        "gwName": "K01a",
        "gwRssi": -104,
        "devUplinkCounter": 167
      },
      {
        "devEui": "0018B200000023E6",
        "devAddr": "30014AE9",
        "time": "2018-11-23 13:10:56",
        "payload": "rxinZw7zVwc=",
        "sf": 7,
        "gwEui": "7276FF003903094F",
        "gwName": "F07",
        "gwRssi": -96,
        "devUplinkCounter": 167
      },
      {
        "devEui": "0018B200000023E6",
        "devAddr": "30014AE9",
        "time": "2018-11-23 13:10:56",
        "payload": "rxinZw7zVwc=",
        "sf": 7,
        "gwEui": "7276FF0039030977",
        "gwName": "H06",
        "gwRssi": -84,
        "devUplinkCounter": 167
      }
    ]
  },
  {
    "Floor": "G",
    "Number": 32,
    "UL1": 680,
    "UL2": 0,
    "Time": "11/23/2018 1:11:16 PM",
    "Measures": [
      {
        "devEui": "0018B200000023E6",
        "devAddr": "30014AE9",
        "time": "2018-11-23 13:11:16",
        "payload": "rxioaA71Swc=",
        "sf": 7,
        "gwEui": "7276FF003903097D",
        "gwName": "D60",
        "gwRssi": -109,
        "devUplinkCounter": 168
      },
      {
        "devEui": "0018B200000023E6",
        "devAddr": "30014AE9",
        "time": "2018-11-23 13:11:16",
        "payload": "rxioaA71Swc=",
        "sf": 7,
        "gwEui": "7276FF0039030977",
        "gwName": "H06",
        "gwRssi": -88,
        "devUplinkCounter": 168
      },
      {
        "devEui": "0018B200000023E6",
        "devAddr": "30014AE9",
        "time": "2018-11-23 13:11:16",
        "payload": "rxioaA71Swc=",
        "sf": 7,
        "gwEui": "7276FF003903094E",
        "gwName": "K01a",
        "gwRssi": -104,
        "devUplinkCounter": 168
      },
      {
        "devEui": "0018B200000023E6",
        "devAddr": "30014AE9",
        "time": "2018-11-23 13:11:16",
        "payload": "rxioaA71Swc=",
        "sf": 7,
        "gwEui": "7276FF003903094F",
        "gwName": "F07",
        "gwRssi": -102,
        "devUplinkCounter": 168
      }
    ]
  },
  {
    "Floor": "G",
    "Number": 33,
    "UL1": 682,
    "UL2": 0,
    "Time": "11/23/2018 1:12:56 PM",
    "Measures": [
      {
        "devEui": "0018B200000023E6",
        "devAddr": "30014AE9",
        "time": "2018-11-23 13:12:55",
        "payload": "rxeqag70Owc=",
        "sf": 7,
        "gwEui": "7276FF003903094F",
        "gwName": "F07",
        "gwRssi": -81,
        "devUplinkCounter": 170
      },
      {
        "devEui": "0018B200000023E6",
        "devAddr": "30014AE9",
        "time": "2018-11-23 13:12:55",
        "payload": "rxeqag70Owc=",
        "sf": 7,
        "gwEui": "7276FF0039030977",
        "gwName": "H06",
        "gwRssi": -83,
        "devUplinkCounter": 170
      },
      {
        "devEui": "0018B200000023E6",
        "devAddr": "30014AE9",
        "time": "2018-11-23 13:12:55",
        "payload": "rxeqag70Owc=",
        "sf": 7,
        "gwEui": "7276FF003903094E",
        "gwName": "K01a",
        "gwRssi": -108,
        "devUplinkCounter": 170
      }
    ]
  },
  {
    "Floor": "G",
    "Number": 34,
    "UL1": 683,
    "UL2": 0,
    "Time": "11/23/2018 1:13:07 PM",
    "Measures": [
      {
        "devEui": "0018B200000023E6",
        "devAddr": "30014AE9",
        "time": "2018-11-23 13:13:08",
        "payload": "rxiraw71Sgc=",
        "sf": 7,
        "gwEui": "7276FF003903097C",
        "gwName": "C22",
        "gwRssi": -106,
        "devUplinkCounter": 171
      },
      {
        "devEui": "0018B200000023E6",
        "devAddr": "30014AE9",
        "time": "2018-11-23 13:13:08",
        "payload": "rxiraw71Sgc=",
        "sf": 7,
        "gwEui": "7276FF0039030977",
        "gwName": "H06",
        "gwRssi": -80,
        "devUplinkCounter": 171
      },
      {
        "devEui": "0018B200000023E6",
        "devAddr": "30014AE9",
        "time": "2018-11-23 13:13:08",
        "payload": "rxiraw71Sgc=",
        "sf": 7,
        "gwEui": "7276FF0039030950",
        "gwName": "B40",
        "gwRssi": -105,
        "devUplinkCounter": 171
      },
      {
        "devEui": "0018B200000023E6",
        "devAddr": "30014AE9",
        "time": "2018-11-23 13:13:08",
        "payload": "rxiraw71Sgc=",
        "sf": 7,
        "gwEui": "7276FF003903094F",
        "gwName": "F07",
        "gwRssi": -91,
        "devUplinkCounter": 171
      }
    ]
  },
  {
    "Floor": "G",
    "Number": 35,
    "UL1": 684,
    "UL2": 0,
    "Time": "11/23/2018 1:13:20 PM",
    "Measures": [
      {
        "devEui": "0018B200000023E6",
        "devAddr": "30014AE9",
        "time": "2018-11-23 13:12:31",
        "payload": "rxisbA7yQQY=",
        "sf": 7,
        "gwEui": "7276FF003903094E",
        "gwName": "K01a",
        "gwRssi": -104,
        "devUplinkCounter": 172
      },
      {
        "devEui": "0018B200000023E6",
        "devAddr": "30014AE9",
        "time": "2018-11-23 13:12:31",
        "payload": "rxisbA7yQQY=",
        "sf": 7,
        "gwEui": "7276FF003903097C",
        "gwName": "C22",
        "gwRssi": -105,
        "devUplinkCounter": 172
      },
      {
        "devEui": "0018B200000023E6",
        "devAddr": "30014AE9",
        "time": "2018-11-23 13:12:31",
        "payload": "rxisbA7yQQY=",
        "sf": 7,
        "gwEui": "7276FF0039030977",
        "gwName": "H06",
        "gwRssi": -80,
        "devUplinkCounter": 172
      },
      {
        "devEui": "0018B200000023E6",
        "devAddr": "30014AE9",
        "time": "2018-11-23 13:12:31",
        "payload": "rxisbA7yQQY=",
        "sf": 7,
        "gwEui": "7276FF003903094F",
        "gwName": "F07",
        "gwRssi": -73,
        "devUplinkCounter": 172
      }
    ]
  },
  {
    "Floor": "G",
    "Number": 36,
    "UL1": 685,
    "UL2": 0,
    "Time": "11/23/2018 1:13:31 PM",
    "Measures": [
      {
        "devEui": "0018B200000023E6",
        "devAddr": "30014AE9",
        "time": "2018-11-23 13:13:32",
        "payload": "rxitbQ7xQwY=",
        "sf": 7,
        "gwEui": "7276FF0039030977",
        "gwName": "H06",
        "gwRssi": -70,
        "devUplinkCounter": 173
      },
      {
        "devEui": "0018B200000023E6",
        "devAddr": "30014AE9",
        "time": "2018-11-23 13:13:32",
        "payload": "rxitbQ7xQwY=",
        "sf": 7,
        "gwEui": "7276FF003903094F",
        "gwName": "F07",
        "gwRssi": -72,
        "devUplinkCounter": 173
      },
      {
        "devEui": "0018B200000023E6",
        "devAddr": "30014AE9",
        "time": "2018-11-23 13:13:32",
        "payload": "rxitbQ7xQwY=",
        "sf": 7,
        "gwEui": "7276FF003903094E",
        "gwName": "K01a",
        "gwRssi": -102,
        "devUplinkCounter": 173
      }
    ]
  },
  {
    "Floor": "G",
    "Number": 37,
    "UL1": 686,
    "UL2": 0,
    "Time": "11/23/2018 1:13:45 PM",
    "Measures": [
      {
        "devEui": "0018B200000023E6",
        "devAddr": "30014AE9",
        "time": "2018-11-23 13:13:45",
        "payload": "rxiubg7yPgU=",
        "sf": 7,
        "gwEui": "7276FF0039030977",
        "gwName": "H06",
        "gwRssi": -70,
        "devUplinkCounter": 174
      },
      {
        "devEui": "0018B200000023E6",
        "devAddr": "30014AE9",
        "time": "2018-11-23 13:13:45",
        "payload": "rxiubg7yPgU=",
        "sf": 7,
        "gwEui": "7276FF003903094F",
        "gwName": "F07",
        "gwRssi": -82,
        "devUplinkCounter": 174
      },
      {
        "devEui": "0018B200000023E6",
        "devAddr": "30014AE9",
        "time": "2018-11-23 13:13:45",
        "payload": "rxiubg7yPgU=",
        "sf": 7,
        "gwEui": "7276FF003903094E",
        "gwName": "K01a",
        "gwRssi": -100,
        "devUplinkCounter": 174
      },
      {
        "devEui": "0018B200000023E6",
        "devAddr": "30014AE9",
        "time": "2018-11-23 13:13:45",
        "payload": "rxiubg7yPgU=",
        "sf": 7,
        "gwEui": "7276FF003903097C",
        "gwName": "C22",
        "gwRssi": -110,
        "devUplinkCounter": 174
      }
    ]
  },
  {
    "Floor": "G",
    "Number": 38,
    "UL1": 687,
    "UL2": 0,
    "Time": "11/23/2018 1:15:04 PM",
    "Measures": [
      {
        "devEui": "0018B200000023E6",
        "devAddr": "30014AE9",
        "time": "2018-11-23 13:15:04",
        "payload": "rxivbw7zPwY=",
        "sf": 7,
        "gwEui": "7276FF0039030977",
        "gwName": "H06",
        "gwRssi": -102,
        "devUplinkCounter": 175
      },
      {
        "devEui": "0018B200000023E6",
        "devAddr": "30014AE9",
        "time": "2018-11-23 13:15:04",
        "payload": "rxivbw7zPwY=",
        "sf": 7,
        "gwEui": "7276FF003903094F",
        "gwName": "F07",
        "gwRssi": -84,
        "devUplinkCounter": 175
      }
    ]
  },
  {
    "Floor": "G",
    "Number": 39,
    "UL1": 688,
    "UL2": 0,
    "Time": "11/23/2018 1:15:15 PM",
    "Measures": [
      {
        "devEui": "0018B200000023E6",
        "devAddr": "30014AE9",
        "time": "2018-11-23 13:14:26",
        "payload": "rxiwcA7ySAc=",
        "sf": 7,
        "gwEui": "7276FF003903094F",
        "gwName": "F07",
        "gwRssi": -87,
        "devUplinkCounter": 176
      },
      {
        "devEui": "0018B200000023E6",
        "devAddr": "30014AE9",
        "time": "2018-11-23 13:14:26",
        "payload": "rxiwcA7ySAc=",
        "sf": 7,
        "gwEui": "7276FF0039030977",
        "gwName": "H06",
        "gwRssi": -79,
        "devUplinkCounter": 176
      },
      {
        "devEui": "0018B200000023E6",
        "devAddr": "30014AE9",
        "time": "2018-11-23 13:14:26",
        "payload": "rxiwcA7ySAc=",
        "sf": 7,
        "gwEui": "7276FF003903094E",
        "gwName": "K01a",
        "gwRssi": -107,
        "devUplinkCounter": 176
      },
      {
        "devEui": "0018B200000023E6",
        "devAddr": "30014AE9",
        "time": "2018-11-23 13:14:26",
        "payload": "rxiwcA7ySAc=",
        "sf": 7,
        "gwEui": "7276FF003903097C",
        "gwName": "C22",
        "gwRssi": -107,
        "devUplinkCounter": 176
      }
    ]
  },
  {
    "Floor": "G",
    "Number": 40,
    "UL1": 689,
    "UL2": 0,
    "Time": "11/23/2018 1:15:31 PM",
    "Measures": [
      {
        "devEui": "0018B200000023E6",
        "devAddr": "30014AE9",
        "time": "2018-11-23 13:15:32",
        "payload": "rxexcQ7yRAc=",
        "sf": 7,
        "gwEui": "7276FF003903094F",
        "gwName": "F07",
        "gwRssi": -93,
        "devUplinkCounter": 177
      },
      {
        "devEui": "0018B200000023E6",
        "devAddr": "30014AE9",
        "time": "2018-11-23 13:15:32",
        "payload": "rxexcQ7yRAc=",
        "sf": 7,
        "gwEui": "7276FF0039030977",
        "gwName": "H06",
        "gwRssi": -82,
        "devUplinkCounter": 177
      }
    ]
  },
  {
    "Floor": "G",
    "Number": 41,
    "UL1": 690,
    "UL2": 0,
    "Time": "11/23/2018 1:15:42 PM",
    "Measures": [
      {
        "devEui": "0018B200000023E6",
        "devAddr": "30014AE9",
        "time": "2018-11-23 13:15:42",
        "payload": "rxiycg71SgU=",
        "sf": 7,
        "gwEui": "7276FF0039030977",
        "gwName": "H06",
        "gwRssi": -80,
        "devUplinkCounter": 178
      },
      {
        "devEui": "0018B200000023E6",
        "devAddr": "30014AE9",
        "time": "2018-11-23 13:15:42",
        "payload": "rxiycg71SgU=",
        "sf": 7,
        "gwEui": "7276FF003903094F",
        "gwName": "F07",
        "gwRssi": -103,
        "devUplinkCounter": 178
      }
    ]
  },
  {
    "Floor": "G",
    "Number": 42,
    "UL1": 691,
    "UL2": 0,
    "Time": "11/23/2018 1:16:00 PM",
    "Measures": [
      {
        "devEui": "0018B200000023E6",
        "devAddr": "30014AE9",
        "time": "2018-11-23 13:16:01",
        "payload": "rxizcw7yRwY=",
        "sf": 7,
        "gwEui": "7276FF003903094F",
        "gwName": "F07",
        "gwRssi": -86,
        "devUplinkCounter": 179
      },
      {
        "devEui": "0018B200000023E6",
        "devAddr": "30014AE9",
        "time": "2018-11-23 13:16:01",
        "payload": "rxizcw7yRwY=",
        "sf": 7,
        "gwEui": "7276FF0039030977",
        "gwName": "H06",
        "gwRssi": -80,
        "devUplinkCounter": 179
      }
    ]
  },
  {
    "Floor": "G",
    "Number": 43,
    "UL1": 692,
    "UL2": 0,
    "Time": "11/23/2018 1:17:55 PM",
    "Measures": [
      {
        "devEui": "0018B200000023E6",
        "devAddr": "30014AE9",
        "time": "2018-11-23 13:17:55",
        "payload": "rxi0dA7zTAY=",
        "sf": 7,
        "gwEui": "7276FF0039030977",
        "gwName": "H06",
        "gwRssi": -66,
        "devUplinkCounter": 180
      },
      {
        "devEui": "0018B200000023E6",
        "devAddr": "30014AE9",
        "time": "2018-11-23 13:17:55",
        "payload": "rxi0dA7zTAY=",
        "sf": 7,
        "gwEui": "7276FF003903094F",
        "gwName": "F07",
        "gwRssi": -78,
        "devUplinkCounter": 180
      }
    ]
  },
  {
    "Floor": "G",
    "Number": 44,
    "UL1": 693,
    "UL2": 0,
    "Time": "11/23/2018 1:18:05 PM",
    "Measures": [
      {
        "devEui": "0018B200000023E6",
        "devAddr": "30014AE9",
        "time": "2018-11-23 13:18:05",
        "payload": "rxi1dQ7zNwY=",
        "sf": 7,
        "gwEui": "7276FF003903094F",
        "gwName": "F07",
        "gwRssi": -71,
        "devUplinkCounter": 181
      },
      {
        "devEui": "0018B200000023E6",
        "devAddr": "30014AE9",
        "time": "2018-11-23 13:18:05",
        "payload": "rxi1dQ7zNwY=",
        "sf": 7,
        "gwEui": "7276FF0039030977",
        "gwName": "H06",
        "gwRssi": -54,
        "devUplinkCounter": 181
      }
    ]
  },
  {
    "Floor": "G",
    "Number": 45,
    "UL1": 694,
    "UL2": 0,
    "Time": "11/23/2018 1:18:18 PM",
    "Measures": [
      {
        "devEui": "0018B200000023E6",
        "devAddr": "30014AE9",
        "time": "2018-11-23 13:18:18",
        "payload": "rxi2dg7zNAY=",
        "sf": 7,
        "gwEui": "7276FF003903094F",
        "gwName": "F07",
        "gwRssi": -73,
        "devUplinkCounter": 182
      },
      {
        "devEui": "0018B200000023E6",
        "devAddr": "30014AE9",
        "time": "2018-11-23 13:18:18",
        "payload": "rxi2dg7zNAY=",
        "sf": 7,
        "gwEui": "7276FF003903094E",
        "gwName": "K01a",
        "gwRssi": -106,
        "devUplinkCounter": 182
      },
      {
        "devEui": "0018B200000023E6",
        "devAddr": "30014AE9",
        "time": "2018-11-23 13:18:18",
        "payload": "rxi2dg7zNAY=",
        "sf": 7,
        "gwEui": "7276FF0039030977",
        "gwName": "H06",
        "gwRssi": -83,
        "devUplinkCounter": 182
      }
    ]
  },
  {
    "Floor": "G",
    "Number": 46,
    "UL1": 695,
    "UL2": 0,
    "Time": "11/23/2018 1:18:31 PM",
    "Measures": [
      {
        "devEui": "0018B200000023E6",
        "devAddr": "30014AE9",
        "time": "2018-11-23 13:17:43",
        "payload": "rxi3dw7zQQY=",
        "sf": 7,
        "gwEui": "7276FF003903094E",
        "gwName": "K01a",
        "gwRssi": -110,
        "devUplinkCounter": 183
      },
      {
        "devEui": "0018B200000023E6",
        "devAddr": "30014AE9",
        "time": "2018-11-23 13:17:43",
        "payload": "rxi3dw7zQQY=",
        "sf": 7,
        "gwEui": "7276FF003903094F",
        "gwName": "F07",
        "gwRssi": -89,
        "devUplinkCounter": 183
      }
    ]
  },
  {
    "Floor": "G",
    "Number": 47,
    "UL1": 696,
    "UL2": 0,
    "Time": "11/23/2018 1:18:43 PM",
    "Measures": [
      {
        "devEui": "0018B200000023E6",
        "devAddr": "30014AE9",
        "time": "2018-11-23 13:17:54",
        "payload": "rxi4eA7zQQY=",
        "sf": 7,
        "gwEui": "7276FF003903094F",
        "gwName": "F07",
        "gwRssi": -71,
        "devUplinkCounter": 184
      },
      {
        "devEui": "0018B200000023E6",
        "devAddr": "30014AE9",
        "time": "2018-11-23 13:17:54",
        "payload": "rxi4eA7zQQY=",
        "sf": 7,
        "gwEui": "7276FF003903094E",
        "gwName": "K01a",
        "gwRssi": -107,
        "devUplinkCounter": 184
      },
      {
        "devEui": "0018B200000023E6",
        "devAddr": "30014AE9",
        "time": "2018-11-23 13:18:43",
        "payload": "rxi4eA7zQQY=",
        "sf": 7,
        "gwEui": "7276FF0039030977",
        "gwName": "H06",
        "gwRssi": -66,
        "devUplinkCounter": 184
      }
    ]
  },
  {
    "Floor": "G",
    "Number": 48,
    "UL1": 697,
    "UL2": 0,
    "Time": "11/23/2018 1:21:17 PM",
    "Measures": [
      {
        "devEui": "0018B200000023E6",
        "devAddr": "30014AE9",
        "time": "2018-11-23 13:20:28",
        "payload": "rxi5eQ7yRQY=",
        "sf": 7,
        "gwEui": "7276FF003903094E",
        "gwName": "K01a",
        "gwRssi": -102,
        "devUplinkCounter": 185
      },
      {
        "devEui": "0018B200000023E6",
        "devAddr": "30014AE9",
        "time": "2018-11-23 13:20:28",
        "payload": "rxi5eQ7yRQY=",
        "sf": 7,
        "gwEui": "7276FF0039030977",
        "gwName": "H06",
        "gwRssi": -75,
        "devUplinkCounter": 185
      },
      {
        "devEui": "0018B200000023E6",
        "devAddr": "30014AE9",
        "time": "2018-11-23 13:20:28",
        "payload": "rxi5eQ7yRQY=",
        "sf": 7,
        "gwEui": "7276FF003903094F",
        "gwName": "F07",
        "gwRssi": -66,
        "devUplinkCounter": 185
      }
    ]
  },
  {
    "Floor": "G",
    "Number": 49,
    "UL1": 698,
    "UL2": 0,
    "Time": "11/23/2018 1:21:27 PM",
    "Measures": [
      {
        "devEui": "0018B200000023E6",
        "devAddr": "30014AE9",
        "time": "2018-11-23 13:21:28",
        "payload": "rxi6eg70MQM=",
        "sf": 7,
        "gwEui": "7276FF003903094F",
        "gwName": "F07",
        "gwRssi": -63,
        "devUplinkCounter": 186
      },
      {
        "devEui": "0018B200000023E6",
        "devAddr": "30014AE9",
        "time": "2018-11-23 13:21:28",
        "payload": "rxi6eg70MQM=",
        "sf": 7,
        "gwEui": "7276FF0039030977",
        "gwName": "H06",
        "gwRssi": -60,
        "devUplinkCounter": 186
      },
      {
        "devEui": "0018B200000023E6",
        "devAddr": "30014AE9",
        "time": "2018-11-23 13:21:28",
        "payload": "rxi6eg70MQM=",
        "sf": 7,
        "gwEui": "7276FF003903094E",
        "gwName": "K01a",
        "gwRssi": -99,
        "devUplinkCounter": 186
      }
    ]
  },
  {
    "Floor": "G",
    "Number": 50,
    "UL1": 699,
    "UL2": 0,
    "Time": "11/23/2018 1:21:41 PM",
    "Measures": [
      {
        "devEui": "0018B200000023E6",
        "devAddr": "30014AE9",
        "time": "2018-11-23 13:21:41",
        "payload": "rxi7ew7vOgc=",
        "sf": 7,
        "gwEui": "7276FF0039030977",
        "gwName": "H06",
        "gwRssi": -70,
        "devUplinkCounter": 187
      },
      {
        "devEui": "0018B200000023E6",
        "devAddr": "30014AE9",
        "time": "2018-11-23 13:21:41",
        "payload": "rxi7ew7vOgc=",
        "sf": 7,
        "gwEui": "7276FF003903094F",
        "gwName": "F07",
        "gwRssi": -59,
        "devUplinkCounter": 187
      },
      {
        "devEui": "0018B200000023E6",
        "devAddr": "30014AE9",
        "time": "2018-11-23 13:21:41",
        "payload": "rxi7ew7vOgc=",
        "sf": 7,
        "gwEui": "7276FF003903094E",
        "gwName": "K01a",
        "gwRssi": -90,
        "devUplinkCounter": 187
      }
    ]
  },
  {
    "Floor": "G",
    "Number": 51,
    "UL1": 700,
    "UL2": 0,
    "Time": "11/23/2018 1:21:54 PM",
    "Measures": [
      {
        "devEui": "0018B200000023E6",
        "devAddr": "30014AE9",
        "time": "2018-11-23 13:21:55",
        "payload": "rxi8fA7wNAc=",
        "sf": 7,
        "gwEui": "7276FF0039030977",
        "gwName": "H06",
        "gwRssi": -60,
        "devUplinkCounter": 188
      },
      {
        "devEui": "0018B200000023E6",
        "devAddr": "30014AE9",
        "time": "2018-11-23 13:21:55",
        "payload": "rxi8fA7wNAc=",
        "sf": 7,
        "gwEui": "7276FF003903094E",
        "gwName": "K01a",
        "gwRssi": -102,
        "devUplinkCounter": 188
      },
      {
        "devEui": "0018B200000023E6",
        "devAddr": "30014AE9",
        "time": "2018-11-23 13:21:55",
        "payload": "rxi8fA7wNAc=",
        "sf": 7,
        "gwEui": "7276FF003903094F",
        "gwName": "F07",
        "gwRssi": -59,
        "devUplinkCounter": 188
      }
    ]
  },
  {
    "Floor": "G",
    "Number": 52,
    "UL1": 701,
    "UL2": 0,
    "Time": "11/23/2018 1:22:07 PM",
    "Measures": [
      {
        "devEui": "0018B200000023E6",
        "devAddr": "30014AE9",
        "time": "2018-11-23 13:22:08",
        "payload": "rxi9fQ7xNAc=",
        "sf": 7,
        "gwEui": "7276FF003903094F",
        "gwName": "F07",
        "gwRssi": -45,
        "devUplinkCounter": 189
      },
      {
        "devEui": "0018B200000023E6",
        "devAddr": "30014AE9",
        "time": "2018-11-23 13:22:08",
        "payload": "rxi9fQ7xNAc=",
        "sf": 7,
        "gwEui": "7276FF0039030977",
        "gwName": "H06",
        "gwRssi": -64,
        "devUplinkCounter": 189
      },
      {
        "devEui": "0018B200000023E6",
        "devAddr": "30014AE9",
        "time": "2018-11-23 13:22:08",
        "payload": "rxi9fQ7xNAc=",
        "sf": 7,
        "gwEui": "7276FF003903094E",
        "gwName": "K01a",
        "gwRssi": -100,
        "devUplinkCounter": 189
      }
    ]
  },
  {
    "Floor": "G",
    "Number": 53,
    "UL1": 702,
    "UL2": 0,
    "Time": "11/23/2018 1:22:24 PM",
    "Measures": [
      {
        "devEui": "0018B200000023E6",
        "devAddr": "30014AE9",
        "time": "2018-11-23 13:22:25",
        "payload": "rxi+fg7xKQc=",
        "sf": 7,
        "gwEui": "7276FF003903094F",
        "gwName": "F07",
        "gwRssi": -54,
        "devUplinkCounter": 190
      },
      {
        "devEui": "0018B200000023E6",
        "devAddr": "30014AE9",
        "time": "2018-11-23 13:22:25",
        "payload": "rxi+fg7xKQc=",
        "sf": 7,
        "gwEui": "7276FF003903094E",
        "gwName": "K01a",
        "gwRssi": -106,
        "devUplinkCounter": 190
      },
      {
        "devEui": "0018B200000023E6",
        "devAddr": "30014AE9",
        "time": "2018-11-23 13:22:25",
        "payload": "rxi+fg7xKQc=",
        "sf": 7,
        "gwEui": "7276FF0039030977",
        "gwName": "H06",
        "gwRssi": -68,
        "devUplinkCounter": 190
      }
    ]
  },
  {
    "Floor": "G",
    "Number": 54,
    "UL1": 703,
    "UL2": 0,
    "Time": "11/23/2018 1:23:48 PM",
    "Measures": [
      {
        "devEui": "0018B200000023E6",
        "devAddr": "30014AE9",
        "time": "2018-11-23 13:23:32",
        "payload": "rxi/fw7xNgY=",
        "sf": 7,
        "gwEui": "7276FF003903094F",
        "gwName": "F07",
        "gwRssi": -52,
        "devUplinkCounter": 191
      },
      {
        "devEui": "0018B200000023E6",
        "devAddr": "30014AE9",
        "time": "2018-11-23 13:23:32",
        "payload": "rxi/fw7xNgY=",
        "sf": 7,
        "gwEui": "7276FF003903094E",
        "gwName": "K01a",
        "gwRssi": -100,
        "devUplinkCounter": 191
      },
      {
        "devEui": "0018B200000023E6",
        "devAddr": "30014AE9",
        "time": "2018-11-23 13:23:32",
        "payload": "rxi/fw7xNgY=",
        "sf": 7,
        "gwEui": "7276FF0039030977",
        "gwName": "H06",
        "gwRssi": -59,
        "devUplinkCounter": 191
      }
    ]
  },
  {
    "Floor": "G",
    "Number": 55,
    "UL1": 704,
    "UL2": 0,
    "Time": "11/23/2018 1:25:07 PM",
    "Measures": [
      {
        "devEui": "0018B200000023E6",
        "devAddr": "30014AE9",
        "time": "2018-11-23 13:25:09",
        "payload": "rxjAgA7yOAU=",
        "sf": 7,
        "gwEui": "7276FF0039030977",
        "gwName": "H06",
        "gwRssi": -92,
        "devUplinkCounter": 192
      },
      {
        "devEui": "0018B200000023E6",
        "devAddr": "30014AE9",
        "time": "2018-11-23 13:25:09",
        "payload": "rxjAgA7yOAU=",
        "sf": 7,
        "gwEui": "7276FF003903094E",
        "gwName": "K01a",
        "gwRssi": -64,
        "devUplinkCounter": 192
      },
      {
        "devEui": "0018B200000023E6",
        "devAddr": "30014AE9",
        "time": "2018-11-23 13:25:09",
        "payload": "rxjAgA7yOAU=",
        "sf": 7,
        "gwEui": "7276FF003903094F",
        "gwName": "F07",
        "gwRssi": -87,
        "devUplinkCounter": 192
      }
    ]
  },
  {
    "Floor": "G",
    "Number": 56,
    "UL1": 705,
    "UL2": 0,
    "Time": "11/23/2018 1:25:18 PM",
    "Measures": [
      {
        "devEui": "0018B200000023E6",
        "devAddr": "30014AE9",
        "time": "2018-11-23 13:25:19",
        "payload": "rxjBgQ7wQQY=",
        "sf": 7,
        "gwEui": "7276FF0039030977",
        "gwName": "H06",
        "gwRssi": -86,
        "devUplinkCounter": 193
      },
      {
        "devEui": "0018B200000023E6",
        "devAddr": "30014AE9",
        "time": "2018-11-23 13:25:19",
        "payload": "rxjBgQ7wQQY=",
        "sf": 7,
        "gwEui": "7276FF003903094F",
        "gwName": "F07",
        "gwRssi": -91,
        "devUplinkCounter": 193
      },
      {
        "devEui": "0018B200000023E6",
        "devAddr": "30014AE9",
        "time": "2018-11-23 13:25:19",
        "payload": "rxjBgQ7wQQY=",
        "sf": 7,
        "gwEui": "7276FF003903094E",
        "gwName": "K01a",
        "gwRssi": -65,
        "devUplinkCounter": 193
      }
    ]
  },
  {
    "Floor": "G",
    "Number": 57,
    "UL1": 706,
    "UL2": 0,
    "Time": "11/23/2018 1:25:29 PM",
    "Measures": [
      {
        "devEui": "0018B200000023E6",
        "devAddr": "30014AE9",
        "time": "2018-11-23 13:25:28",
        "payload": "rxjCgg7xQAY=",
        "sf": 7,
        "gwEui": "7276FF0039030977",
        "gwName": "H06",
        "gwRssi": -101,
        "devUplinkCounter": 194
      },
      {
        "devEui": "0018B200000023E6",
        "devAddr": "30014AE9",
        "time": "2018-11-23 13:25:28",
        "payload": "rxjCgg7xQAY=",
        "sf": 7,
        "gwEui": "7276FF003903094E",
        "gwName": "K01a",
        "gwRssi": -72,
        "devUplinkCounter": 194
      },
      {
        "devEui": "0018B200000023E6",
        "devAddr": "30014AE9",
        "time": "2018-11-23 13:25:28",
        "payload": "rxjCgg7xQAY=",
        "sf": 7,
        "gwEui": "7276FF003903094F",
        "gwName": "F07",
        "gwRssi": -85,
        "devUplinkCounter": 194
      }
    ]
  },
  {
    "Floor": "G",
    "Number": 58,
    "UL1": 707,
    "UL2": 0,
    "Time": "11/23/2018 1:25:40 PM",
    "Measures": [
      {
        "devEui": "0018B200000023E6",
        "devAddr": "30014AE9",
        "time": "2018-11-23 13:25:39",
        "payload": "rxjDgw7xQwY=",
        "sf": 7,
        "gwEui": "7276FF003903094E",
        "gwName": "K01a",
        "gwRssi": -76,
        "devUplinkCounter": 195
      },
      {
        "devEui": "0018B200000023E6",
        "devAddr": "30014AE9",
        "time": "2018-11-23 13:25:39",
        "payload": "rxjDgw7xQwY=",
        "sf": 7,
        "gwEui": "7276FF0039030977",
        "gwName": "H06",
        "gwRssi": -92,
        "devUplinkCounter": 195
      },
      {
        "devEui": "0018B200000023E6",
        "devAddr": "30014AE9",
        "time": "2018-11-23 13:25:39",
        "payload": "rxjDgw7xQwY=",
        "sf": 7,
        "gwEui": "7276FF003903094F",
        "gwName": "F07",
        "gwRssi": -83,
        "devUplinkCounter": 195
      }
    ]
  },
  {
    "Floor": "G",
    "Number": 59,
    "UL1": 708,
    "UL2": 0,
    "Time": "11/23/2018 1:25:50 PM",
    "Measures": [
      {
        "devEui": "0018B200000023E6",
        "devAddr": "30014AE9",
        "time": "2018-11-23 13:25:52",
        "payload": "rxjEhA7wRwY=",
        "sf": 7,
        "gwEui": "7276FF003903094E",
        "gwName": "K01a",
        "gwRssi": -70,
        "devUplinkCounter": 196
      },
      {
        "devEui": "0018B200000023E6",
        "devAddr": "30014AE9",
        "time": "2018-11-23 13:25:52",
        "payload": "rxjEhA7wRwY=",
        "sf": 7,
        "gwEui": "7276FF003903094F",
        "gwName": "F07",
        "gwRssi": -81,
        "devUplinkCounter": 196
      },
      {
        "devEui": "0018B200000023E6",
        "devAddr": "30014AE9",
        "time": "2018-11-23 13:25:52",
        "payload": "rxjEhA7wRwY=",
        "sf": 7,
        "gwEui": "7276FF0039030977",
        "gwName": "H06",
        "gwRssi": -77,
        "devUplinkCounter": 196
      }
    ]
  },
  {
    "Floor": "G",
    "Number": 60,
    "UL1": 709,
    "UL2": 0,
    "Time": "11/23/2018 1:26:04 PM",
    "Measures": [
      {
        "devEui": "0018B200000023E6",
        "devAddr": "30014AE9",
        "time": "2018-11-23 13:26:03",
        "payload": "rxjFhQ7yRgc=",
        "sf": 7,
        "gwEui": "7276FF003903094E",
        "gwName": "K01a",
        "gwRssi": -66,
        "devUplinkCounter": 197
      },
      {
        "devEui": "0018B200000023E6",
        "devAddr": "30014AE9",
        "time": "2018-11-23 13:26:03",
        "payload": "rxjFhQ7yRgc=",
        "sf": 7,
        "gwEui": "7276FF003903094F",
        "gwName": "F07",
        "gwRssi": -81,
        "devUplinkCounter": 197
      },
      {
        "devEui": "0018B200000023E6",
        "devAddr": "30014AE9",
        "time": "2018-11-23 13:26:03",
        "payload": "rxjFhQ7yRgc=",
        "sf": 7,
        "gwEui": "7276FF0039030977",
        "gwName": "H06",
        "gwRssi": -79,
        "devUplinkCounter": 197
      }
    ]
  },
  {
    "Floor": "G",
    "Number": 61,
    "UL1": 710,
    "UL2": 0,
    "Time": "11/23/2018 1:27:21 PM",
    "Measures": [
      {
        "devEui": "0018B200000023E6",
        "devAddr": "30014AE9",
        "time": "2018-11-23 13:27:16",
        "payload": "rxjGhg7yPQc=",
        "sf": 7,
        "gwEui": "7276FF003903094F",
        "gwName": "F07",
        "gwRssi": -79,
        "devUplinkCounter": 198
      },
      {
        "devEui": "0018B200000023E6",
        "devAddr": "30014AE9",
        "time": "2018-11-23 13:27:16",
        "payload": "rxjGhg7yPQc=",
        "sf": 7,
        "gwEui": "7276FF0039030977",
        "gwName": "H06",
        "gwRssi": -75,
        "devUplinkCounter": 198
      },
      {
        "devEui": "0018B200000023E6",
        "devAddr": "30014AE9",
        "time": "2018-11-23 13:27:16",
        "payload": "rxjGhg7yPQc=",
        "sf": 7,
        "gwEui": "7276FF003903094E",
        "gwName": "K01a",
        "gwRssi": -78,
        "devUplinkCounter": 198
      }
    ]
  },
  {
    "Floor": "G",
    "Number": 62,
    "UL1": 711,
    "UL2": 0,
    "Time": "11/23/2018 1:27:36 PM",
    "Measures": [
      {
        "devEui": "0018B200000023E6",
        "devAddr": "30014AE9",
        "time": "2018-11-23 13:27:32",
        "payload": "rxjHhw7vSwc=",
        "sf": 7,
        "gwEui": "7276FF003903094E",
        "gwName": "K01a",
        "gwRssi": -74,
        "devUplinkCounter": 199
      },
      {
        "devEui": "0018B200000023E6",
        "devAddr": "30014AE9",
        "time": "2018-11-23 13:27:32",
        "payload": "rxjHhw7vSwc=",
        "sf": 7,
        "gwEui": "7276FF0039030977",
        "gwName": "H06",
        "gwRssi": -77,
        "devUplinkCounter": 199
      },
      {
        "devEui": "0018B200000023E6",
        "devAddr": "30014AE9",
        "time": "2018-11-23 13:27:32",
        "payload": "rxjHhw7vSwc=",
        "sf": 7,
        "gwEui": "7276FF003903094F",
        "gwName": "F07",
        "gwRssi": -69,
        "devUplinkCounter": 199
      }
    ]
  },
  {
    "Floor": "G",
    "Number": 63,
    "UL1": 712,
    "UL2": 0,
    "Time": "11/23/2018 1:27:53 PM",
    "Measures": [
      {
        "devEui": "0018B200000023E6",
        "devAddr": "30014AE9",
        "time": "2018-11-23 13:27:49",
        "payload": "rxjIiA7yRAY=",
        "sf": 7,
        "gwEui": "7276FF0039030977",
        "gwName": "H06",
        "gwRssi": -70,
        "devUplinkCounter": 200
      },
      {
        "devEui": "0018B200000023E6",
        "devAddr": "30014AE9",
        "time": "2018-11-23 13:27:49",
        "payload": "rxjIiA7yRAY=",
        "sf": 7,
        "gwEui": "7276FF003903094E",
        "gwName": "K01a",
        "gwRssi": -87,
        "devUplinkCounter": 200
      },
      {
        "devEui": "0018B200000023E6",
        "devAddr": "30014AE9",
        "time": "2018-11-23 13:27:49",
        "payload": "rxjIiA7yRAY=",
        "sf": 7,
        "gwEui": "7276FF003903094F",
        "gwName": "F07",
        "gwRssi": -75,
        "devUplinkCounter": 200
      }
    ]
  },
  {
    "Floor": "G",
    "Number": 64,
    "UL1": 713,
    "UL2": 0,
    "Time": "11/23/2018 1:28:08 PM",
    "Measures": [
      {
        "devEui": "0018B200000023E6",
        "devAddr": "30014AE9",
        "time": "2018-11-23 13:28:04",
        "payload": "rxjJiQ7vRgY=",
        "sf": 7,
        "gwEui": "7276FF003903094F",
        "gwName": "F07",
        "gwRssi": -72,
        "devUplinkCounter": 201
      },
      {
        "devEui": "0018B200000023E6",
        "devAddr": "30014AE9",
        "time": "2018-11-23 13:28:04",
        "payload": "rxjJiQ7vRgY=",
        "sf": 7,
        "gwEui": "7276FF0039030977",
        "gwName": "H06",
        "gwRssi": -59,
        "devUplinkCounter": 201
      },
      {
        "devEui": "0018B200000023E6",
        "devAddr": "30014AE9",
        "time": "2018-11-23 13:28:04",
        "payload": "rxjJiQ7vRgY=",
        "sf": 7,
        "gwEui": "7276FF003903094E",
        "gwName": "K01a",
        "gwRssi": -100,
        "devUplinkCounter": 201
      }
    ]
  },
  {
    "Floor": "G",
    "Number": 65,
    "UL1": 714,
    "UL2": 0,
    "Time": "11/23/2018 1:29:11 PM",
    "Measures": [
      {
        "devEui": "0018B200000023E6",
        "devAddr": "30014AE9",
        "time": "2018-11-23 13:29:12",
        "payload": "rxfKig7xNwY=",
        "sf": 7,
        "gwEui": "7276FF003903094E",
        "gwName": "K01a",
        "gwRssi": -84,
        "devUplinkCounter": 202
      },
      {
        "devEui": "0018B200000023E6",
        "devAddr": "30014AE9",
        "time": "2018-11-23 13:29:12",
        "payload": "rxfKig7xNwY=",
        "sf": 7,
        "gwEui": "7276FF0039030977",
        "gwName": "H06",
        "gwRssi": -82,
        "devUplinkCounter": 202
      },
      {
        "devEui": "0018B200000023E6",
        "devAddr": "30014AE9",
        "time": "2018-11-23 13:29:12",
        "payload": "rxfKig7xNwY=",
        "sf": 7,
        "gwEui": "7276FF003903094F",
        "gwName": "F07",
        "gwRssi": -76,
        "devUplinkCounter": 202
      }
    ]
  },
  {
    "Floor": "G",
    "Number": 66,
    "UL1": 715,
    "UL2": 0,
    "Time": "11/23/2018 1:29:23 PM",
    "Measures": [
      {
        "devEui": "0018B200000023E6",
        "devAddr": "30014AE9",
        "time": "2018-11-23 13:29:24",
        "payload": "rxjLiw7wSAY=",
        "sf": 7,
        "gwEui": "7276FF003903094E",
        "gwName": "K01a",
        "gwRssi": -100,
        "devUplinkCounter": 203
      },
      {
        "devEui": "0018B200000023E6",
        "devAddr": "30014AE9",
        "time": "2018-11-23 13:29:24",
        "payload": "rxjLiw7wSAY=",
        "sf": 7,
        "gwEui": "7276FF0039030977",
        "gwName": "H06",
        "gwRssi": -66,
        "devUplinkCounter": 203
      },
      {
        "devEui": "0018B200000023E6",
        "devAddr": "30014AE9",
        "time": "2018-11-23 13:29:24",
        "payload": "rxjLiw7wSAY=",
        "sf": 7,
        "gwEui": "7276FF003903094F",
        "gwName": "F07",
        "gwRssi": -72,
        "devUplinkCounter": 203
      }
    ]
  }
]