﻿[
  {
    "Floor": "E",
    "Number": 1,
    "UL1": 603,
    "UL2": 0,
    "Time": "11/23/2018 11:45:42 AM",
    "Measures": [
      {
        "devEui": "0018B200000023E6",
        "devAddr": "30014AE9",
        "time": "2018-11-23 11:45:33",
        "payload": "rxdbNQ8ISAY=",
        "sf": 7,
        "gwEui": "7276FF003903097D",
        "gwName": "D60",
        "gwRssi": -84,
        "devUplinkCounter": 91
      },
      {
        "devEui": "0018B200000023E6",
        "devAddr": "30014AE9",
        "time": "2018-11-23 11:45:33",
        "payload": "rxdbNQ8ISAY=",
        "sf": 7,
        "gwEui": "7276FF003903094F",
        "gwName": "F07",
        "gwRssi": -107,
        "devUplinkCounter": 91
      },
      {
        "devEui": "0018B200000023E6",
        "devAddr": "30014AE9",
        "time": "2018-11-23 11:45:33",
        "payload": "rxdbNQ8ISAY=",
        "sf": 7,
        "gwEui": "7276FF0039030977",
        "gwName": "H06",
        "gwRssi": -111,
        "devUplinkCounter": 91
      },
      {
        "devEui": "0018B200000023E6",
        "devAddr": "30014AE9",
        "time": "2018-11-23 11:45:33",
        "payload": "rxdbNQ8ISAY=",
        "sf": 7,
        "gwEui": "7276FF003903094E",
        "gwName": "K01a",
        "gwRssi": -106,
        "devUplinkCounter": 91
      }
    ]
  },
  {
    "Floor": "E",
    "Number": 46,
    "UL1": 604,
    "UL2": 0,
    "Time": "11/23/2018 11:47:39 AM",
    "Measures": [
      {
        "devEui": "0018B200000023E6",
        "devAddr": "30014AE9",
        "time": "2018-11-23 11:47:26",
        "payload": "rxhcNg8HTAY=",
        "sf": 7,
        "gwEui": "7276FF0039030977",
        "gwName": "H06",
        "gwRssi": -86,
        "devUplinkCounter": 92
      },
      {
        "devEui": "0018B200000023E6",
        "devAddr": "30014AE9",
        "time": "2018-11-23 11:47:26",
        "payload": "rxhcNg8HTAY=",
        "sf": 7,
        "gwEui": "7276FF003903094E",
        "gwName": "K01a",
        "gwRssi": -88,
        "devUplinkCounter": 92
      },
      {
        "devEui": "0018B200000023E6",
        "devAddr": "30014AE9",
        "time": "2018-11-23 11:47:26",
        "payload": "rxhcNg8HTAY=",
        "sf": 7,
        "gwEui": "7276FF003903094F",
        "gwName": "F07",
        "gwRssi": -84,
        "devUplinkCounter": 92
      }
    ]
  },
  {
    "Floor": "E",
    "Number": 47,
    "UL1": 605,
    "UL2": 0,
    "Time": "11/23/2018 11:47:50 AM",
    "Measures": [
      {
        "devEui": "0018B200000023E6",
        "devAddr": "30014AE9",
        "time": "2018-11-23 11:47:50",
        "payload": "rxddNw8HTwY=",
        "sf": 7,
        "gwEui": "7276FF003903097D",
        "gwName": "D60",
        "gwRssi": -113,
        "devUplinkCounter": 93
      },
      {
        "devEui": "0018B200000023E6",
        "devAddr": "30014AE9",
        "time": "2018-11-23 11:47:50",
        "payload": "rxddNw8HTwY=",
        "sf": 7,
        "gwEui": "7276FF0039030A01",
        "gwName": "Loge",
        "gwRssi": -82,
        "devUplinkCounter": 93
      },
      {
        "devEui": "0018B200000023E6",
        "devAddr": "30014AE9",
        "time": "2018-11-23 11:47:50",
        "payload": "rxddNw8HTwY=",
        "sf": 7,
        "gwEui": "7276FF003903094F",
        "gwName": "F07",
        "gwRssi": -103,
        "devUplinkCounter": 93
      },
      {
        "devEui": "0018B200000023E6",
        "devAddr": "30014AE9",
        "time": "2018-11-23 11:47:54",
        "payload": "rxddNw8HTwY=",
        "sf": 7,
        "gwEui": "7276FF0039030A01",
        "gwName": "Loge",
        "gwRssi": -87,
        "devUplinkCounter": 93
      },
      {
        "devEui": "0018B200000023E6",
        "devAddr": "30014AE9",
        "time": "2018-11-23 11:47:54",
        "payload": "rxddNw8HTwY=",
        "sf": 7,
        "gwEui": "7276FF003903097D",
        "gwName": "D60",
        "gwRssi": -114,
        "devUplinkCounter": 93
      },
      {
        "devEui": "0018B200000023E6",
        "devAddr": "30014AE9",
        "time": "2018-11-23 11:47:54",
        "payload": "rxddNw8HTwY=",
        "sf": 7,
        "gwEui": "7276FF0039030977",
        "gwName": "H06",
        "gwRssi": -96,
        "devUplinkCounter": 93
      },
      {
        "devEui": "0018B200000023E6",
        "devAddr": "30014AE9",
        "time": "2018-11-23 11:47:54",
        "payload": "rxddNw8HTwY=",
        "sf": 7,
        "gwEui": "7276FF003903094E",
        "gwName": "K01a",
        "gwRssi": -92,
        "devUplinkCounter": 93
      },
      {
        "devEui": "0018B200000023E6",
        "devAddr": "30014AE9",
        "time": "2018-11-23 11:47:54",
        "payload": "rxddNw8HTwY=",
        "sf": 7,
        "gwEui": "7276FF003903094F",
        "gwName": "F07",
        "gwRssi": -91,
        "devUplinkCounter": 93
      },
      {
        "devEui": "0018B200000023E6",
        "devAddr": "30014AE9",
        "time": "2018-11-23 11:47:58",
        "payload": "rxddNw8HTwY=",
        "sf": 8,
        "gwEui": "7276FF003903094F",
        "gwName": "F07",
        "gwRssi": -91,
        "devUplinkCounter": 93
      },
      {
        "devEui": "0018B200000023E6",
        "devAddr": "30014AE9",
        "time": "2018-11-23 11:47:58",
        "payload": "rxddNw8HTwY=",
        "sf": 8,
        "gwEui": "7276FF0039030977",
        "gwName": "H06",
        "gwRssi": -89,
        "devUplinkCounter": 93
      },
      {
        "devEui": "0018B200000023E6",
        "devAddr": "30014AE9",
        "time": "2018-11-23 11:47:58",
        "payload": "rxddNw8HTwY=",
        "sf": 8,
        "gwEui": "7276FF003903094E",
        "gwName": "K01a",
        "gwRssi": -86,
        "devUplinkCounter": 93
      },
      {
        "devEui": "0018B200000023E6",
        "devAddr": "30014AE9",
        "time": "2018-11-23 11:47:58",
        "payload": "rxddNw8HTwY=",
        "sf": 8,
        "gwEui": "7276FF0039030A01",
        "gwName": "Loge",
        "gwRssi": -92,
        "devUplinkCounter": 93
      }
    ]
  },
  {
    "Floor": "E",
    "Number": 48,
    "UL1": 608,
    "UL2": 0,
    "Time": "11/23/2018 11:49:24 AM",
    "Measures": [
      {
        "devEui": "0018B200000023E6",
        "devAddr": "30014AE9",
        "time": "2018-11-23 11:48:20",
        "payload": "rxhgOA8GTwc=",
        "sf": 7,
        "gwEui": "7276FF003903094E",
        "gwName": "K01a",
        "gwRssi": -95,
        "devUplinkCounter": 96
      },
      {
        "devEui": "0018B200000023E6",
        "devAddr": "30014AE9",
        "time": "2018-11-23 11:48:20",
        "payload": "rxhgOA8GTwc=",
        "sf": 7,
        "gwEui": "7276FF003903094F",
        "gwName": "F07",
        "gwRssi": -82,
        "devUplinkCounter": 96
      },
      {
        "devEui": "0018B200000023E6",
        "devAddr": "30014AE9",
        "time": "2018-11-23 11:48:20",
        "payload": "rxhgOA8GTwc=",
        "sf": 7,
        "gwEui": "7276FF0039030A01",
        "gwName": "Loge",
        "gwRssi": -86,
        "devUplinkCounter": 96
      },
      {
        "devEui": "0018B200000023E6",
        "devAddr": "30014AE9",
        "time": "2018-11-23 11:48:20",
        "payload": "rxhgOA8GTwc=",
        "sf": 7,
        "gwEui": "7276FF003903097D",
        "gwName": "D60",
        "gwRssi": -113,
        "devUplinkCounter": 96
      },
      {
        "devEui": "0018B200000023E6",
        "devAddr": "30014AE9",
        "time": "2018-11-23 11:48:20",
        "payload": "rxhgOA8GTwc=",
        "sf": 7,
        "gwEui": "7276FF0039030977",
        "gwName": "H06",
        "gwRssi": -99,
        "devUplinkCounter": 96
      }
    ]
  },
  {
    "Floor": "E",
    "Number": 49,
    "UL1": 609,
    "UL2": 0,
    "Time": "11/23/2018 11:49:40 AM",
    "Measures": [
      {
        "devEui": "0018B200000023E6",
        "devAddr": "30014AE9",
        "time": "2018-11-23 11:49:35",
        "payload": "rxhhOQ8GUgc=",
        "sf": 7,
        "gwEui": "7276FF003903094E",
        "gwName": "K01a",
        "gwRssi": -83,
        "devUplinkCounter": 97
      },
      {
        "devEui": "0018B200000023E6",
        "devAddr": "30014AE9",
        "time": "2018-11-23 11:49:35",
        "payload": "rxhhOQ8GUgc=",
        "sf": 7,
        "gwEui": "7276FF003903094F",
        "gwName": "F07",
        "gwRssi": -84,
        "devUplinkCounter": 97
      },
      {
        "devEui": "0018B200000023E6",
        "devAddr": "30014AE9",
        "time": "2018-11-23 11:49:35",
        "payload": "rxhhOQ8GUgc=",
        "sf": 7,
        "gwEui": "7276FF003903097D",
        "gwName": "D60",
        "gwRssi": -113,
        "devUplinkCounter": 97
      },
      {
        "devEui": "0018B200000023E6",
        "devAddr": "30014AE9",
        "time": "2018-11-23 11:49:35",
        "payload": "rxhhOQ8GUgc=",
        "sf": 7,
        "gwEui": "7276FF0039030977",
        "gwName": "H06",
        "gwRssi": -100,
        "devUplinkCounter": 97
      }
    ]
  },
  {
    "Floor": "E",
    "Number": 50,
    "UL1": 610,
    "UL2": 0,
    "Time": "11/23/2018 11:50:58 AM",
    "Measures": [
      {
        "devEui": "0018B200000023E6",
        "devAddr": "30014AE9",
        "time": "2018-11-23 11:50:49",
        "payload": "rxhiOg8ETAY=",
        "sf": 7,
        "gwEui": "7276FF003903097D",
        "gwName": "D60",
        "gwRssi": -102,
        "devUplinkCounter": 98
      },
      {
        "devEui": "0018B200000023E6",
        "devAddr": "30014AE9",
        "time": "2018-11-23 11:50:49",
        "payload": "rxhiOg8ETAY=",
        "sf": 7,
        "gwEui": "7276FF0039030977",
        "gwName": "H06",
        "gwRssi": -106,
        "devUplinkCounter": 98
      },
      {
        "devEui": "0018B200000023E6",
        "devAddr": "30014AE9",
        "time": "2018-11-23 11:50:49",
        "payload": "rxhiOg8ETAY=",
        "sf": 7,
        "gwEui": "7276FF003903094F",
        "gwName": "F07",
        "gwRssi": -85,
        "devUplinkCounter": 98
      },
      {
        "devEui": "0018B200000023E6",
        "devAddr": "30014AE9",
        "time": "2018-11-23 11:50:49",
        "payload": "rxhiOg8ETAY=",
        "sf": 7,
        "gwEui": "7276FF003903094E",
        "gwName": "K01a",
        "gwRssi": -100,
        "devUplinkCounter": 98
      }
    ]
  },
  {
    "Floor": "E",
    "Number": 51,
    "UL1": 611,
    "UL2": 0,
    "Time": "11/23/2018 11:51:53 AM",
    "Measures": [
      {
        "devEui": "0018B200000023E6",
        "devAddr": "30014AE9",
        "time": "2018-11-23 11:51:45",
        "payload": "rxhjOw8FUwY=",
        "sf": 7,
        "gwEui": "7276FF003903097D",
        "gwName": "D60",
        "gwRssi": -107,
        "devUplinkCounter": 99
      },
      {
        "devEui": "0018B200000023E6",
        "devAddr": "30014AE9",
        "time": "2018-11-23 11:51:45",
        "payload": "rxhjOw8FUwY=",
        "sf": 7,
        "gwEui": "7276FF003903094E",
        "gwName": "K01a",
        "gwRssi": -96,
        "devUplinkCounter": 99
      },
      {
        "devEui": "0018B200000023E6",
        "devAddr": "30014AE9",
        "time": "2018-11-23 11:51:45",
        "payload": "rxhjOw8FUwY=",
        "sf": 7,
        "gwEui": "7276FF0039030977",
        "gwName": "H06",
        "gwRssi": -103,
        "devUplinkCounter": 99
      },
      {
        "devEui": "0018B200000023E6",
        "devAddr": "30014AE9",
        "time": "2018-11-23 11:51:45",
        "payload": "rxhjOw8FUwY=",
        "sf": 7,
        "gwEui": "7276FF003903094F",
        "gwName": "F07",
        "gwRssi": -95,
        "devUplinkCounter": 99
      }
    ]
  },
  {
    "Floor": "E",
    "Number": 63,
    "UL1": 612,
    "UL2": 0,
    "Time": "11/23/2018 11:52:40 AM",
    "Measures": []
  },
  {
    "Floor": "E",
    "Number": 64,
    "UL1": 613,
    "UL2": 0,
    "Time": "11/23/2018 11:53:27 AM",
    "Measures": [
      {
        "devEui": "0018B200000023E6",
        "devAddr": "30014AE9",
        "time": "2018-11-23 11:53:17",
        "payload": "rxhlPQ8FRwY=",
        "sf": 7,
        "gwEui": "7276FF0039030A01",
        "gwName": "Loge",
        "gwRssi": -87,
        "devUplinkCounter": 101
      },
      {
        "devEui": "0018B200000023E6",
        "devAddr": "30014AE9",
        "time": "2018-11-23 11:53:17",
        "payload": "rxhlPQ8FRwY=",
        "sf": 7,
        "gwEui": "7276FF003903097D",
        "gwName": "D60",
        "gwRssi": -114,
        "devUplinkCounter": 101
      },
      {
        "devEui": "0018B200000023E6",
        "devAddr": "30014AE9",
        "time": "2018-11-23 11:53:17",
        "payload": "rxhlPQ8FRwY=",
        "sf": 7,
        "gwEui": "7276FF003903094F",
        "gwName": "F07",
        "gwRssi": -91,
        "devUplinkCounter": 101
      },
      {
        "devEui": "0018B200000023E6",
        "devAddr": "30014AE9",
        "time": "2018-11-23 11:53:17",
        "payload": "rxhlPQ8FRwY=",
        "sf": 7,
        "gwEui": "7276FF003903094E",
        "gwName": "K01a",
        "gwRssi": -74,
        "devUplinkCounter": 101
      },
      {
        "devEui": "0018B200000023E6",
        "devAddr": "30014AE9",
        "time": "2018-11-23 11:53:17",
        "payload": "rxhlPQ8FRwY=",
        "sf": 7,
        "gwEui": "7276FF0039030977",
        "gwName": "H06",
        "gwRssi": -93,
        "devUplinkCounter": 101
      }
    ]
  },
  {
    "Floor": "E",
    "Number": 65,
    "UL1": 614,
    "UL2": 0,
    "Time": "11/23/2018 11:54:24 AM",
    "Measures": [
      {
        "devEui": "0018B200000023E6",
        "devAddr": "30014AE9",
        "time": "2018-11-23 11:54:20",
        "payload": "rxhmPg8GSAY=",
        "sf": 7,
        "gwEui": "7276FF003903094F",
        "gwName": "F07",
        "gwRssi": -89,
        "devUplinkCounter": 102
      },
      {
        "devEui": "0018B200000023E6",
        "devAddr": "30014AE9",
        "time": "2018-11-23 11:54:20",
        "payload": "rxhmPg8GSAY=",
        "sf": 7,
        "gwEui": "7276FF0039030977",
        "gwName": "H06",
        "gwRssi": -96,
        "devUplinkCounter": 102
      },
      {
        "devEui": "0018B200000023E6",
        "devAddr": "30014AE9",
        "time": "2018-11-23 11:54:20",
        "payload": "rxhmPg8GSAY=",
        "sf": 7,
        "gwEui": "7276FF0039030A01",
        "gwName": "Loge",
        "gwRssi": -82,
        "devUplinkCounter": 102
      },
      {
        "devEui": "0018B200000023E6",
        "devAddr": "30014AE9",
        "time": "2018-11-23 11:54:20",
        "payload": "rxhmPg8GSAY=",
        "sf": 7,
        "gwEui": "7276FF003903094E",
        "gwName": "K01a",
        "gwRssi": -62,
        "devUplinkCounter": 102
      }
    ]
  },
  {
    "Floor": "E",
    "Number": 67,
    "UL1": 615,
    "UL2": 0,
    "Time": "11/23/2018 11:55:25 AM",
    "Measures": [
      {
        "devEui": "0018B200000023E6",
        "devAddr": "30014AE9",
        "time": "2018-11-23 11:55:18",
        "payload": "rxhnPw8FPgU=",
        "sf": 7,
        "gwEui": "7276FF003903097D",
        "gwName": "D60",
        "gwRssi": -114,
        "devUplinkCounter": 103
      },
      {
        "devEui": "0018B200000023E6",
        "devAddr": "30014AE9",
        "time": "2018-11-23 11:55:18",
        "payload": "rxhnPw8FPgU=",
        "sf": 7,
        "gwEui": "7276FF003903094F",
        "gwName": "F07",
        "gwRssi": -82,
        "devUplinkCounter": 103
      },
      {
        "devEui": "0018B200000023E6",
        "devAddr": "30014AE9",
        "time": "2018-11-23 11:55:18",
        "payload": "rxhnPw8FPgU=",
        "sf": 7,
        "gwEui": "7276FF003903094E",
        "gwName": "K01a",
        "gwRssi": -90,
        "devUplinkCounter": 103
      },
      {
        "devEui": "0018B200000023E6",
        "devAddr": "30014AE9",
        "time": "2018-11-23 11:55:18",
        "payload": "rxhnPw8FPgU=",
        "sf": 7,
        "gwEui": "7276FF0039030977",
        "gwName": "H06",
        "gwRssi": -93,
        "devUplinkCounter": 103
      }
    ]
  },
  {
    "Floor": "E",
    "Number": 68,
    "UL1": 616,
    "UL2": 0,
    "Time": "11/23/2018 11:55:46 AM",
    "Measures": [
      {
        "devEui": "0018B200000023E6",
        "devAddr": "30014AE9",
        "time": "2018-11-23 11:55:40",
        "payload": "rxhoQA8ESwc=",
        "sf": 7,
        "gwEui": "7276FF003903094F",
        "gwName": "F07",
        "gwRssi": -89,
        "devUplinkCounter": 104
      },
      {
        "devEui": "0018B200000023E6",
        "devAddr": "30014AE9",
        "time": "2018-11-23 11:55:40",
        "payload": "rxhoQA8ESwc=",
        "sf": 7,
        "gwEui": "7276FF0039030977",
        "gwName": "H06",
        "gwRssi": -105,
        "devUplinkCounter": 104
      },
      {
        "devEui": "0018B200000023E6",
        "devAddr": "30014AE9",
        "time": "2018-11-23 11:55:40",
        "payload": "rxhoQA8ESwc=",
        "sf": 7,
        "gwEui": "7276FF003903097D",
        "gwName": "D60",
        "gwRssi": -111,
        "devUplinkCounter": 104
      },
      {
        "devEui": "0018B200000023E6",
        "devAddr": "30014AE9",
        "time": "2018-11-23 11:55:40",
        "payload": "rxhoQA8ESwc=",
        "sf": 7,
        "gwEui": "7276FF003903094E",
        "gwName": "K01a",
        "gwRssi": -89,
        "devUplinkCounter": 104
      },
      {
        "devEui": "0018B200000023E6",
        "devAddr": "30014AE9",
        "time": "2018-11-23 11:55:40",
        "payload": "rxhoQA8ESwc=",
        "sf": 7,
        "gwEui": "7276FF0039030A01",
        "gwName": "Loge",
        "gwRssi": -81,
        "devUplinkCounter": 104
      },
      {
        "devEui": "0018B200000023E6",
        "devAddr": "30014AE9",
        "time": "2018-11-23 11:55:45",
        "payload": "rxhoQA8ESwc=",
        "sf": 7,
        "gwEui": "7276FF003903097D",
        "gwName": "D60",
        "gwRssi": -111,
        "devUplinkCounter": 104
      },
      {
        "devEui": "0018B200000023E6",
        "devAddr": "30014AE9",
        "time": "2018-11-23 11:55:45",
        "payload": "rxhoQA8ESwc=",
        "sf": 7,
        "gwEui": "7276FF003903094E",
        "gwName": "K01a",
        "gwRssi": -95,
        "devUplinkCounter": 104
      },
      {
        "devEui": "0018B200000023E6",
        "devAddr": "30014AE9",
        "time": "2018-11-23 11:55:45",
        "payload": "rxhoQA8ESwc=",
        "sf": 7,
        "gwEui": "7276FF0039030977",
        "gwName": "H06",
        "gwRssi": -104,
        "devUplinkCounter": 104
      },
      {
        "devEui": "0018B200000023E6",
        "devAddr": "30014AE9",
        "time": "2018-11-23 11:55:45",
        "payload": "rxhoQA8ESwc=",
        "sf": 7,
        "gwEui": "7276FF0039030A01",
        "gwName": "Loge",
        "gwRssi": -86,
        "devUplinkCounter": 104
      },
      {
        "devEui": "0018B200000023E6",
        "devAddr": "30014AE9",
        "time": "2018-11-23 11:55:45",
        "payload": "rxhoQA8ESwc=",
        "sf": 7,
        "gwEui": "7276FF003903094F",
        "gwName": "F07",
        "gwRssi": -97,
        "devUplinkCounter": 104
      },
      {
        "devEui": "0018B200000023E6",
        "devAddr": "30014AE9",
        "time": "2018-11-23 11:55:49",
        "payload": "rxhoQA8ESwc=",
        "sf": 8,
        "gwEui": "7276FF003903097D",
        "gwName": "D60",
        "gwRssi": -102,
        "devUplinkCounter": 104
      },
      {
        "devEui": "0018B200000023E6",
        "devAddr": "30014AE9",
        "time": "2018-11-23 11:55:49",
        "payload": "rxhoQA8ESwc=",
        "sf": 8,
        "gwEui": "7276FF003903094E",
        "gwName": "K01a",
        "gwRssi": -87,
        "devUplinkCounter": 104
      },
      {
        "devEui": "0018B200000023E6",
        "devAddr": "30014AE9",
        "time": "2018-11-23 11:55:49",
        "payload": "rxhoQA8ESwc=",
        "sf": 8,
        "gwEui": "7276FF0039030A01",
        "gwName": "Loge",
        "gwRssi": -86,
        "devUplinkCounter": 104
      },
      {
        "devEui": "0018B200000023E6",
        "devAddr": "30014AE9",
        "time": "2018-11-23 11:55:49",
        "payload": "rxhoQA8ESwc=",
        "sf": 8,
        "gwEui": "7276FF0039030977",
        "gwName": "H06",
        "gwRssi": -103,
        "devUplinkCounter": 104
      },
      {
        "devEui": "0018B200000023E6",
        "devAddr": "30014AE9",
        "time": "2018-11-23 11:55:49",
        "payload": "rxhoQA8ESwc=",
        "sf": 8,
        "gwEui": "7276FF003903094F",
        "gwName": "F07",
        "gwRssi": -89,
        "devUplinkCounter": 104
      },
      {
        "devEui": "0018B200000023E6",
        "devAddr": "30014AE9",
        "time": "2018-11-23 11:55:53",
        "payload": "rxhoQA8ESwc=",
        "sf": 8,
        "gwEui": "7276FF003903094E",
        "gwName": "K01a",
        "gwRssi": -99,
        "devUplinkCounter": 104
      },
      {
        "devEui": "0018B200000023E6",
        "devAddr": "30014AE9",
        "time": "2018-11-23 11:55:53",
        "payload": "rxhoQA8ESwc=",
        "sf": 8,
        "gwEui": "7276FF003903097D",
        "gwName": "D60",
        "gwRssi": -93,
        "devUplinkCounter": 104
      },
      {
        "devEui": "0018B200000023E6",
        "devAddr": "30014AE9",
        "time": "2018-11-23 11:55:53",
        "payload": "rxhoQA8ESwc=",
        "sf": 8,
        "gwEui": "7276FF0039030977",
        "gwName": "H06",
        "gwRssi": -106,
        "devUplinkCounter": 104
      },
      {
        "devEui": "0018B200000023E6",
        "devAddr": "30014AE9",
        "time": "2018-11-23 11:55:53",
        "payload": "rxhoQA8ESwc=",
        "sf": 8,
        "gwEui": "7276FF003903094F",
        "gwName": "F07",
        "gwRssi": -90,
        "devUplinkCounter": 104
      }
    ]
  },
  {
    "Floor": "E",
    "Number": 69,
    "UL1": 620,
    "UL2": 0,
    "Time": "11/23/2018 11:56:27 AM",
    "Measures": [
      {
        "devEui": "0018B200000023E6",
        "devAddr": "30014AE9",
        "time": "2018-11-23 11:56:25",
        "payload": "rxhsQQ8FTwY=",
        "sf": 7,
        "gwEui": "7276FF003903097D",
        "gwName": "D60",
        "gwRssi": -112,
        "devUplinkCounter": 108
      },
      {
        "devEui": "0018B200000023E6",
        "devAddr": "30014AE9",
        "time": "2018-11-23 11:56:25",
        "payload": "rxhsQQ8FTwY=",
        "sf": 7,
        "gwEui": "7276FF003903094F",
        "gwName": "F07",
        "gwRssi": -90,
        "devUplinkCounter": 108
      },
      {
        "devEui": "0018B200000023E6",
        "devAddr": "30014AE9",
        "time": "2018-11-23 11:56:25",
        "payload": "rxhsQQ8FTwY=",
        "sf": 7,
        "gwEui": "7276FF003903094E",
        "gwName": "K01a",
        "gwRssi": -92,
        "devUplinkCounter": 108
      },
      {
        "devEui": "0018B200000023E6",
        "devAddr": "30014AE9",
        "time": "2018-11-23 11:56:25",
        "payload": "rxhsQQ8FTwY=",
        "sf": 7,
        "gwEui": "7276FF0039030A01",
        "gwName": "Loge",
        "gwRssi": -82,
        "devUplinkCounter": 108
      },
      {
        "devEui": "0018B200000023E6",
        "devAddr": "30014AE9",
        "time": "2018-11-23 11:56:25",
        "payload": "rxhsQQ8FTwY=",
        "sf": 7,
        "gwEui": "7276FF0039030977",
        "gwName": "H06",
        "gwRssi": -95,
        "devUplinkCounter": 108
      },
      {
        "devEui": "0018B200000023E6",
        "devAddr": "30014AE9",
        "time": "2018-11-23 11:56:28",
        "payload": "rxhsQQ8FTwY=",
        "sf": 7,
        "gwEui": "7276FF003903094E",
        "gwName": "K01a",
        "gwRssi": -93,
        "devUplinkCounter": 108
      },
      {
        "devEui": "0018B200000023E6",
        "devAddr": "30014AE9",
        "time": "2018-11-23 11:56:28",
        "payload": "rxhsQQ8FTwY=",
        "sf": 7,
        "gwEui": "7276FF0039030977",
        "gwName": "H06",
        "gwRssi": -100,
        "devUplinkCounter": 108
      },
      {
        "devEui": "0018B200000023E6",
        "devAddr": "30014AE9",
        "time": "2018-11-23 11:56:28",
        "payload": "rxhsQQ8FTwY=",
        "sf": 7,
        "gwEui": "7276FF0039030A01",
        "gwName": "Loge",
        "gwRssi": -82,
        "devUplinkCounter": 108
      },
      {
        "devEui": "0018B200000023E6",
        "devAddr": "30014AE9",
        "time": "2018-11-23 11:56:28",
        "payload": "rxhsQQ8FTwY=",
        "sf": 7,
        "gwEui": "7276FF003903097D",
        "gwName": "D60",
        "gwRssi": -106,
        "devUplinkCounter": 108
      },
      {
        "devEui": "0018B200000023E6",
        "devAddr": "30014AE9",
        "time": "2018-11-23 11:56:28",
        "payload": "rxhsQQ8FTwY=",
        "sf": 7,
        "gwEui": "7276FF003903094F",
        "gwName": "F07",
        "gwRssi": -87,
        "devUplinkCounter": 108
      },
      {
        "devEui": "0018B200000023E6",
        "devAddr": "30014AE9",
        "time": "2018-11-23 11:56:33",
        "payload": "rxhsQQ8FTwY=",
        "sf": 8,
        "gwEui": "7276FF003903097D",
        "gwName": "D60",
        "gwRssi": -108,
        "devUplinkCounter": 108
      },
      {
        "devEui": "0018B200000023E6",
        "devAddr": "30014AE9",
        "time": "2018-11-23 11:56:33",
        "payload": "rxhsQQ8FTwY=",
        "sf": 8,
        "gwEui": "7276FF0039030977",
        "gwName": "H06",
        "gwRssi": -90,
        "devUplinkCounter": 108
      },
      {
        "devEui": "0018B200000023E6",
        "devAddr": "30014AE9",
        "time": "2018-11-23 11:56:33",
        "payload": "rxhsQQ8FTwY=",
        "sf": 8,
        "gwEui": "7276FF003903094F",
        "gwName": "F07",
        "gwRssi": -83,
        "devUplinkCounter": 108
      },
      {
        "devEui": "0018B200000023E6",
        "devAddr": "30014AE9",
        "time": "2018-11-23 11:56:33",
        "payload": "rxhsQQ8FTwY=",
        "sf": 8,
        "gwEui": "7276FF003903094E",
        "gwName": "K01a",
        "gwRssi": -96,
        "devUplinkCounter": 108
      }
    ]
  },
  {
    "Floor": "E",
    "Number": 70,
    "UL1": 623,
    "UL2": 0,
    "Time": "11/23/2018 11:56:54 AM",
    "Measures": [
      {
        "devEui": "0018B200000023E6",
        "devAddr": "30014AE9",
        "time": "2018-11-23 11:56:54",
        "payload": "rxhvQg8DSgc=",
        "sf": 7,
        "gwEui": "7276FF003903097D",
        "gwName": "D60",
        "gwRssi": -89,
        "devUplinkCounter": 111
      },
      {
        "devEui": "0018B200000023E6",
        "devAddr": "30014AE9",
        "time": "2018-11-23 11:56:54",
        "payload": "rxhvQg8DSgc=",
        "sf": 7,
        "gwEui": "7276FF003903094F",
        "gwName": "F07",
        "gwRssi": -102,
        "devUplinkCounter": 111
      },
      {
        "devEui": "0018B200000023E6",
        "devAddr": "30014AE9",
        "time": "2018-11-23 11:56:54",
        "payload": "rxhvQg8DSgc=",
        "sf": 7,
        "gwEui": "7276FF0039030A01",
        "gwName": "Loge",
        "gwRssi": -86,
        "devUplinkCounter": 111
      },
      {
        "devEui": "0018B200000023E6",
        "devAddr": "30014AE9",
        "time": "2018-11-23 11:56:54",
        "payload": "rxhvQg8DSgc=",
        "sf": 7,
        "gwEui": "7276FF0039030977",
        "gwName": "H06",
        "gwRssi": -100,
        "devUplinkCounter": 111
      },
      {
        "devEui": "0018B200000023E6",
        "devAddr": "30014AE9",
        "time": "2018-11-23 11:56:54",
        "payload": "rxhvQg8DSgc=",
        "sf": 7,
        "gwEui": "7276FF003903094E",
        "gwName": "K01a",
        "gwRssi": -102,
        "devUplinkCounter": 111
      },
      {
        "devEui": "0018B200000023E6",
        "devAddr": "30014AE9",
        "time": "2018-11-23 11:56:11",
        "payload": "rxhvQg8DSgc=",
        "sf": 7,
        "gwEui": "7276FF0039030A01",
        "gwName": "Loge",
        "gwRssi": -86,
        "devUplinkCounter": 111
      },
      {
        "devEui": "0018B200000023E6",
        "devAddr": "30014AE9",
        "time": "2018-11-23 11:56:11",
        "payload": "rxhvQg8DSgc=",
        "sf": 7,
        "gwEui": "7276FF003903094F",
        "gwName": "F07",
        "gwRssi": -90,
        "devUplinkCounter": 111
      },
      {
        "devEui": "0018B200000023E6",
        "devAddr": "30014AE9",
        "time": "2018-11-23 11:56:11",
        "payload": "rxhvQg8DSgc=",
        "sf": 7,
        "gwEui": "7276FF003903097D",
        "gwName": "D60",
        "gwRssi": -94,
        "devUplinkCounter": 111
      },
      {
        "devEui": "0018B200000023E6",
        "devAddr": "30014AE9",
        "time": "2018-11-23 11:56:11",
        "payload": "rxhvQg8DSgc=",
        "sf": 7,
        "gwEui": "7276FF0039030977",
        "gwName": "H06",
        "gwRssi": -99,
        "devUplinkCounter": 111
      },
      {
        "devEui": "0018B200000023E6",
        "devAddr": "30014AE9",
        "time": "2018-11-23 11:56:11",
        "payload": "rxhvQg8DSgc=",
        "sf": 7,
        "gwEui": "7276FF003903094E",
        "gwName": "K01a",
        "gwRssi": -107,
        "devUplinkCounter": 111
      },
      {
        "devEui": "0018B200000023E6",
        "devAddr": "30014AE9",
        "time": "2018-11-23 11:57:03",
        "payload": "rxhvQg8DSgc=",
        "sf": 8,
        "gwEui": "7276FF003903094F",
        "gwName": "F07",
        "gwRssi": -89,
        "devUplinkCounter": 111
      },
      {
        "devEui": "0018B200000023E6",
        "devAddr": "30014AE9",
        "time": "2018-11-23 11:57:03",
        "payload": "rxhvQg8DSgc=",
        "sf": 8,
        "gwEui": "7276FF0039030977",
        "gwName": "H06",
        "gwRssi": -110,
        "devUplinkCounter": 111
      },
      {
        "devEui": "0018B200000023E6",
        "devAddr": "30014AE9",
        "time": "2018-11-23 11:57:03",
        "payload": "rxhvQg8DSgc=",
        "sf": 8,
        "gwEui": "7276FF0039030A01",
        "gwName": "Loge",
        "gwRssi": -78,
        "devUplinkCounter": 111
      },
      {
        "devEui": "0018B200000023E6",
        "devAddr": "30014AE9",
        "time": "2018-11-23 11:57:08",
        "payload": "rxhvQg8DSgc=",
        "sf": 8,
        "gwEui": "7276FF0039030977",
        "gwName": "H06",
        "gwRssi": -102,
        "devUplinkCounter": 111
      },
      {
        "devEui": "0018B200000023E6",
        "devAddr": "30014AE9",
        "time": "2018-11-23 11:57:08",
        "payload": "rxhvQg8DSgc=",
        "sf": 8,
        "gwEui": "7276FF003903094F",
        "gwName": "F07",
        "gwRssi": -85,
        "devUplinkCounter": 111
      },
      {
        "devEui": "0018B200000023E6",
        "devAddr": "30014AE9",
        "time": "2018-11-23 11:57:08",
        "payload": "rxhvQg8DSgc=",
        "sf": 8,
        "gwEui": "7276FF003903097D",
        "gwName": "D60",
        "gwRssi": -92,
        "devUplinkCounter": 111
      },
      {
        "devEui": "0018B200000023E6",
        "devAddr": "30014AE9",
        "time": "2018-11-23 11:57:08",
        "payload": "rxhvQg8DSgc=",
        "sf": 8,
        "gwEui": "7276FF0039030A01",
        "gwName": "Loge",
        "gwRssi": -77,
        "devUplinkCounter": 111
      },
      {
        "devEui": "0018B200000023E6",
        "devAddr": "30014AE9",
        "time": "2018-11-23 11:57:13",
        "payload": "rxhvQg8DSgc=",
        "sf": 9,
        "gwEui": "7276FF003903097D",
        "gwName": "D60",
        "gwRssi": -86,
        "devUplinkCounter": 111
      },
      {
        "devEui": "0018B200000023E6",
        "devAddr": "30014AE9",
        "time": "2018-11-23 11:57:13",
        "payload": "rxhvQg8DSgc=",
        "sf": 9,
        "gwEui": "7276FF003903094E",
        "gwName": "K01a",
        "gwRssi": -108,
        "devUplinkCounter": 111
      },
      {
        "devEui": "0018B200000023E6",
        "devAddr": "30014AE9",
        "time": "2018-11-23 11:57:13",
        "payload": "rxhvQg8DSgc=",
        "sf": 9,
        "gwEui": "7276FF0039030A01",
        "gwName": "Loge",
        "gwRssi": -76,
        "devUplinkCounter": 111
      },
      {
        "devEui": "0018B200000023E6",
        "devAddr": "30014AE9",
        "time": "2018-11-23 11:57:13",
        "payload": "rxhvQg8DSgc=",
        "sf": 9,
        "gwEui": "7276FF0039030977",
        "gwName": "H06",
        "gwRssi": -104,
        "devUplinkCounter": 111
      },
      {
        "devEui": "0018B200000023E6",
        "devAddr": "30014AE9",
        "time": "2018-11-23 11:57:13",
        "payload": "rxhvQg8DSgc=",
        "sf": 9,
        "gwEui": "7276FF003903094F",
        "gwName": "F07",
        "gwRssi": -88,
        "devUplinkCounter": 111
      },
      {
        "devEui": "0018B200000023E6",
        "devAddr": "30014AE9",
        "time": "2018-11-23 11:57:17",
        "payload": "rxhvQg8DSgc=",
        "sf": 9,
        "gwEui": "7276FF003903097D",
        "gwName": "D60",
        "gwRssi": -88,
        "devUplinkCounter": 111
      },
      {
        "devEui": "0018B200000023E6",
        "devAddr": "30014AE9",
        "time": "2018-11-23 11:57:17",
        "payload": "rxhvQg8DSgc=",
        "sf": 9,
        "gwEui": "7276FF0039030977",
        "gwName": "H06",
        "gwRssi": -100,
        "devUplinkCounter": 111
      },
      {
        "devEui": "0018B200000023E6",
        "devAddr": "30014AE9",
        "time": "2018-11-23 11:57:17",
        "payload": "rxhvQg8DSgc=",
        "sf": 9,
        "gwEui": "7276FF003903094F",
        "gwName": "F07",
        "gwRssi": -84,
        "devUplinkCounter": 111
      },
      {
        "devEui": "0018B200000023E6",
        "devAddr": "30014AE9",
        "time": "2018-11-23 11:57:17",
        "payload": "rxhvQg8DSgc=",
        "sf": 9,
        "gwEui": "7276FF003903094E",
        "gwName": "K01a",
        "gwRssi": -107,
        "devUplinkCounter": 111
      },
      {
        "devEui": "0018B200000023E6",
        "devAddr": "30014AE9",
        "time": "2018-11-23 11:57:22",
        "payload": "rxhvQg8DSgc=",
        "sf": 10,
        "gwEui": "7276FF003903094E",
        "gwName": "K01a",
        "gwRssi": -106,
        "devUplinkCounter": 111
      },
      {
        "devEui": "0018B200000023E6",
        "devAddr": "30014AE9",
        "time": "2018-11-23 11:57:22",
        "payload": "rxhvQg8DSgc=",
        "sf": 10,
        "gwEui": "7276FF0039030977",
        "gwName": "H06",
        "gwRssi": -98,
        "devUplinkCounter": 111
      },
      {
        "devEui": "0018B200000023E6",
        "devAddr": "30014AE9",
        "time": "2018-11-23 11:57:22",
        "payload": "rxhvQg8DSgc=",
        "sf": 10,
        "gwEui": "7276FF003903094F",
        "gwName": "F07",
        "gwRssi": -83,
        "devUplinkCounter": 111
      },
      {
        "devEui": "0018B200000023E6",
        "devAddr": "30014AE9",
        "time": "2018-11-23 11:57:22",
        "payload": "rxhvQg8DSgc=",
        "sf": 10,
        "gwEui": "7276FF003903097D",
        "gwName": "D60",
        "gwRssi": -87,
        "devUplinkCounter": 111
      }
    ]
  },
  {
    "Floor": "E",
    "Number": 71,
    "UL1": 630,
    "UL2": 0,
    "Time": "11/23/2018 11:57:58 AM",
    "Measures": [
      {
        "devEui": "0018B200000023E6",
        "devAddr": "30014AE9",
        "time": "2018-11-23 11:57:54",
        "payload": "rxh2Qw8ASgY=",
        "sf": 7,
        "gwEui": "7276FF003903097D",
        "gwName": "D60",
        "gwRssi": -111,
        "devUplinkCounter": 118
      },
      {
        "devEui": "0018B200000023E6",
        "devAddr": "30014AE9",
        "time": "2018-11-23 11:57:54",
        "payload": "rxh2Qw8ASgY=",
        "sf": 7,
        "gwEui": "7276FF003903094E",
        "gwName": "K01a",
        "gwRssi": -107,
        "devUplinkCounter": 118
      },
      {
        "devEui": "0018B200000023E6",
        "devAddr": "30014AE9",
        "time": "2018-11-23 11:57:54",
        "payload": "rxh2Qw8ASgY=",
        "sf": 7,
        "gwEui": "7276FF003903094F",
        "gwName": "F07",
        "gwRssi": -84,
        "devUplinkCounter": 118
      },
      {
        "devEui": "0018B200000023E6",
        "devAddr": "30014AE9",
        "time": "2018-11-23 11:57:54",
        "payload": "rxh2Qw8ASgY=",
        "sf": 7,
        "gwEui": "7276FF0039030A01",
        "gwName": "Loge",
        "gwRssi": -78,
        "devUplinkCounter": 118
      },
      {
        "devEui": "0018B200000023E6",
        "devAddr": "30014AE9",
        "time": "2018-11-23 11:57:54",
        "payload": "rxh2Qw8ASgY=",
        "sf": 7,
        "gwEui": "7276FF0039030977",
        "gwName": "H06",
        "gwRssi": -100,
        "devUplinkCounter": 118
      },
      {
        "devEui": "0018B200000023E6",
        "devAddr": "30014AE9",
        "time": "2018-11-23 11:57:59",
        "payload": "rxh2Qw8ASgY=",
        "sf": 7,
        "gwEui": "7276FF0039030977",
        "gwName": "H06",
        "gwRssi": -95,
        "devUplinkCounter": 118
      },
      {
        "devEui": "0018B200000023E6",
        "devAddr": "30014AE9",
        "time": "2018-11-23 11:57:59",
        "payload": "rxh2Qw8ASgY=",
        "sf": 7,
        "gwEui": "7276FF003903097D",
        "gwName": "D60",
        "gwRssi": -110,
        "devUplinkCounter": 118
      },
      {
        "devEui": "0018B200000023E6",
        "devAddr": "30014AE9",
        "time": "2018-11-23 11:57:59",
        "payload": "rxh2Qw8ASgY=",
        "sf": 7,
        "gwEui": "7276FF003903094E",
        "gwName": "K01a",
        "gwRssi": -102,
        "devUplinkCounter": 118
      },
      {
        "devEui": "0018B200000023E6",
        "devAddr": "30014AE9",
        "time": "2018-11-23 11:57:59",
        "payload": "rxh2Qw8ASgY=",
        "sf": 7,
        "gwEui": "7276FF003903094F",
        "gwName": "F07",
        "gwRssi": -83,
        "devUplinkCounter": 118
      }
    ]
  },
  {
    "Floor": "E",
    "Number": 72,
    "UL1": 632,
    "UL2": 0,
    "Time": "11/23/2018 11:58:29 AM",
    "Measures": [
      {
        "devEui": "0018B200000023E6",
        "devAddr": "30014AE9",
        "time": "2018-11-23 11:58:30",
        "payload": "rxh4RA8DTAY=",
        "sf": 7,
        "gwEui": "7276FF0039030A01",
        "gwName": "Loge",
        "gwRssi": -64,
        "devUplinkCounter": 120
      },
      {
        "devEui": "0018B200000023E6",
        "devAddr": "30014AE9",
        "time": "2018-11-23 11:58:30",
        "payload": "rxh4RA8DTAY=",
        "sf": 7,
        "gwEui": "7276FF0039030977",
        "gwName": "H06",
        "gwRssi": -88,
        "devUplinkCounter": 120
      },
      {
        "devEui": "0018B200000023E6",
        "devAddr": "30014AE9",
        "time": "2018-11-23 11:58:30",
        "payload": "rxh4RA8DTAY=",
        "sf": 7,
        "gwEui": "7276FF003903094E",
        "gwName": "K01a",
        "gwRssi": -104,
        "devUplinkCounter": 120
      },
      {
        "devEui": "0018B200000023E6",
        "devAddr": "30014AE9",
        "time": "2018-11-23 11:58:30",
        "payload": "rxh4RA8DTAY=",
        "sf": 7,
        "gwEui": "7276FF003903094F",
        "gwName": "F07",
        "gwRssi": -79,
        "devUplinkCounter": 120
      },
      {
        "devEui": "0018B200000023E6",
        "devAddr": "30014AE9",
        "time": "2018-11-23 11:58:30",
        "payload": "rxh4RA8DTAY=",
        "sf": 7,
        "gwEui": "7276FF003903097C",
        "gwName": "C22",
        "gwRssi": -108,
        "devUplinkCounter": 120
      },
      {
        "devEui": "0018B200000023E6",
        "devAddr": "30014AE9",
        "time": "2018-11-23 11:58:35",
        "payload": "rxh4RA8DTAY=",
        "sf": 7,
        "gwEui": "7276FF0039030A01",
        "gwName": "Loge",
        "gwRssi": -74,
        "devUplinkCounter": 120
      },
      {
        "devEui": "0018B200000023E6",
        "devAddr": "30014AE9",
        "time": "2018-11-23 11:58:35",
        "payload": "rxh4RA8DTAY=",
        "sf": 7,
        "gwEui": "7276FF0039030977",
        "gwName": "H06",
        "gwRssi": -90,
        "devUplinkCounter": 120
      },
      {
        "devEui": "0018B200000023E6",
        "devAddr": "30014AE9",
        "time": "2018-11-23 11:58:35",
        "payload": "rxh4RA8DTAY=",
        "sf": 7,
        "gwEui": "7276FF003903094E",
        "gwName": "K01a",
        "gwRssi": -102,
        "devUplinkCounter": 120
      },
      {
        "devEui": "0018B200000023E6",
        "devAddr": "30014AE9",
        "time": "2018-11-23 11:58:35",
        "payload": "rxh4RA8DTAY=",
        "sf": 7,
        "gwEui": "7276FF003903097C",
        "gwName": "C22",
        "gwRssi": -106,
        "devUplinkCounter": 120
      },
      {
        "devEui": "0018B200000023E6",
        "devAddr": "30014AE9",
        "time": "2018-11-23 11:58:35",
        "payload": "rxh4RA8DTAY=",
        "sf": 7,
        "gwEui": "7276FF003903094F",
        "gwName": "F07",
        "gwRssi": -84,
        "devUplinkCounter": 120
      },
      {
        "devEui": "0018B200000023E6",
        "devAddr": "30014AE9",
        "time": "2018-11-23 11:58:39",
        "payload": "rxh4RA8DTAY=",
        "sf": 8,
        "gwEui": "7276FF003903097D",
        "gwName": "D60",
        "gwRssi": -113,
        "devUplinkCounter": 120
      },
      {
        "devEui": "0018B200000023E6",
        "devAddr": "30014AE9",
        "time": "2018-11-23 11:58:39",
        "payload": "rxh4RA8DTAY=",
        "sf": 8,
        "gwEui": "7276FF003903094F",
        "gwName": "F07",
        "gwRssi": -85,
        "devUplinkCounter": 120
      },
      {
        "devEui": "0018B200000023E6",
        "devAddr": "30014AE9",
        "time": "2018-11-23 11:58:39",
        "payload": "rxh4RA8DTAY=",
        "sf": 8,
        "gwEui": "7276FF0039030977",
        "gwName": "H06",
        "gwRssi": -94,
        "devUplinkCounter": 120
      },
      {
        "devEui": "0018B200000023E6",
        "devAddr": "30014AE9",
        "time": "2018-11-23 11:58:39",
        "payload": "rxh4RA8DTAY=",
        "sf": 8,
        "gwEui": "7276FF003903097C",
        "gwName": "C22",
        "gwRssi": -107,
        "devUplinkCounter": 120
      },
      {
        "devEui": "0018B200000023E6",
        "devAddr": "30014AE9",
        "time": "2018-11-23 11:58:39",
        "payload": "rxh4RA8DTAY=",
        "sf": 8,
        "gwEui": "7276FF003903094E",
        "gwName": "K01a",
        "gwRssi": -99,
        "devUplinkCounter": 120
      }
    ]
  },
  {
    "Floor": "E",
    "Number": 73,
    "UL1": 635,
    "UL2": 0,
    "Time": "11/23/2018 11:59:08 AM",
    "Measures": [
      {
        "devEui": "0018B200000023E6",
        "devAddr": "30014AE9",
        "time": "2018-11-23 11:59:08",
        "payload": "rxh7RQ8CSgc=",
        "sf": 7,
        "gwEui": "7276FF0039030977",
        "gwName": "H06",
        "gwRssi": -88,
        "devUplinkCounter": 123
      },
      {
        "devEui": "0018B200000023E6",
        "devAddr": "30014AE9",
        "time": "2018-11-23 11:59:08",
        "payload": "rxh7RQ8CSgc=",
        "sf": 7,
        "gwEui": "7276FF003903097D",
        "gwName": "D60",
        "gwRssi": -112,
        "devUplinkCounter": 123
      },
      {
        "devEui": "0018B200000023E6",
        "devAddr": "30014AE9",
        "time": "2018-11-23 11:59:08",
        "payload": "rxh7RQ8CSgc=",
        "sf": 7,
        "gwEui": "7276FF003903097C",
        "gwName": "C22",
        "gwRssi": -112,
        "devUplinkCounter": 123
      },
      {
        "devEui": "0018B200000023E6",
        "devAddr": "30014AE9",
        "time": "2018-11-23 11:59:08",
        "payload": "rxh7RQ8CSgc=",
        "sf": 7,
        "gwEui": "7276FF003903094F",
        "gwName": "F07",
        "gwRssi": -73,
        "devUplinkCounter": 123
      }
    ]
  },
  {
    "Floor": "E",
    "Number": 74,
    "UL1": 636,
    "UL2": 0,
    "Time": "11/23/2018 11:59:24 AM",
    "Measures": [
      {
        "devEui": "0018B200000023E6",
        "devAddr": "30014AE9",
        "time": "2018-11-23 11:59:25",
        "payload": "rxh8Rg8CRwY=",
        "sf": 7,
        "gwEui": "7276FF0039030A01",
        "gwName": "Loge",
        "gwRssi": -74,
        "devUplinkCounter": 124
      },
      {
        "devEui": "0018B200000023E6",
        "devAddr": "30014AE9",
        "time": "2018-11-23 11:59:25",
        "payload": "rxh8Rg8CRwY=",
        "sf": 7,
        "gwEui": "7276FF003903094F",
        "gwName": "F07",
        "gwRssi": -77,
        "devUplinkCounter": 124
      },
      {
        "devEui": "0018B200000023E6",
        "devAddr": "30014AE9",
        "time": "2018-11-23 11:59:25",
        "payload": "rxh8Rg8CRwY=",
        "sf": 7,
        "gwEui": "7276FF0039030977",
        "gwName": "H06",
        "gwRssi": -82,
        "devUplinkCounter": 124
      },
      {
        "devEui": "0018B200000023E6",
        "devAddr": "30014AE9",
        "time": "2018-11-23 11:59:29",
        "payload": "rxh8Rg8CRwY=",
        "sf": 7,
        "gwEui": "7276FF0039030A01",
        "gwName": "Loge",
        "gwRssi": -69,
        "devUplinkCounter": 124
      },
      {
        "devEui": "0018B200000023E6",
        "devAddr": "30014AE9",
        "time": "2018-11-23 11:59:29",
        "payload": "rxh8Rg8CRwY=",
        "sf": 7,
        "gwEui": "7276FF0039030977",
        "gwName": "H06",
        "gwRssi": -86,
        "devUplinkCounter": 124
      },
      {
        "devEui": "0018B200000023E6",
        "devAddr": "30014AE9",
        "time": "2018-11-23 11:59:29",
        "payload": "rxh8Rg8CRwY=",
        "sf": 7,
        "gwEui": "7276FF003903094F",
        "gwName": "F07",
        "gwRssi": -85,
        "devUplinkCounter": 124
      },
      {
        "devEui": "0018B200000023E6",
        "devAddr": "30014AE9",
        "time": "2018-11-23 11:59:34",
        "payload": "rxh8Rg8CRwY=",
        "sf": 8,
        "gwEui": "7276FF0039030A01",
        "gwName": "Loge",
        "gwRssi": -72,
        "devUplinkCounter": 124
      },
      {
        "devEui": "0018B200000023E6",
        "devAddr": "30014AE9",
        "time": "2018-11-23 11:59:34",
        "payload": "rxh8Rg8CRwY=",
        "sf": 8,
        "gwEui": "7276FF0039030977",
        "gwName": "H06",
        "gwRssi": -88,
        "devUplinkCounter": 124
      },
      {
        "devEui": "0018B200000023E6",
        "devAddr": "30014AE9",
        "time": "2018-11-23 11:59:34",
        "payload": "rxh8Rg8CRwY=",
        "sf": 8,
        "gwEui": "7276FF003903094F",
        "gwName": "F07",
        "gwRssi": -87,
        "devUplinkCounter": 124
      },
      {
        "devEui": "0018B200000023E6",
        "devAddr": "30014AE9",
        "time": "2018-11-23 11:59:38",
        "payload": "rxh8Rg8CRwY=",
        "sf": 8,
        "gwEui": "7276FF0039030977",
        "gwName": "H06",
        "gwRssi": -82,
        "devUplinkCounter": 124
      },
      {
        "devEui": "0018B200000023E6",
        "devAddr": "30014AE9",
        "time": "2018-11-23 11:59:38",
        "payload": "rxh8Rg8CRwY=",
        "sf": 8,
        "gwEui": "7276FF003903094F",
        "gwName": "F07",
        "gwRssi": -87,
        "devUplinkCounter": 124
      },
      {
        "devEui": "0018B200000023E6",
        "devAddr": "30014AE9",
        "time": "2018-11-23 11:59:38",
        "payload": "rxh8Rg8CRwY=",
        "sf": 8,
        "gwEui": "7276FF003903097C",
        "gwName": "C22",
        "gwRssi": -112,
        "devUplinkCounter": 124
      },
      {
        "devEui": "0018B200000023E6",
        "devAddr": "30014AE9",
        "time": "2018-11-23 11:59:38",
        "payload": "rxh8Rg8CRwY=",
        "sf": 8,
        "gwEui": "7276FF0039030A01",
        "gwName": "Loge",
        "gwRssi": -71,
        "devUplinkCounter": 124
      },
      {
        "devEui": "0018B200000023E6",
        "devAddr": "30014AE9",
        "time": "2018-11-23 11:59:42",
        "payload": "rxh8Rg8CRwY=",
        "sf": 9,
        "gwEui": "7276FF003903097C",
        "gwName": "C22",
        "gwRssi": -112,
        "devUplinkCounter": 124
      },
      {
        "devEui": "0018B200000023E6",
        "devAddr": "30014AE9",
        "time": "2018-11-23 11:59:42",
        "payload": "rxh8Rg8CRwY=",
        "sf": 9,
        "gwEui": "7276FF0039030977",
        "gwName": "H06",
        "gwRssi": -82,
        "devUplinkCounter": 124
      },
      {
        "devEui": "0018B200000023E6",
        "devAddr": "30014AE9",
        "time": "2018-11-23 11:59:42",
        "payload": "rxh8Rg8CRwY=",
        "sf": 9,
        "gwEui": "7276FF0039030A01",
        "gwName": "Loge",
        "gwRssi": -71,
        "devUplinkCounter": 124
      },
      {
        "devEui": "0018B200000023E6",
        "devAddr": "30014AE9",
        "time": "2018-11-23 11:59:42",
        "payload": "rxh8Rg8CRwY=",
        "sf": 9,
        "gwEui": "7276FF003903094F",
        "gwName": "F07",
        "gwRssi": -89,
        "devUplinkCounter": 124
      },
      {
        "devEui": "0018B200000023E6",
        "devAddr": "30014AE9",
        "time": "2018-11-23 11:59:48",
        "payload": "rxh8Rg8CRwY=",
        "sf": 9,
        "gwEui": "7276FF0039030977",
        "gwName": "H06",
        "gwRssi": -86,
        "devUplinkCounter": 124
      },
      {
        "devEui": "0018B200000023E6",
        "devAddr": "30014AE9",
        "time": "2018-11-23 11:59:48",
        "payload": "rxh8Rg8CRwY=",
        "sf": 9,
        "gwEui": "7276FF0039030A01",
        "gwName": "Loge",
        "gwRssi": -73,
        "devUplinkCounter": 124
      },
      {
        "devEui": "0018B200000023E6",
        "devAddr": "30014AE9",
        "time": "2018-11-23 11:59:48",
        "payload": "rxh8Rg8CRwY=",
        "sf": 9,
        "gwEui": "7276FF003903094E",
        "gwName": "K01a",
        "gwRssi": -108,
        "devUplinkCounter": 124
      },
      {
        "devEui": "0018B200000023E6",
        "devAddr": "30014AE9",
        "time": "2018-11-23 11:59:48",
        "payload": "rxh8Rg8CRwY=",
        "sf": 9,
        "gwEui": "7276FF003903094F",
        "gwName": "F07",
        "gwRssi": -85,
        "devUplinkCounter": 124
      },
      {
        "devEui": "0018B200000023E6",
        "devAddr": "30014AE9",
        "time": "2018-11-23 11:59:53",
        "payload": "rxh8Rg8CRwY=",
        "sf": 10,
        "gwEui": "7276FF003903097C",
        "gwName": "C22",
        "gwRssi": -106,
        "devUplinkCounter": 124
      },
      {
        "devEui": "0018B200000023E6",
        "devAddr": "30014AE9",
        "time": "2018-11-23 11:59:53",
        "payload": "rxh8Rg8CRwY=",
        "sf": 10,
        "gwEui": "7276FF0039030977",
        "gwName": "H06",
        "gwRssi": -81,
        "devUplinkCounter": 124
      },
      {
        "devEui": "0018B200000023E6",
        "devAddr": "30014AE9",
        "time": "2018-11-23 11:59:53",
        "payload": "rxh8Rg8CRwY=",
        "sf": 10,
        "gwEui": "7276FF003903094F",
        "gwName": "F07",
        "gwRssi": -84,
        "devUplinkCounter": 124
      },
      {
        "devEui": "0018B200000023E6",
        "devAddr": "30014AE9",
        "time": "2018-11-23 11:59:53",
        "payload": "rxh8Rg8CRwY=",
        "sf": 10,
        "gwEui": "7276FF003903097D",
        "gwName": "D60",
        "gwRssi": -114,
        "devUplinkCounter": 124
      },
      {
        "devEui": "0018B200000023E6",
        "devAddr": "30014AE9",
        "time": "2018-11-23 11:59:53",
        "payload": "rxh8Rg8CRwY=",
        "sf": 10,
        "gwEui": "7276FF003903094E",
        "gwName": "K01a",
        "gwRssi": -110,
        "devUplinkCounter": 124
      }
    ]
  },
  {
    "Floor": "E",
    "Number": 52,
    "UL1": 1135,
    "UL2": 0,
    "Time": "11/25/2018 11:49:58 AM",
    "Measures": []
  },
  {
    "Floor": "E",
    "Number": 53,
    "UL1": 1136,
    "UL2": 0,
    "Time": "11/25/2018 11:50:17 AM",
    "Measures": []
  },
  {
    "Floor": "E",
    "Number": 54,
    "UL1": 1137,
    "UL2": 0,
    "Time": "11/25/2018 11:50:30 AM",
    "Measures": []
  },
  {
    "Floor": "E",
    "Number": 55,
    "UL1": 1138,
    "UL2": 0,
    "Time": "11/25/2018 11:50:45 AM",
    "Measures": []
  },
  {
    "Floor": "E",
    "Number": 56,
    "UL1": 1139,
    "UL2": 0,
    "Time": "11/25/2018 11:51:01 AM",
    "Measures": []
  },
  {
    "Floor": "E",
    "Number": 57,
    "UL1": 1140,
    "UL2": 0,
    "Time": "11/25/2018 11:51:50 AM",
    "Measures": []
  },
  {
    "Floor": "E",
    "Number": 58,
    "UL1": 1141,
    "UL2": 0,
    "Time": "11/25/2018 11:53:52 AM",
    "Measures": []
  },
  {
    "Floor": "E",
    "Number": 59,
    "UL1": 1147,
    "UL2": 0,
    "Time": "11/25/2018 11:54:28 AM",
    "Measures": []
  },
  {
    "Floor": "E",
    "Number": 60,
    "UL1": 1148,
    "UL2": 0,
    "Time": "11/25/2018 11:56:16 AM",
    "Measures": []
  },
  {
    "Floor": "E",
    "Number": 61,
    "UL1": 1149,
    "UL2": 0,
    "Time": "11/25/2018 11:56:35 AM",
    "Measures": []
  },
  {
    "Floor": "E",
    "Number": 62,
    "UL1": 1153,
    "UL2": 0,
    "Time": "11/25/2018 11:57:14 AM",
    "Measures": []
  }
]