﻿[
  {
    "Floor": "J",
    "Number": 1,
    "UL1": 1221,
    "UL2": 0,
    "Time": "11/25/2018 12:32:18 PM",
    "Measures": [
      {
        "devEui": "0018B200000023E6",
        "devAddr": "30014AE9",
        "time": "2018-11-25 12:32:14",
        "payload": "rxjFohAsSAY=",
        "sf": 7,
        "gwEui": "7276FF003903094E",
        "gwName": "K01a",
        "gwRssi": -84,
        "devUplinkCounter": 197
      },
      {
        "devEui": "0018B200000023E6",
        "devAddr": "30014AE9",
        "time": "2018-11-25 12:32:14",
        "payload": "rxjFohAsSAY=",
        "sf": 7,
        "gwEui": "7276FF0039030977",
        "gwName": "H06",
        "gwRssi": -69,
        "devUplinkCounter": 197
      },
      {
        "devEui": "0018B200000023E6",
        "devAddr": "30014AE9",
        "time": "2018-11-25 12:32:14",
        "payload": "rxjFohAsSAY=",
        "sf": 7,
        "gwEui": "7276FF0039030A01",
        "gwName": "Loge",
        "gwRssi": -80,
        "devUplinkCounter": 197
      },
      {
        "devEui": "0018B200000023E6",
        "devAddr": "30014AE9",
        "time": "2018-11-25 12:32:14",
        "payload": "rxjFohAsSAY=",
        "sf": 7,
        "gwEui": "7276FF003903094F",
        "gwName": "F07",
        "gwRssi": -83,
        "devUplinkCounter": 197
      }
    ]
  },
  {
    "Floor": "J",
    "Number": 2,
    "UL1": 1222,
    "UL2": 0,
    "Time": "11/25/2018 12:32:30 PM",
    "Measures": [
      {
        "devEui": "0018B200000023E6",
        "devAddr": "30014AE9",
        "time": "2018-11-25 12:32:27",
        "payload": "rxjGoxAsQAY=",
        "sf": 7,
        "gwEui": "7276FF003903094F",
        "gwName": "F07",
        "gwRssi": -75,
        "devUplinkCounter": 198
      },
      {
        "devEui": "0018B200000023E6",
        "devAddr": "30014AE9",
        "time": "2018-11-25 12:32:27",
        "payload": "rxjGoxAsQAY=",
        "sf": 7,
        "gwEui": "7276FF0039030977",
        "gwName": "H06",
        "gwRssi": -64,
        "devUplinkCounter": 198
      },
      {
        "devEui": "0018B200000023E6",
        "devAddr": "30014AE9",
        "time": "2018-11-25 12:32:27",
        "payload": "rxjGoxAsQAY=",
        "sf": 7,
        "gwEui": "7276FF003903094E",
        "gwName": "K01a",
        "gwRssi": -77,
        "devUplinkCounter": 198
      }
    ]
  },
  {
    "Floor": "J",
    "Number": 3,
    "UL1": 1223,
    "UL2": 0,
    "Time": "11/25/2018 12:32:50 PM",
    "Measures": [
      {
        "devEui": "0018B200000023E6",
        "devAddr": "30014AE9",
        "time": "2018-11-25 12:32:48",
        "payload": "rxjHpBArOAY=",
        "sf": 7,
        "gwEui": "7276FF003903094F",
        "gwName": "F07",
        "gwRssi": -108,
        "devUplinkCounter": 199
      },
      {
        "devEui": "0018B200000023E6",
        "devAddr": "30014AE9",
        "time": "2018-11-25 12:32:48",
        "payload": "rxjHpBArOAY=",
        "sf": 7,
        "gwEui": "7276FF0039030A01",
        "gwName": "Loge",
        "gwRssi": -82,
        "devUplinkCounter": 199
      },
      {
        "devEui": "0018B200000023E6",
        "devAddr": "30014AE9",
        "time": "2018-11-25 12:32:48",
        "payload": "rxjHpBArOAY=",
        "sf": 7,
        "gwEui": "7276FF0039030977",
        "gwName": "H06",
        "gwRssi": -79,
        "devUplinkCounter": 199
      },
      {
        "devEui": "0018B200000023E6",
        "devAddr": "30014AE9",
        "time": "2018-11-25 12:32:48",
        "payload": "rxjHpBArOAY=",
        "sf": 7,
        "gwEui": "7276FF003903094E",
        "gwName": "K01a",
        "gwRssi": -76,
        "devUplinkCounter": 199
      }
    ]
  },
  {
    "Floor": "J",
    "Number": 4,
    "UL1": 1224,
    "UL2": 0,
    "Time": "11/25/2018 12:33:32 PM",
    "Measures": [
      {
        "devEui": "0018B200000023E6",
        "devAddr": "30014AE9",
        "time": "2018-11-25 12:33:33",
        "payload": "rxjIpRArRwY=",
        "sf": 7,
        "gwEui": "7276FF0039030977",
        "gwName": "H06",
        "gwRssi": -112,
        "devUplinkCounter": 200
      },
      {
        "devEui": "0018B200000023E6",
        "devAddr": "30014AE9",
        "time": "2018-11-25 12:33:33",
        "payload": "rxjIpRArRwY=",
        "sf": 7,
        "gwEui": "7276FF003903094E",
        "gwName": "K01a",
        "gwRssi": -53,
        "devUplinkCounter": 200
      }
    ]
  },
  {
    "Floor": "J",
    "Number": 5,
    "UL1": 1225,
    "UL2": 0,
    "Time": "11/25/2018 12:33:42 PM",
    "Measures": [
      {
        "devEui": "0018B200000023E6",
        "devAddr": "30014AE9",
        "time": "2018-11-25 12:33:42",
        "payload": "rxnJphAsNAY=",
        "sf": 7,
        "gwEui": "7276FF0039030977",
        "gwName": "H06",
        "gwRssi": -108,
        "devUplinkCounter": 201
      },
      {
        "devEui": "0018B200000023E6",
        "devAddr": "30014AE9",
        "time": "2018-11-25 12:33:42",
        "payload": "rxnJphAsNAY=",
        "sf": 7,
        "gwEui": "7276FF003903094E",
        "gwName": "K01a",
        "gwRssi": -60,
        "devUplinkCounter": 201
      }
    ]
  },
  {
    "Floor": "J",
    "Number": 6,
    "UL1": 1226,
    "UL2": 0,
    "Time": "11/25/2018 12:34:01 PM",
    "Measures": [
      {
        "devEui": "0018B200000023E6",
        "devAddr": "30014AE9",
        "time": "2018-11-25 12:32:23",
        "payload": "rxjKpxAsOwc=",
        "sf": 7,
        "gwEui": "7276FF00390309F5",
        "gwName": "A02b",
        "gwRssi": -115,
        "devUplinkCounter": 202
      },
      {
        "devEui": "0018B200000023E6",
        "devAddr": "30014AE9",
        "time": "2018-11-25 12:32:23",
        "payload": "rxjKpxAsOwc=",
        "sf": 7,
        "gwEui": "7276FF003903094E",
        "gwName": "K01a",
        "gwRssi": -68,
        "devUplinkCounter": 202
      },
      {
        "devEui": "0018B200000023E6",
        "devAddr": "30014AE9",
        "time": "2018-11-25 12:32:23",
        "payload": "rxjKpxAsOwc=",
        "sf": 7,
        "gwEui": "7276FF0039030A01",
        "gwName": "Loge",
        "gwRssi": -107,
        "devUplinkCounter": 202
      },
      {
        "devEui": "0018B200000023E6",
        "devAddr": "30014AE9",
        "time": "2018-11-25 12:32:23",
        "payload": "rxjKpxAsOwc=",
        "sf": 7,
        "gwEui": "7276FF003903094F",
        "gwName": "F07",
        "gwRssi": -107,
        "devUplinkCounter": 202
      },
      {
        "devEui": "0018B200000023E6",
        "devAddr": "30014AE9",
        "time": "2018-11-25 12:32:23",
        "payload": "rxjKpxAsOwc=",
        "sf": 7,
        "gwEui": "7276FF0039030977",
        "gwName": "H06",
        "gwRssi": -106,
        "devUplinkCounter": 202
      }
    ]
  },
  {
    "Floor": "J",
    "Number": 7,
    "UL1": 1227,
    "UL2": 0,
    "Time": "11/25/2018 12:34:12 PM",
    "Measures": [
      {
        "devEui": "0018B200000023E6",
        "devAddr": "30014AE9",
        "time": "2018-11-25 12:32:33",
        "payload": "rxjLqBApPQY=",
        "sf": 7,
        "gwEui": "7276FF00390309F5",
        "gwName": "A02b",
        "gwRssi": -118,
        "devUplinkCounter": 203
      },
      {
        "devEui": "0018B200000023E6",
        "devAddr": "30014AE9",
        "time": "2018-11-25 12:32:33",
        "payload": "rxjLqBApPQY=",
        "sf": 7,
        "gwEui": "7276FF003903094E",
        "gwName": "K01a",
        "gwRssi": -83,
        "devUplinkCounter": 203
      },
      {
        "devEui": "0018B200000023E6",
        "devAddr": "30014AE9",
        "time": "2018-11-25 12:32:33",
        "payload": "rxjLqBApPQY=",
        "sf": 7,
        "gwEui": "7276FF0039030977",
        "gwName": "H06",
        "gwRssi": -110,
        "devUplinkCounter": 203
      }
    ]
  },
  {
    "Floor": "J",
    "Number": 8,
    "UL1": 1228,
    "UL2": 0,
    "Time": "11/25/2018 12:34:24 PM",
    "Measures": [
      {
        "devEui": "0018B200000023E6",
        "devAddr": "30014AE9",
        "time": "2018-11-25 12:34:24",
        "payload": "rxjMqRAqTAY=",
        "sf": 7,
        "gwEui": "7276FF0039030977",
        "gwName": "H06",
        "gwRssi": -105,
        "devUplinkCounter": 204
      },
      {
        "devEui": "0018B200000023E6",
        "devAddr": "30014AE9",
        "time": "2018-11-25 12:34:24",
        "payload": "rxjMqRAqTAY=",
        "sf": 7,
        "gwEui": "7276FF003903094E",
        "gwName": "K01a",
        "gwRssi": -62,
        "devUplinkCounter": 204
      },
      {
        "devEui": "0018B200000023E6",
        "devAddr": "30014AE9",
        "time": "2018-11-25 12:34:24",
        "payload": "rxjMqRAqTAY=",
        "sf": 7,
        "gwEui": "7276FF003903094F",
        "gwName": "F07",
        "gwRssi": -108,
        "devUplinkCounter": 204
      }
    ]
  },
  {
    "Floor": "J",
    "Number": 9,
    "UL1": 1229,
    "UL2": 0,
    "Time": "11/25/2018 12:35:13 PM",
    "Measures": [
      {
        "devEui": "0018B200000023E6",
        "devAddr": "30014AE9",
        "time": "2018-11-25 12:35:13",
        "payload": "rxnNqhArPQY=",
        "sf": 7,
        "gwEui": "7276FF0039030977",
        "gwName": "H06",
        "gwRssi": -111,
        "devUplinkCounter": 205
      },
      {
        "devEui": "0018B200000023E6",
        "devAddr": "30014AE9",
        "time": "2018-11-25 12:35:13",
        "payload": "rxnNqhArPQY=",
        "sf": 7,
        "gwEui": "7276FF003903094F",
        "gwName": "F07",
        "gwRssi": -108,
        "devUplinkCounter": 205
      },
      {
        "devEui": "0018B200000023E6",
        "devAddr": "30014AE9",
        "time": "2018-11-25 12:35:13",
        "payload": "rxnNqhArPQY=",
        "sf": 7,
        "gwEui": "7276FF003903094E",
        "gwName": "K01a",
        "gwRssi": -53,
        "devUplinkCounter": 205
      }
    ]
  },
  {
    "Floor": "J",
    "Number": 10,
    "UL1": 1230,
    "UL2": 0,
    "Time": "11/25/2018 12:35:22 PM",
    "Measures": [
      {
        "devEui": "0018B200000023E6",
        "devAddr": "30014AE9",
        "time": "2018-11-25 12:35:25",
        "payload": "rxjOqxAsMwY=",
        "sf": 7,
        "gwEui": "7276FF003903094F",
        "gwName": "F07",
        "gwRssi": -106,
        "devUplinkCounter": 206
      },
      {
        "devEui": "0018B200000023E6",
        "devAddr": "30014AE9",
        "time": "2018-11-25 12:35:25",
        "payload": "rxjOqxAsMwY=",
        "sf": 7,
        "gwEui": "7276FF003903094E",
        "gwName": "K01a",
        "gwRssi": -57,
        "devUplinkCounter": 206
      }
    ]
  },
  {
    "Floor": "J",
    "Number": 11,
    "UL1": 1231,
    "UL2": 0,
    "Time": "11/25/2018 12:36:21 PM",
    "Measures": [
      {
        "devEui": "0018B200000023E6",
        "devAddr": "30014AE9",
        "time": "2018-11-25 12:36:24",
        "payload": "rxjPrBAqPgY=",
        "sf": 7,
        "gwEui": "7276FF003903094F",
        "gwName": "F07",
        "gwRssi": -107,
        "devUplinkCounter": 207
      },
      {
        "devEui": "0018B200000023E6",
        "devAddr": "30014AE9",
        "time": "2018-11-25 12:36:24",
        "payload": "rxjPrBAqPgY=",
        "sf": 7,
        "gwEui": "7276FF0039030977",
        "gwName": "H06",
        "gwRssi": -103,
        "devUplinkCounter": 207
      },
      {
        "devEui": "0018B200000023E6",
        "devAddr": "30014AE9",
        "time": "2018-11-25 12:36:24",
        "payload": "rxjPrBAqPgY=",
        "sf": 7,
        "gwEui": "7276FF003903094E",
        "gwName": "K01a",
        "gwRssi": -59,
        "devUplinkCounter": 207
      }
    ]
  },
  {
    "Floor": "J",
    "Number": 12,
    "UL1": 1232,
    "UL2": 0,
    "Time": "11/25/2018 12:36:33 PM",
    "Measures": [
      {
        "devEui": "0018B200000023E6",
        "devAddr": "30014AE9",
        "time": "2018-11-25 12:36:35",
        "payload": "rxnQrRAqNgU=",
        "sf": 7,
        "gwEui": "7276FF0039030977",
        "gwName": "H06",
        "gwRssi": -105,
        "devUplinkCounter": 208
      },
      {
        "devEui": "0018B200000023E6",
        "devAddr": "30014AE9",
        "time": "2018-11-25 12:36:35",
        "payload": "rxnQrRAqNgU=",
        "sf": 7,
        "gwEui": "7276FF003903094F",
        "gwName": "F07",
        "gwRssi": -108,
        "devUplinkCounter": 208
      },
      {
        "devEui": "0018B200000023E6",
        "devAddr": "30014AE9",
        "time": "2018-11-25 12:36:35",
        "payload": "rxnQrRAqNgU=",
        "sf": 7,
        "gwEui": "7276FF003903094E",
        "gwName": "K01a",
        "gwRssi": -76,
        "devUplinkCounter": 208
      }
    ]
  },
  {
    "Floor": "J",
    "Number": 13,
    "UL1": 1233,
    "UL2": 0,
    "Time": "11/25/2018 12:36:53 PM",
    "Measures": [
      {
        "devEui": "0018B200000023E6",
        "devAddr": "30014AE9",
        "time": "2018-11-25 12:35:16",
        "payload": "rxjRrhApSAY=",
        "sf": 7,
        "gwEui": "7276FF003903094E",
        "gwName": "K01a",
        "gwRssi": -69,
        "devUplinkCounter": 209
      },
      {
        "devEui": "0018B200000023E6",
        "devAddr": "30014AE9",
        "time": "2018-11-25 12:35:16",
        "payload": "rxjRrhApSAY=",
        "sf": 7,
        "gwEui": "7276FF00390309F5",
        "gwName": "A02b",
        "gwRssi": -119,
        "devUplinkCounter": 209
      },
      {
        "devEui": "0018B200000023E6",
        "devAddr": "30014AE9",
        "time": "2018-11-25 12:35:16",
        "payload": "rxjRrhApSAY=",
        "sf": 7,
        "gwEui": "7276FF0039030977",
        "gwName": "H06",
        "gwRssi": -108,
        "devUplinkCounter": 209
      }
    ]
  },
  {
    "Floor": "J",
    "Number": 14,
    "UL1": 1234,
    "UL2": 0,
    "Time": "11/25/2018 12:37:04 PM",
    "Measures": [
      {
        "devEui": "0018B200000023E6",
        "devAddr": "30014AE9",
        "time": "2018-11-25 12:35:27",
        "payload": "rxnSrxAqQAY=",
        "sf": 7,
        "gwEui": "7276FF003903094E",
        "gwName": "K01a",
        "gwRssi": -60,
        "devUplinkCounter": 210
      },
      {
        "devEui": "0018B200000023E6",
        "devAddr": "30014AE9",
        "time": "2018-11-25 12:35:27",
        "payload": "rxnSrxAqQAY=",
        "sf": 7,
        "gwEui": "7276FF00390309F5",
        "gwName": "A02b",
        "gwRssi": -114,
        "devUplinkCounter": 210
      },
      {
        "devEui": "0018B200000023E6",
        "devAddr": "30014AE9",
        "time": "2018-11-25 12:35:27",
        "payload": "rxnSrxAqQAY=",
        "sf": 7,
        "gwEui": "7276FF0039030977",
        "gwName": "H06",
        "gwRssi": -108,
        "devUplinkCounter": 210
      }
    ]
  },
  {
    "Floor": "J",
    "Number": 15,
    "UL1": 1235,
    "UL2": 0,
    "Time": "11/25/2018 12:37:15 PM",
    "Measures": [
      {
        "devEui": "0018B200000023E6",
        "devAddr": "30014AE9",
        "time": "2018-11-25 12:37:18",
        "payload": "rxnTsBApOAY=",
        "sf": 7,
        "gwEui": "7276FF003903094E",
        "gwName": "K01a",
        "gwRssi": -64,
        "devUplinkCounter": 211
      },
      {
        "devEui": "0018B200000023E6",
        "devAddr": "30014AE9",
        "time": "2018-11-25 12:37:18",
        "payload": "rxnTsBApOAY=",
        "sf": 7,
        "gwEui": "7276FF003903094F",
        "gwName": "F07",
        "gwRssi": -107,
        "devUplinkCounter": 211
      },
      {
        "devEui": "0018B200000023E6",
        "devAddr": "30014AE9",
        "time": "2018-11-25 12:37:18",
        "payload": "rxnTsBApOAY=",
        "sf": 7,
        "gwEui": "7276FF0039030977",
        "gwName": "H06",
        "gwRssi": -107,
        "devUplinkCounter": 211
      }
    ]
  },
  {
    "Floor": "J",
    "Number": 16,
    "UL1": 1236,
    "UL2": 0,
    "Time": "11/25/2018 12:38:31 PM",
    "Measures": []
  },
  {
    "Floor": "J",
    "Number": 17,
    "UL1": 1237,
    "UL2": 0,
    "Time": "11/25/2018 12:38:44 PM",
    "Measures": [
      {
        "devEui": "0018B200000023E6",
        "devAddr": "30014AE9",
        "time": "2018-11-25 12:38:46",
        "payload": "rxnVshAoSgY=",
        "sf": 7,
        "gwEui": "7276FF003903094F",
        "gwName": "F07",
        "gwRssi": -102,
        "devUplinkCounter": 213
      },
      {
        "devEui": "0018B200000023E6",
        "devAddr": "30014AE9",
        "time": "2018-11-25 12:38:46",
        "payload": "rxnVshAoSgY=",
        "sf": 7,
        "gwEui": "7276FF003903094E",
        "gwName": "K01a",
        "gwRssi": -76,
        "devUplinkCounter": 213
      },
      {
        "devEui": "0018B200000023E6",
        "devAddr": "30014AE9",
        "time": "2018-11-25 12:38:46",
        "payload": "rxnVshAoSgY=",
        "sf": 7,
        "gwEui": "7276FF0039030977",
        "gwName": "H06",
        "gwRssi": -96,
        "devUplinkCounter": 213
      }
    ]
  },
  {
    "Floor": "J",
    "Number": 18,
    "UL1": 1238,
    "UL2": 0,
    "Time": "11/25/2018 12:39:03 PM",
    "Measures": [
      {
        "devEui": "0018B200000023E6",
        "devAddr": "30014AE9",
        "time": "2018-11-25 12:37:26",
        "payload": "rxjWsxApSwY=",
        "sf": 7,
        "gwEui": "7276FF0039030977",
        "gwName": "H06",
        "gwRssi": -95,
        "devUplinkCounter": 214
      },
      {
        "devEui": "0018B200000023E6",
        "devAddr": "30014AE9",
        "time": "2018-11-25 12:37:26",
        "payload": "rxjWsxApSwY=",
        "sf": 7,
        "gwEui": "7276FF003903094F",
        "gwName": "F07",
        "gwRssi": -106,
        "devUplinkCounter": 214
      },
      {
        "devEui": "0018B200000023E6",
        "devAddr": "30014AE9",
        "time": "2018-11-25 12:37:26",
        "payload": "rxjWsxApSwY=",
        "sf": 7,
        "gwEui": "7276FF00390309F5",
        "gwName": "A02b",
        "gwRssi": -118,
        "devUplinkCounter": 214
      },
      {
        "devEui": "0018B200000023E6",
        "devAddr": "30014AE9",
        "time": "2018-11-25 12:37:30",
        "payload": "rxjWsxApSwY=",
        "sf": 7,
        "gwEui": "7276FF003903094E",
        "gwName": "K01a",
        "gwRssi": -74,
        "devUplinkCounter": 214
      },
      {
        "devEui": "0018B200000023E6",
        "devAddr": "30014AE9",
        "time": "2018-11-25 12:37:30",
        "payload": "rxjWsxApSwY=",
        "sf": 7,
        "gwEui": "7276FF00390309F5",
        "gwName": "A02b",
        "gwRssi": -116,
        "devUplinkCounter": 214
      },
      {
        "devEui": "0018B200000023E6",
        "devAddr": "30014AE9",
        "time": "2018-11-25 12:37:30",
        "payload": "rxjWsxApSwY=",
        "sf": 7,
        "gwEui": "7276FF0039030977",
        "gwName": "H06",
        "gwRssi": -100,
        "devUplinkCounter": 214
      },
      {
        "devEui": "0018B200000023E6",
        "devAddr": "30014AE9",
        "time": "2018-11-25 12:37:30",
        "payload": "rxjWsxApSwY=",
        "sf": 7,
        "gwEui": "7276FF003903094F",
        "gwName": "F07",
        "gwRssi": -98,
        "devUplinkCounter": 214
      }
    ]
  },
  {
    "Floor": "J",
    "Number": 19,
    "UL1": 1240,
    "UL2": 0,
    "Time": "11/25/2018 12:39:39 PM",
    "Measures": [
      {
        "devEui": "0018B200000023E6",
        "devAddr": "30014AE9",
        "time": "2018-11-25 12:37:52",
        "payload": "rxjYtBAoSgY=",
        "sf": 7,
        "gwEui": "7276FF0039030977",
        "gwName": "H06",
        "gwRssi": -95,
        "devUplinkCounter": 216
      },
      {
        "devEui": "0018B200000023E6",
        "devAddr": "30014AE9",
        "time": "2018-11-25 12:37:52",
        "payload": "rxjYtBAoSgY=",
        "sf": 7,
        "gwEui": "7276FF003903094F",
        "gwName": "F07",
        "gwRssi": -102,
        "devUplinkCounter": 216
      },
      {
        "devEui": "0018B200000023E6",
        "devAddr": "30014AE9",
        "time": "2018-11-25 12:37:52",
        "payload": "rxjYtBAoSgY=",
        "sf": 7,
        "gwEui": "7276FF00390309F5",
        "gwName": "A02b",
        "gwRssi": -118,
        "devUplinkCounter": 216
      },
      {
        "devEui": "0018B200000023E6",
        "devAddr": "30014AE9",
        "time": "2018-11-25 12:37:57",
        "payload": "rxjYtBAoSgY=",
        "sf": 7,
        "gwEui": "7276FF0039030977",
        "gwName": "H06",
        "gwRssi": -92,
        "devUplinkCounter": 216
      },
      {
        "devEui": "0018B200000023E6",
        "devAddr": "30014AE9",
        "time": "2018-11-25 12:37:57",
        "payload": "rxjYtBAoSgY=",
        "sf": 7,
        "gwEui": "7276FF003903094E",
        "gwName": "K01a",
        "gwRssi": -70,
        "devUplinkCounter": 216
      },
      {
        "devEui": "0018B200000023E6",
        "devAddr": "30014AE9",
        "time": "2018-11-25 12:37:57",
        "payload": "rxjYtBAoSgY=",
        "sf": 7,
        "gwEui": "7276FF00390309F5",
        "gwName": "A02b",
        "gwRssi": -118,
        "devUplinkCounter": 216
      }
    ]
  },
  {
    "Floor": "J",
    "Number": 20,
    "UL1": 1242,
    "UL2": 0,
    "Time": "11/25/2018 12:39:57 PM",
    "Measures": [
      {
        "devEui": "0018B200000023E6",
        "devAddr": "30014AE9",
        "time": "2018-11-25 12:39:56",
        "payload": "rxnatRApPgc=",
        "sf": 7,
        "gwEui": "7276FF003903094E",
        "gwName": "K01a",
        "gwRssi": -70,
        "devUplinkCounter": 218
      },
      {
        "devEui": "0018B200000023E6",
        "devAddr": "30014AE9",
        "time": "2018-11-25 12:39:56",
        "payload": "rxnatRApPgc=",
        "sf": 7,
        "gwEui": "7276FF003903094F",
        "gwName": "F07",
        "gwRssi": -101,
        "devUplinkCounter": 218
      },
      {
        "devEui": "0018B200000023E6",
        "devAddr": "30014AE9",
        "time": "2018-11-25 12:39:56",
        "payload": "rxnatRApPgc=",
        "sf": 7,
        "gwEui": "7276FF0039030977",
        "gwName": "H06",
        "gwRssi": -94,
        "devUplinkCounter": 218
      }
    ]
  },
  {
    "Floor": "J",
    "Number": 21,
    "UL1": 1243,
    "UL2": 0,
    "Time": "11/25/2018 12:41:03 PM",
    "Measures": [
      {
        "devEui": "0018B200000023E6",
        "devAddr": "30014AE9",
        "time": "2018-11-25 12:41:06",
        "payload": "rxnbthAoRAc=",
        "sf": 7,
        "gwEui": "7276FF0039030977",
        "gwName": "H06",
        "gwRssi": -95,
        "devUplinkCounter": 219
      },
      {
        "devEui": "0018B200000023E6",
        "devAddr": "30014AE9",
        "time": "2018-11-25 12:41:06",
        "payload": "rxnbthAoRAc=",
        "sf": 7,
        "gwEui": "7276FF003903094E",
        "gwName": "K01a",
        "gwRssi": -88,
        "devUplinkCounter": 219
      },
      {
        "devEui": "0018B200000023E6",
        "devAddr": "30014AE9",
        "time": "2018-11-25 12:41:06",
        "payload": "rxnbthAoRAc=",
        "sf": 7,
        "gwEui": "7276FF0039030A01",
        "gwName": "Loge",
        "gwRssi": -96,
        "devUplinkCounter": 219
      },
      {
        "devEui": "0018B200000023E6",
        "devAddr": "30014AE9",
        "time": "2018-11-25 12:41:06",
        "payload": "rxnbthAoRAc=",
        "sf": 7,
        "gwEui": "7276FF003903094F",
        "gwName": "F07",
        "gwRssi": -107,
        "devUplinkCounter": 219
      }
    ]
  },
  {
    "Floor": "J",
    "Number": 22,
    "UL1": 1244,
    "UL2": 0,
    "Time": "11/25/2018 12:41:16 PM",
    "Measures": [
      {
        "devEui": "0018B200000023E6",
        "devAddr": "30014AE9",
        "time": "2018-11-25 12:41:18",
        "payload": "rxnctxApTAc=",
        "sf": 7,
        "gwEui": "7276FF003903094F",
        "gwName": "F07",
        "gwRssi": -108,
        "devUplinkCounter": 220
      },
      {
        "devEui": "0018B200000023E6",
        "devAddr": "30014AE9",
        "time": "2018-11-25 12:41:18",
        "payload": "rxnctxApTAc=",
        "sf": 7,
        "gwEui": "7276FF0039030977",
        "gwName": "H06",
        "gwRssi": -84,
        "devUplinkCounter": 220
      },
      {
        "devEui": "0018B200000023E6",
        "devAddr": "30014AE9",
        "time": "2018-11-25 12:41:18",
        "payload": "rxnctxApTAc=",
        "sf": 7,
        "gwEui": "7276FF0039030A01",
        "gwName": "Loge",
        "gwRssi": -99,
        "devUplinkCounter": 220
      },
      {
        "devEui": "0018B200000023E6",
        "devAddr": "30014AE9",
        "time": "2018-11-25 12:41:18",
        "payload": "rxnctxApTAc=",
        "sf": 7,
        "gwEui": "7276FF003903094E",
        "gwName": "K01a",
        "gwRssi": -84,
        "devUplinkCounter": 220
      }
    ]
  },
  {
    "Floor": "J",
    "Number": 23,
    "UL1": 1245,
    "UL2": 0,
    "Time": "11/25/2018 12:41:34 PM",
    "Measures": [
      {
        "devEui": "0018B200000023E6",
        "devAddr": "30014AE9",
        "time": "2018-11-25 12:39:57",
        "payload": "rxnduBAnUQY=",
        "sf": 7,
        "gwEui": "7276FF0039030977",
        "gwName": "H06",
        "gwRssi": -87,
        "devUplinkCounter": 221
      },
      {
        "devEui": "0018B200000023E6",
        "devAddr": "30014AE9",
        "time": "2018-11-25 12:39:57",
        "payload": "rxnduBAnUQY=",
        "sf": 7,
        "gwEui": "7276FF003903094F",
        "gwName": "F07",
        "gwRssi": -102,
        "devUplinkCounter": 221
      },
      {
        "devEui": "0018B200000023E6",
        "devAddr": "30014AE9",
        "time": "2018-11-25 12:39:57",
        "payload": "rxnduBAnUQY=",
        "sf": 7,
        "gwEui": "7276FF00390309F5",
        "gwName": "A02b",
        "gwRssi": -118,
        "devUplinkCounter": 221
      },
      {
        "devEui": "0018B200000023E6",
        "devAddr": "30014AE9",
        "time": "2018-11-25 12:39:57",
        "payload": "rxnduBAnUQY=",
        "sf": 7,
        "gwEui": "7276FF003903094E",
        "gwName": "K01a",
        "gwRssi": -88,
        "devUplinkCounter": 221
      },
      {
        "devEui": "0018B200000023E6",
        "devAddr": "30014AE9",
        "time": "2018-11-25 12:40:37",
        "payload": "rxnduBAnUQY=",
        "sf": 7,
        "gwEui": "7276FF003903094F",
        "gwName": "F07",
        "gwRssi": -100,
        "devUplinkCounter": 221
      },
      {
        "devEui": "0018B200000023E6",
        "devAddr": "30014AE9",
        "time": "2018-11-25 12:40:37",
        "payload": "rxnduBAnUQY=",
        "sf": 7,
        "gwEui": "7276FF003903094E",
        "gwName": "K01a",
        "gwRssi": -101,
        "devUplinkCounter": 221
      },
      {
        "devEui": "0018B200000023E6",
        "devAddr": "30014AE9",
        "time": "2018-11-25 12:40:37",
        "payload": "rxnduBAnUQY=",
        "sf": 7,
        "gwEui": "7276FF0039030977",
        "gwName": "H06",
        "gwRssi": -94,
        "devUplinkCounter": 221
      },
      {
        "devEui": "0018B200000023E6",
        "devAddr": "30014AE9",
        "time": "2018-11-25 12:40:07",
        "payload": "rxnduBAnUQY=",
        "sf": 8,
        "gwEui": "7276FF0039030A01",
        "gwName": "Loge",
        "gwRssi": -95,
        "devUplinkCounter": 221
      },
      {
        "devEui": "0018B200000023E6",
        "devAddr": "30014AE9",
        "time": "2018-11-25 12:40:07",
        "payload": "rxnduBAnUQY=",
        "sf": 8,
        "gwEui": "7276FF003903094E",
        "gwName": "K01a",
        "gwRssi": -87,
        "devUplinkCounter": 221
      },
      {
        "devEui": "0018B200000023E6",
        "devAddr": "30014AE9",
        "time": "2018-11-25 12:40:07",
        "payload": "rxnduBAnUQY=",
        "sf": 8,
        "gwEui": "7276FF0039030977",
        "gwName": "H06",
        "gwRssi": -94,
        "devUplinkCounter": 221
      },
      {
        "devEui": "0018B200000023E6",
        "devAddr": "30014AE9",
        "time": "2018-11-25 12:40:07",
        "payload": "rxnduBAnUQY=",
        "sf": 8,
        "gwEui": "7276FF00390309F5",
        "gwName": "A02b",
        "gwRssi": -118,
        "devUplinkCounter": 221
      },
      {
        "devEui": "0018B200000023E6",
        "devAddr": "30014AE9",
        "time": "2018-11-25 12:40:07",
        "payload": "rxnduBAnUQY=",
        "sf": 8,
        "gwEui": "7276FF003903094F",
        "gwName": "F07",
        "gwRssi": -101,
        "devUplinkCounter": 221
      }
    ]
  },
  {
    "Floor": "J",
    "Number": 24,
    "UL1": 1248,
    "UL2": 0,
    "Time": "11/25/2018 12:42:05 PM",
    "Measures": [
      {
        "devEui": "0018B200000023E6",
        "devAddr": "30014AE9",
        "time": "2018-11-25 12:42:05",
        "payload": "rxnguRAkUwc=",
        "sf": 7,
        "gwEui": "7276FF003903094E",
        "gwName": "K01a",
        "gwRssi": -89,
        "devUplinkCounter": 224
      },
      {
        "devEui": "0018B200000023E6",
        "devAddr": "30014AE9",
        "time": "2018-11-25 12:42:05",
        "payload": "rxnguRAkUwc=",
        "sf": 7,
        "gwEui": "7276FF0039030977",
        "gwName": "H06",
        "gwRssi": -107,
        "devUplinkCounter": 224
      },
      {
        "devEui": "0018B200000023E6",
        "devAddr": "30014AE9",
        "time": "2018-11-25 12:42:05",
        "payload": "rxnguRAkUwc=",
        "sf": 7,
        "gwEui": "7276FF00390309F5",
        "gwName": "A02b",
        "gwRssi": -113,
        "devUplinkCounter": 224
      },
      {
        "devEui": "0018B200000023E6",
        "devAddr": "30014AE9",
        "time": "2018-11-25 12:42:05",
        "payload": "rxnguRAkUwc=",
        "sf": 7,
        "gwEui": "7276FF003903094F",
        "gwName": "F07",
        "gwRssi": -105,
        "devUplinkCounter": 224
      },
      {
        "devEui": "0018B200000023E6",
        "devAddr": "30014AE9",
        "time": "2018-11-25 12:42:05",
        "payload": "rxnguRAkUwc=",
        "sf": 7,
        "gwEui": "7276FF0039030A01",
        "gwName": "Loge",
        "gwRssi": -98,
        "devUplinkCounter": 224
      },
      {
        "devEui": "0018B200000023E6",
        "devAddr": "30014AE9",
        "time": "2018-11-25 12:40:30",
        "payload": "rxnguRAkUwc=",
        "sf": 7,
        "gwEui": "7276FF0039030977",
        "gwName": "H06",
        "gwRssi": -101,
        "devUplinkCounter": 224
      },
      {
        "devEui": "0018B200000023E6",
        "devAddr": "30014AE9",
        "time": "2018-11-25 12:40:30",
        "payload": "rxnguRAkUwc=",
        "sf": 7,
        "gwEui": "7276FF00390309F5",
        "gwName": "A02b",
        "gwRssi": -114,
        "devUplinkCounter": 224
      },
      {
        "devEui": "0018B200000023E6",
        "devAddr": "30014AE9",
        "time": "2018-11-25 12:40:30",
        "payload": "rxnguRAkUwc=",
        "sf": 7,
        "gwEui": "7276FF003903094F",
        "gwName": "F07",
        "gwRssi": -100,
        "devUplinkCounter": 224
      },
      {
        "devEui": "0018B200000023E6",
        "devAddr": "30014AE9",
        "time": "2018-11-25 12:40:30",
        "payload": "rxnguRAkUwc=",
        "sf": 7,
        "gwEui": "7276FF003903094E",
        "gwName": "K01a",
        "gwRssi": -95,
        "devUplinkCounter": 224
      },
      {
        "devEui": "0018B200000023E6",
        "devAddr": "30014AE9",
        "time": "2018-11-25 12:40:30",
        "payload": "rxnguRAkUwc=",
        "sf": 7,
        "gwEui": "7276FF0039030A01",
        "gwName": "Loge",
        "gwRssi": -95,
        "devUplinkCounter": 224
      },
      {
        "devEui": "0018B200000023E6",
        "devAddr": "30014AE9",
        "time": "2018-11-25 12:40:35",
        "payload": "rxnguRAkUwc=",
        "sf": 8,
        "gwEui": "7276FF0039030A01",
        "gwName": "Loge",
        "gwRssi": -95,
        "devUplinkCounter": 224
      },
      {
        "devEui": "0018B200000023E6",
        "devAddr": "30014AE9",
        "time": "2018-11-25 12:40:35",
        "payload": "rxnguRAkUwc=",
        "sf": 8,
        "gwEui": "7276FF003903094E",
        "gwName": "K01a",
        "gwRssi": -95,
        "devUplinkCounter": 224
      },
      {
        "devEui": "0018B200000023E6",
        "devAddr": "30014AE9",
        "time": "2018-11-25 12:40:35",
        "payload": "rxnguRAkUwc=",
        "sf": 8,
        "gwEui": "7276FF00390309F5",
        "gwName": "A02b",
        "gwRssi": -113,
        "devUplinkCounter": 224
      },
      {
        "devEui": "0018B200000023E6",
        "devAddr": "30014AE9",
        "time": "2018-11-25 12:40:35",
        "payload": "rxnguRAkUwc=",
        "sf": 8,
        "gwEui": "7276FF0039030977",
        "gwName": "H06",
        "gwRssi": -92,
        "devUplinkCounter": 224
      },
      {
        "devEui": "0018B200000023E6",
        "devAddr": "30014AE9",
        "time": "2018-11-25 12:40:35",
        "payload": "rxnguRAkUwc=",
        "sf": 8,
        "gwEui": "7276FF003903094F",
        "gwName": "F07",
        "gwRssi": -100,
        "devUplinkCounter": 224
      },
      {
        "devEui": "0018B200000023E6",
        "devAddr": "30014AE9",
        "time": "2018-11-25 12:40:39",
        "payload": "rxnguRAkUwc=",
        "sf": 8,
        "gwEui": "7276FF00390309F5",
        "gwName": "A02b",
        "gwRssi": -112,
        "devUplinkCounter": 224
      },
      {
        "devEui": "0018B200000023E6",
        "devAddr": "30014AE9",
        "time": "2018-11-25 12:40:39",
        "payload": "rxnguRAkUwc=",
        "sf": 8,
        "gwEui": "7276FF003903094E",
        "gwName": "K01a",
        "gwRssi": -96,
        "devUplinkCounter": 224
      },
      {
        "devEui": "0018B200000023E6",
        "devAddr": "30014AE9",
        "time": "2018-11-25 12:40:39",
        "payload": "rxnguRAkUwc=",
        "sf": 8,
        "gwEui": "7276FF0039030977",
        "gwName": "H06",
        "gwRssi": -94,
        "devUplinkCounter": 224
      },
      {
        "devEui": "0018B200000023E6",
        "devAddr": "30014AE9",
        "time": "2018-11-25 12:40:39",
        "payload": "rxnguRAkUwc=",
        "sf": 8,
        "gwEui": "7276FF003903094F",
        "gwName": "F07",
        "gwRssi": -100,
        "devUplinkCounter": 224
      },
      {
        "devEui": "0018B200000023E6",
        "devAddr": "30014AE9",
        "time": "2018-11-25 12:42:24",
        "payload": "rxnguRAkUwc=",
        "sf": 9,
        "gwEui": "7276FF0039030977",
        "gwName": "H06",
        "gwRssi": -92,
        "devUplinkCounter": 224
      },
      {
        "devEui": "0018B200000023E6",
        "devAddr": "30014AE9",
        "time": "2018-11-25 12:42:24",
        "payload": "rxnguRAkUwc=",
        "sf": 9,
        "gwEui": "7276FF003903094F",
        "gwName": "F07",
        "gwRssi": -102,
        "devUplinkCounter": 224
      },
      {
        "devEui": "0018B200000023E6",
        "devAddr": "30014AE9",
        "time": "2018-11-25 12:42:24",
        "payload": "rxnguRAkUwc=",
        "sf": 9,
        "gwEui": "7276FF00390309F5",
        "gwName": "A02b",
        "gwRssi": -112,
        "devUplinkCounter": 224
      },
      {
        "devEui": "0018B200000023E6",
        "devAddr": "30014AE9",
        "time": "2018-11-25 12:42:24",
        "payload": "rxnguRAkUwc=",
        "sf": 9,
        "gwEui": "7276FF003903094E",
        "gwName": "K01a",
        "gwRssi": -95,
        "devUplinkCounter": 224
      },
      {
        "devEui": "0018B200000023E6",
        "devAddr": "30014AE9",
        "time": "2018-11-25 12:42:29",
        "payload": "rxnguRAkUwc=",
        "sf": 9,
        "gwEui": "7276FF0039030977",
        "gwName": "H06",
        "gwRssi": -94,
        "devUplinkCounter": 224
      },
      {
        "devEui": "0018B200000023E6",
        "devAddr": "30014AE9",
        "time": "2018-11-25 12:42:29",
        "payload": "rxnguRAkUwc=",
        "sf": 9,
        "gwEui": "7276FF0039030A01",
        "gwName": "Loge",
        "gwRssi": -100,
        "devUplinkCounter": 224
      },
      {
        "devEui": "0018B200000023E6",
        "devAddr": "30014AE9",
        "time": "2018-11-25 12:42:29",
        "payload": "rxnguRAkUwc=",
        "sf": 9,
        "gwEui": "7276FF003903094F",
        "gwName": "F07",
        "gwRssi": -103,
        "devUplinkCounter": 224
      },
      {
        "devEui": "0018B200000023E6",
        "devAddr": "30014AE9",
        "time": "2018-11-25 12:42:29",
        "payload": "rxnguRAkUwc=",
        "sf": 9,
        "gwEui": "7276FF00390309F5",
        "gwName": "A02b",
        "gwRssi": -113,
        "devUplinkCounter": 224
      },
      {
        "devEui": "0018B200000023E6",
        "devAddr": "30014AE9",
        "time": "2018-11-25 12:42:29",
        "payload": "rxnguRAkUwc=",
        "sf": 9,
        "gwEui": "7276FF003903094E",
        "gwName": "K01a",
        "gwRssi": -85,
        "devUplinkCounter": 224
      }
    ]
  },
  {
    "Floor": "J",
    "Number": 25,
    "UL1": 1254,
    "UL2": 0,
    "Time": "11/25/2018 12:42:51 PM",
    "Measures": [
      {
        "devEui": "0018B200000023E6",
        "devAddr": "30014AE9",
        "time": "2018-11-25 12:42:51",
        "payload": "rxnmuhAlUwY=",
        "sf": 7,
        "gwEui": "7276FF0039030977",
        "gwName": "H06",
        "gwRssi": -88,
        "devUplinkCounter": 230
      },
      {
        "devEui": "0018B200000023E6",
        "devAddr": "30014AE9",
        "time": "2018-11-25 12:42:51",
        "payload": "rxnmuhAlUwY=",
        "sf": 7,
        "gwEui": "7276FF003903094E",
        "gwName": "K01a",
        "gwRssi": -80,
        "devUplinkCounter": 230
      },
      {
        "devEui": "0018B200000023E6",
        "devAddr": "30014AE9",
        "time": "2018-11-25 12:42:51",
        "payload": "rxnmuhAlUwY=",
        "sf": 7,
        "gwEui": "7276FF0039030A01",
        "gwName": "Loge",
        "gwRssi": -89,
        "devUplinkCounter": 230
      },
      {
        "devEui": "0018B200000023E6",
        "devAddr": "30014AE9",
        "time": "2018-11-25 12:42:51",
        "payload": "rxnmuhAlUwY=",
        "sf": 7,
        "gwEui": "7276FF003903094F",
        "gwName": "F07",
        "gwRssi": -99,
        "devUplinkCounter": 230
      }
    ]
  },
  {
    "Floor": "J",
    "Number": 26,
    "UL1": 1255,
    "UL2": 0,
    "Time": "11/25/2018 12:44:09 PM",
    "Measures": [
      {
        "devEui": "0018B200000023E6",
        "devAddr": "30014AE9",
        "time": "2018-11-25 12:44:11",
        "payload": "rxnnuxAlWgY=",
        "sf": 7,
        "gwEui": "7276FF0039030977",
        "gwName": "H06",
        "gwRssi": -68,
        "devUplinkCounter": 231
      },
      {
        "devEui": "0018B200000023E6",
        "devAddr": "30014AE9",
        "time": "2018-11-25 12:44:11",
        "payload": "rxnnuxAlWgY=",
        "sf": 7,
        "gwEui": "7276FF0039030A01",
        "gwName": "Loge",
        "gwRssi": -90,
        "devUplinkCounter": 231
      },
      {
        "devEui": "0018B200000023E6",
        "devAddr": "30014AE9",
        "time": "2018-11-25 12:44:11",
        "payload": "rxnnuxAlWgY=",
        "sf": 7,
        "gwEui": "7276FF003903094F",
        "gwName": "F07",
        "gwRssi": -107,
        "devUplinkCounter": 231
      },
      {
        "devEui": "0018B200000023E6",
        "devAddr": "30014AE9",
        "time": "2018-11-25 12:44:11",
        "payload": "rxnnuxAlWgY=",
        "sf": 7,
        "gwEui": "7276FF003903097D",
        "gwName": "D60",
        "gwRssi": -113,
        "devUplinkCounter": 231
      },
      {
        "devEui": "0018B200000023E6",
        "devAddr": "30014AE9",
        "time": "2018-11-25 12:44:11",
        "payload": "rxnnuxAlWgY=",
        "sf": 7,
        "gwEui": "7276FF003903094E",
        "gwName": "K01a",
        "gwRssi": -90,
        "devUplinkCounter": 231
      }
    ]
  },
  {
    "Floor": "J",
    "Number": 27,
    "UL1": 1256,
    "UL2": 0,
    "Time": "11/25/2018 12:44:22 PM",
    "Measures": [
      {
        "devEui": "0018B200000023E6",
        "devAddr": "30014AE9",
        "time": "2018-11-25 12:42:43",
        "payload": "rxnovBAkPwY=",
        "sf": 7,
        "gwEui": "7276FF003903094F",
        "gwName": "F07",
        "gwRssi": -100,
        "devUplinkCounter": 232
      },
      {
        "devEui": "0018B200000023E6",
        "devAddr": "30014AE9",
        "time": "2018-11-25 12:42:43",
        "payload": "rxnovBAkPwY=",
        "sf": 7,
        "gwEui": "7276FF003903097C",
        "gwName": "C22",
        "gwRssi": -107,
        "devUplinkCounter": 232
      },
      {
        "devEui": "0018B200000023E6",
        "devAddr": "30014AE9",
        "time": "2018-11-25 12:42:43",
        "payload": "rxnovBAkPwY=",
        "sf": 7,
        "gwEui": "7276FF00390309F5",
        "gwName": "A02b",
        "gwRssi": -119,
        "devUplinkCounter": 232
      },
      {
        "devEui": "0018B200000023E6",
        "devAddr": "30014AE9",
        "time": "2018-11-25 12:42:43",
        "payload": "rxnovBAkPwY=",
        "sf": 7,
        "gwEui": "7276FF003903094E",
        "gwName": "K01a",
        "gwRssi": -102,
        "devUplinkCounter": 232
      },
      {
        "devEui": "0018B200000023E6",
        "devAddr": "30014AE9",
        "time": "2018-11-25 12:42:43",
        "payload": "rxnovBAkPwY=",
        "sf": 7,
        "gwEui": "7276FF003903097D",
        "gwName": "D60",
        "gwRssi": -112,
        "devUplinkCounter": 232
      },
      {
        "devEui": "0018B200000023E6",
        "devAddr": "30014AE9",
        "time": "2018-11-25 12:42:43",
        "payload": "rxnovBAkPwY=",
        "sf": 7,
        "gwEui": "7276FF0039030977",
        "gwName": "H06",
        "gwRssi": -74,
        "devUplinkCounter": 232
      }
    ]
  },
  {
    "Floor": "J",
    "Number": 28,
    "UL1": 1257,
    "UL2": 0,
    "Time": "11/25/2018 12:44:36 PM",
    "Measures": [
      {
        "devEui": "0018B200000023E6",
        "devAddr": "30014AE9",
        "time": "2018-11-25 12:42:57",
        "payload": "rxnpvRAiQAY=",
        "sf": 7,
        "gwEui": "7276FF003903094E",
        "gwName": "K01a",
        "gwRssi": -105,
        "devUplinkCounter": 233
      },
      {
        "devEui": "0018B200000023E6",
        "devAddr": "30014AE9",
        "time": "2018-11-25 12:42:57",
        "payload": "rxnpvRAiQAY=",
        "sf": 7,
        "gwEui": "7276FF003903097C",
        "gwName": "C22",
        "gwRssi": -106,
        "devUplinkCounter": 233
      },
      {
        "devEui": "0018B200000023E6",
        "devAddr": "30014AE9",
        "time": "2018-11-25 12:42:57",
        "payload": "rxnpvRAiQAY=",
        "sf": 7,
        "gwEui": "7276FF003903094F",
        "gwName": "F07",
        "gwRssi": -101,
        "devUplinkCounter": 233
      },
      {
        "devEui": "0018B200000023E6",
        "devAddr": "30014AE9",
        "time": "2018-11-25 12:42:57",
        "payload": "rxnpvRAiQAY=",
        "sf": 7,
        "gwEui": "7276FF00390309F5",
        "gwName": "A02b",
        "gwRssi": -117,
        "devUplinkCounter": 233
      },
      {
        "devEui": "0018B200000023E6",
        "devAddr": "30014AE9",
        "time": "2018-11-25 12:42:57",
        "payload": "rxnpvRAiQAY=",
        "sf": 7,
        "gwEui": "7276FF0039030977",
        "gwName": "H06",
        "gwRssi": -77,
        "devUplinkCounter": 233
      },
      {
        "devEui": "0018B200000023E6",
        "devAddr": "30014AE9",
        "time": "2018-11-25 12:42:57",
        "payload": "rxnpvRAiQAY=",
        "sf": 7,
        "gwEui": "7276FF003903097D",
        "gwName": "D60",
        "gwRssi": -110,
        "devUplinkCounter": 233
      }
    ]
  },
  {
    "Floor": "J",
    "Number": 29,
    "UL1": 1258,
    "UL2": 0,
    "Time": "11/25/2018 12:44:47 PM",
    "Measures": [
      {
        "devEui": "0018B200000023E6",
        "devAddr": "30014AE9",
        "time": "2018-11-25 12:43:08",
        "payload": "rxjqvhAkRAY=",
        "sf": 7,
        "gwEui": "7276FF003903094F",
        "gwName": "F07",
        "gwRssi": -106,
        "devUplinkCounter": 234
      },
      {
        "devEui": "0018B200000023E6",
        "devAddr": "30014AE9",
        "time": "2018-11-25 12:43:08",
        "payload": "rxjqvhAkRAY=",
        "sf": 7,
        "gwEui": "7276FF003903097D",
        "gwName": "D60",
        "gwRssi": -106,
        "devUplinkCounter": 234
      },
      {
        "devEui": "0018B200000023E6",
        "devAddr": "30014AE9",
        "time": "2018-11-25 12:43:08",
        "payload": "rxjqvhAkRAY=",
        "sf": 7,
        "gwEui": "7276FF003903094E",
        "gwName": "K01a",
        "gwRssi": -90,
        "devUplinkCounter": 234
      },
      {
        "devEui": "0018B200000023E6",
        "devAddr": "30014AE9",
        "time": "2018-11-25 12:43:08",
        "payload": "rxjqvhAkRAY=",
        "sf": 7,
        "gwEui": "7276FF0039030977",
        "gwName": "H06",
        "gwRssi": -83,
        "devUplinkCounter": 234
      },
      {
        "devEui": "0018B200000023E6",
        "devAddr": "30014AE9",
        "time": "2018-11-25 12:43:08",
        "payload": "rxjqvhAkRAY=",
        "sf": 7,
        "gwEui": "7276FF00390309F5",
        "gwName": "A02b",
        "gwRssi": -117,
        "devUplinkCounter": 234
      },
      {
        "devEui": "0018B200000023E6",
        "devAddr": "30014AE9",
        "time": "2018-11-25 12:43:08",
        "payload": "rxjqvhAkRAY=",
        "sf": 7,
        "gwEui": "7276FF003903097C",
        "gwName": "C22",
        "gwRssi": -108,
        "devUplinkCounter": 234
      }
    ]
  },
  {
    "Floor": "J",
    "Number": 30,
    "UL1": 1259,
    "UL2": 0,
    "Time": "11/25/2018 12:45:02 PM",
    "Measures": [
      {
        "devEui": "0018B200000023E6",
        "devAddr": "30014AE9",
        "time": "2018-11-25 12:45:03",
        "payload": "rxnrvxAjSgY=",
        "sf": 7,
        "gwEui": "7276FF003903094E",
        "gwName": "K01a",
        "gwRssi": -101,
        "devUplinkCounter": 235
      },
      {
        "devEui": "0018B200000023E6",
        "devAddr": "30014AE9",
        "time": "2018-11-25 12:45:03",
        "payload": "rxnrvxAjSgY=",
        "sf": 7,
        "gwEui": "7276FF0039030977",
        "gwName": "H06",
        "gwRssi": -83,
        "devUplinkCounter": 235
      },
      {
        "devEui": "0018B200000023E6",
        "devAddr": "30014AE9",
        "time": "2018-11-25 12:45:03",
        "payload": "rxnrvxAjSgY=",
        "sf": 7,
        "gwEui": "7276FF003903094F",
        "gwName": "F07",
        "gwRssi": -102,
        "devUplinkCounter": 235
      },
      {
        "devEui": "0018B200000023E6",
        "devAddr": "30014AE9",
        "time": "2018-11-25 12:45:03",
        "payload": "rxnrvxAjSgY=",
        "sf": 7,
        "gwEui": "7276FF0039030A01",
        "gwName": "Loge",
        "gwRssi": -82,
        "devUplinkCounter": 235
      },
      {
        "devEui": "0018B200000023E6",
        "devAddr": "30014AE9",
        "time": "2018-11-25 12:45:03",
        "payload": "rxnrvxAjSgY=",
        "sf": 7,
        "gwEui": "7276FF003903097D",
        "gwName": "D60",
        "gwRssi": -106,
        "devUplinkCounter": 235
      },
      {
        "devEui": "0018B200000023E6",
        "devAddr": "30014AE9",
        "time": "2018-11-25 12:43:29",
        "payload": "rxnrvxAjSgY=",
        "sf": 7,
        "gwEui": "7276FF003903094F",
        "gwName": "F07",
        "gwRssi": -103,
        "devUplinkCounter": 235
      },
      {
        "devEui": "0018B200000023E6",
        "devAddr": "30014AE9",
        "time": "2018-11-25 12:43:29",
        "payload": "rxnrvxAjSgY=",
        "sf": 7,
        "gwEui": "7276FF0039030A01",
        "gwName": "Loge",
        "gwRssi": -80,
        "devUplinkCounter": 235
      },
      {
        "devEui": "0018B200000023E6",
        "devAddr": "30014AE9",
        "time": "2018-11-25 12:43:29",
        "payload": "rxnrvxAjSgY=",
        "sf": 7,
        "gwEui": "7276FF00390309F5",
        "gwName": "A02b",
        "gwRssi": -118,
        "devUplinkCounter": 235
      },
      {
        "devEui": "0018B200000023E6",
        "devAddr": "30014AE9",
        "time": "2018-11-25 12:43:29",
        "payload": "rxnrvxAjSgY=",
        "sf": 7,
        "gwEui": "7276FF003903094E",
        "gwName": "K01a",
        "gwRssi": -92,
        "devUplinkCounter": 235
      },
      {
        "devEui": "0018B200000023E6",
        "devAddr": "30014AE9",
        "time": "2018-11-25 12:43:29",
        "payload": "rxnrvxAjSgY=",
        "sf": 7,
        "gwEui": "7276FF003903097D",
        "gwName": "D60",
        "gwRssi": -108,
        "devUplinkCounter": 235
      },
      {
        "devEui": "0018B200000023E6",
        "devAddr": "30014AE9",
        "time": "2018-11-25 12:43:29",
        "payload": "rxnrvxAjSgY=",
        "sf": 7,
        "gwEui": "7276FF0039030977",
        "gwName": "H06",
        "gwRssi": -89,
        "devUplinkCounter": 235
      },
      {
        "devEui": "0018B200000023E6",
        "devAddr": "30014AE9",
        "time": "2018-11-25 12:43:33",
        "payload": "rxnrvxAjSgY=",
        "sf": 8,
        "gwEui": "7276FF0039030A01",
        "gwName": "Loge",
        "gwRssi": -80,
        "devUplinkCounter": 235
      },
      {
        "devEui": "0018B200000023E6",
        "devAddr": "30014AE9",
        "time": "2018-11-25 12:43:33",
        "payload": "rxnrvxAjSgY=",
        "sf": 8,
        "gwEui": "7276FF003903097D",
        "gwName": "D60",
        "gwRssi": -105,
        "devUplinkCounter": 235
      },
      {
        "devEui": "0018B200000023E6",
        "devAddr": "30014AE9",
        "time": "2018-11-25 12:43:33",
        "payload": "rxnrvxAjSgY=",
        "sf": 8,
        "gwEui": "7276FF003903094E",
        "gwName": "K01a",
        "gwRssi": -93,
        "devUplinkCounter": 235
      },
      {
        "devEui": "0018B200000023E6",
        "devAddr": "30014AE9",
        "time": "2018-11-25 12:43:33",
        "payload": "rxnrvxAjSgY=",
        "sf": 8,
        "gwEui": "7276FF00390309F5",
        "gwName": "A02b",
        "gwRssi": -118,
        "devUplinkCounter": 235
      },
      {
        "devEui": "0018B200000023E6",
        "devAddr": "30014AE9",
        "time": "2018-11-25 12:43:33",
        "payload": "rxnrvxAjSgY=",
        "sf": 8,
        "gwEui": "7276FF0039030977",
        "gwName": "H06",
        "gwRssi": -80,
        "devUplinkCounter": 235
      },
      {
        "devEui": "0018B200000023E6",
        "devAddr": "30014AE9",
        "time": "2018-11-25 12:43:33",
        "payload": "rxnrvxAjSgY=",
        "sf": 8,
        "gwEui": "7276FF003903094F",
        "gwName": "F07",
        "gwRssi": -104,
        "devUplinkCounter": 235
      }
    ]
  },
  {
    "Floor": "J",
    "Number": 31,
    "UL1": 1262,
    "UL2": 0,
    "Time": "11/25/2018 12:46:40 PM",
    "Measures": [
      {
        "devEui": "0018B200000023E6",
        "devAddr": "30014AE9",
        "time": "2018-11-25 12:46:41",
        "payload": "rxnuwBAlTgY=",
        "sf": 7,
        "gwEui": "7276FF0039030977",
        "gwName": "H06",
        "gwRssi": -66,
        "devUplinkCounter": 238
      },
      {
        "devEui": "0018B200000023E6",
        "devAddr": "30014AE9",
        "time": "2018-11-25 12:46:41",
        "payload": "rxnuwBAlTgY=",
        "sf": 7,
        "gwEui": "7276FF003903094E",
        "gwName": "K01a",
        "gwRssi": -88,
        "devUplinkCounter": 238
      },
      {
        "devEui": "0018B200000023E6",
        "devAddr": "30014AE9",
        "time": "2018-11-25 12:46:41",
        "payload": "rxnuwBAlTgY=",
        "sf": 7,
        "gwEui": "7276FF003903094F",
        "gwName": "F07",
        "gwRssi": -94,
        "devUplinkCounter": 238
      }
    ]
  },
  {
    "Floor": "J",
    "Number": 32,
    "UL1": 1263,
    "UL2": 0,
    "Time": "11/25/2018 12:46:53 PM",
    "Measures": [
      {
        "devEui": "0018B200000023E6",
        "devAddr": "30014AE9",
        "time": "2018-11-25 12:46:53",
        "payload": "rxnvwRAjTgU=",
        "sf": 7,
        "gwEui": "7276FF0039030977",
        "gwName": "H06",
        "gwRssi": -69,
        "devUplinkCounter": 239
      },
      {
        "devEui": "0018B200000023E6",
        "devAddr": "30014AE9",
        "time": "2018-11-25 12:46:53",
        "payload": "rxnvwRAjTgU=",
        "sf": 7,
        "gwEui": "7276FF003903097C",
        "gwName": "C22",
        "gwRssi": -110,
        "devUplinkCounter": 239
      },
      {
        "devEui": "0018B200000023E6",
        "devAddr": "30014AE9",
        "time": "2018-11-25 12:46:53",
        "payload": "rxnvwRAjTgU=",
        "sf": 7,
        "gwEui": "7276FF003903094E",
        "gwName": "K01a",
        "gwRssi": -90,
        "devUplinkCounter": 239
      },
      {
        "devEui": "0018B200000023E6",
        "devAddr": "30014AE9",
        "time": "2018-11-25 12:46:53",
        "payload": "rxnvwRAjTgU=",
        "sf": 7,
        "gwEui": "7276FF003903094F",
        "gwName": "F07",
        "gwRssi": -105,
        "devUplinkCounter": 239
      }
    ]
  },
  {
    "Floor": "J",
    "Number": 33,
    "UL1": 1264,
    "UL2": 0,
    "Time": "11/25/2018 12:47:10 PM",
    "Measures": [
      {
        "devEui": "0018B200000023E6",
        "devAddr": "30014AE9",
        "time": "2018-11-25 12:47:07",
        "payload": "rxnwwhAlPgY=",
        "sf": 7,
        "gwEui": "7276FF0039030A01",
        "gwName": "Loge",
        "gwRssi": -74,
        "devUplinkCounter": 240
      },
      {
        "devEui": "0018B200000023E6",
        "devAddr": "30014AE9",
        "time": "2018-11-25 12:47:07",
        "payload": "rxnwwhAlPgY=",
        "sf": 7,
        "gwEui": "7276FF003903097C",
        "gwName": "C22",
        "gwRssi": -108,
        "devUplinkCounter": 240
      },
      {
        "devEui": "0018B200000023E6",
        "devAddr": "30014AE9",
        "time": "2018-11-25 12:47:07",
        "payload": "rxnwwhAlPgY=",
        "sf": 7,
        "gwEui": "7276FF003903094F",
        "gwName": "F07",
        "gwRssi": -93,
        "devUplinkCounter": 240
      },
      {
        "devEui": "0018B200000023E6",
        "devAddr": "30014AE9",
        "time": "2018-11-25 12:47:07",
        "payload": "rxnwwhAlPgY=",
        "sf": 7,
        "gwEui": "7276FF0039030977",
        "gwName": "H06",
        "gwRssi": -60,
        "devUplinkCounter": 240
      },
      {
        "devEui": "0018B200000023E6",
        "devAddr": "30014AE9",
        "time": "2018-11-25 12:47:07",
        "payload": "rxnwwhAlPgY=",
        "sf": 7,
        "gwEui": "7276FF003903094E",
        "gwName": "K01a",
        "gwRssi": -80,
        "devUplinkCounter": 240
      }
    ]
  },
  {
    "Floor": "J",
    "Number": 34,
    "UL1": 1265,
    "UL2": 0,
    "Time": "11/25/2018 12:47:23 PM",
    "Measures": [
      {
        "devEui": "0018B200000023E6",
        "devAddr": "30014AE9",
        "time": "2018-11-25 12:46:15",
        "payload": "rxrxwxAkOAY=",
        "sf": 7,
        "gwEui": "7276FF0039030A01",
        "gwName": "Loge",
        "gwRssi": -88,
        "devUplinkCounter": 241
      },
      {
        "devEui": "0018B200000023E6",
        "devAddr": "30014AE9",
        "time": "2018-11-25 12:46:15",
        "payload": "rxrxwxAkOAY=",
        "sf": 7,
        "gwEui": "7276FF003903094E",
        "gwName": "K01a",
        "gwRssi": -96,
        "devUplinkCounter": 241
      },
      {
        "devEui": "0018B200000023E6",
        "devAddr": "30014AE9",
        "time": "2018-11-25 12:46:15",
        "payload": "rxrxwxAkOAY=",
        "sf": 7,
        "gwEui": "7276FF003903094F",
        "gwName": "F07",
        "gwRssi": -95,
        "devUplinkCounter": 241
      },
      {
        "devEui": "0018B200000023E6",
        "devAddr": "30014AE9",
        "time": "2018-11-25 12:46:15",
        "payload": "rxrxwxAkOAY=",
        "sf": 7,
        "gwEui": "7276FF0039030977",
        "gwName": "H06",
        "gwRssi": -63,
        "devUplinkCounter": 241
      }
    ]
  },
  {
    "Floor": "J",
    "Number": 35,
    "UL1": 1266,
    "UL2": 0,
    "Time": "11/25/2018 12:47:41 PM",
    "Measures": [
      {
        "devEui": "0018B200000023E6",
        "devAddr": "30014AE9",
        "time": "2018-11-25 12:47:37",
        "payload": "rxnyxBAiOwc=",
        "sf": 7,
        "gwEui": "7276FF003903094E",
        "gwName": "K01a",
        "gwRssi": -82,
        "devUplinkCounter": 242
      },
      {
        "devEui": "0018B200000023E6",
        "devAddr": "30014AE9",
        "time": "2018-11-25 12:47:37",
        "payload": "rxnyxBAiOwc=",
        "sf": 7,
        "gwEui": "7276FF003903094F",
        "gwName": "F07",
        "gwRssi": -81,
        "devUplinkCounter": 242
      },
      {
        "devEui": "0018B200000023E6",
        "devAddr": "30014AE9",
        "time": "2018-11-25 12:47:37",
        "payload": "rxnyxBAiOwc=",
        "sf": 7,
        "gwEui": "7276FF0039030977",
        "gwName": "H06",
        "gwRssi": -68,
        "devUplinkCounter": 242
      },
      {
        "devEui": "0018B200000023E6",
        "devAddr": "30014AE9",
        "time": "2018-11-25 12:47:37",
        "payload": "rxnyxBAiOwc=",
        "sf": 7,
        "gwEui": "7276FF0039030A01",
        "gwName": "Loge",
        "gwRssi": -65,
        "devUplinkCounter": 242
      },
      {
        "devEui": "0018B200000023E6",
        "devAddr": "30014AE9",
        "time": "2018-11-25 12:47:41",
        "payload": "rxnyxBAiOwc=",
        "sf": 7,
        "gwEui": "7276FF003903094E",
        "gwName": "K01a",
        "gwRssi": -84,
        "devUplinkCounter": 242
      },
      {
        "devEui": "0018B200000023E6",
        "devAddr": "30014AE9",
        "time": "2018-11-25 12:47:41",
        "payload": "rxnyxBAiOwc=",
        "sf": 7,
        "gwEui": "7276FF0039030977",
        "gwName": "H06",
        "gwRssi": -68,
        "devUplinkCounter": 242
      },
      {
        "devEui": "0018B200000023E6",
        "devAddr": "30014AE9",
        "time": "2018-11-25 12:47:41",
        "payload": "rxnyxBAiOwc=",
        "sf": 7,
        "gwEui": "7276FF0039030A01",
        "gwName": "Loge",
        "gwRssi": -69,
        "devUplinkCounter": 242
      },
      {
        "devEui": "0018B200000023E6",
        "devAddr": "30014AE9",
        "time": "2018-11-25 12:47:41",
        "payload": "rxnyxBAiOwc=",
        "sf": 7,
        "gwEui": "7276FF003903094F",
        "gwName": "F07",
        "gwRssi": -81,
        "devUplinkCounter": 242
      }
    ]
  },
  {
    "Floor": "J",
    "Number": 36,
    "UL1": 1268,
    "UL2": 0,
    "Time": "11/25/2018 12:49:16 PM",
    "Measures": [
      {
        "devEui": "0018B200000023E6",
        "devAddr": "30014AE9",
        "time": "2018-11-25 12:49:16",
        "payload": "rxn0xRAjPwY=",
        "sf": 7,
        "gwEui": "7276FF003903094F",
        "gwName": "F07",
        "gwRssi": -106,
        "devUplinkCounter": 244
      },
      {
        "devEui": "0018B200000023E6",
        "devAddr": "30014AE9",
        "time": "2018-11-25 12:49:16",
        "payload": "rxn0xRAjPwY=",
        "sf": 7,
        "gwEui": "7276FF0039030977",
        "gwName": "H06",
        "gwRssi": -87,
        "devUplinkCounter": 244
      },
      {
        "devEui": "0018B200000023E6",
        "devAddr": "30014AE9",
        "time": "2018-11-25 12:49:16",
        "payload": "rxn0xRAjPwY=",
        "sf": 7,
        "gwEui": "7276FF0039030A01",
        "gwName": "Loge",
        "gwRssi": -94,
        "devUplinkCounter": 244
      }
    ]
  },
  {
    "Floor": "J",
    "Number": 37,
    "UL1": 1269,
    "UL2": 0,
    "Time": "11/25/2018 12:49:27 PM",
    "Measures": [
      {
        "devEui": "0018B200000023E6",
        "devAddr": "30014AE9",
        "time": "2018-11-25 12:48:44",
        "payload": "rxr1xhAhSAc=",
        "sf": 7,
        "gwEui": "7276FF003903094F",
        "gwName": "F07",
        "gwRssi": -104,
        "devUplinkCounter": 245
      },
      {
        "devEui": "0018B200000023E6",
        "devAddr": "30014AE9",
        "time": "2018-11-25 12:48:44",
        "payload": "rxr1xhAhSAc=",
        "sf": 7,
        "gwEui": "7276FF003903094E",
        "gwName": "K01a",
        "gwRssi": -106,
        "devUplinkCounter": 245
      },
      {
        "devEui": "0018B200000023E6",
        "devAddr": "30014AE9",
        "time": "2018-11-25 12:48:44",
        "payload": "rxr1xhAhSAc=",
        "sf": 7,
        "gwEui": "7276FF0039030977",
        "gwName": "H06",
        "gwRssi": -76,
        "devUplinkCounter": 245
      },
      {
        "devEui": "0018B200000023E6",
        "devAddr": "30014AE9",
        "time": "2018-11-25 12:48:44",
        "payload": "rxr1xhAhSAc=",
        "sf": 7,
        "gwEui": "7276FF0039030950",
        "gwName": "B40",
        "gwRssi": -106,
        "devUplinkCounter": 245
      }
    ]
  },
  {
    "Floor": "J",
    "Number": 38,
    "UL1": 1270,
    "UL2": 0,
    "Time": "11/25/2018 12:49:41 PM",
    "Measures": [
      {
        "devEui": "0018B200000023E6",
        "devAddr": "30014AE9",
        "time": "2018-11-25 12:48:37",
        "payload": "rxn2xxAiRQc=",
        "sf": 7,
        "gwEui": "7276FF0039030A01",
        "gwName": "Loge",
        "gwRssi": -81,
        "devUplinkCounter": 246
      },
      {
        "devEui": "0018B200000023E6",
        "devAddr": "30014AE9",
        "time": "2018-11-25 12:48:37",
        "payload": "rxn2xxAiRQc=",
        "sf": 7,
        "gwEui": "7276FF0039030977",
        "gwName": "H06",
        "gwRssi": -62,
        "devUplinkCounter": 246
      },
      {
        "devEui": "0018B200000023E6",
        "devAddr": "30014AE9",
        "time": "2018-11-25 12:48:37",
        "payload": "rxn2xxAiRQc=",
        "sf": 7,
        "gwEui": "7276FF003903094E",
        "gwName": "K01a",
        "gwRssi": -104,
        "devUplinkCounter": 246
      },
      {
        "devEui": "0018B200000023E6",
        "devAddr": "30014AE9",
        "time": "2018-11-25 12:48:37",
        "payload": "rxn2xxAiRQc=",
        "sf": 7,
        "gwEui": "7276FF003903094F",
        "gwName": "F07",
        "gwRssi": -97,
        "devUplinkCounter": 246
      }
    ]
  },
  {
    "Floor": "J",
    "Number": 39,
    "UL1": 1271,
    "UL2": 0,
    "Time": "11/25/2018 12:51:12 PM",
    "Measures": [
      {
        "devEui": "0018B200000023E6",
        "devAddr": "30014AE9",
        "time": "2018-11-25 12:51:10",
        "payload": "rxn3yBAiPgY=",
        "sf": 7,
        "gwEui": "7276FF0039030977",
        "gwName": "H06",
        "gwRssi": -54,
        "devUplinkCounter": 247
      },
      {
        "devEui": "0018B200000023E6",
        "devAddr": "30014AE9",
        "time": "2018-11-25 12:51:10",
        "payload": "rxn3yBAiPgY=",
        "sf": 7,
        "gwEui": "7276FF003903094F",
        "gwName": "F07",
        "gwRssi": -79,
        "devUplinkCounter": 247
      },
      {
        "devEui": "0018B200000023E6",
        "devAddr": "30014AE9",
        "time": "2018-11-25 12:51:10",
        "payload": "rxn3yBAiPgY=",
        "sf": 7,
        "gwEui": "7276FF003903094E",
        "gwName": "K01a",
        "gwRssi": -92,
        "devUplinkCounter": 247
      },
      {
        "devEui": "0018B200000023E6",
        "devAddr": "30014AE9",
        "time": "2018-11-25 12:51:10",
        "payload": "rxn3yBAiPgY=",
        "sf": 7,
        "gwEui": "7276FF0039030A01",
        "gwName": "Loge",
        "gwRssi": -76,
        "devUplinkCounter": 247
      }
    ]
  },
  {
    "Floor": "J",
    "Number": 40,
    "UL1": 1272,
    "UL2": 0,
    "Time": "11/25/2018 12:51:26 PM",
    "Measures": [
      {
        "devEui": "0018B200000023E6",
        "devAddr": "30014AE9",
        "time": "2018-11-25 12:51:23",
        "payload": "rxn4yRAhOQY=",
        "sf": 7,
        "gwEui": "7276FF003903094F",
        "gwName": "F07",
        "gwRssi": -90,
        "devUplinkCounter": 248
      },
      {
        "devEui": "0018B200000023E6",
        "devAddr": "30014AE9",
        "time": "2018-11-25 12:51:23",
        "payload": "rxn4yRAhOQY=",
        "sf": 7,
        "gwEui": "7276FF003903094E",
        "gwName": "K01a",
        "gwRssi": -95,
        "devUplinkCounter": 248
      },
      {
        "devEui": "0018B200000023E6",
        "devAddr": "30014AE9",
        "time": "2018-11-25 12:51:23",
        "payload": "rxn4yRAhOQY=",
        "sf": 7,
        "gwEui": "7276FF0039030A01",
        "gwName": "Loge",
        "gwRssi": -76,
        "devUplinkCounter": 248
      },
      {
        "devEui": "0018B200000023E6",
        "devAddr": "30014AE9",
        "time": "2018-11-25 12:51:23",
        "payload": "rxn4yRAhOQY=",
        "sf": 7,
        "gwEui": "7276FF0039030977",
        "gwName": "H06",
        "gwRssi": -46,
        "devUplinkCounter": 248
      }
    ]
  },
  {
    "Floor": "J",
    "Number": 41,
    "UL1": 1273,
    "UL2": 0,
    "Time": "11/25/2018 12:51:40 PM",
    "Measures": [
      {
        "devEui": "0018B200000023E6",
        "devAddr": "30014AE9",
        "time": "2018-11-25 12:51:38",
        "payload": "rxn5yhAhKgc=",
        "sf": 7,
        "gwEui": "7276FF003903094E",
        "gwName": "K01a",
        "gwRssi": -110,
        "devUplinkCounter": 249
      },
      {
        "devEui": "0018B200000023E6",
        "devAddr": "30014AE9",
        "time": "2018-11-25 12:51:38",
        "payload": "rxn5yhAhKgc=",
        "sf": 7,
        "gwEui": "7276FF0039030977",
        "gwName": "H06",
        "gwRssi": -50,
        "devUplinkCounter": 249
      },
      {
        "devEui": "0018B200000023E6",
        "devAddr": "30014AE9",
        "time": "2018-11-25 12:51:38",
        "payload": "rxn5yhAhKgc=",
        "sf": 7,
        "gwEui": "7276FF003903094F",
        "gwName": "F07",
        "gwRssi": -81,
        "devUplinkCounter": 249
      },
      {
        "devEui": "0018B200000023E6",
        "devAddr": "30014AE9",
        "time": "2018-11-25 12:51:38",
        "payload": "rxn5yhAhKgc=",
        "sf": 7,
        "gwEui": "7276FF0039030A01",
        "gwName": "Loge",
        "gwRssi": -77,
        "devUplinkCounter": 249
      }
    ]
  },
  {
    "Floor": "J",
    "Number": 42,
    "UL1": 1274,
    "UL2": 0,
    "Time": "11/25/2018 12:52:00 PM",
    "Measures": [
      {
        "devEui": "0018B200000023E6",
        "devAddr": "30014AE9",
        "time": "2018-11-25 12:50:53",
        "payload": "rxn6yxAgMQY=",
        "sf": 7,
        "gwEui": "7276FF0039030977",
        "gwName": "H06",
        "gwRssi": -56,
        "devUplinkCounter": 250
      },
      {
        "devEui": "0018B200000023E6",
        "devAddr": "30014AE9",
        "time": "2018-11-25 12:50:53",
        "payload": "rxn6yxAgMQY=",
        "sf": 7,
        "gwEui": "7276FF003903094E",
        "gwName": "K01a",
        "gwRssi": -101,
        "devUplinkCounter": 250
      },
      {
        "devEui": "0018B200000023E6",
        "devAddr": "30014AE9",
        "time": "2018-11-25 12:50:53",
        "payload": "rxn6yxAgMQY=",
        "sf": 7,
        "gwEui": "7276FF003903094F",
        "gwName": "F07",
        "gwRssi": -83,
        "devUplinkCounter": 250
      }
    ]
  },
  {
    "Floor": "J",
    "Number": 43,
    "UL1": 1275,
    "UL2": 0,
    "Time": "11/25/2018 12:52:19 PM",
    "Measures": [
      {
        "devEui": "0018B200000023E6",
        "devAddr": "30014AE9",
        "time": "2018-11-25 12:51:12",
        "payload": "rxn7zBAgNAc=",
        "sf": 7,
        "gwEui": "7276FF003903094F",
        "gwName": "F07",
        "gwRssi": -93,
        "devUplinkCounter": 251
      },
      {
        "devEui": "0018B200000023E6",
        "devAddr": "30014AE9",
        "time": "2018-11-25 12:51:12",
        "payload": "rxn7zBAgNAc=",
        "sf": 7,
        "gwEui": "7276FF003903094E",
        "gwName": "K01a",
        "gwRssi": -93,
        "devUplinkCounter": 251
      },
      {
        "devEui": "0018B200000023E6",
        "devAddr": "30014AE9",
        "time": "2018-11-25 12:51:12",
        "payload": "rxn7zBAgNAc=",
        "sf": 7,
        "gwEui": "7276FF0039030A01",
        "gwName": "Loge",
        "gwRssi": -78,
        "devUplinkCounter": 251
      },
      {
        "devEui": "0018B200000023E6",
        "devAddr": "30014AE9",
        "time": "2018-11-25 12:51:12",
        "payload": "rxn7zBAgNAc=",
        "sf": 7,
        "gwEui": "7276FF0039030977",
        "gwName": "H06",
        "gwRssi": -59,
        "devUplinkCounter": 251
      }
    ]
  },
  {
    "Floor": "J",
    "Number": 44,
    "UL1": 1276,
    "UL2": 0,
    "Time": "11/25/2018 12:54:12 PM",
    "Measures": [
      {
        "devEui": "0018B200000023E6",
        "devAddr": "30014AE9",
        "time": "2018-11-25 12:54:10",
        "payload": "rxn8zRAfNgc=",
        "sf": 7,
        "gwEui": "7276FF003903094F",
        "gwName": "F07",
        "gwRssi": -79,
        "devUplinkCounter": 252
      },
      {
        "devEui": "0018B200000023E6",
        "devAddr": "30014AE9",
        "time": "2018-11-25 12:54:10",
        "payload": "rxn8zRAfNgc=",
        "sf": 7,
        "gwEui": "7276FF0039030977",
        "gwName": "H06",
        "gwRssi": -72,
        "devUplinkCounter": 252
      },
      {
        "devEui": "0018B200000023E6",
        "devAddr": "30014AE9",
        "time": "2018-11-25 12:54:10",
        "payload": "rxn8zRAfNgc=",
        "sf": 7,
        "gwEui": "7276FF003903094E",
        "gwName": "K01a",
        "gwRssi": -88,
        "devUplinkCounter": 252
      }
    ]
  },
  {
    "Floor": "J",
    "Number": 45,
    "UL1": 1277,
    "UL2": 0,
    "Time": "11/25/2018 12:54:21 PM",
    "Measures": [
      {
        "devEui": "0018B200000023E6",
        "devAddr": "30014AE9",
        "time": "2018-11-25 12:54:19",
        "payload": "rxj9zhAgPQY=",
        "sf": 7,
        "gwEui": "7276FF003903094E",
        "gwName": "K01a",
        "gwRssi": -86,
        "devUplinkCounter": 253
      },
      {
        "devEui": "0018B200000023E6",
        "devAddr": "30014AE9",
        "time": "2018-11-25 12:54:19",
        "payload": "rxj9zhAgPQY=",
        "sf": 7,
        "gwEui": "7276FF003903094F",
        "gwName": "F07",
        "gwRssi": -78,
        "devUplinkCounter": 253
      },
      {
        "devEui": "0018B200000023E6",
        "devAddr": "30014AE9",
        "time": "2018-11-25 12:54:19",
        "payload": "rxj9zhAgPQY=",
        "sf": 7,
        "gwEui": "7276FF0039030977",
        "gwName": "H06",
        "gwRssi": -64,
        "devUplinkCounter": 253
      }
    ]
  },
  {
    "Floor": "J",
    "Number": 46,
    "UL1": 1278,
    "UL2": 0,
    "Time": "11/25/2018 12:54:52 PM",
    "Measures": [
      {
        "devEui": "0018B200000023E6",
        "devAddr": "30014AE9",
        "time": "2018-11-25 12:54:49",
        "payload": "rxn+zxAfMgc=",
        "sf": 7,
        "gwEui": "7276FF003903094F",
        "gwName": "F07",
        "gwRssi": -85,
        "devUplinkCounter": 254
      },
      {
        "devEui": "0018B200000023E6",
        "devAddr": "30014AE9",
        "time": "2018-11-25 12:54:49",
        "payload": "rxn+zxAfMgc=",
        "sf": 7,
        "gwEui": "7276FF0039030977",
        "gwName": "H06",
        "gwRssi": -59,
        "devUplinkCounter": 254
      },
      {
        "devEui": "0018B200000023E6",
        "devAddr": "30014AE9",
        "time": "2018-11-25 12:54:49",
        "payload": "rxn+zxAfMgc=",
        "sf": 7,
        "gwEui": "7276FF003903094E",
        "gwName": "K01a",
        "gwRssi": -84,
        "devUplinkCounter": 254
      },
      {
        "devEui": "0018B200000023E6",
        "devAddr": "30014AE9",
        "time": "2018-11-25 12:54:49",
        "payload": "rxn+zxAfMgc=",
        "sf": 7,
        "gwEui": "7276FF0039030A01",
        "gwName": "Loge",
        "gwRssi": -93,
        "devUplinkCounter": 254
      }
    ]
  },
  {
    "Floor": "J",
    "Number": 47,
    "UL1": 1279,
    "UL2": 0,
    "Time": "11/25/2018 12:55:14 PM",
    "Measures": [
      {
        "devEui": "0018B200000023E6",
        "devAddr": "30014AE9",
        "time": "2018-11-25 12:55:11",
        "payload": "rxj/0BAfNgY=",
        "sf": 7,
        "gwEui": "7276FF003903094F",
        "gwName": "F07",
        "gwRssi": -78,
        "devUplinkCounter": 255
      },
      {
        "devEui": "0018B200000023E6",
        "devAddr": "30014AE9",
        "time": "2018-11-25 12:55:11",
        "payload": "rxj/0BAfNgY=",
        "sf": 7,
        "gwEui": "7276FF0039030977",
        "gwName": "H06",
        "gwRssi": -57,
        "devUplinkCounter": 255
      },
      {
        "devEui": "0018B200000023E6",
        "devAddr": "30014AE9",
        "time": "2018-11-25 12:55:11",
        "payload": "rxj/0BAfNgY=",
        "sf": 7,
        "gwEui": "7276FF003903094E",
        "gwName": "K01a",
        "gwRssi": -92,
        "devUplinkCounter": 255
      }
    ]
  },
  {
    "Floor": "J",
    "Number": 48,
    "UL1": 1280,
    "UL2": 0,
    "Time": "11/25/2018 12:55:28 PM",
    "Measures": [
      {
        "devEui": "0018B200000023E6",
        "devAddr": "30014AE9",
        "time": "2018-11-25 12:55:26",
        "payload": "rxkAARAfNgY=",
        "sf": 7,
        "gwEui": "7276FF0039030977",
        "gwName": "H06",
        "gwRssi": -43,
        "devUplinkCounter": 0
      },
      {
        "devEui": "0018B200000023E6",
        "devAddr": "30014AE9",
        "time": "2018-11-25 12:55:26",
        "payload": "rxkAARAfNgY=",
        "sf": 7,
        "gwEui": "7276FF003903094F",
        "gwName": "F07",
        "gwRssi": -87,
        "devUplinkCounter": 0
      },
      {
        "devEui": "0018B200000023E6",
        "devAddr": "30014AE9",
        "time": "2018-11-25 12:55:26",
        "payload": "rxkAARAfNgY=",
        "sf": 7,
        "gwEui": "7276FF003903094E",
        "gwName": "K01a",
        "gwRssi": -88,
        "devUplinkCounter": 0
      },
      {
        "devEui": "0018B200000023E6",
        "devAddr": "30014AE9",
        "time": "2018-11-25 12:55:26",
        "payload": "rxkAARAfNgY=",
        "sf": 7,
        "gwEui": "7276FF0039030A01",
        "gwName": "Loge",
        "gwRssi": -77,
        "devUplinkCounter": 0
      }
    ]
  },
  {
    "Floor": "J",
    "Number": 49,
    "UL1": 1281,
    "UL2": 0,
    "Time": "11/25/2018 12:55:39 PM",
    "Measures": [
      {
        "devEui": "0018B200000023E6",
        "devAddr": "30014AE9",
        "time": "2018-11-25 12:55:37",
        "payload": "rxkBAhAeKgc=",
        "sf": 7,
        "gwEui": "7276FF0039030977",
        "gwName": "H06",
        "gwRssi": -54,
        "devUplinkCounter": 1
      },
      {
        "devEui": "0018B200000023E6",
        "devAddr": "30014AE9",
        "time": "2018-11-25 12:55:37",
        "payload": "rxkBAhAeKgc=",
        "sf": 7,
        "gwEui": "7276FF003903094F",
        "gwName": "F07",
        "gwRssi": -77,
        "devUplinkCounter": 1
      },
      {
        "devEui": "0018B200000023E6",
        "devAddr": "30014AE9",
        "time": "2018-11-25 12:55:37",
        "payload": "rxkBAhAeKgc=",
        "sf": 7,
        "gwEui": "7276FF003903094E",
        "gwName": "K01a",
        "gwRssi": -95,
        "devUplinkCounter": 1
      },
      {
        "devEui": "0018B200000023E6",
        "devAddr": "30014AE9",
        "time": "2018-11-25 12:55:37",
        "payload": "rxkBAhAeKgc=",
        "sf": 7,
        "gwEui": "7276FF0039030A01",
        "gwName": "Loge",
        "gwRssi": -82,
        "devUplinkCounter": 1
      }
    ]
  },
  {
    "Floor": "J",
    "Number": 50,
    "UL1": 1282,
    "UL2": 0,
    "Time": "11/25/2018 12:55:55 PM",
    "Measures": [
      {
        "devEui": "0018B200000023E6",
        "devAddr": "30014AE9",
        "time": "2018-11-25 12:55:53",
        "payload": "rxkCAxAfNAU=",
        "sf": 7,
        "gwEui": "7276FF003903094F",
        "gwName": "F07",
        "gwRssi": -71,
        "devUplinkCounter": 2
      },
      {
        "devEui": "0018B200000023E6",
        "devAddr": "30014AE9",
        "time": "2018-11-25 12:55:53",
        "payload": "rxkCAxAfNAU=",
        "sf": 7,
        "gwEui": "7276FF003903094E",
        "gwName": "K01a",
        "gwRssi": -83,
        "devUplinkCounter": 2
      },
      {
        "devEui": "0018B200000023E6",
        "devAddr": "30014AE9",
        "time": "2018-11-25 12:55:53",
        "payload": "rxkCAxAfNAU=",
        "sf": 7,
        "gwEui": "7276FF0039030977",
        "gwName": "H06",
        "gwRssi": -49,
        "devUplinkCounter": 2
      }
    ]
  },
  {
    "Floor": "J",
    "Number": 51,
    "UL1": 1283,
    "UL2": 0,
    "Time": "11/25/2018 12:57:09 PM",
    "Measures": [
      {
        "devEui": "0018B200000023E6",
        "devAddr": "30014AE9",
        "time": "2018-11-25 12:57:04",
        "payload": "rxkDBBAdMwU=",
        "sf": 7,
        "gwEui": "7276FF0039030A01",
        "gwName": "Loge",
        "gwRssi": -71,
        "devUplinkCounter": 3
      },
      {
        "devEui": "0018B200000023E6",
        "devAddr": "30014AE9",
        "time": "2018-11-25 12:57:04",
        "payload": "rxkDBBAdMwU=",
        "sf": 7,
        "gwEui": "7276FF003903094F",
        "gwName": "F07",
        "gwRssi": -107,
        "devUplinkCounter": 3
      },
      {
        "devEui": "0018B200000023E6",
        "devAddr": "30014AE9",
        "time": "2018-11-25 12:57:04",
        "payload": "rxkDBBAdMwU=",
        "sf": 7,
        "gwEui": "7276FF003903094E",
        "gwName": "K01a",
        "gwRssi": -88,
        "devUplinkCounter": 3
      },
      {
        "devEui": "0018B200000023E6",
        "devAddr": "30014AE9",
        "time": "2018-11-25 12:57:09",
        "payload": "rxkDBBAdMwU=",
        "sf": 7,
        "gwEui": "7276FF003903094E",
        "gwName": "K01a",
        "gwRssi": -82,
        "devUplinkCounter": 3
      },
      {
        "devEui": "0018B200000023E6",
        "devAddr": "30014AE9",
        "time": "2018-11-25 12:57:09",
        "payload": "rxkDBBAdMwU=",
        "sf": 7,
        "gwEui": "7276FF0039030977",
        "gwName": "H06",
        "gwRssi": -59,
        "devUplinkCounter": 3
      },
      {
        "devEui": "0018B200000023E6",
        "devAddr": "30014AE9",
        "time": "2018-11-25 12:57:09",
        "payload": "rxkDBBAdMwU=",
        "sf": 7,
        "gwEui": "7276FF0039030A01",
        "gwName": "Loge",
        "gwRssi": -74,
        "devUplinkCounter": 3
      },
      {
        "devEui": "0018B200000023E6",
        "devAddr": "30014AE9",
        "time": "2018-11-25 12:57:09",
        "payload": "rxkDBBAdMwU=",
        "sf": 7,
        "gwEui": "7276FF003903094F",
        "gwName": "F07",
        "gwRssi": -96,
        "devUplinkCounter": 3
      }
    ]
  },
  {
    "Floor": "J",
    "Number": 52,
    "UL1": 1284,
    "UL2": 0,
    "Time": "11/25/2018 12:57:09 PM",
    "Measures": []
  },
  {
    "Floor": "J",
    "Number": 53,
    "UL1": 1286,
    "UL2": 0,
    "Time": "11/25/2018 12:58:00 PM",
    "Measures": [
      {
        "devEui": "0018B200000023E6",
        "devAddr": "30014AE9",
        "time": "2018-11-25 12:57:57",
        "payload": "rxkGBhAeOAY=",
        "sf": 7,
        "gwEui": "7276FF003903094E",
        "gwName": "K01a",
        "gwRssi": -83,
        "devUplinkCounter": 6
      },
      {
        "devEui": "0018B200000023E6",
        "devAddr": "30014AE9",
        "time": "2018-11-25 12:57:57",
        "payload": "rxkGBhAeOAY=",
        "sf": 7,
        "gwEui": "7276FF003903097D",
        "gwName": "D60",
        "gwRssi": -114,
        "devUplinkCounter": 6
      },
      {
        "devEui": "0018B200000023E6",
        "devAddr": "30014AE9",
        "time": "2018-11-25 12:57:57",
        "payload": "rxkGBhAeOAY=",
        "sf": 7,
        "gwEui": "7276FF0039030977",
        "gwName": "H06",
        "gwRssi": -66,
        "devUplinkCounter": 6
      },
      {
        "devEui": "0018B200000023E6",
        "devAddr": "30014AE9",
        "time": "2018-11-25 12:57:57",
        "payload": "rxkGBhAeOAY=",
        "sf": 7,
        "gwEui": "7276FF003903094F",
        "gwName": "F07",
        "gwRssi": -103,
        "devUplinkCounter": 6
      }
    ]
  },
  {
    "Floor": "J",
    "Number": 54,
    "UL1": 1287,
    "UL2": 0,
    "Time": "11/25/2018 12:58:12 PM",
    "Measures": [
      {
        "devEui": "0018B200000023E6",
        "devAddr": "30014AE9",
        "time": "2018-11-25 12:58:09",
        "payload": "rxkHBxAcPwU=",
        "sf": 7,
        "gwEui": "7276FF0039030977",
        "gwName": "H06",
        "gwRssi": -69,
        "devUplinkCounter": 7
      },
      {
        "devEui": "0018B200000023E6",
        "devAddr": "30014AE9",
        "time": "2018-11-25 12:58:09",
        "payload": "rxkHBxAcPwU=",
        "sf": 7,
        "gwEui": "7276FF003903094F",
        "gwName": "F07",
        "gwRssi": -91,
        "devUplinkCounter": 7
      },
      {
        "devEui": "0018B200000023E6",
        "devAddr": "30014AE9",
        "time": "2018-11-25 12:58:09",
        "payload": "rxkHBxAcPwU=",
        "sf": 7,
        "gwEui": "7276FF003903094E",
        "gwName": "K01a",
        "gwRssi": -88,
        "devUplinkCounter": 7
      }
    ]
  },
  {
    "Floor": "J",
    "Number": 55,
    "UL1": 1289,
    "UL2": 0,
    "Time": "11/25/2018 12:59:14 PM",
    "Measures": [
      {
        "devEui": "0018B200000023E6",
        "devAddr": "30014AE9",
        "time": "2018-11-25 12:59:08",
        "payload": "rxkJCRAePgc=",
        "sf": 7,
        "gwEui": "7276FF0039030977",
        "gwName": "H06",
        "gwRssi": -70,
        "devUplinkCounter": 9
      },
      {
        "devEui": "0018B200000023E6",
        "devAddr": "30014AE9",
        "time": "2018-11-25 12:59:08",
        "payload": "rxkJCRAePgc=",
        "sf": 7,
        "gwEui": "7276FF003903094E",
        "gwName": "K01a",
        "gwRssi": -71,
        "devUplinkCounter": 9
      },
      {
        "devEui": "0018B200000023E6",
        "devAddr": "30014AE9",
        "time": "2018-11-25 12:59:08",
        "payload": "rxkJCRAePgc=",
        "sf": 7,
        "gwEui": "7276FF0039030A01",
        "gwName": "Loge",
        "gwRssi": -79,
        "devUplinkCounter": 9
      },
      {
        "devEui": "0018B200000023E6",
        "devAddr": "30014AE9",
        "time": "2018-11-25 12:59:08",
        "payload": "rxkJCRAePgc=",
        "sf": 7,
        "gwEui": "7276FF003903094F",
        "gwName": "F07",
        "gwRssi": -83,
        "devUplinkCounter": 9
      }
    ]
  },
  {
    "Floor": "J",
    "Number": 56,
    "UL1": 1290,
    "UL2": 0,
    "Time": "11/25/2018 12:59:27 PM",
    "Measures": [
      {
        "devEui": "0018B200000023E6",
        "devAddr": "30014AE9",
        "time": "2018-11-25 12:59:24",
        "payload": "rxkKChAbQQY=",
        "sf": 7,
        "gwEui": "7276FF0039030A01",
        "gwName": "Loge",
        "gwRssi": -93,
        "devUplinkCounter": 10
      },
      {
        "devEui": "0018B200000023E6",
        "devAddr": "30014AE9",
        "time": "2018-11-25 12:59:24",
        "payload": "rxkKChAbQQY=",
        "sf": 7,
        "gwEui": "7276FF003903094E",
        "gwName": "K01a",
        "gwRssi": -77,
        "devUplinkCounter": 10
      },
      {
        "devEui": "0018B200000023E6",
        "devAddr": "30014AE9",
        "time": "2018-11-25 12:59:24",
        "payload": "rxkKChAbQQY=",
        "sf": 7,
        "gwEui": "7276FF0039030977",
        "gwName": "H06",
        "gwRssi": -80,
        "devUplinkCounter": 10
      },
      {
        "devEui": "0018B200000023E6",
        "devAddr": "30014AE9",
        "time": "2018-11-25 12:59:24",
        "payload": "rxkKChAbQQY=",
        "sf": 7,
        "gwEui": "7276FF003903094F",
        "gwName": "F07",
        "gwRssi": -94,
        "devUplinkCounter": 10
      }
    ]
  },
  {
    "Floor": "J",
    "Number": 57,
    "UL1": 1291,
    "UL2": 0,
    "Time": "11/25/2018 12:59:38 PM",
    "Measures": [
      {
        "devEui": "0018B200000023E6",
        "devAddr": "30014AE9",
        "time": "2018-11-25 12:59:36",
        "payload": "rxgLCxAbPgY=",
        "sf": 7,
        "gwEui": "7276FF003903094F",
        "gwName": "F07",
        "gwRssi": -93,
        "devUplinkCounter": 11
      },
      {
        "devEui": "0018B200000023E6",
        "devAddr": "30014AE9",
        "time": "2018-11-25 12:59:36",
        "payload": "rxgLCxAbPgY=",
        "sf": 7,
        "gwEui": "7276FF0039030977",
        "gwName": "H06",
        "gwRssi": -71,
        "devUplinkCounter": 11
      },
      {
        "devEui": "0018B200000023E6",
        "devAddr": "30014AE9",
        "time": "2018-11-25 12:59:36",
        "payload": "rxgLCxAbPgY=",
        "sf": 7,
        "gwEui": "7276FF003903094E",
        "gwName": "K01a",
        "gwRssi": -62,
        "devUplinkCounter": 11
      }
    ]
  },
  {
    "Floor": "J",
    "Number": 58,
    "UL1": 1292,
    "UL2": 0,
    "Time": "11/25/2018 12:59:50 PM",
    "Measures": [
      {
        "devEui": "0018B200000023E6",
        "devAddr": "30014AE9",
        "time": "2018-11-25 12:59:48",
        "payload": "rxkMDBAbNwU=",
        "sf": 7,
        "gwEui": "7276FF003903094F",
        "gwName": "F07",
        "gwRssi": -82,
        "devUplinkCounter": 12
      },
      {
        "devEui": "0018B200000023E6",
        "devAddr": "30014AE9",
        "time": "2018-11-25 12:59:48",
        "payload": "rxkMDBAbNwU=",
        "sf": 7,
        "gwEui": "7276FF003903094E",
        "gwName": "K01a",
        "gwRssi": -66,
        "devUplinkCounter": 12
      },
      {
        "devEui": "0018B200000023E6",
        "devAddr": "30014AE9",
        "time": "2018-11-25 12:59:48",
        "payload": "rxkMDBAbNwU=",
        "sf": 7,
        "gwEui": "7276FF0039030977",
        "gwName": "H06",
        "gwRssi": -82,
        "devUplinkCounter": 12
      },
      {
        "devEui": "0018B200000023E6",
        "devAddr": "30014AE9",
        "time": "2018-11-25 12:59:48",
        "payload": "rxkMDBAbNwU=",
        "sf": 7,
        "gwEui": "7276FF0039030A01",
        "gwName": "Loge",
        "gwRssi": -92,
        "devUplinkCounter": 12
      }
    ]
  },
  {
    "Floor": "J",
    "Number": 59,
    "UL1": 1293,
    "UL2": 0,
    "Time": "11/25/2018 1:00:03 PM",
    "Measures": [
      {
        "devEui": "0018B200000023E6",
        "devAddr": "30014AE9",
        "time": "2018-11-25 13:00:00",
        "payload": "rxkNDRAcOwY=",
        "sf": 7,
        "gwEui": "7276FF0039030977",
        "gwName": "H06",
        "gwRssi": -78,
        "devUplinkCounter": 13
      },
      {
        "devEui": "0018B200000023E6",
        "devAddr": "30014AE9",
        "time": "2018-11-25 13:00:00",
        "payload": "rxkNDRAcOwY=",
        "sf": 7,
        "gwEui": "7276FF0039030A01",
        "gwName": "Loge",
        "gwRssi": -101,
        "devUplinkCounter": 13
      },
      {
        "devEui": "0018B200000023E6",
        "devAddr": "30014AE9",
        "time": "2018-11-25 13:00:00",
        "payload": "rxkNDRAcOwY=",
        "sf": 7,
        "gwEui": "7276FF003903094F",
        "gwName": "F07",
        "gwRssi": -107,
        "devUplinkCounter": 13
      },
      {
        "devEui": "0018B200000023E6",
        "devAddr": "30014AE9",
        "time": "2018-11-25 13:00:00",
        "payload": "rxkNDRAcOwY=",
        "sf": 7,
        "gwEui": "7276FF003903094E",
        "gwName": "K01a",
        "gwRssi": -52,
        "devUplinkCounter": 13
      }
    ]
  },
  {
    "Floor": "J",
    "Number": 60,
    "UL1": 1294,
    "UL2": 0,
    "Time": "11/25/2018 1:00:14 PM",
    "Measures": [
      {
        "devEui": "0018B200000023E6",
        "devAddr": "30014AE9",
        "time": "2018-11-25 13:00:12",
        "payload": "rxkODhAaMgY=",
        "sf": 7,
        "gwEui": "7276FF003903094E",
        "gwName": "K01a",
        "gwRssi": -62,
        "devUplinkCounter": 14
      },
      {
        "devEui": "0018B200000023E6",
        "devAddr": "30014AE9",
        "time": "2018-11-25 13:00:12",
        "payload": "rxkODhAaMgY=",
        "sf": 7,
        "gwEui": "7276FF0039030977",
        "gwName": "H06",
        "gwRssi": -83,
        "devUplinkCounter": 14
      },
      {
        "devEui": "0018B200000023E6",
        "devAddr": "30014AE9",
        "time": "2018-11-25 13:00:12",
        "payload": "rxkODhAaMgY=",
        "sf": 7,
        "gwEui": "7276FF003903094F",
        "gwName": "F07",
        "gwRssi": -97,
        "devUplinkCounter": 14
      }
    ]
  },
  {
    "Floor": "J",
    "Number": 61,
    "UL1": 1295,
    "UL2": 0,
    "Time": "11/25/2018 1:00:25 PM",
    "Measures": [
      {
        "devEui": "0018B200000023E6",
        "devAddr": "30014AE9",
        "time": "2018-11-25 13:00:21",
        "payload": "rxkPDxAZPwU=",
        "sf": 7,
        "gwEui": "7276FF003903094E",
        "gwName": "K01a",
        "gwRssi": -76,
        "devUplinkCounter": 15
      },
      {
        "devEui": "0018B200000023E6",
        "devAddr": "30014AE9",
        "time": "2018-11-25 13:00:21",
        "payload": "rxkPDxAZPwU=",
        "sf": 7,
        "gwEui": "7276FF0039030977",
        "gwName": "H06",
        "gwRssi": -106,
        "devUplinkCounter": 15
      },
      {
        "devEui": "0018B200000023E6",
        "devAddr": "30014AE9",
        "time": "2018-11-25 13:00:21",
        "payload": "rxkPDxAZPwU=",
        "sf": 7,
        "gwEui": "7276FF0039030A01",
        "gwName": "Loge",
        "gwRssi": -107,
        "devUplinkCounter": 15
      },
      {
        "devEui": "0018B200000023E6",
        "devAddr": "30014AE9",
        "time": "2018-11-25 13:00:21",
        "payload": "rxkPDxAZPwU=",
        "sf": 7,
        "gwEui": "7276FF003903094F",
        "gwName": "F07",
        "gwRssi": -99,
        "devUplinkCounter": 15
      }
    ]
  }
]