﻿[
  {
    "Floor": "C",
    "Number": 1,
    "UL1": 308,
    "UL2": 0,
    "Time": "11/22/2018 4:58:01 PM",
    "Measures": [
      {
        "devEui": "0018B200000023E6",
        "devAddr": "30014AE9",
        "time": "2018-11-22 16:57:50",
        "payload": "rxg0Mw54a/0=",
        "sf": 7,
        "gwEui": "7276FF003903097D",
        "gwName": "D60",
        "gwRssi": -113,
        "devUplinkCounter": 52
      },
      {
        "devEui": "0018B200000023E6",
        "devAddr": "30014AE9",
        "time": "2018-11-22 16:57:50",
        "payload": "rxg0Mw54a/0=",
        "sf": 7,
        "gwEui": "7276FF00390309F5",
        "gwName": "A02b",
        "gwRssi": -107,
        "devUplinkCounter": 52
      },
      {
        "devEui": "0018B200000023E6",
        "devAddr": "30014AE9",
        "time": "2018-11-22 16:57:54",
        "payload": "rxg0Mw54a/0=",
        "sf": 7,
        "gwEui": "7276FF00390309F5",
        "gwName": "A02b",
        "gwRssi": -104,
        "devUplinkCounter": 52
      },
      {
        "devEui": "0018B200000023E6",
        "devAddr": "30014AE9",
        "time": "2018-11-22 16:57:54",
        "payload": "rxg0Mw54a/0=",
        "sf": 7,
        "gwEui": "7276FF003903097D",
        "gwName": "D60",
        "gwRssi": -112,
        "devUplinkCounter": 52
      },
      {
        "devEui": "0018B200000023E6",
        "devAddr": "30014AE9",
        "time": "2018-11-22 16:57:54",
        "payload": "rxg0Mw54a/0=",
        "sf": 7,
        "gwEui": "7276FF003903097C",
        "gwName": "C22",
        "gwRssi": -112,
        "devUplinkCounter": 52
      }
    ]
  },
  {
    "Floor": "C",
    "Number": 2,
    "UL1": 310,
    "UL2": 0,
    "Time": "11/22/2018 4:58:21 PM",
    "Measures": [
      {
        "devEui": "0018B200000023E6",
        "devAddr": "30014AE9",
        "time": "2018-11-22 16:58:14",
        "payload": "rxc2NA53VwY=",
        "sf": 7,
        "gwEui": "7276FF003903097D",
        "gwName": "D60",
        "gwRssi": -112,
        "devUplinkCounter": 54
      },
      {
        "devEui": "0018B200000023E6",
        "devAddr": "30014AE9",
        "time": "2018-11-22 16:58:14",
        "payload": "rxc2NA53VwY=",
        "sf": 7,
        "gwEui": "7276FF00390309F5",
        "gwName": "A02b",
        "gwRssi": -117,
        "devUplinkCounter": 54
      },
      {
        "devEui": "0018B200000023E6",
        "devAddr": "30014AE9",
        "time": "2018-11-22 16:58:14",
        "payload": "rxc2NA53VwY=",
        "sf": 7,
        "gwEui": "7276FF003903097C",
        "gwName": "C22",
        "gwRssi": -107,
        "devUplinkCounter": 54
      }
    ]
  },
  {
    "Floor": "C",
    "Number": 3,
    "UL1": 311,
    "UL2": 0,
    "Time": "11/22/2018 4:58:39 PM",
    "Measures": [
      {
        "devEui": "0018B200000023E6",
        "devAddr": "30014AE9",
        "time": "2018-11-22 16:57:16",
        "payload": "rxc3NQ52aQE=",
        "sf": 7,
        "gwEui": "7276FF00390309F5",
        "gwName": "A02b",
        "gwRssi": -117,
        "devUplinkCounter": 55
      },
      {
        "devEui": "0018B200000023E6",
        "devAddr": "30014AE9",
        "time": "2018-11-22 16:57:16",
        "payload": "rxc3NQ52aQE=",
        "sf": 7,
        "gwEui": "7276FF003903097D",
        "gwName": "D60",
        "gwRssi": -108,
        "devUplinkCounter": 55
      },
      {
        "devEui": "0018B200000023E6",
        "devAddr": "30014AE9",
        "time": "2018-11-22 16:57:16",
        "payload": "rxc3NQ52aQE=",
        "sf": 7,
        "gwEui": "7276FF003903097C",
        "gwName": "C22",
        "gwRssi": -98,
        "devUplinkCounter": 55
      }
    ]
  },
  {
    "Floor": "C",
    "Number": 4,
    "UL1": 312,
    "UL2": 0,
    "Time": "11/22/2018 4:59:03 PM",
    "Measures": [
      {
        "devEui": "0018B200000023E6",
        "devAddr": "30014AE9",
        "time": "2018-11-22 16:58:57",
        "payload": "rxc4Ng54XgY=",
        "sf": 7,
        "gwEui": "7276FF003903097C",
        "gwName": "C22",
        "gwRssi": -109,
        "devUplinkCounter": 56
      },
      {
        "devEui": "0018B200000023E6",
        "devAddr": "30014AE9",
        "time": "2018-11-22 16:58:57",
        "payload": "rxc4Ng54XgY=",
        "sf": 7,
        "gwEui": "7276FF00390309F5",
        "gwName": "A02b",
        "gwRssi": -111,
        "devUplinkCounter": 56
      },
      {
        "devEui": "0018B200000023E6",
        "devAddr": "30014AE9",
        "time": "2018-11-22 16:58:57",
        "payload": "rxc4Ng54XgY=",
        "sf": 7,
        "gwEui": "7276FF003903097D",
        "gwName": "D60",
        "gwRssi": -112,
        "devUplinkCounter": 56
      }
    ]
  },
  {
    "Floor": "C",
    "Number": 5,
    "UL1": 313,
    "UL2": 0,
    "Time": "11/22/2018 4:59:11 PM",
    "Measures": [
      {
        "devEui": "0018B200000023E6",
        "devAddr": "30014AE9",
        "time": "2018-11-22 16:57:49",
        "payload": "rxc5Nw54aAM=",
        "sf": 7,
        "gwEui": "7276FF00390309F5",
        "gwName": "A02b",
        "gwRssi": -117,
        "devUplinkCounter": 57
      },
      {
        "devEui": "0018B200000023E6",
        "devAddr": "30014AE9",
        "time": "2018-11-22 16:57:49",
        "payload": "rxc5Nw54aAM=",
        "sf": 7,
        "gwEui": "7276FF003903097C",
        "gwName": "C22",
        "gwRssi": -107,
        "devUplinkCounter": 57
      }
    ]
  },
  {
    "Floor": "C",
    "Number": 6,
    "UL1": 314,
    "UL2": 0,
    "Time": "11/22/2018 4:59:33 PM",
    "Measures": [
      {
        "devEui": "0018B200000023E6",
        "devAddr": "30014AE9",
        "time": "2018-11-22 16:58:11",
        "payload": "rxc6OA54ZgQ=",
        "sf": 7,
        "gwEui": "7276FF003903097C",
        "gwName": "C22",
        "gwRssi": -106,
        "devUplinkCounter": 58
      },
      {
        "devEui": "0018B200000023E6",
        "devAddr": "30014AE9",
        "time": "2018-11-22 16:58:11",
        "payload": "rxc6OA54ZgQ=",
        "sf": 7,
        "gwEui": "7276FF00390309F5",
        "gwName": "A02b",
        "gwRssi": -117,
        "devUplinkCounter": 58
      },
      {
        "devEui": "0018B200000023E6",
        "devAddr": "30014AE9",
        "time": "2018-11-22 16:58:11",
        "payload": "rxc6OA54ZgQ=",
        "sf": 7,
        "gwEui": "7276FF003903097D",
        "gwName": "D60",
        "gwRssi": -114,
        "devUplinkCounter": 58
      }
    ]
  },
  {
    "Floor": "C",
    "Number": 7,
    "UL1": 315,
    "UL2": 0,
    "Time": "11/22/2018 4:59:44 PM",
    "Measures": [
      {
        "devEui": "0018B200000023E6",
        "devAddr": "30014AE9",
        "time": "2018-11-22 16:59:39",
        "payload": "rxc7OQ54WAc=",
        "sf": 7,
        "gwEui": "7276FF003903097C",
        "gwName": "C22",
        "gwRssi": -107,
        "devUplinkCounter": 59
      },
      {
        "devEui": "0018B200000023E6",
        "devAddr": "30014AE9",
        "time": "2018-11-22 16:59:39",
        "payload": "rxc7OQ54WAc=",
        "sf": 7,
        "gwEui": "7276FF003903097D",
        "gwName": "D60",
        "gwRssi": -112,
        "devUplinkCounter": 59
      }
    ]
  },
  {
    "Floor": "C",
    "Number": 8,
    "UL1": 316,
    "UL2": 0,
    "Time": "11/22/2018 4:59:53 PM",
    "Measures": [
      {
        "devEui": "0018B200000023E6",
        "devAddr": "30014AE9",
        "time": "2018-11-22 16:58:31",
        "payload": "rxc8Og52ZwQ=",
        "sf": 7,
        "gwEui": "7276FF003903097D",
        "gwName": "D60",
        "gwRssi": -114,
        "devUplinkCounter": 60
      },
      {
        "devEui": "0018B200000023E6",
        "devAddr": "30014AE9",
        "time": "2018-11-22 16:58:31",
        "payload": "rxc8Og52ZwQ=",
        "sf": 7,
        "gwEui": "7276FF00390309F5",
        "gwName": "A02b",
        "gwRssi": -118,
        "devUplinkCounter": 60
      },
      {
        "devEui": "0018B200000023E6",
        "devAddr": "30014AE9",
        "time": "2018-11-22 16:58:31",
        "payload": "rxc8Og52ZwQ=",
        "sf": 7,
        "gwEui": "7276FF003903097C",
        "gwName": "C22",
        "gwRssi": -109,
        "devUplinkCounter": 60
      }
    ]
  },
  {
    "Floor": "C",
    "Number": 9,
    "UL1": 317,
    "UL2": 0,
    "Time": "11/22/2018 5:00:11 PM",
    "Measures": [
      {
        "devEui": "0018B200000023E6",
        "devAddr": "30014AE9",
        "time": "2018-11-22 17:00:08",
        "payload": "rxc9Ow52XAY=",
        "sf": 7,
        "gwEui": "7276FF003903097D",
        "gwName": "D60",
        "gwRssi": -108,
        "devUplinkCounter": 61
      },
      {
        "devEui": "0018B200000023E6",
        "devAddr": "30014AE9",
        "time": "2018-11-22 17:00:08",
        "payload": "rxc9Ow52XAY=",
        "sf": 7,
        "gwEui": "7276FF003903097C",
        "gwName": "C22",
        "gwRssi": -106,
        "devUplinkCounter": 61
      }
    ]
  },
  {
    "Floor": "C",
    "Number": 10,
    "UL1": 318,
    "UL2": 0,
    "Time": "11/22/2018 5:01:24 PM",
    "Measures": [
      {
        "devEui": "0018B200000023E6",
        "devAddr": "30014AE9",
        "time": "2018-11-22 17:01:21",
        "payload": "rxc+PA52Wwc=",
        "sf": 7,
        "gwEui": "7276FF003903097D",
        "gwName": "D60",
        "gwRssi": -111,
        "devUplinkCounter": 62
      }
    ]
  },
  {
    "Floor": "C",
    "Number": 11,
    "UL1": 319,
    "UL2": 0,
    "Time": "11/22/2018 5:01:33 PM",
    "Measures": [
      {
        "devEui": "0018B200000023E6",
        "devAddr": "30014AE9",
        "time": "2018-11-22 17:01:29",
        "payload": "rxc/PQ53WAY=",
        "sf": 7,
        "gwEui": "7276FF003903097C",
        "gwName": "C22",
        "gwRssi": -101,
        "devUplinkCounter": 63
      }
    ]
  },
  {
    "Floor": "C",
    "Number": 12,
    "UL1": 320,
    "UL2": 0,
    "Time": "11/22/2018 5:01:47 PM",
    "Measures": [
      {
        "devEui": "0018B200000023E6",
        "devAddr": "30014AE9",
        "time": "2018-11-22 17:01:41",
        "payload": "rxdAPg52WAc=",
        "sf": 7,
        "gwEui": "7276FF003903097D",
        "gwName": "D60",
        "gwRssi": -114,
        "devUplinkCounter": 64
      },
      {
        "devEui": "0018B200000023E6",
        "devAddr": "30014AE9",
        "time": "2018-11-22 17:01:41",
        "payload": "rxdAPg52WAc=",
        "sf": 7,
        "gwEui": "7276FF003903097C",
        "gwName": "C22",
        "gwRssi": -98,
        "devUplinkCounter": 64
      }
    ]
  },
  {
    "Floor": "C",
    "Number": 13,
    "UL1": 321,
    "UL2": 0,
    "Time": "11/22/2018 5:01:56 PM",
    "Measures": [
      {
        "devEui": "0018B200000023E6",
        "devAddr": "30014AE9",
        "time": "2018-11-22 17:01:51",
        "payload": "rxdBPw51ZQY=",
        "sf": 7,
        "gwEui": "7276FF003903097C",
        "gwName": "C22",
        "gwRssi": -99,
        "devUplinkCounter": 65
      }
    ]
  },
  {
    "Floor": "C",
    "Number": 14,
    "UL1": 322,
    "UL2": 0,
    "Time": "11/22/2018 5:02:11 PM",
    "Measures": [
      {
        "devEui": "0018B200000023E6",
        "devAddr": "30014AE9",
        "time": "2018-11-22 17:02:06",
        "payload": "rxdCQA5zYQc=",
        "sf": 7,
        "gwEui": "7276FF003903097C",
        "gwName": "C22",
        "gwRssi": -108,
        "devUplinkCounter": 66
      }
    ]
  },
  {
    "Floor": "C",
    "Number": 15,
    "UL1": 325,
    "UL2": 0,
    "Time": "11/22/2018 5:03:27 PM",
    "Measures": [
      {
        "devEui": "0018B200000023E6",
        "devAddr": "30014AE9",
        "time": "2018-11-22 17:03:21",
        "payload": "rxdFQg52SAY=",
        "sf": 7,
        "gwEui": "7276FF003903097D",
        "gwName": "D60",
        "gwRssi": -113,
        "devUplinkCounter": 69
      },
      {
        "devEui": "0018B200000023E6",
        "devAddr": "30014AE9",
        "time": "2018-11-22 17:03:21",
        "payload": "rxdFQg52SAY=",
        "sf": 7,
        "gwEui": "7276FF003903097C",
        "gwName": "C22",
        "gwRssi": -103,
        "devUplinkCounter": 69
      }
    ]
  },
  {
    "Floor": "C",
    "Number": 16,
    "UL1": 326,
    "UL2": 0,
    "Time": "11/22/2018 5:03:44 PM",
    "Measures": [
      {
        "devEui": "0018B200000023E6",
        "devAddr": "30014AE9",
        "time": "2018-11-22 17:03:39",
        "payload": "rxdGQw5zWQc=",
        "sf": 7,
        "gwEui": "7276FF003903097C",
        "gwName": "C22",
        "gwRssi": -105,
        "devUplinkCounter": 70
      }
    ]
  },
  {
    "Floor": "C",
    "Number": 17,
    "UL1": 327,
    "UL2": 0,
    "Time": "11/22/2018 5:03:59 PM",
    "Measures": [
      {
        "devEui": "0018B200000023E6",
        "devAddr": "30014AE9",
        "time": "2018-11-22 17:03:54",
        "payload": "rxdHRA5zYAY=",
        "sf": 7,
        "gwEui": "7276FF003903097C",
        "gwName": "C22",
        "gwRssi": -99,
        "devUplinkCounter": 71
      }
    ]
  },
  {
    "Floor": "C",
    "Number": 18,
    "UL1": 328,
    "UL2": 0,
    "Time": "11/22/2018 5:04:10 PM",
    "Measures": [
      {
        "devEui": "0018B200000023E6",
        "devAddr": "30014AE9",
        "time": "2018-11-22 17:04:06",
        "payload": "rxdIRQ50WQY=",
        "sf": 7,
        "gwEui": "7276FF003903097C",
        "gwName": "C22",
        "gwRssi": -91,
        "devUplinkCounter": 72
      }
    ]
  },
  {
    "Floor": "C",
    "Number": 19,
    "UL1": 329,
    "UL2": 0,
    "Time": "11/22/2018 5:04:22 PM",
    "Measures": [
      {
        "devEui": "0018B200000023E6",
        "devAddr": "30014AE9",
        "time": "2018-11-22 17:04:18",
        "payload": "rxdJRg50WAc=",
        "sf": 7,
        "gwEui": "7276FF003903097C",
        "gwName": "C22",
        "gwRssi": -100,
        "devUplinkCounter": 73
      }
    ]
  },
  {
    "Floor": "C",
    "Number": 20,
    "UL1": 330,
    "UL2": 0,
    "Time": "11/22/2018 5:05:41 PM",
    "Measures": [
      {
        "devEui": "0018B200000023E6",
        "devAddr": "30014AE9",
        "time": "2018-11-22 17:05:37",
        "payload": "rxdKRw5zYAc=",
        "sf": 7,
        "gwEui": "7276FF003903097C",
        "gwName": "C22",
        "gwRssi": -95,
        "devUplinkCounter": 74
      }
    ]
  },
  {
    "Floor": "C",
    "Number": 21,
    "UL1": 331,
    "UL2": 0,
    "Time": "11/22/2018 5:05:54 PM",
    "Measures": [
      {
        "devEui": "0018B200000023E6",
        "devAddr": "30014AE9",
        "time": "2018-11-22 17:05:49",
        "payload": "rxdLSA5yWQY=",
        "sf": 7,
        "gwEui": "7276FF003903097C",
        "gwName": "C22",
        "gwRssi": -94,
        "devUplinkCounter": 75
      }
    ]
  },
  {
    "Floor": "C",
    "Number": 22,
    "UL1": 332,
    "UL2": 0,
    "Time": "11/22/2018 5:06:09 PM",
    "Measures": [
      {
        "devEui": "0018B200000023E6",
        "devAddr": "30014AE9",
        "time": "2018-11-22 17:06:03",
        "payload": "rxdMSQ5yWQc=",
        "sf": 7,
        "gwEui": "7276FF003903097C",
        "gwName": "C22",
        "gwRssi": -86,
        "devUplinkCounter": 76
      }
    ]
  },
  {
    "Floor": "C",
    "Number": 23,
    "UL1": 333,
    "UL2": 0,
    "Time": "11/22/2018 5:06:17 PM",
    "Measures": [
      {
        "devEui": "0018B200000023E6",
        "devAddr": "30014AE9",
        "time": "2018-11-22 17:06:12",
        "payload": "rxdNSg5yUgY=",
        "sf": 7,
        "gwEui": "7276FF003903097C",
        "gwName": "C22",
        "gwRssi": -95,
        "devUplinkCounter": 77
      }
    ]
  },
  {
    "Floor": "C",
    "Number": 24,
    "UL1": 334,
    "UL2": 0,
    "Time": "11/22/2018 5:06:28 PM",
    "Measures": [
      {
        "devEui": "0018B200000023E6",
        "devAddr": "30014AE9",
        "time": "2018-11-22 17:06:23",
        "payload": "rxdOSw5xYAU=",
        "sf": 7,
        "gwEui": "7276FF003903097C",
        "gwName": "C22",
        "gwRssi": -94,
        "devUplinkCounter": 78
      }
    ]
  },
  {
    "Floor": "C",
    "Number": 25,
    "UL1": 337,
    "UL2": 0,
    "Time": "11/22/2018 5:07:50 PM",
    "Measures": [
      {
        "devEui": "0018B200000023E6",
        "devAddr": "30014AE9",
        "time": "2018-11-22 17:07:50",
        "payload": "rxdRTg5xWAY=",
        "sf": 7,
        "gwEui": "7276FF003903097C",
        "gwName": "C22",
        "gwRssi": -105,
        "devUplinkCounter": 81
      }
    ]
  },
  {
    "Floor": "C",
    "Number": 26,
    "UL1": 338,
    "UL2": 0,
    "Time": "11/22/2018 5:08:04 PM",
    "Measures": [
      {
        "devEui": "0018B200000023E6",
        "devAddr": "30014AE9",
        "time": "2018-11-22 17:08:04",
        "payload": "rxdSTw5wWwY=",
        "sf": 7,
        "gwEui": "7276FF003903097C",
        "gwName": "C22",
        "gwRssi": -108,
        "devUplinkCounter": 82
      }
    ]
  },
  {
    "Floor": "C",
    "Number": 27,
    "UL1": 339,
    "UL2": 0,
    "Time": "11/22/2018 5:08:29 PM",
    "Measures": [
      {
        "devEui": "0018B200000023E6",
        "devAddr": "30014AE9",
        "time": "2018-11-22 17:08:23",
        "payload": "rxdTUA5xYAY=",
        "sf": 7,
        "gwEui": "7276FF003903097C",
        "gwName": "C22",
        "gwRssi": -106,
        "devUplinkCounter": 83
      }
    ]
  },
  {
    "Floor": "C",
    "Number": 28,
    "UL1": 340,
    "UL2": 0,
    "Time": "11/22/2018 5:08:43 PM",
    "Measures": [
      {
        "devEui": "0018B200000023E6",
        "devAddr": "30014AE9",
        "time": "2018-11-22 17:08:36",
        "payload": "rxhUUQ5xYQY=",
        "sf": 7,
        "gwEui": "7276FF003903097C",
        "gwName": "C22",
        "gwRssi": -86,
        "devUplinkCounter": 84
      }
    ]
  },
  {
    "Floor": "C",
    "Number": 29,
    "UL1": 341,
    "UL2": 0,
    "Time": "11/22/2018 5:08:57 PM",
    "Measures": [
      {
        "devEui": "0018B200000023E6",
        "devAddr": "30014AE9",
        "time": "2018-11-22 17:08:52",
        "payload": "rxdVUg5wTwY=",
        "sf": 7,
        "gwEui": "7276FF003903097C",
        "gwName": "C22",
        "gwRssi": -101,
        "devUplinkCounter": 85
      }
    ]
  },
  {
    "Floor": "C",
    "Number": 40,
    "UL1": 343,
    "UL2": 0,
    "Time": "11/22/2018 5:10:50 PM",
    "Measures": []
  },
  {
    "Floor": "C",
    "Number": 41,
    "UL1": 344,
    "UL2": 0,
    "Time": "11/22/2018 5:11:09 PM",
    "Measures": [
      {
        "devEui": "0018B200000023E6",
        "devAddr": "30014AE9",
        "time": "2018-11-22 17:11:00",
        "payload": "rxdYVQ5ubAE=",
        "sf": 7,
        "gwEui": "7276FF003903097C",
        "gwName": "C22",
        "gwRssi": -61,
        "devUplinkCounter": 88
      }
    ]
  },
  {
    "Floor": "C",
    "Number": 42,
    "UL1": 345,
    "UL2": 0,
    "Time": "11/22/2018 5:11:49 PM",
    "Measures": [
      {
        "devEui": "0018B200000023E6",
        "devAddr": "30014AE9",
        "time": "2018-11-22 17:11:40",
        "payload": "rxdZVg5xOQc=",
        "sf": 7,
        "gwEui": "7276FF003903097C",
        "gwName": "C22",
        "gwRssi": -84,
        "devUplinkCounter": 89
      }
    ]
  },
  {
    "Floor": "C",
    "Number": 43,
    "UL1": 346,
    "UL2": 0,
    "Time": "11/22/2018 5:12:14 PM",
    "Measures": [
      {
        "devEui": "0018B200000023E6",
        "devAddr": "30014AE9",
        "time": "2018-11-22 17:12:01",
        "payload": "rxdaVw5tSwY=",
        "sf": 7,
        "gwEui": "7276FF003903097C",
        "gwName": "C22",
        "gwRssi": -80,
        "devUplinkCounter": 90
      }
    ]
  },
  {
    "Floor": "C",
    "Number": 44,
    "UL1": 348,
    "UL2": 0,
    "Time": "11/22/2018 5:12:41 PM",
    "Measures": [
      {
        "devEui": "0018B200000023E6",
        "devAddr": "30014AE9",
        "time": "2018-11-22 17:12:34",
        "payload": "rxhcWA5vSwY=",
        "sf": 7,
        "gwEui": "7276FF003903094F",
        "gwName": "F07",
        "gwRssi": -108,
        "devUplinkCounter": 92
      },
      {
        "devEui": "0018B200000023E6",
        "devAddr": "30014AE9",
        "time": "2018-11-22 17:12:34",
        "payload": "rxhcWA5vSwY=",
        "sf": 7,
        "gwEui": "7276FF003903097C",
        "gwName": "C22",
        "gwRssi": -68,
        "devUplinkCounter": 92
      }
    ]
  },
  {
    "Floor": "C",
    "Number": 45,
    "UL1": 349,
    "UL2": 0,
    "Time": "11/22/2018 5:12:50 PM",
    "Measures": [
      {
        "devEui": "0018B200000023E6",
        "devAddr": "30014AE9",
        "time": "2018-11-22 17:12:44",
        "payload": "rxddWQ5uPwc=",
        "sf": 7,
        "gwEui": "7276FF003903097C",
        "gwName": "C22",
        "gwRssi": -64,
        "devUplinkCounter": 93
      }
    ]
  },
  {
    "Floor": "C",
    "Number": 46,
    "UL1": 350,
    "UL2": 0,
    "Time": "11/22/2018 5:13:17 PM",
    "Measures": [
      {
        "devEui": "0018B200000023E6",
        "devAddr": "30014AE9",
        "time": "2018-11-22 17:13:12",
        "payload": "rxdeWg5vPQY=",
        "sf": 7,
        "gwEui": "7276FF003903097C",
        "gwName": "C22",
        "gwRssi": -88,
        "devUplinkCounter": 94
      }
    ]
  },
  {
    "Floor": "C",
    "Number": 47,
    "UL1": 351,
    "UL2": 0,
    "Time": "11/22/2018 5:13:31 PM",
    "Measures": []
  },
  {
    "Floor": "C",
    "Number": 48,
    "UL1": 352,
    "UL2": 0,
    "Time": "11/22/2018 5:13:49 PM",
    "Measures": [
      {
        "devEui": "0018B200000023E6",
        "devAddr": "30014AE9",
        "time": "2018-11-22 17:13:44",
        "payload": "rxdgXA5uRQY=",
        "sf": 7,
        "gwEui": "7276FF003903097C",
        "gwName": "C22",
        "gwRssi": -95,
        "devUplinkCounter": 96
      }
    ]
  },
  {
    "Floor": "C",
    "Number": 49,
    "UL1": 353,
    "UL2": 0,
    "Time": "11/22/2018 5:13:59 PM",
    "Measures": [
      {
        "devEui": "0018B200000023E6",
        "devAddr": "30014AE9",
        "time": "2018-11-22 17:13:54",
        "payload": "rxdhXQ5uTAc=",
        "sf": 7,
        "gwEui": "7276FF003903097C",
        "gwName": "C22",
        "gwRssi": -86,
        "devUplinkCounter": 97
      }
    ]
  },
  {
    "Floor": "C",
    "Number": 50,
    "UL1": 354,
    "UL2": 0,
    "Time": "11/22/2018 5:14:10 PM",
    "Measures": [
      {
        "devEui": "0018B200000023E6",
        "devAddr": "30014AE9",
        "time": "2018-11-22 17:14:05",
        "payload": "rxdiXg5rUQc=",
        "sf": 7,
        "gwEui": "7276FF003903097C",
        "gwName": "C22",
        "gwRssi": -77,
        "devUplinkCounter": 98
      }
    ]
  },
  {
    "Floor": "C",
    "Number": 51,
    "UL1": 355,
    "UL2": 0,
    "Time": "11/22/2018 5:15:37 PM",
    "Measures": [
      {
        "devEui": "0018B200000023E6",
        "devAddr": "30014AE9",
        "time": "2018-11-22 17:15:32",
        "payload": "rxdjXw5uSgY=",
        "sf": 7,
        "gwEui": "7276FF003903097C",
        "gwName": "C22",
        "gwRssi": -92,
        "devUplinkCounter": 99
      }
    ]
  },
  {
    "Floor": "C",
    "Number": 52,
    "UL1": 356,
    "UL2": 0,
    "Time": "11/22/2018 5:15:49 PM",
    "Measures": [
      {
        "devEui": "0018B200000023E6",
        "devAddr": "30014AE9",
        "time": "2018-11-22 17:15:44",
        "payload": "rxdkYA5rUwY=",
        "sf": 7,
        "gwEui": "7276FF003903097C",
        "gwName": "C22",
        "gwRssi": -77,
        "devUplinkCounter": 100
      }
    ]
  },
  {
    "Floor": "C",
    "Number": 53,
    "UL1": 357,
    "UL2": 0,
    "Time": "11/22/2018 5:16:07 PM",
    "Measures": [
      {
        "devEui": "0018B200000023E6",
        "devAddr": "30014AE9",
        "time": "2018-11-22 17:16:01",
        "payload": "rxdlYQ5sRwU=",
        "sf": 7,
        "gwEui": "7276FF003903097C",
        "gwName": "C22",
        "gwRssi": -100,
        "devUplinkCounter": 101
      }
    ]
  },
  {
    "Floor": "C",
    "Number": 54,
    "UL1": 359,
    "UL2": 0,
    "Time": "11/22/2018 5:16:28 PM",
    "Measures": [
      {
        "devEui": "0018B200000023E6",
        "devAddr": "30014AE9",
        "time": "2018-11-22 17:16:23",
        "payload": "rxdnYw5rVwY=",
        "sf": 7,
        "gwEui": "7276FF003903097C",
        "gwName": "C22",
        "gwRssi": -89,
        "devUplinkCounter": 103
      }
    ]
  },
  {
    "Floor": "C",
    "Number": 55,
    "UL1": 360,
    "UL2": 0,
    "Time": "11/22/2018 5:16:44 PM",
    "Measures": [
      {
        "devEui": "0018B200000023E6",
        "devAddr": "30014AE9",
        "time": "2018-11-22 17:16:38",
        "payload": "rxhoZA5qTwU=",
        "sf": 7,
        "gwEui": "7276FF003903097C",
        "gwName": "C22",
        "gwRssi": -96,
        "devUplinkCounter": 104
      }
    ]
  },
  {
    "Floor": "C",
    "Number": 66,
    "UL1": 361,
    "UL2": 0,
    "Time": "11/22/2018 5:18:33 PM",
    "Measures": [
      {
        "devEui": "0018B200000023E6",
        "devAddr": "30014AE9",
        "time": "2018-11-22 17:18:25",
        "payload": "rxdpZQ5rWQY=",
        "sf": 7,
        "gwEui": "7276FF003903097C",
        "gwName": "C22",
        "gwRssi": -100,
        "devUplinkCounter": 105
      }
    ]
  },
  {
    "Floor": "C",
    "Number": 67,
    "UL1": 362,
    "UL2": 0,
    "Time": "11/22/2018 5:18:52 PM",
    "Measures": [
      {
        "devEui": "0018B200000023E6",
        "devAddr": "30014AE9",
        "time": "2018-11-22 17:18:45",
        "payload": "rxdqZg5qVwY=",
        "sf": 7,
        "gwEui": "7276FF003903097D",
        "gwName": "D60",
        "gwRssi": -111,
        "devUplinkCounter": 106
      },
      {
        "devEui": "0018B200000023E6",
        "devAddr": "30014AE9",
        "time": "2018-11-22 17:18:45",
        "payload": "rxdqZg5qVwY=",
        "sf": 7,
        "gwEui": "7276FF003903097C",
        "gwName": "C22",
        "gwRssi": -102,
        "devUplinkCounter": 106
      }
    ]
  },
  {
    "Floor": "C",
    "Number": 68,
    "UL1": 363,
    "UL2": 0,
    "Time": "11/22/2018 5:19:04 PM",
    "Measures": [
      {
        "devEui": "0018B200000023E6",
        "devAddr": "30014AE9",
        "time": "2018-11-22 17:18:59",
        "payload": "rxdrZw5qYwY=",
        "sf": 7,
        "gwEui": "7276FF003903097C",
        "gwName": "C22",
        "gwRssi": -104,
        "devUplinkCounter": 107
      },
      {
        "devEui": "0018B200000023E6",
        "devAddr": "30014AE9",
        "time": "2018-11-22 17:18:59",
        "payload": "rxdrZw5qYwY=",
        "sf": 7,
        "gwEui": "7276FF003903097D",
        "gwName": "D60",
        "gwRssi": -108,
        "devUplinkCounter": 107
      }
    ]
  },
  {
    "Floor": "C",
    "Number": 69,
    "UL1": 364,
    "UL2": 0,
    "Time": "11/22/2018 5:19:59 PM",
    "Measures": [
      {
        "devEui": "0018B200000023E6",
        "devAddr": "30014AE9",
        "time": "2018-11-22 17:19:56",
        "payload": "rxdsaA5rZQY=",
        "sf": 7,
        "gwEui": "7276FF003903097D",
        "gwName": "D60",
        "gwRssi": -113,
        "devUplinkCounter": 108
      }
    ]
  },
  {
    "Floor": "C",
    "Number": 70,
    "UL1": 366,
    "UL2": 0,
    "Time": "11/22/2018 5:20:27 PM",
    "Measures": [
      {
        "devEui": "0018B200000023E6",
        "devAddr": "30014AE9",
        "time": "2018-11-22 17:20:18",
        "payload": "rxduaQ5ra/w=",
        "sf": 7,
        "gwEui": "7276FF003903097D",
        "gwName": "D60",
        "gwRssi": -101,
        "devUplinkCounter": 110
      },
      {
        "devEui": "0018B200000023E6",
        "devAddr": "30014AE9",
        "time": "2018-11-22 17:20:18",
        "payload": "rxduaQ5ra/w=",
        "sf": 7,
        "gwEui": "7276FF003903097C",
        "gwName": "C22",
        "gwRssi": -104,
        "devUplinkCounter": 110
      }
    ]
  },
  {
    "Floor": "C",
    "Number": 72,
    "UL1": 367,
    "UL2": 0,
    "Time": "11/22/2018 5:21:57 PM",
    "Measures": [
      {
        "devEui": "0018B200000023E6",
        "devAddr": "30014AE9",
        "time": "2018-11-22 17:21:48",
        "payload": "zxdvag5xXwU=",
        "sf": 7,
        "gwEui": "7276FF003903097D",
        "gwName": "D60",
        "gwRssi": -108,
        "devUplinkCounter": 111
      }
    ]
  },
  {
    "Floor": "C",
    "Number": 73,
    "UL1": 368,
    "UL2": 0,
    "Time": "11/22/2018 5:21:58 PM",
    "Measures": [
      {
        "devEui": "0018B200000023E6",
        "devAddr": "30014AE9",
        "time": "2018-11-22 17:22:02",
        "payload": "rxdwaw5rWAc=",
        "sf": 7,
        "gwEui": "7276FF003903097D",
        "gwName": "D60",
        "gwRssi": -105,
        "devUplinkCounter": 112
      }
    ]
  },
  {
    "Floor": "C",
    "Number": 74,
    "UL1": 369,
    "UL2": 0,
    "Time": "11/22/2018 5:22:22 PM",
    "Measures": [
      {
        "devEui": "0018B200000023E6",
        "devAddr": "30014AE9",
        "time": "2018-11-22 17:22:15",
        "payload": "rxdxbA5rYgY=",
        "sf": 7,
        "gwEui": "7276FF003903097D",
        "gwName": "D60",
        "gwRssi": -101,
        "devUplinkCounter": 113
      }
    ]
  },
  {
    "Floor": "C",
    "Number": 75,
    "UL1": 370,
    "UL2": 0,
    "Time": "11/22/2018 5:22:37 PM",
    "Measures": [
      {
        "devEui": "0018B200000023E6",
        "devAddr": "30014AE9",
        "time": "2018-11-22 17:22:29",
        "payload": "rxZybQ5qXAY=",
        "sf": 7,
        "gwEui": "7276FF003903097D",
        "gwName": "D60",
        "gwRssi": -104,
        "devUplinkCounter": 114
      }
    ]
  },
  {
    "Floor": "C",
    "Number": 76,
    "UL1": 371,
    "UL2": 0,
    "Time": "11/22/2018 5:23:59 PM",
    "Measures": [
      {
        "devEui": "0018B200000023E6",
        "devAddr": "30014AE9",
        "time": "2018-11-22 17:22:36",
        "payload": "rxdzbg5rWwc=",
        "sf": 7,
        "gwEui": "7276FF00390309F5",
        "gwName": "A02b",
        "gwRssi": -118,
        "devUplinkCounter": 115
      }
    ]
  },
  {
    "Floor": "C",
    "Number": 77,
    "UL1": 372,
    "UL2": 0,
    "Time": "11/22/2018 5:24:09 PM",
    "Measures": [
      {
        "devEui": "0018B200000023E6",
        "devAddr": "30014AE9",
        "time": "2018-11-22 17:22:46",
        "payload": "rxZ0bw5rZQY=",
        "sf": 7,
        "gwEui": "7276FF003903097C",
        "gwName": "C22",
        "gwRssi": -101,
        "devUplinkCounter": 116
      },
      {
        "devEui": "0018B200000023E6",
        "devAddr": "30014AE9",
        "time": "2018-11-22 17:22:46",
        "payload": "rxZ0bw5rZQY=",
        "sf": 7,
        "gwEui": "7276FF00390309F5",
        "gwName": "A02b",
        "gwRssi": -113,
        "devUplinkCounter": 116
      }
    ]
  },
  {
    "Floor": "C",
    "Number": 78,
    "UL1": 373,
    "UL2": 0,
    "Time": "11/22/2018 5:24:21 PM",
    "Measures": [
      {
        "devEui": "0018B200000023E6",
        "devAddr": "30014AE9",
        "time": "2018-11-22 17:24:16",
        "payload": "rxZ1cA5rYAU=",
        "sf": 7,
        "gwEui": "7276FF003903097D",
        "gwName": "D60",
        "gwRssi": -99,
        "devUplinkCounter": 117
      }
    ]
  },
  {
    "Floor": "C",
    "Number": 79,
    "UL1": 374,
    "UL2": 0,
    "Time": "11/22/2018 5:24:30 PM",
    "Measures": [
      {
        "devEui": "0018B200000023E6",
        "devAddr": "30014AE9",
        "time": "2018-11-22 17:23:08",
        "payload": "rxZ2cQ5nWQU=",
        "sf": 7,
        "gwEui": "7276FF003903097D",
        "gwName": "D60",
        "gwRssi": -104,
        "devUplinkCounter": 118
      },
      {
        "devEui": "0018B200000023E6",
        "devAddr": "30014AE9",
        "time": "2018-11-22 17:23:08",
        "payload": "rxZ2cQ5nWQU=",
        "sf": 7,
        "gwEui": "7276FF003903097C",
        "gwName": "C22",
        "gwRssi": -107,
        "devUplinkCounter": 118
      },
      {
        "devEui": "0018B200000023E6",
        "devAddr": "30014AE9",
        "time": "2018-11-22 17:23:08",
        "payload": "rxZ2cQ5nWQU=",
        "sf": 7,
        "gwEui": "7276FF00390309F5",
        "gwName": "A02b",
        "gwRssi": -118,
        "devUplinkCounter": 118
      }
    ]
  },
  {
    "Floor": "C",
    "Number": 80,
    "UL1": 375,
    "UL2": 0,
    "Time": "11/22/2018 5:24:42 PM",
    "Measures": [
      {
        "devEui": "0018B200000023E6",
        "devAddr": "30014AE9",
        "time": "2018-11-22 17:23:17",
        "payload": "rxZ3cg5nYAU=",
        "sf": 7,
        "gwEui": "7276FF003903097C",
        "gwName": "C22",
        "gwRssi": -99,
        "devUplinkCounter": 119
      },
      {
        "devEui": "0018B200000023E6",
        "devAddr": "30014AE9",
        "time": "2018-11-22 17:23:17",
        "payload": "rxZ3cg5nYAU=",
        "sf": 7,
        "gwEui": "7276FF00390309F5",
        "gwName": "A02b",
        "gwRssi": -118,
        "devUplinkCounter": 119
      },
      {
        "devEui": "0018B200000023E6",
        "devAddr": "30014AE9",
        "time": "2018-11-22 17:23:17",
        "payload": "rxZ3cg5nYAU=",
        "sf": 7,
        "gwEui": "7276FF003903097D",
        "gwName": "D60",
        "gwRssi": -106,
        "devUplinkCounter": 119
      }
    ]
  },
  {
    "Floor": "C",
    "Number": 86,
    "UL1": 376,
    "UL2": 0,
    "Time": "11/22/2018 5:27:26 PM",
    "Measures": [
      {
        "devEui": "0018B200000023E6",
        "devAddr": "30014AE9",
        "time": "2018-11-22 17:27:19",
        "payload": "rxZ4cw5pXwY=",
        "sf": 7,
        "gwEui": "7276FF00390309F5",
        "gwName": "A02b",
        "gwRssi": -117,
        "devUplinkCounter": 120
      },
      {
        "devEui": "0018B200000023E6",
        "devAddr": "30014AE9",
        "time": "2018-11-22 17:27:19",
        "payload": "rxZ4cw5pXwY=",
        "sf": 7,
        "gwEui": "7276FF003903097D",
        "gwName": "D60",
        "gwRssi": -104,
        "devUplinkCounter": 120
      }
    ]
  },
  {
    "Floor": "C",
    "Number": 87,
    "UL1": 377,
    "UL2": 0,
    "Time": "11/22/2018 5:27:43 PM",
    "Measures": [
      {
        "devEui": "0018B200000023E6",
        "devAddr": "30014AE9",
        "time": "2018-11-22 17:27:38",
        "payload": "rxZ5dA5pXAY=",
        "sf": 7,
        "gwEui": "7276FF003903097D",
        "gwName": "D60",
        "gwRssi": -104,
        "devUplinkCounter": 121
      }
    ]
  },
  {
    "Floor": "C",
    "Number": 88,
    "UL1": 378,
    "UL2": 0,
    "Time": "11/22/2018 5:27:56 PM",
    "Measures": [
      {
        "devEui": "0018B200000023E6",
        "devAddr": "30014AE9",
        "time": "2018-11-22 17:27:51",
        "payload": "rxZ6dQ5oZgY=",
        "sf": 7,
        "gwEui": "7276FF003903097D",
        "gwName": "D60",
        "gwRssi": -105,
        "devUplinkCounter": 122
      }
    ]
  },
  {
    "Floor": "C",
    "Number": 89,
    "UL1": 379,
    "UL2": 0,
    "Time": "11/22/2018 5:28:09 PM",
    "Measures": [
      {
        "devEui": "0018B200000023E6",
        "devAddr": "30014AE9",
        "time": "2018-11-22 17:28:02",
        "payload": "rxZ7dg5rXwY=",
        "sf": 7,
        "gwEui": "7276FF003903097D",
        "gwName": "D60",
        "gwRssi": -104,
        "devUplinkCounter": 123
      }
    ]
  },
  {
    "Floor": "C",
    "Number": 90,
    "UL1": 380,
    "UL2": 0,
    "Time": "11/22/2018 5:28:20 PM",
    "Measures": [
      {
        "devEui": "0018B200000023E6",
        "devAddr": "30014AE9",
        "time": "2018-11-22 17:28:15",
        "payload": "rxZ8dw5qYQY=",
        "sf": 7,
        "gwEui": "7276FF003903097D",
        "gwName": "D60",
        "gwRssi": -98,
        "devUplinkCounter": 124
      }
    ]
  },
  {
    "Floor": "C",
    "Number": 91,
    "UL1": 381,
    "UL2": 0,
    "Time": "11/22/2018 5:29:30 PM",
    "Measures": [
      {
        "devEui": "0018B200000023E6",
        "devAddr": "30014AE9",
        "time": "2018-11-22 17:28:42",
        "payload": "rxZ9eA5pWgU=",
        "sf": 7,
        "gwEui": "7276FF003903097D",
        "gwName": "D60",
        "gwRssi": -92,
        "devUplinkCounter": 125
      },
      {
        "devEui": "0018B200000023E6",
        "devAddr": "30014AE9",
        "time": "2018-11-22 17:28:42",
        "payload": "rxZ9eA5pWgU=",
        "sf": 7,
        "gwEui": "7276FF00390309F5",
        "gwName": "A02b",
        "gwRssi": -112,
        "devUplinkCounter": 125
      },
      {
        "devEui": "0018B200000023E6",
        "devAddr": "30014AE9",
        "time": "2018-11-22 17:28:42",
        "payload": "rxZ9eA5pWgU=",
        "sf": 7,
        "gwEui": "7276FF003903094E",
        "gwName": "K01a",
        "gwRssi": -106,
        "devUplinkCounter": 125
      }
    ]
  },
  {
    "Floor": "C",
    "Number": 92,
    "UL1": 382,
    "UL2": 0,
    "Time": "11/22/2018 5:29:40 PM",
    "Measures": [
      {
        "devEui": "0018B200000023E6",
        "devAddr": "30014AE9",
        "time": "2018-11-22 17:28:19",
        "payload": "rxZ+eQ5qVAc=",
        "sf": 7,
        "gwEui": "7276FF00390309F5",
        "gwName": "A02b",
        "gwRssi": -117,
        "devUplinkCounter": 126
      },
      {
        "devEui": "0018B200000023E6",
        "devAddr": "30014AE9",
        "time": "2018-11-22 17:28:19",
        "payload": "rxZ+eQ5qVAc=",
        "sf": 7,
        "gwEui": "7276FF003903097D",
        "gwName": "D60",
        "gwRssi": -107,
        "devUplinkCounter": 126
      },
      {
        "devEui": "0018B200000023E6",
        "devAddr": "30014AE9",
        "time": "2018-11-22 17:28:19",
        "payload": "rxZ+eQ5qVAc=",
        "sf": 7,
        "gwEui": "7276FF003903094E",
        "gwName": "K01a",
        "gwRssi": -107,
        "devUplinkCounter": 126
      }
    ]
  },
  {
    "Floor": "C",
    "Number": 93,
    "UL1": 383,
    "UL2": 0,
    "Time": "11/22/2018 5:29:58 PM",
    "Measures": [
      {
        "devEui": "0018B200000023E6",
        "devAddr": "30014AE9",
        "time": "2018-11-22 17:29:53",
        "payload": "rxd/eg5nWQY=",
        "sf": 7,
        "gwEui": "7276FF00390309F5",
        "gwName": "A02b",
        "gwRssi": -112,
        "devUplinkCounter": 127
      },
      {
        "devEui": "0018B200000023E6",
        "devAddr": "30014AE9",
        "time": "2018-11-22 17:29:53",
        "payload": "rxd/eg5nWQY=",
        "sf": 7,
        "gwEui": "7276FF003903097D",
        "gwName": "D60",
        "gwRssi": -88,
        "devUplinkCounter": 127
      }
    ]
  },
  {
    "Floor": "C",
    "Number": 94,
    "UL1": 384,
    "UL2": 0,
    "Time": "11/22/2018 5:30:10 PM",
    "Measures": [
      {
        "devEui": "0018B200000023E6",
        "devAddr": "30014AE9",
        "time": "2018-11-22 17:28:47",
        "payload": "rxaAew5nTgY=",
        "sf": 7,
        "gwEui": "7276FF003903097D",
        "gwName": "D60",
        "gwRssi": -84,
        "devUplinkCounter": 128
      },
      {
        "devEui": "0018B200000023E6",
        "devAddr": "30014AE9",
        "time": "2018-11-22 17:28:47",
        "payload": "rxaAew5nTgY=",
        "sf": 7,
        "gwEui": "7276FF00390309F5",
        "gwName": "A02b",
        "gwRssi": -118,
        "devUplinkCounter": 128
      }
    ]
  },
  {
    "Floor": "C",
    "Number": 95,
    "UL1": 385,
    "UL2": 0,
    "Time": "11/22/2018 5:30:25 PM",
    "Measures": [
      {
        "devEui": "0018B200000023E6",
        "devAddr": "30014AE9",
        "time": "2018-11-22 17:29:00",
        "payload": "rxaBfA5nUQc=",
        "sf": 7,
        "gwEui": "7276FF003903097D",
        "gwName": "D60",
        "gwRssi": -92,
        "devUplinkCounter": 129
      },
      {
        "devEui": "0018B200000023E6",
        "devAddr": "30014AE9",
        "time": "2018-11-22 17:29:00",
        "payload": "rxaBfA5nUQc=",
        "sf": 7,
        "gwEui": "7276FF00390309F5",
        "gwName": "A02b",
        "gwRssi": -116,
        "devUplinkCounter": 129
      },
      {
        "devEui": "0018B200000023E6",
        "devAddr": "30014AE9",
        "time": "2018-11-22 17:29:00",
        "payload": "rxaBfA5nUQc=",
        "sf": 7,
        "gwEui": "7276FF003903094E",
        "gwName": "K01a",
        "gwRssi": -108,
        "devUplinkCounter": 129
      }
    ]
  },
  {
    "Floor": "C",
    "Number": 96,
    "UL1": 386,
    "UL2": 0,
    "Time": "11/22/2018 5:33:57 PM",
    "Measures": [
      {
        "devEui": "0018B200000023E6",
        "devAddr": "30014AE9",
        "time": "2018-11-22 17:33:51",
        "payload": "rxaCfQ5nTQY=",
        "sf": 7,
        "gwEui": "7276FF003903097D",
        "gwName": "D60",
        "gwRssi": -102,
        "devUplinkCounter": 130
      },
      {
        "devEui": "0018B200000023E6",
        "devAddr": "30014AE9",
        "time": "2018-11-22 17:33:51",
        "payload": "rxaCfQ5nTQY=",
        "sf": 7,
        "gwEui": "7276FF00390309F5",
        "gwName": "A02b",
        "gwRssi": -112,
        "devUplinkCounter": 130
      }
    ]
  },
  {
    "Floor": "C",
    "Number": 97,
    "UL1": 387,
    "UL2": 0,
    "Time": "11/22/2018 5:34:45 PM",
    "Measures": [
      {
        "devEui": "0018B200000023E6",
        "devAddr": "30014AE9",
        "time": "2018-11-22 17:34:40",
        "payload": "rxeDfg5pXAY=",
        "sf": 7,
        "gwEui": "7276FF003903097D",
        "gwName": "D60",
        "gwRssi": -107,
        "devUplinkCounter": 131
      },
      {
        "devEui": "0018B200000023E6",
        "devAddr": "30014AE9",
        "time": "2018-11-22 17:34:40",
        "payload": "rxeDfg5pXAY=",
        "sf": 7,
        "gwEui": "7276FF00390309F5",
        "gwName": "A02b",
        "gwRssi": -113,
        "devUplinkCounter": 131
      }
    ]
  },
  {
    "Floor": "C",
    "Number": 98,
    "UL1": 388,
    "UL2": 0,
    "Time": "11/22/2018 5:35:10 PM",
    "Measures": [
      {
        "devEui": "0018B200000023E6",
        "devAddr": "30014AE9",
        "time": "2018-11-22 17:35:04",
        "payload": "rxeEfw5nWwc=",
        "sf": 7,
        "gwEui": "7276FF003903097D",
        "gwName": "D60",
        "gwRssi": -105,
        "devUplinkCounter": 132
      },
      {
        "devEui": "0018B200000023E6",
        "devAddr": "30014AE9",
        "time": "2018-11-22 17:35:04",
        "payload": "rxeEfw5nWwc=",
        "sf": 7,
        "gwEui": "7276FF00390309F5",
        "gwName": "A02b",
        "gwRssi": -114,
        "devUplinkCounter": 132
      }
    ]
  },
  {
    "Floor": "C",
    "Number": 99,
    "UL1": 389,
    "UL2": 0,
    "Time": "11/22/2018 5:35:33 PM",
    "Measures": [
      {
        "devEui": "0018B200000023E6",
        "devAddr": "30014AE9",
        "time": "2018-11-22 17:35:28",
        "payload": "rxeFgA5maAE=",
        "sf": 7,
        "gwEui": "7276FF00390309F5",
        "gwName": "A02b",
        "gwRssi": -111,
        "devUplinkCounter": 133
      },
      {
        "devEui": "0018B200000023E6",
        "devAddr": "30014AE9",
        "time": "2018-11-22 17:35:28",
        "payload": "rxeFgA5maAE=",
        "sf": 7,
        "gwEui": "7276FF003903097D",
        "gwName": "D60",
        "gwRssi": -100,
        "devUplinkCounter": 133
      }
    ]
  },
  {
    "Floor": "C",
    "Number": 100,
    "UL1": 390,
    "UL2": 0,
    "Time": "11/22/2018 5:35:45 PM",
    "Measures": [
      {
        "devEui": "0018B200000023E6",
        "devAddr": "30014AE9",
        "time": "2018-11-22 17:34:22",
        "payload": "rxeGgQ5mWAc=",
        "sf": 7,
        "gwEui": "7276FF00390309F5",
        "gwName": "A02b",
        "gwRssi": -114,
        "devUplinkCounter": 134
      },
      {
        "devEui": "0018B200000023E6",
        "devAddr": "30014AE9",
        "time": "2018-11-22 17:34:22",
        "payload": "rxeGgQ5mWAc=",
        "sf": 7,
        "gwEui": "7276FF003903097D",
        "gwName": "D60",
        "gwRssi": -82,
        "devUplinkCounter": 134
      }
    ]
  },
  {
    "Floor": "C",
    "Number": 102,
    "UL1": 391,
    "UL2": 0,
    "Time": "11/22/2018 5:36:56 PM",
    "Measures": [
      {
        "devEui": "0018B200000023E6",
        "devAddr": "30014AE9",
        "time": "2018-11-22 17:35:31",
        "payload": "rxeHgg5nTQY=",
        "sf": 7,
        "gwEui": "7276FF003903097D",
        "gwName": "D60",
        "gwRssi": -90,
        "devUplinkCounter": 135
      },
      {
        "devEui": "0018B200000023E6",
        "devAddr": "30014AE9",
        "time": "2018-11-22 17:35:31",
        "payload": "rxeHgg5nTQY=",
        "sf": 7,
        "gwEui": "7276FF00390309F5",
        "gwName": "A02b",
        "gwRssi": -113,
        "devUplinkCounter": 135
      }
    ]
  },
  {
    "Floor": "C",
    "Number": 103,
    "UL1": 392,
    "UL2": 0,
    "Time": "11/22/2018 5:37:23 PM",
    "Measures": [
      {
        "devEui": "0018B200000023E6",
        "devAddr": "30014AE9",
        "time": "2018-11-22 17:35:58",
        "payload": "rxeIgw5mUgY=",
        "sf": 7,
        "gwEui": "7276FF00390309F5",
        "gwName": "A02b",
        "gwRssi": -112,
        "devUplinkCounter": 136
      },
      {
        "devEui": "0018B200000023E6",
        "devAddr": "30014AE9",
        "time": "2018-11-22 17:35:58",
        "payload": "rxeIgw5mUgY=",
        "sf": 7,
        "gwEui": "7276FF003903097D",
        "gwName": "D60",
        "gwRssi": -100,
        "devUplinkCounter": 136
      }
    ]
  },
  {
    "Floor": "C",
    "Number": 104,
    "UL1": 393,
    "UL2": 0,
    "Time": "11/22/2018 5:37:46 PM",
    "Measures": [
      {
        "devEui": "0018B200000023E6",
        "devAddr": "30014AE9",
        "time": "2018-11-22 17:37:41",
        "payload": "rxaJhA5mWwY=",
        "sf": 7,
        "gwEui": "7276FF003903097D",
        "gwName": "D60",
        "gwRssi": -100,
        "devUplinkCounter": 137
      }
    ]
  },
  {
    "Floor": "C",
    "Number": 105,
    "UL1": 394,
    "UL2": 0,
    "Time": "11/22/2018 5:38:02 PM",
    "Measures": [
      {
        "devEui": "0018B200000023E6",
        "devAddr": "30014AE9",
        "time": "2018-11-22 17:37:56",
        "payload": "rxeKhQ5mVQY=",
        "sf": 7,
        "gwEui": "7276FF003903097D",
        "gwName": "D60",
        "gwRssi": -90,
        "devUplinkCounter": 138
      },
      {
        "devEui": "0018B200000023E6",
        "devAddr": "30014AE9",
        "time": "2018-11-22 17:36:38",
        "payload": "rxeKhQ5mVQY=",
        "sf": 7,
        "gwEui": "7276FF00390309F5",
        "gwName": "A02b",
        "gwRssi": -115,
        "devUplinkCounter": 138
      }
    ]
  },
  {
    "Floor": "C",
    "Number": 106,
    "UL1": 395,
    "UL2": 0,
    "Time": "11/22/2018 5:38:18 PM",
    "Measures": [
      {
        "devEui": "0018B200000023E6",
        "devAddr": "30014AE9",
        "time": "2018-11-22 17:36:55",
        "payload": "rxeLhg5lVwc=",
        "sf": 7,
        "gwEui": "7276FF003903097D",
        "gwName": "D60",
        "gwRssi": -96,
        "devUplinkCounter": 139
      },
      {
        "devEui": "0018B200000023E6",
        "devAddr": "30014AE9",
        "time": "2018-11-22 17:36:55",
        "payload": "rxeLhg5lVwc=",
        "sf": 7,
        "gwEui": "7276FF00390309F5",
        "gwName": "A02b",
        "gwRssi": -112,
        "devUplinkCounter": 139
      }
    ]
  },
  {
    "Floor": "C",
    "Number": 107,
    "UL1": 396,
    "UL2": 0,
    "Time": "11/22/2018 5:39:00 PM",
    "Measures": [
      {
        "devEui": "0018B200000023E6",
        "devAddr": "30014AE9",
        "time": "2018-11-22 17:39:41",
        "payload": "rxeMhw5mWQY=",
        "sf": 7,
        "gwEui": "7276FF00390309F5",
        "gwName": "A02b",
        "gwRssi": -116,
        "devUplinkCounter": 140
      },
      {
        "devEui": "0018B200000023E6",
        "devAddr": "30014AE9",
        "time": "2018-11-22 17:39:41",
        "payload": "rxeMhw5mWQY=",
        "sf": 7,
        "gwEui": "7276FF003903097D",
        "gwName": "D60",
        "gwRssi": -101,
        "devUplinkCounter": 140
      }
    ]
  },
  {
    "Floor": "C",
    "Number": 107,
    "UL1": 396,
    "UL2": 0,
    "Time": "11/22/2018 5:41:07 PM",
    "Measures": [
      {
        "devEui": "0018B200000023E6",
        "devAddr": "30014AE9",
        "time": "2018-11-22 17:39:41",
        "payload": "rxeMhw5mWQY=",
        "sf": 7,
        "gwEui": "7276FF00390309F5",
        "gwName": "A02b",
        "gwRssi": -116,
        "devUplinkCounter": 140
      },
      {
        "devEui": "0018B200000023E6",
        "devAddr": "30014AE9",
        "time": "2018-11-22 17:39:41",
        "payload": "rxeMhw5mWQY=",
        "sf": 7,
        "gwEui": "7276FF003903097D",
        "gwName": "D60",
        "gwRssi": -101,
        "devUplinkCounter": 140
      }
    ]
  },
  {
    "Floor": "C",
    "Number": 108,
    "UL1": 397,
    "UL2": 0,
    "Time": "11/22/2018 5:41:44 PM",
    "Measures": [
      {
        "devEui": "0018B200000023E6",
        "devAddr": "30014AE9",
        "time": "2018-11-22 17:41:38",
        "payload": "rxeNiA5mUwY=",
        "sf": 7,
        "gwEui": "7276FF003903097D",
        "gwName": "D60",
        "gwRssi": -102,
        "devUplinkCounter": 141
      }
    ]
  },
  {
    "Floor": "C",
    "Number": 109,
    "UL1": 398,
    "UL2": 0,
    "Time": "11/22/2018 5:42:21 PM",
    "Measures": [
      {
        "devEui": "0018B200000023E6",
        "devAddr": "30014AE9",
        "time": "2018-11-22 17:42:16",
        "payload": "rxeOiQ5lUwY=",
        "sf": 7,
        "gwEui": "7276FF003903097D",
        "gwName": "D60",
        "gwRssi": -94,
        "devUplinkCounter": 142
      }
    ]
  },
  {
    "Floor": "C",
    "Number": 110,
    "UL1": 399,
    "UL2": 0,
    "Time": "11/22/2018 5:42:35 PM",
    "Measures": [
      {
        "devEui": "0018B200000023E6",
        "devAddr": "30014AE9",
        "time": "2018-11-22 17:42:30",
        "payload": "rxePig5lWAY=",
        "sf": 7,
        "gwEui": "7276FF003903097D",
        "gwName": "D60",
        "gwRssi": -83,
        "devUplinkCounter": 143
      }
    ]
  },
  {
    "Floor": "C",
    "Number": 111,
    "UL1": 400,
    "UL2": 0,
    "Time": "11/22/2018 5:42:48 PM",
    "Measures": [
      {
        "devEui": "0018B200000023E6",
        "devAddr": "30014AE9",
        "time": "2018-11-22 17:42:43",
        "payload": "rxeQiw5lTgU=",
        "sf": 7,
        "gwEui": "7276FF003903097D",
        "gwName": "D60",
        "gwRssi": -93,
        "devUplinkCounter": 144
      }
    ]
  },
  {
    "Floor": "C",
    "Number": 170,
    "UL1": 402,
    "UL2": 0,
    "Time": "11/22/2018 5:48:17 PM",
    "Measures": [
      {
        "devEui": "0018B200000023E6",
        "devAddr": "30014AE9",
        "time": "2018-11-22 17:48:12",
        "payload": "rxeSjQ5mRwU=",
        "sf": 7,
        "gwEui": "7276FF0039030950",
        "gwName": "B40",
        "gwRssi": -84,
        "devUplinkCounter": 146
      },
      {
        "devEui": "0018B200000023E6",
        "devAddr": "30014AE9",
        "time": "2018-11-22 17:48:12",
        "payload": "rxeSjQ5mRwU=",
        "sf": 7,
        "gwEui": "7276FF003903097C",
        "gwName": "C22",
        "gwRssi": -96,
        "devUplinkCounter": 146
      }
    ]
  },
  {
    "Floor": "C",
    "Number": 171,
    "UL1": 403,
    "UL2": 0,
    "Time": "11/22/2018 5:48:29 PM",
    "Measures": [
      {
        "devEui": "0018B200000023E6",
        "devAddr": "30014AE9",
        "time": "2018-11-22 17:48:24",
        "payload": "rxeTjg5lSAc=",
        "sf": 7,
        "gwEui": "7276FF0039030950",
        "gwName": "B40",
        "gwRssi": -74,
        "devUplinkCounter": 147
      },
      {
        "devEui": "0018B200000023E6",
        "devAddr": "30014AE9",
        "time": "2018-11-22 17:48:24",
        "payload": "rxeTjg5lSAc=",
        "sf": 7,
        "gwEui": "7276FF003903097C",
        "gwName": "C22",
        "gwRssi": -94,
        "devUplinkCounter": 147
      }
    ]
  },
  {
    "Floor": "C",
    "Number": 172,
    "UL1": 404,
    "UL2": 0,
    "Time": "11/22/2018 5:48:48 PM",
    "Measures": [
      {
        "devEui": "0018B200000023E6",
        "devAddr": "30014AE9",
        "time": "2018-11-22 17:48:43",
        "payload": "rxeUjw5nPwc=",
        "sf": 7,
        "gwEui": "7276FF0039030950",
        "gwName": "B40",
        "gwRssi": -77,
        "devUplinkCounter": 148
      },
      {
        "devEui": "0018B200000023E6",
        "devAddr": "30014AE9",
        "time": "2018-11-22 17:48:43",
        "payload": "rxeUjw5nPwc=",
        "sf": 7,
        "gwEui": "7276FF003903097C",
        "gwName": "C22",
        "gwRssi": -88,
        "devUplinkCounter": 148
      }
    ]
  },
  {
    "Floor": "C",
    "Number": 173,
    "UL1": 405,
    "UL2": 0,
    "Time": "11/22/2018 5:49:01 PM",
    "Measures": [
      {
        "devEui": "0018B200000023E6",
        "devAddr": "30014AE9",
        "time": "2018-11-22 17:48:56",
        "payload": "rxeVkA5kRAc=",
        "sf": 7,
        "gwEui": "7276FF0039030950",
        "gwName": "B40",
        "gwRssi": -70,
        "devUplinkCounter": 149
      },
      {
        "devEui": "0018B200000023E6",
        "devAddr": "30014AE9",
        "time": "2018-11-22 17:48:56",
        "payload": "rxeVkA5kRAc=",
        "sf": 7,
        "gwEui": "7276FF003903097C",
        "gwName": "C22",
        "gwRssi": -101,
        "devUplinkCounter": 149
      },
      {
        "devEui": "0018B200000023E6",
        "devAddr": "30014AE9",
        "time": "2018-11-22 17:48:56",
        "payload": "rxeVkA5kRAc=",
        "sf": 7,
        "gwEui": "7276FF0039030977",
        "gwName": "H06",
        "gwRssi": -110,
        "devUplinkCounter": 149
      }
    ]
  },
  {
    "Floor": "C",
    "Number": 174,
    "UL1": 406,
    "UL2": 0,
    "Time": "11/22/2018 5:49:14 PM",
    "Measures": [
      {
        "devEui": "0018B200000023E6",
        "devAddr": "30014AE9",
        "time": "2018-11-22 17:49:10",
        "payload": "rxiWkQ5lQQY=",
        "sf": 7,
        "gwEui": "7276FF0039030950",
        "gwName": "B40",
        "gwRssi": -84,
        "devUplinkCounter": 150
      },
      {
        "devEui": "0018B200000023E6",
        "devAddr": "30014AE9",
        "time": "2018-11-22 17:49:10",
        "payload": "rxiWkQ5lQQY=",
        "sf": 7,
        "gwEui": "7276FF0039030977",
        "gwName": "H06",
        "gwRssi": -108,
        "devUplinkCounter": 150
      },
      {
        "devEui": "0018B200000023E6",
        "devAddr": "30014AE9",
        "time": "2018-11-22 17:49:10",
        "payload": "rxiWkQ5lQQY=",
        "sf": 7,
        "gwEui": "7276FF003903097C",
        "gwName": "C22",
        "gwRssi": -83,
        "devUplinkCounter": 150
      }
    ]
  },
  {
    "Floor": "C",
    "Number": 175,
    "UL1": 407,
    "UL2": 0,
    "Time": "11/22/2018 5:50:07 PM",
    "Measures": [
      {
        "devEui": "0018B200000023E6",
        "devAddr": "30014AE9",
        "time": "2018-11-22 17:50:02",
        "payload": "rxiXkg5oUgY=",
        "sf": 7,
        "gwEui": "7276FF003903097C",
        "gwName": "C22",
        "gwRssi": -95,
        "devUplinkCounter": 151
      },
      {
        "devEui": "0018B200000023E6",
        "devAddr": "30014AE9",
        "time": "2018-11-22 17:50:02",
        "payload": "rxiXkg5oUgY=",
        "sf": 7,
        "gwEui": "7276FF0039030950",
        "gwName": "B40",
        "gwRssi": -72,
        "devUplinkCounter": 151
      }
    ]
  },
  {
    "Floor": "C",
    "Number": 176,
    "UL1": 408,
    "UL2": 0,
    "Time": "11/22/2018 5:50:19 PM",
    "Measures": [
      {
        "devEui": "0018B200000023E6",
        "devAddr": "30014AE9",
        "time": "2018-11-22 17:50:15",
        "payload": "rxeYkw5kRAY=",
        "sf": 7,
        "gwEui": "7276FF0039030950",
        "gwName": "B40",
        "gwRssi": -80,
        "devUplinkCounter": 152
      },
      {
        "devEui": "0018B200000023E6",
        "devAddr": "30014AE9",
        "time": "2018-11-22 17:50:15",
        "payload": "rxeYkw5kRAY=",
        "sf": 7,
        "gwEui": "7276FF003903097C",
        "gwName": "C22",
        "gwRssi": -104,
        "devUplinkCounter": 152
      }
    ]
  },
  {
    "Floor": "C",
    "Number": 177,
    "UL1": 409,
    "UL2": 0,
    "Time": "11/22/2018 5:50:34 PM",
    "Measures": [
      {
        "devEui": "0018B200000023E6",
        "devAddr": "30014AE9",
        "time": "2018-11-22 17:50:30",
        "payload": "rxeZlA5jRgc=",
        "sf": 7,
        "gwEui": "7276FF003903097C",
        "gwName": "C22",
        "gwRssi": -89,
        "devUplinkCounter": 153
      },
      {
        "devEui": "0018B200000023E6",
        "devAddr": "30014AE9",
        "time": "2018-11-22 17:50:30",
        "payload": "rxeZlA5jRgc=",
        "sf": 7,
        "gwEui": "7276FF0039030950",
        "gwName": "B40",
        "gwRssi": -76,
        "devUplinkCounter": 153
      }
    ]
  },
  {
    "Floor": "C",
    "Number": 178,
    "UL1": 410,
    "UL2": 0,
    "Time": "11/22/2018 5:50:45 PM",
    "Measures": [
      {
        "devEui": "0018B200000023E6",
        "devAddr": "30014AE9",
        "time": "2018-11-22 17:50:41",
        "payload": "rxialQ5lRgc=",
        "sf": 7,
        "gwEui": "7276FF0039030950",
        "gwName": "B40",
        "gwRssi": -65,
        "devUplinkCounter": 154
      },
      {
        "devEui": "0018B200000023E6",
        "devAddr": "30014AE9",
        "time": "2018-11-22 17:50:41",
        "payload": "rxialQ5lRgc=",
        "sf": 7,
        "gwEui": "7276FF0039030977",
        "gwName": "H06",
        "gwRssi": -110,
        "devUplinkCounter": 154
      },
      {
        "devEui": "0018B200000023E6",
        "devAddr": "30014AE9",
        "time": "2018-11-22 17:50:41",
        "payload": "rxialQ5lRgc=",
        "sf": 7,
        "gwEui": "7276FF003903097C",
        "gwName": "C22",
        "gwRssi": -92,
        "devUplinkCounter": 154
      }
    ]
  },
  {
    "Floor": "C",
    "Number": 179,
    "UL1": 411,
    "UL2": 0,
    "Time": "11/22/2018 5:50:59 PM",
    "Measures": [
      {
        "devEui": "0018B200000023E6",
        "devAddr": "30014AE9",
        "time": "2018-11-22 17:50:53",
        "payload": "rxeblg5kOgY=",
        "sf": 7,
        "gwEui": "7276FF003903097C",
        "gwName": "C22",
        "gwRssi": -98,
        "devUplinkCounter": 155
      },
      {
        "devEui": "0018B200000023E6",
        "devAddr": "30014AE9",
        "time": "2018-11-22 17:50:53",
        "payload": "rxeblg5kOgY=",
        "sf": 7,
        "gwEui": "7276FF0039030950",
        "gwName": "B40",
        "gwRssi": -71,
        "devUplinkCounter": 155
      }
    ]
  },
  {
    "Floor": "C",
    "Number": 180,
    "UL1": 413,
    "UL2": 0,
    "Time": "11/22/2018 5:52:37 PM",
    "Measures": [
      {
        "devEui": "0018B200000023E6",
        "devAddr": "30014AE9",
        "time": "2018-11-22 17:52:30",
        "payload": "rxidmA5lPwc=",
        "sf": 7,
        "gwEui": "7276FF0039030950",
        "gwName": "B40",
        "gwRssi": -101,
        "devUplinkCounter": 157
      },
      {
        "devEui": "0018B200000023E6",
        "devAddr": "30014AE9",
        "time": "2018-11-22 17:52:30",
        "payload": "rxidmA5lPwc=",
        "sf": 7,
        "gwEui": "7276FF003903097C",
        "gwName": "C22",
        "gwRssi": -108,
        "devUplinkCounter": 157
      }
    ]
  },
  {
    "Floor": "C",
    "Number": 181,
    "UL1": 414,
    "UL2": 0,
    "Time": "11/22/2018 5:52:58 PM",
    "Measures": [
      {
        "devEui": "0018B200000023E6",
        "devAddr": "30014AE9",
        "time": "2018-11-22 17:52:52",
        "payload": "rxeemQ5kWgg=",
        "sf": 7,
        "gwEui": "7276FF0039030950",
        "gwName": "B40",
        "gwRssi": -101,
        "devUplinkCounter": 158
      }
    ]
  },
  {
    "Floor": "C",
    "Number": 182,
    "UL1": 415,
    "UL2": 0,
    "Time": "11/22/2018 5:53:13 PM",
    "Measures": [
      {
        "devEui": "0018B200000023E6",
        "devAddr": "30014AE9",
        "time": "2018-11-22 17:53:08",
        "payload": "rxifmg5lYAY=",
        "sf": 7,
        "gwEui": "7276FF0039030950",
        "gwName": "B40",
        "gwRssi": -103,
        "devUplinkCounter": 159
      },
      {
        "devEui": "0018B200000023E6",
        "devAddr": "30014AE9",
        "time": "2018-11-22 17:53:08",
        "payload": "rxifmg5lYAY=",
        "sf": 7,
        "gwEui": "7276FF003903097C",
        "gwName": "C22",
        "gwRssi": -108,
        "devUplinkCounter": 159
      }
    ]
  },
  {
    "Floor": "C",
    "Number": 183,
    "UL1": 416,
    "UL2": 0,
    "Time": "11/22/2018 5:53:30 PM",
    "Measures": [
      {
        "devEui": "0018B200000023E6",
        "devAddr": "30014AE9",
        "time": "2018-11-22 17:53:24",
        "payload": "rxegmw5kZwQ=",
        "sf": 7,
        "gwEui": "7276FF003903097C",
        "gwName": "C22",
        "gwRssi": -110,
        "devUplinkCounter": 160
      },
      {
        "devEui": "0018B200000023E6",
        "devAddr": "30014AE9",
        "time": "2018-11-22 17:53:24",
        "payload": "rxegmw5kZwQ=",
        "sf": 7,
        "gwEui": "7276FF0039030950",
        "gwName": "B40",
        "gwRssi": -105,
        "devUplinkCounter": 160
      }
    ]
  },
  {
    "Floor": "C",
    "Number": 184,
    "UL1": 417,
    "UL2": 0,
    "Time": "11/22/2018 5:53:46 PM",
    "Measures": [
      {
        "devEui": "0018B200000023E6",
        "devAddr": "30014AE9",
        "time": "2018-11-22 17:53:40",
        "payload": "rxihnA5kYwU=",
        "sf": 7,
        "gwEui": "7276FF003903097C",
        "gwName": "C22",
        "gwRssi": -108,
        "devUplinkCounter": 161
      },
      {
        "devEui": "0018B200000023E6",
        "devAddr": "30014AE9",
        "time": "2018-11-22 17:53:40",
        "payload": "rxihnA5kYwU=",
        "sf": 7,
        "gwEui": "7276FF0039030950",
        "gwName": "B40",
        "gwRssi": -101,
        "devUplinkCounter": 161
      }
    ]
  },
  {
    "Floor": "C",
    "Number": 185,
    "UL1": 421,
    "UL2": 0,
    "Time": "11/22/2018 5:55:19 PM",
    "Measures": [
      {
        "devEui": "0018B200000023E6",
        "devAddr": "30014AE9",
        "time": "2018-11-22 17:55:08",
        "payload": "rxilnw5kVQY=",
        "sf": 7,
        "gwEui": "7276FF003903097C",
        "gwName": "C22",
        "gwRssi": -106,
        "devUplinkCounter": 165
      },
      {
        "devEui": "0018B200000023E6",
        "devAddr": "30014AE9",
        "time": "2018-11-22 17:55:08",
        "payload": "rxilnw5kVQY=",
        "sf": 7,
        "gwEui": "7276FF0039030950",
        "gwName": "B40",
        "gwRssi": -96,
        "devUplinkCounter": 165
      }
    ]
  },
  {
    "Floor": "C",
    "Number": 186,
    "UL1": 422,
    "UL2": 0,
    "Time": "11/22/2018 5:55:29 PM",
    "Measures": [
      {
        "devEui": "0018B200000023E6",
        "devAddr": "30014AE9",
        "time": "2018-11-22 17:55:23",
        "payload": "rximoA5kWQc=",
        "sf": 7,
        "gwEui": "7276FF003903097C",
        "gwName": "C22",
        "gwRssi": -107,
        "devUplinkCounter": 166
      },
      {
        "devEui": "0018B200000023E6",
        "devAddr": "30014AE9",
        "time": "2018-11-22 17:55:23",
        "payload": "rximoA5kWQc=",
        "sf": 7,
        "gwEui": "7276FF0039030950",
        "gwName": "B40",
        "gwRssi": -96,
        "devUplinkCounter": 166
      }
    ]
  },
  {
    "Floor": "C",
    "Number": 187,
    "UL1": 423,
    "UL2": 0,
    "Time": "11/22/2018 5:55:40 PM",
    "Measures": [
      {
        "devEui": "0018B200000023E6",
        "devAddr": "30014AE9",
        "time": "2018-11-22 17:55:40",
        "payload": "rxinoQ5lUwY=",
        "sf": 7,
        "gwEui": "7276FF003903097C",
        "gwName": "C22",
        "gwRssi": -96,
        "devUplinkCounter": 167
      }
    ]
  },
  {
    "Floor": "C",
    "Number": 188,
    "UL1": 424,
    "UL2": 0,
    "Time": "11/22/2018 5:55:54 PM",
    "Measures": [
      {
        "devEui": "0018B200000023E6",
        "devAddr": "30014AE9",
        "time": "2018-11-22 17:55:54",
        "payload": "rxioog5jWAY=",
        "sf": 7,
        "gwEui": "7276FF0039030950",
        "gwName": "B40",
        "gwRssi": -102,
        "devUplinkCounter": 168
      },
      {
        "devEui": "0018B200000023E6",
        "devAddr": "30014AE9",
        "time": "2018-11-22 17:55:54",
        "payload": "rxioog5jWAY=",
        "sf": 7,
        "gwEui": "7276FF003903097C",
        "gwName": "C22",
        "gwRssi": -106,
        "devUplinkCounter": 168
      }
    ]
  },
  {
    "Floor": "C",
    "Number": 189,
    "UL1": 425,
    "UL2": 0,
    "Time": "11/22/2018 5:56:09 PM",
    "Measures": [
      {
        "devEui": "0018B200000023E6",
        "devAddr": "30014AE9",
        "time": "2018-11-22 17:55:46",
        "payload": "rxipow5kYAY=",
        "sf": 7,
        "gwEui": "7276FF0039030950",
        "gwName": "B40",
        "gwRssi": -100,
        "devUplinkCounter": 169
      }
    ]
  },
  {
    "Floor": "C",
    "Number": 190,
    "UL1": 427,
    "UL2": 0,
    "Time": "11/22/2018 5:58:01 PM",
    "Measures": [
      {
        "devEui": "0018B200000023E6",
        "devAddr": "30014AE9",
        "time": "2018-11-22 17:57:31",
        "payload": "rxmrpQ5kYQM=",
        "sf": 7,
        "gwEui": "7276FF003903097C",
        "gwName": "C22",
        "gwRssi": -82,
        "devUplinkCounter": 171
      },
      {
        "devEui": "0018B200000023E6",
        "devAddr": "30014AE9",
        "time": "2018-11-22 17:57:31",
        "payload": "rxmrpQ5kYQM=",
        "sf": 7,
        "gwEui": "7276FF0039030950",
        "gwName": "B40",
        "gwRssi": -95,
        "devUplinkCounter": 171
      }
    ]
  },
  {
    "Floor": "C",
    "Number": 191,
    "UL1": 428,
    "UL2": 0,
    "Time": "11/22/2018 5:58:18 PM",
    "Measures": [
      {
        "devEui": "0018B200000023E6",
        "devAddr": "30014AE9",
        "time": "2018-11-22 17:58:12",
        "payload": "rxispg5jSwY=",
        "sf": 7,
        "gwEui": "7276FF003903097C",
        "gwName": "C22",
        "gwRssi": -92,
        "devUplinkCounter": 172
      },
      {
        "devEui": "0018B200000023E6",
        "devAddr": "30014AE9",
        "time": "2018-11-22 17:58:12",
        "payload": "rxispg5jSwY=",
        "sf": 7,
        "gwEui": "7276FF0039030950",
        "gwName": "B40",
        "gwRssi": -97,
        "devUplinkCounter": 172
      }
    ]
  },
  {
    "Floor": "C",
    "Number": 192,
    "UL1": 429,
    "UL2": 0,
    "Time": "11/22/2018 5:58:37 PM",
    "Measures": [
      {
        "devEui": "0018B200000023E6",
        "devAddr": "30014AE9",
        "time": "2018-11-22 17:58:09",
        "payload": "rxitpw5jWAc=",
        "sf": 7,
        "gwEui": "7276FF0039030950",
        "gwName": "B40",
        "gwRssi": -101,
        "devUplinkCounter": 173
      },
      {
        "devEui": "0018B200000023E6",
        "devAddr": "30014AE9",
        "time": "2018-11-22 17:58:09",
        "payload": "rxitpw5jWAc=",
        "sf": 7,
        "gwEui": "7276FF003903097C",
        "gwName": "C22",
        "gwRssi": -103,
        "devUplinkCounter": 173
      }
    ]
  },
  {
    "Floor": "C",
    "Number": 193,
    "UL1": 430,
    "UL2": 0,
    "Time": "11/22/2018 5:58:53 PM",
    "Measures": [
      {
        "devEui": "0018B200000023E6",
        "devAddr": "30014AE9",
        "time": "2018-11-22 17:58:48",
        "payload": "rxmuqA5jXwY=",
        "sf": 7,
        "gwEui": "7276FF0039030950",
        "gwName": "B40",
        "gwRssi": -92,
        "devUplinkCounter": 174
      },
      {
        "devEui": "0018B200000023E6",
        "devAddr": "30014AE9",
        "time": "2018-11-22 17:58:48",
        "payload": "rxmuqA5jXwY=",
        "sf": 7,
        "gwEui": "7276FF003903097C",
        "gwName": "C22",
        "gwRssi": -95,
        "devUplinkCounter": 174
      }
    ]
  },
  {
    "Floor": "C",
    "Number": 194,
    "UL1": 431,
    "UL2": 0,
    "Time": "11/22/2018 5:59:09 PM",
    "Measures": [
      {
        "devEui": "0018B200000023E6",
        "devAddr": "30014AE9",
        "time": "2018-11-22 17:59:04",
        "payload": "rxmvqQ5jVQY=",
        "sf": 7,
        "gwEui": "7276FF0039030950",
        "gwName": "B40",
        "gwRssi": -89,
        "devUplinkCounter": 175
      },
      {
        "devEui": "0018B200000023E6",
        "devAddr": "30014AE9",
        "time": "2018-11-22 17:59:04",
        "payload": "rxmvqQ5jVQY=",
        "sf": 7,
        "gwEui": "7276FF003903097C",
        "gwName": "C22",
        "gwRssi": -100,
        "devUplinkCounter": 175
      }
    ]
  },
  {
    "Floor": "C",
    "Number": 195,
    "UL1": 433,
    "UL2": 0,
    "Time": "11/22/2018 6:00:30 PM",
    "Measures": [
      {
        "devEui": "0018B200000023E6",
        "devAddr": "30014AE9",
        "time": "2018-11-22 18:00:01",
        "payload": "rxmxqw5iRQg=",
        "sf": 7,
        "gwEui": "7276FF0039030950",
        "gwName": "B40",
        "gwRssi": -91,
        "devUplinkCounter": 177
      },
      {
        "devEui": "0018B200000023E6",
        "devAddr": "30014AE9",
        "time": "2018-11-22 18:00:01",
        "payload": "rxmxqw5iRQg=",
        "sf": 7,
        "gwEui": "7276FF003903097C",
        "gwName": "C22",
        "gwRssi": -68,
        "devUplinkCounter": 177
      }
    ]
  },
  {
    "Floor": "C",
    "Number": 196,
    "UL1": 434,
    "UL2": 0,
    "Time": "11/22/2018 6:00:42 PM",
    "Measures": [
      {
        "devEui": "0018B200000023E6",
        "devAddr": "30014AE9",
        "time": "2018-11-22 18:00:14",
        "payload": "rxmyrA5kQwY=",
        "sf": 7,
        "gwEui": "7276FF0039030950",
        "gwName": "B40",
        "gwRssi": -101,
        "devUplinkCounter": 178
      },
      {
        "devEui": "0018B200000023E6",
        "devAddr": "30014AE9",
        "time": "2018-11-22 18:00:14",
        "payload": "rxmyrA5kQwY=",
        "sf": 7,
        "gwEui": "7276FF003903097C",
        "gwName": "C22",
        "gwRssi": -77,
        "devUplinkCounter": 178
      }
    ]
  },
  {
    "Floor": "C",
    "Number": 197,
    "UL1": 435,
    "UL2": 0,
    "Time": "11/22/2018 6:00:57 PM",
    "Measures": [
      {
        "devEui": "0018B200000023E6",
        "devAddr": "30014AE9",
        "time": "2018-11-22 18:00:29",
        "payload": "rxmzrQ5iSgY=",
        "sf": 7,
        "gwEui": "7276FF003903097C",
        "gwName": "C22",
        "gwRssi": -82,
        "devUplinkCounter": 179
      },
      {
        "devEui": "0018B200000023E6",
        "devAddr": "30014AE9",
        "time": "2018-11-22 18:00:29",
        "payload": "rxmzrQ5iSgY=",
        "sf": 7,
        "gwEui": "7276FF0039030950",
        "gwName": "B40",
        "gwRssi": -98,
        "devUplinkCounter": 179
      }
    ]
  },
  {
    "Floor": "C",
    "Number": 198,
    "UL1": 436,
    "UL2": 0,
    "Time": "11/22/2018 6:01:11 PM",
    "Measures": [
      {
        "devEui": "0018B200000023E6",
        "devAddr": "30014AE9",
        "time": "2018-11-22 18:00:42",
        "payload": "rxm0rg5hSgU=",
        "sf": 7,
        "gwEui": "7276FF003903097C",
        "gwName": "C22",
        "gwRssi": -78,
        "devUplinkCounter": 180
      },
      {
        "devEui": "0018B200000023E6",
        "devAddr": "30014AE9",
        "time": "2018-11-22 18:00:42",
        "payload": "rxm0rg5hSgU=",
        "sf": 7,
        "gwEui": "7276FF0039030950",
        "gwName": "B40",
        "gwRssi": -100,
        "devUplinkCounter": 180
      }
    ]
  },
  {
    "Floor": "C",
    "Number": 199,
    "UL1": 437,
    "UL2": 0,
    "Time": "11/22/2018 6:01:23 PM",
    "Measures": [
      {
        "devEui": "0018B200000023E6",
        "devAddr": "30014AE9",
        "time": "2018-11-22 18:00:55",
        "payload": "rxm1rw5kUQc=",
        "sf": 7,
        "gwEui": "7276FF003903097C",
        "gwName": "C22",
        "gwRssi": -77,
        "devUplinkCounter": 181
      },
      {
        "devEui": "0018B200000023E6",
        "devAddr": "30014AE9",
        "time": "2018-11-22 18:00:55",
        "payload": "rxm1rw5kUQc=",
        "sf": 7,
        "gwEui": "7276FF0039030950",
        "gwName": "B40",
        "gwRssi": -96,
        "devUplinkCounter": 181
      }
    ]
  },
  {
    "Floor": "C",
    "Number": 200,
    "UL1": 438,
    "UL2": 0,
    "Time": "11/22/2018 6:03:39 PM",
    "Measures": [
      {
        "devEui": "0018B200000023E6",
        "devAddr": "30014AE9",
        "time": "2018-11-22 18:03:10",
        "payload": "rxm2sA5jRQc=",
        "sf": 7,
        "gwEui": "7276FF003903097C",
        "gwName": "C22",
        "gwRssi": -54,
        "devUplinkCounter": 182
      },
      {
        "devEui": "0018B200000023E6",
        "devAddr": "30014AE9",
        "time": "2018-11-22 18:03:10",
        "payload": "rxm2sA5jRQc=",
        "sf": 7,
        "gwEui": "7276FF0039030950",
        "gwName": "B40",
        "gwRssi": -105,
        "devUplinkCounter": 182
      }
    ]
  },
  {
    "Floor": "C",
    "Number": 201,
    "UL1": 439,
    "UL2": 0,
    "Time": "11/22/2018 6:03:52 PM",
    "Measures": [
      {
        "devEui": "0018B200000023E6",
        "devAddr": "30014AE9",
        "time": "2018-11-22 18:03:23",
        "payload": "rxm3sQ5iMQY=",
        "sf": 7,
        "gwEui": "7276FF003903097C",
        "gwName": "C22",
        "gwRssi": -71,
        "devUplinkCounter": 183
      },
      {
        "devEui": "0018B200000023E6",
        "devAddr": "30014AE9",
        "time": "2018-11-22 18:03:23",
        "payload": "rxm3sQ5iMQY=",
        "sf": 7,
        "gwEui": "7276FF0039030950",
        "gwName": "B40",
        "gwRssi": -100,
        "devUplinkCounter": 183
      }
    ]
  },
  {
    "Floor": "C",
    "Number": 202,
    "UL1": 440,
    "UL2": 0,
    "Time": "11/22/2018 6:04:13 PM",
    "Measures": [
      {
        "devEui": "0018B200000023E6",
        "devAddr": "30014AE9",
        "time": "2018-11-22 18:03:39",
        "payload": "rxm4sg5kPgc=",
        "sf": 7,
        "gwEui": "7276FF003903097C",
        "gwName": "C22",
        "gwRssi": -71,
        "devUplinkCounter": 184
      },
      {
        "devEui": "0018B200000023E6",
        "devAddr": "30014AE9",
        "time": "2018-11-22 18:03:39",
        "payload": "rxm4sg5kPgc=",
        "sf": 7,
        "gwEui": "7276FF0039030950",
        "gwName": "B40",
        "gwRssi": -106,
        "devUplinkCounter": 184
      }
    ]
  },
  {
    "Floor": "C",
    "Number": 209,
    "UL1": 441,
    "UL2": 0,
    "Time": "11/22/2018 6:04:32 PM",
    "Measures": [
      {
        "devEui": "0018B200000023E6",
        "devAddr": "30014AE9",
        "time": "2018-11-22 18:04:02",
        "payload": "rxi5sw5kPQY=",
        "sf": 7,
        "gwEui": "7276FF0039030950",
        "gwName": "B40",
        "gwRssi": -103,
        "devUplinkCounter": 185
      }
    ]
  },
  {
    "Floor": "C",
    "Number": 210,
    "UL1": 442,
    "UL2": 0,
    "Time": "11/22/2018 6:04:52 PM",
    "Measures": [
      {
        "devEui": "0018B200000023E6",
        "devAddr": "30014AE9",
        "time": "2018-11-22 18:04:22",
        "payload": "rxm6tA5jYwU=",
        "sf": 7,
        "gwEui": "7276FF003903097C",
        "gwName": "C22",
        "gwRssi": -63,
        "devUplinkCounter": 186
      },
      {
        "devEui": "0018B200000023E6",
        "devAddr": "30014AE9",
        "time": "2018-11-22 18:04:22",
        "payload": "rxm6tA5jYwU=",
        "sf": 7,
        "gwEui": "7276FF0039030950",
        "gwName": "B40",
        "gwRssi": -94,
        "devUplinkCounter": 186
      }
    ]
  },
  {
    "Floor": "C",
    "Number": 211,
    "UL1": 443,
    "UL2": 0,
    "Time": "11/22/2018 6:06:52 PM",
    "Measures": [
      {
        "devEui": "0018B200000023E6",
        "devAddr": "30014AE9",
        "time": "2018-11-22 18:06:22",
        "payload": "rxm7tQ5kOQc=",
        "sf": 7,
        "gwEui": "7276FF003903097C",
        "gwName": "C22",
        "gwRssi": -52,
        "devUplinkCounter": 187
      },
      {
        "devEui": "0018B200000023E6",
        "devAddr": "30014AE9",
        "time": "2018-11-22 18:06:22",
        "payload": "rxm7tQ5kOQc=",
        "sf": 7,
        "gwEui": "7276FF0039030950",
        "gwName": "B40",
        "gwRssi": -106,
        "devUplinkCounter": 187
      }
    ]
  },
  {
    "Floor": "C",
    "Number": 212,
    "UL1": 444,
    "UL2": 0,
    "Time": "11/22/2018 6:07:07 PM",
    "Measures": [
      {
        "devEui": "0018B200000023E6",
        "devAddr": "30014AE9",
        "time": "2018-11-22 18:06:44",
        "payload": "rxm8tg5kMAY=",
        "sf": 7,
        "gwEui": "7276FF003903097C",
        "gwName": "C22",
        "gwRssi": -57,
        "devUplinkCounter": 188
      },
      {
        "devEui": "0018B200000023E6",
        "devAddr": "30014AE9",
        "time": "2018-11-22 18:06:44",
        "payload": "rxm8tg5kMAY=",
        "sf": 7,
        "gwEui": "7276FF0039030950",
        "gwName": "B40",
        "gwRssi": -101,
        "devUplinkCounter": 188
      }
    ]
  },
  {
    "Floor": "C",
    "Number": 213,
    "UL1": 445,
    "UL2": 0,
    "Time": "11/22/2018 6:07:42 PM",
    "Measures": [
      {
        "devEui": "0018B200000023E6",
        "devAddr": "30014AE9",
        "time": "2018-11-22 18:07:26",
        "payload": "rxm9tw5lNwY=",
        "sf": 7,
        "gwEui": "7276FF003903097C",
        "gwName": "C22",
        "gwRssi": -54,
        "devUplinkCounter": 189
      }
    ]
  },
  {
    "Floor": "C",
    "Number": 214,
    "UL1": 446,
    "UL2": 0,
    "Time": "11/22/2018 6:07:50 PM",
    "Measures": [
      {
        "devEui": "0018B200000023E6",
        "devAddr": "30014AE9",
        "time": "2018-11-22 18:07:44",
        "payload": "rxm+uA5jMgY=",
        "sf": 7,
        "gwEui": "7276FF003903097C",
        "gwName": "C22",
        "gwRssi": -62,
        "devUplinkCounter": 190
      }
    ]
  },
  {
    "Floor": "C",
    "Number": 215,
    "UL1": 447,
    "UL2": 0,
    "Time": "11/22/2018 6:08:03 PM",
    "Measures": [
      {
        "devEui": "0018B200000023E6",
        "devAddr": "30014AE9",
        "time": "2018-11-22 18:07:34",
        "payload": "rxm/uQ5hOAU=",
        "sf": 7,
        "gwEui": "7276FF003903097C",
        "gwName": "C22",
        "gwRssi": -54,
        "devUplinkCounter": 191
      },
      {
        "devEui": "0018B200000023E6",
        "devAddr": "30014AE9",
        "time": "2018-11-22 18:07:34",
        "payload": "rxm/uQ5hOAU=",
        "sf": 7,
        "gwEui": "7276FF0039030950",
        "gwName": "B40",
        "gwRssi": -105,
        "devUplinkCounter": 191
      }
    ]
  },
  {
    "Floor": "C",
    "Number": 216,
    "UL1": 448,
    "UL2": 0,
    "Time": "11/22/2018 6:09:37 PM",
    "Measures": [
      {
        "devEui": "0018B200000023E6",
        "devAddr": "30014AE9",
        "time": "2018-11-22 18:09:32",
        "payload": "rxjAug5jMgU=",
        "sf": 7,
        "gwEui": "7276FF003903097C",
        "gwName": "C22",
        "gwRssi": -54,
        "devUplinkCounter": 192
      }
    ]
  },
  {
    "Floor": "C",
    "Number": 217,
    "UL1": 449,
    "UL2": 0,
    "Time": "11/22/2018 6:09:48 PM",
    "Measures": [
      {
        "devEui": "0018B200000023E6",
        "devAddr": "30014AE9",
        "time": "2018-11-22 18:09:19",
        "payload": "rxnBuw5iLQQ=",
        "sf": 7,
        "gwEui": "7276FF003903097C",
        "gwName": "C22",
        "gwRssi": -38,
        "devUplinkCounter": 193
      },
      {
        "devEui": "0018B200000023E6",
        "devAddr": "30014AE9",
        "time": "2018-11-22 18:09:19",
        "payload": "rxnBuw5iLQQ=",
        "sf": 7,
        "gwEui": "7276FF0039030950",
        "gwName": "B40",
        "gwRssi": -102,
        "devUplinkCounter": 193
      }
    ]
  },
  {
    "Floor": "C",
    "Number": 218,
    "UL1": 450,
    "UL2": 0,
    "Time": "11/22/2018 6:10:04 PM",
    "Measures": [
      {
        "devEui": "0018B200000023E6",
        "devAddr": "30014AE9",
        "time": "2018-11-22 18:10:03",
        "payload": "rxnCvA5iKQY=",
        "sf": 7,
        "gwEui": "7276FF003903097C",
        "gwName": "C22",
        "gwRssi": -51,
        "devUplinkCounter": 194
      }
    ]
  },
  {
    "Floor": "C",
    "Number": 219,
    "UL1": 451,
    "UL2": 0,
    "Time": "11/22/2018 6:10:18 PM",
    "Measures": [
      {
        "devEui": "0018B200000023E6",
        "devAddr": "30014AE9",
        "time": "2018-11-22 18:10:18",
        "payload": "rxnDvQ5iNgc=",
        "sf": 7,
        "gwEui": "7276FF003903097C",
        "gwName": "C22",
        "gwRssi": -52,
        "devUplinkCounter": 195
      }
    ]
  },
  {
    "Floor": "C",
    "Number": 220,
    "UL1": 452,
    "UL2": 0,
    "Time": "11/22/2018 6:10:40 PM",
    "Measures": [
      {
        "devEui": "0018B200000023E6",
        "devAddr": "30014AE9",
        "time": "2018-11-22 18:10:32",
        "payload": "rxnEvg5lLQU=",
        "sf": 7,
        "gwEui": "7276FF003903097C",
        "gwName": "C22",
        "gwRssi": -41,
        "devUplinkCounter": 196
      }
    ]
  },
  {
    "Floor": "C",
    "Number": 218,
    "UL1": 453,
    "UL2": 0,
    "Time": "11/22/2018 6:12:28 PM",
    "Measures": [
      {
        "devEui": "0018B200000023E6",
        "devAddr": "30014AE9",
        "time": "2018-11-22 18:12:20",
        "payload": "rxnFvw5jI/4=",
        "sf": 7,
        "gwEui": "7276FF003903097C",
        "gwName": "C22",
        "gwRssi": -65,
        "devUplinkCounter": 197
      }
    ]
  },
  {
    "Floor": "C",
    "Number": 221,
    "UL1": 454,
    "UL2": 0,
    "Time": "11/22/2018 6:13:14 PM",
    "Measures": [
      {
        "devEui": "0018B200000023E6",
        "devAddr": "30014AE9",
        "time": "2018-11-22 18:12:58",
        "payload": "rxnGwA5lPgY=",
        "sf": 7,
        "gwEui": "7276FF003903097C",
        "gwName": "C22",
        "gwRssi": -48,
        "devUplinkCounter": 198
      }
    ]
  },
  {
    "Floor": "C",
    "Number": 222,
    "UL1": 455,
    "UL2": 0,
    "Time": "11/22/2018 6:13:53 PM",
    "Measures": [
      {
        "devEui": "0018B200000023E6",
        "devAddr": "30014AE9",
        "time": "2018-11-22 18:13:46",
        "payload": "rxnHwQ5jMgY=",
        "sf": 7,
        "gwEui": "7276FF0039030950",
        "gwName": "B40",
        "gwRssi": -101,
        "devUplinkCounter": 199
      },
      {
        "devEui": "0018B200000023E6",
        "devAddr": "30014AE9",
        "time": "2018-11-22 18:13:46",
        "payload": "rxnHwQ5jMgY=",
        "sf": 7,
        "gwEui": "7276FF0039030977",
        "gwName": "H06",
        "gwRssi": -110,
        "devUplinkCounter": 199
      },
      {
        "devEui": "0018B200000023E6",
        "devAddr": "30014AE9",
        "time": "2018-11-22 18:13:46",
        "payload": "rxnHwQ5jMgY=",
        "sf": 7,
        "gwEui": "7276FF003903094F",
        "gwName": "F07",
        "gwRssi": -106,
        "devUplinkCounter": 199
      },
      {
        "devEui": "0018B200000023E6",
        "devAddr": "30014AE9",
        "time": "2018-11-22 18:13:46",
        "payload": "rxnHwQ5jMgY=",
        "sf": 7,
        "gwEui": "7276FF003903097C",
        "gwName": "C22",
        "gwRssi": -48,
        "devUplinkCounter": 199
      }
    ]
  },
  {
    "Floor": "C",
    "Number": 223,
    "UL1": 456,
    "UL2": 0,
    "Time": "11/22/2018 6:14:15 PM",
    "Measures": [
      {
        "devEui": "0018B200000023E6",
        "devAddr": "30014AE9",
        "time": "2018-11-22 18:14:07",
        "payload": "rxnIwg5iLQY=",
        "sf": 7,
        "gwEui": "7276FF0039030A01",
        "gwName": "Loge",
        "gwRssi": -99,
        "devUplinkCounter": 200
      },
      {
        "devEui": "0018B200000023E6",
        "devAddr": "30014AE9",
        "time": "2018-11-22 18:14:07",
        "payload": "rxnIwg5iLQY=",
        "sf": 7,
        "gwEui": "7276FF003903097C",
        "gwName": "C22",
        "gwRssi": -72,
        "devUplinkCounter": 200
      },
      {
        "devEui": "0018B200000023E6",
        "devAddr": "30014AE9",
        "time": "2018-11-22 18:14:07",
        "payload": "rxnIwg5iLQY=",
        "sf": 7,
        "gwEui": "7276FF0039030977",
        "gwName": "H06",
        "gwRssi": -110,
        "devUplinkCounter": 200
      }
    ]
  },
  {
    "Floor": "C",
    "Number": 224,
    "UL1": 457,
    "UL2": 0,
    "Time": "11/22/2018 6:14:19 PM",
    "Measures": [
      {
        "devEui": "0018B200000023E6",
        "devAddr": "30014AE9",
        "time": "2018-11-22 18:14:15",
        "payload": "zxnJww5jRAc=",
        "sf": 7,
        "gwEui": "7276FF003903097C",
        "gwName": "C22",
        "gwRssi": -92,
        "devUplinkCounter": 201
      }
    ]
  },
  {
    "Floor": "C",
    "Number": 225,
    "UL1": 458,
    "UL2": 0,
    "Time": "11/22/2018 6:14:31 PM",
    "Measures": [
      {
        "devEui": "0018B200000023E6",
        "devAddr": "30014AE9",
        "time": "2018-11-22 18:14:00",
        "payload": "rxnKxA5iRQc=",
        "sf": 7,
        "gwEui": "7276FF0039030950",
        "gwName": "B40",
        "gwRssi": -104,
        "devUplinkCounter": 202
      },
      {
        "devEui": "0018B200000023E6",
        "devAddr": "30014AE9",
        "time": "2018-11-22 18:14:00",
        "payload": "rxnKxA5iRQc=",
        "sf": 7,
        "gwEui": "7276FF003903097C",
        "gwName": "C22",
        "gwRssi": -70,
        "devUplinkCounter": 202
      }
    ]
  },
  {
    "Floor": "C",
    "Number": 226,
    "UL1": 459,
    "UL2": 0,
    "Time": "11/22/2018 6:15:12 PM",
    "Measures": [
      {
        "devEui": "0018B200000023E6",
        "devAddr": "30014AE9",
        "time": "2018-11-22 18:14:53",
        "payload": "rxnLxQ5gQQY=",
        "sf": 7,
        "gwEui": "7276FF003903097C",
        "gwName": "C22",
        "gwRssi": -59,
        "devUplinkCounter": 203
      },
      {
        "devEui": "0018B200000023E6",
        "devAddr": "30014AE9",
        "time": "2018-11-22 18:14:53",
        "payload": "rxnLxQ5gQQY=",
        "sf": 7,
        "gwEui": "7276FF003903094F",
        "gwName": "F07",
        "gwRssi": -106,
        "devUplinkCounter": 203
      },
      {
        "devEui": "0018B200000023E6",
        "devAddr": "30014AE9",
        "time": "2018-11-22 18:14:53",
        "payload": "rxnLxQ5gQQY=",
        "sf": 7,
        "gwEui": "7276FF0039030A01",
        "gwName": "Loge",
        "gwRssi": -88,
        "devUplinkCounter": 203
      }
    ]
  },
  {
    "Floor": "C",
    "Number": 226,
    "UL1": 460,
    "UL2": 0,
    "Time": "11/22/2018 6:16:34 PM",
    "Measures": [
      {
        "devEui": "0018B200000023E6",
        "devAddr": "30014AE9",
        "time": "2018-11-22 18:16:27",
        "payload": "rxnMxg5kOAU=",
        "sf": 7,
        "gwEui": "7276FF0039030950",
        "gwName": "B40",
        "gwRssi": -86,
        "devUplinkCounter": 204
      },
      {
        "devEui": "0018B200000023E6",
        "devAddr": "30014AE9",
        "time": "2018-11-22 18:16:27",
        "payload": "rxnMxg5kOAU=",
        "sf": 7,
        "gwEui": "7276FF003903097C",
        "gwName": "C22",
        "gwRssi": -82,
        "devUplinkCounter": 204
      }
    ]
  },
  {
    "Floor": "C",
    "Number": 227,
    "UL1": 461,
    "UL2": 0,
    "Time": "11/22/2018 6:16:55 PM",
    "Measures": [
      {
        "devEui": "0018B200000023E6",
        "devAddr": "30014AE9",
        "time": "2018-11-22 18:16:50",
        "payload": "rxnNxw5iVAY=",
        "sf": 7,
        "gwEui": "7276FF0039030950",
        "gwName": "B40",
        "gwRssi": -74,
        "devUplinkCounter": 205
      },
      {
        "devEui": "0018B200000023E6",
        "devAddr": "30014AE9",
        "time": "2018-11-22 18:16:50",
        "payload": "rxnNxw5iVAY=",
        "sf": 7,
        "gwEui": "7276FF003903097C",
        "gwName": "C22",
        "gwRssi": -84,
        "devUplinkCounter": 205
      }
    ]
  },
  {
    "Floor": "C",
    "Number": 228,
    "UL1": 462,
    "UL2": 0,
    "Time": "11/22/2018 6:17:23 PM",
    "Measures": [
      {
        "devEui": "0018B200000023E6",
        "devAddr": "30014AE9",
        "time": "2018-11-22 18:17:17",
        "payload": "rxjOyA5iRQY=",
        "sf": 7,
        "gwEui": "7276FF0039030950",
        "gwName": "B40",
        "gwRssi": -84,
        "devUplinkCounter": 206
      },
      {
        "devEui": "0018B200000023E6",
        "devAddr": "30014AE9",
        "time": "2018-11-22 18:17:17",
        "payload": "rxjOyA5iRQY=",
        "sf": 7,
        "gwEui": "7276FF003903097C",
        "gwName": "C22",
        "gwRssi": -70,
        "devUplinkCounter": 206
      }
    ]
  },
  {
    "Floor": "C",
    "Number": 229,
    "UL1": 463,
    "UL2": 0,
    "Time": "11/22/2018 6:17:39 PM",
    "Measures": [
      {
        "devEui": "0018B200000023E6",
        "devAddr": "30014AE9",
        "time": "2018-11-22 18:17:38",
        "payload": "rxjPyQ5iQwY=",
        "sf": 7,
        "gwEui": "7276FF003903097C",
        "gwName": "C22",
        "gwRssi": -66,
        "devUplinkCounter": 207
      },
      {
        "devEui": "0018B200000023E6",
        "devAddr": "30014AE9",
        "time": "2018-11-22 18:17:38",
        "payload": "rxjPyQ5iQwY=",
        "sf": 7,
        "gwEui": "7276FF0039030950",
        "gwName": "B40",
        "gwRssi": -96,
        "devUplinkCounter": 207
      }
    ]
  },
  {
    "Floor": "C",
    "Number": 230,
    "UL1": 464,
    "UL2": 0,
    "Time": "11/22/2018 6:18:05 PM",
    "Measures": []
  },
  {
    "Floor": "C",
    "Number": 231,
    "UL1": 465,
    "UL2": 0,
    "Time": "11/22/2018 6:19:40 PM",
    "Measures": [
      {
        "devEui": "0018B200000023E6",
        "devAddr": "30014AE9",
        "time": "2018-11-22 18:19:36",
        "payload": "rxjRyw5jNAY=",
        "sf": 7,
        "gwEui": "7276FF003903097C",
        "gwName": "C22",
        "gwRssi": -71,
        "devUplinkCounter": 209
      }
    ]
  },
  {
    "Floor": "C",
    "Number": 232,
    "UL1": 466,
    "UL2": 0,
    "Time": "11/22/2018 6:20:00 PM",
    "Measures": [
      {
        "devEui": "0018B200000023E6",
        "devAddr": "30014AE9",
        "time": "2018-11-22 18:19:51",
        "payload": "rxjSzA5jPwY=",
        "sf": 7,
        "gwEui": "7276FF003903097C",
        "gwName": "C22",
        "gwRssi": -77,
        "devUplinkCounter": 210
      }
    ]
  },
  {
    "Floor": "C",
    "Number": 233,
    "UL1": 467,
    "UL2": 0,
    "Time": "11/22/2018 6:20:33 PM",
    "Measures": [
      {
        "devEui": "0018B200000023E6",
        "devAddr": "30014AE9",
        "time": "2018-11-22 18:20:28",
        "payload": "rxjTzQ5iRwc=",
        "sf": 7,
        "gwEui": "7276FF003903097C",
        "gwName": "C22",
        "gwRssi": -80,
        "devUplinkCounter": 211
      }
    ]
  },
  {
    "Floor": "C",
    "Number": 234,
    "UL1": 468,
    "UL2": 0,
    "Time": "11/22/2018 6:20:57 PM",
    "Measures": [
      {
        "devEui": "0018B200000023E6",
        "devAddr": "30014AE9",
        "time": "2018-11-22 18:20:49",
        "payload": "rxjUzg5hRQc=",
        "sf": 7,
        "gwEui": "7276FF003903097C",
        "gwName": "C22",
        "gwRssi": -83,
        "devUplinkCounter": 212
      }
    ]
  },
  {
    "Floor": "C",
    "Number": 235,
    "UL1": 469,
    "UL2": 0,
    "Time": "11/22/2018 6:21:00 PM",
    "Measures": [
      {
        "devEui": "0018B200000023E6",
        "devAddr": "30014AE9",
        "time": "2018-11-22 18:20:27",
        "payload": "rxjVzw5iSgY=",
        "sf": 7,
        "gwEui": "7276FF00390309F5",
        "gwName": "A02b",
        "gwRssi": -114,
        "devUplinkCounter": 213
      },
      {
        "devEui": "0018B200000023E6",
        "devAddr": "30014AE9",
        "time": "2018-11-22 18:20:27",
        "payload": "rxjVzw5iSgY=",
        "sf": 7,
        "gwEui": "7276FF003903097C",
        "gwName": "C22",
        "gwRssi": -94,
        "devUplinkCounter": 213
      },
      {
        "devEui": "0018B200000023E6",
        "devAddr": "30014AE9",
        "time": "2018-11-22 18:20:27",
        "payload": "rxjVzw5iSgY=",
        "sf": 7,
        "gwEui": "7276FF003903097D",
        "gwName": "D60",
        "gwRssi": -110,
        "devUplinkCounter": 213
      }
    ]
  },
  {
    "Floor": "C",
    "Number": 235,
    "UL1": 469,
    "UL2": 0,
    "Time": "11/22/2018 6:21:53 PM",
    "Measures": [
      {
        "devEui": "0018B200000023E6",
        "devAddr": "30014AE9",
        "time": "2018-11-22 18:20:27",
        "payload": "rxjVzw5iSgY=",
        "sf": 7,
        "gwEui": "7276FF00390309F5",
        "gwName": "A02b",
        "gwRssi": -114,
        "devUplinkCounter": 213
      },
      {
        "devEui": "0018B200000023E6",
        "devAddr": "30014AE9",
        "time": "2018-11-22 18:20:27",
        "payload": "rxjVzw5iSgY=",
        "sf": 7,
        "gwEui": "7276FF003903097C",
        "gwName": "C22",
        "gwRssi": -94,
        "devUplinkCounter": 213
      },
      {
        "devEui": "0018B200000023E6",
        "devAddr": "30014AE9",
        "time": "2018-11-22 18:20:27",
        "payload": "rxjVzw5iSgY=",
        "sf": 7,
        "gwEui": "7276FF003903097D",
        "gwName": "D60",
        "gwRssi": -110,
        "devUplinkCounter": 213
      }
    ]
  },
  {
    "Floor": "C",
    "Number": 236,
    "UL1": 471,
    "UL2": 0,
    "Time": "11/22/2018 6:22:42 PM",
    "Measures": [
      {
        "devEui": "0018B200000023E6",
        "devAddr": "30014AE9",
        "time": "2018-11-22 18:22:38",
        "payload": "rxfX0Q5iWAc=",
        "sf": 7,
        "gwEui": "7276FF003903097D",
        "gwName": "D60",
        "gwRssi": -102,
        "devUplinkCounter": 215
      },
      {
        "devEui": "0018B200000023E6",
        "devAddr": "30014AE9",
        "time": "2018-11-22 18:22:38",
        "payload": "rxfX0Q5iWAc=",
        "sf": 7,
        "gwEui": "7276FF003903097C",
        "gwName": "C22",
        "gwRssi": -111,
        "devUplinkCounter": 215
      }
    ]
  },
  {
    "Floor": "C",
    "Number": 238,
    "UL1": 472,
    "UL2": 0,
    "Time": "11/22/2018 6:23:47 PM",
    "Measures": [
      {
        "devEui": "0018B200000023E6",
        "devAddr": "30014AE9",
        "time": "2018-11-22 18:22:23",
        "payload": "rxfY0g5jUwY=",
        "sf": 7,
        "gwEui": "7276FF00390309F5",
        "gwName": "A02b",
        "gwRssi": -118,
        "devUplinkCounter": 216
      },
      {
        "devEui": "0018B200000023E6",
        "devAddr": "30014AE9",
        "time": "2018-11-22 18:22:23",
        "payload": "rxfY0g5jUwY=",
        "sf": 7,
        "gwEui": "7276FF003903097C",
        "gwName": "C22",
        "gwRssi": -111,
        "devUplinkCounter": 216
      },
      {
        "devEui": "0018B200000023E6",
        "devAddr": "30014AE9",
        "time": "2018-11-22 18:22:23",
        "payload": "rxfY0g5jUwY=",
        "sf": 7,
        "gwEui": "7276FF003903097D",
        "gwName": "D60",
        "gwRssi": -88,
        "devUplinkCounter": 216
      }
    ]
  },
  {
    "Floor": "C",
    "Number": 239,
    "UL1": 473,
    "UL2": 0,
    "Time": "11/22/2018 6:24:15 PM",
    "Measures": [
      {
        "devEui": "0018B200000023E6",
        "devAddr": "30014AE9",
        "time": "2018-11-22 18:24:11",
        "payload": "rxfZ0w5jWQc=",
        "sf": 7,
        "gwEui": "7276FF003903097D",
        "gwName": "D60",
        "gwRssi": -64,
        "devUplinkCounter": 217
      }
    ]
  },
  {
    "Floor": "C",
    "Number": 240,
    "UL1": 475,
    "UL2": 0,
    "Time": "11/22/2018 6:24:44 PM",
    "Measures": [
      {
        "devEui": "0018B200000023E6",
        "devAddr": "30014AE9",
        "time": "2018-11-22 18:24:32",
        "payload": "rxfb1Q5hPgY=",
        "sf": 7,
        "gwEui": "7276FF003903097D",
        "gwName": "D60",
        "gwRssi": -96,
        "devUplinkCounter": 219
      }
    ]
  },
  {
    "Floor": "C",
    "Number": 241,
    "UL1": 476,
    "UL2": 0,
    "Time": "11/22/2018 6:25:40 PM",
    "Measures": [
      {
        "devEui": "0018B200000023E6",
        "devAddr": "30014AE9",
        "time": "2018-11-22 18:25:29",
        "payload": "rxjc1g5jUQc=",
        "sf": 7,
        "gwEui": "7276FF003903097D",
        "gwName": "D60",
        "gwRssi": -108,
        "devUplinkCounter": 220
      }
    ]
  }
]