﻿[
  {
    "Floor": "K",
    "Number": 1,
    "UL1": 1728,
    "UL2": 148,
    "Time": "11/27/2018 3:53:25 PM",
    "Measures": [
      {
        "devEui": "0018B200000023D8",
        "devAddr": "30014ACC",
        "time": "2018-11-27 15:53:22",
        "payload": "rxmUgBBETwc=",
        "sf": 12,
        "gwEui": "7276FF003903094E",
        "gwName": "K01a",
        "gwRssi": -75,
        "devUplinkCounter": 148
      },
      {
        "devEui": "0018B200000023D8",
        "devAddr": "30014ACC",
        "time": "2018-11-27 15:53:22",
        "payload": "rxmUgBBETwc=",
        "sf": 12,
        "gwEui": "7276FF0039030A01",
        "gwName": "Loge",
        "gwRssi": -96,
        "devUplinkCounter": 148
      },
      {
        "devEui": "0018B200000023D8",
        "devAddr": "30014ACC",
        "time": "2018-11-27 15:53:22",
        "payload": "rxmUgBBETwc=",
        "sf": 12,
        "gwEui": "7276FF003903094F",
        "gwName": "F07",
        "gwRssi": -95,
        "devUplinkCounter": 148
      }
    ]
  },
  {
    "Floor": "K",
    "Number": 2,
    "UL1": 1729,
    "UL2": 149,
    "Time": "11/27/2018 3:53:38 PM",
    "Measures": [
      {
        "devEui": "0018B200000023D8",
        "devAddr": "30014ACC",
        "time": "2018-11-27 15:53:36",
        "payload": "rxqVgRBCSgY=",
        "sf": 12,
        "gwEui": "7276FF003903094E",
        "gwName": "K01a",
        "gwRssi": -72,
        "devUplinkCounter": 149
      },
      {
        "devEui": "0018B200000023D8",
        "devAddr": "30014ACC",
        "time": "2018-11-27 15:53:36",
        "payload": "rxqVgRBCSgY=",
        "sf": 12,
        "gwEui": "7276FF0039030A01",
        "gwName": "Loge",
        "gwRssi": -96,
        "devUplinkCounter": 149
      },
      {
        "devEui": "0018B200000023D8",
        "devAddr": "30014ACC",
        "time": "2018-11-27 15:53:36",
        "payload": "rxqVgRBCSgY=",
        "sf": 12,
        "gwEui": "7276FF003903094F",
        "gwName": "F07",
        "gwRssi": -94,
        "devUplinkCounter": 149
      }
    ]
  },
  {
    "Floor": "K",
    "Number": 3,
    "UL1": 1730,
    "UL2": 150,
    "Time": "11/27/2018 3:53:49 PM",
    "Measures": [
      {
        "devEui": "0018B200000023D8",
        "devAddr": "30014ACC",
        "time": "2018-11-27 15:53:49",
        "payload": "rxqWghBBRgc=",
        "sf": 12,
        "gwEui": "7276FF0039030977",
        "gwName": "H06",
        "gwRssi": -78,
        "devUplinkCounter": 150
      }
    ]
  },
  {
    "Floor": "K",
    "Number": 24,
    "UL1": 1731,
    "UL2": 151,
    "Time": "11/27/2018 3:56:15 PM",
    "Measures": [
      {
        "devEui": "0018B200000023D8",
        "devAddr": "30014ACC",
        "time": "2018-11-27 15:54:12",
        "payload": "rxqXgxBCSgc=",
        "sf": 12,
        "gwEui": "7276FF003903097D",
        "gwName": "D60",
        "gwRssi": -106,
        "devUplinkCounter": 151
      },
      {
        "devEui": "0018B200000023D8",
        "devAddr": "30014ACC",
        "time": "2018-11-27 15:54:12",
        "payload": "rxqXgxBCSgc=",
        "sf": 12,
        "gwEui": "7276FF003903094E",
        "gwName": "K01a",
        "gwRssi": -47,
        "devUplinkCounter": 151
      },
      {
        "devEui": "0018B200000023D8",
        "devAddr": "30014ACC",
        "time": "2018-11-27 15:54:12",
        "payload": "rxqXgxBCSgc=",
        "sf": 12,
        "gwEui": "7276FF0039030977",
        "gwName": "H06",
        "gwRssi": -108,
        "devUplinkCounter": 151
      },
      {
        "devEui": "0018B200000023D8",
        "devAddr": "30014ACC",
        "time": "2018-11-27 15:54:12",
        "payload": "rxqXgxBCSgc=",
        "sf": 12,
        "gwEui": "7276FF0039030A01",
        "gwName": "Loge",
        "gwRssi": -108,
        "devUplinkCounter": 151
      },
      {
        "devEui": "0018B200000023D8",
        "devAddr": "30014ACC",
        "time": "2018-11-27 15:54:12",
        "payload": "rxqXgxBCSgc=",
        "sf": 12,
        "gwEui": "7276FF00390309F5",
        "gwName": "A02b",
        "gwRssi": -119,
        "devUplinkCounter": 151
      },
      {
        "devEui": "0018B200000023D8",
        "devAddr": "30014ACC",
        "time": "2018-11-27 15:54:12",
        "payload": "rxqXgxBCSgc=",
        "sf": 12,
        "gwEui": "7276FF003903094F",
        "gwName": "F07",
        "gwRssi": -108,
        "devUplinkCounter": 151
      }
    ]
  },
  {
    "Floor": "K",
    "Number": 25,
    "UL1": 1732,
    "UL2": 152,
    "Time": "11/27/2018 3:56:39 PM",
    "Measures": [
      {
        "devEui": "0018B200000023D8",
        "devAddr": "30014ACC",
        "time": "2018-11-27 15:54:34",
        "payload": "rxqYhBBAMQc=",
        "sf": 12,
        "gwEui": "7276FF003903097D",
        "gwName": "D60",
        "gwRssi": -100,
        "devUplinkCounter": 152
      },
      {
        "devEui": "0018B200000023D8",
        "devAddr": "30014ACC",
        "time": "2018-11-27 15:54:34",
        "payload": "rxqYhBBAMQc=",
        "sf": 12,
        "gwEui": "7276FF00390309F5",
        "gwName": "A02b",
        "gwRssi": -118,
        "devUplinkCounter": 152
      },
      {
        "devEui": "0018B200000023D8",
        "devAddr": "30014ACC",
        "time": "2018-11-27 15:54:34",
        "payload": "rxqYhBBAMQc=",
        "sf": 12,
        "gwEui": "7276FF003903094F",
        "gwName": "F07",
        "gwRssi": -107,
        "devUplinkCounter": 152
      },
      {
        "devEui": "0018B200000023D8",
        "devAddr": "30014ACC",
        "time": "2018-11-27 15:54:34",
        "payload": "rxqYhBBAMQc=",
        "sf": 12,
        "gwEui": "7276FF003903094E",
        "gwName": "K01a",
        "gwRssi": -52,
        "devUplinkCounter": 152
      },
      {
        "devEui": "0018B200000023D8",
        "devAddr": "30014ACC",
        "time": "2018-11-27 15:54:34",
        "payload": "rxqYhBBAMQc=",
        "sf": 12,
        "gwEui": "7276FF0039030977",
        "gwName": "H06",
        "gwRssi": -102,
        "devUplinkCounter": 152
      }
    ]
  },
  {
    "Floor": "K",
    "Number": 26,
    "UL1": 1733,
    "UL2": 153,
    "Time": "11/27/2018 3:57:30 PM",
    "Measures": []
  },
  {
    "Floor": "K",
    "Number": 27,
    "UL1": 1734,
    "UL2": 154,
    "Time": "11/27/2018 3:57:31 PM",
    "Measures": [
      {
        "devEui": "0018B200000023D8",
        "devAddr": "30014ACC",
        "time": "2018-11-27 15:56:52",
        "payload": "rxmahRBANgY=",
        "sf": 12,
        "gwEui": "7276FF0039030950",
        "gwName": "B40",
        "gwRssi": -106,
        "devUplinkCounter": 154
      },
      {
        "devEui": "0018B200000023D8",
        "devAddr": "30014ACC",
        "time": "2018-11-27 15:56:52",
        "payload": "rxmahRBANgY=",
        "sf": 12,
        "gwEui": "7276FF00390309F5",
        "gwName": "A02b",
        "gwRssi": -114,
        "devUplinkCounter": 154
      },
      {
        "devEui": "0018B200000023D8",
        "devAddr": "30014ACC",
        "time": "2018-11-27 15:56:52",
        "payload": "rxmahRBANgY=",
        "sf": 12,
        "gwEui": "7276FF003903097D",
        "gwName": "D60",
        "gwRssi": -85,
        "devUplinkCounter": 154
      },
      {
        "devEui": "0018B200000023D8",
        "devAddr": "30014ACC",
        "time": "2018-11-27 15:56:52",
        "payload": "rxmahRBANgY=",
        "sf": 12,
        "gwEui": "7276FF003903094E",
        "gwName": "K01a",
        "gwRssi": -45,
        "devUplinkCounter": 154
      },
      {
        "devEui": "0018B200000023D8",
        "devAddr": "30014ACC",
        "time": "2018-11-27 15:56:52",
        "payload": "rxmahRBANgY=",
        "sf": 12,
        "gwEui": "7276FF003903094F",
        "gwName": "F07",
        "gwRssi": -108,
        "devUplinkCounter": 154
      }
    ]
  },
  {
    "Floor": "K",
    "Number": 28,
    "UL1": 1735,
    "UL2": 155,
    "Time": "11/27/2018 3:58:02 PM",
    "Measures": [
      {
        "devEui": "0018B200000023D8",
        "devAddr": "30014ACC",
        "time": "2018-11-27 15:57:12",
        "payload": "rxmbhhBALAY=",
        "sf": 12,
        "gwEui": "7276FF003903097D",
        "gwName": "D60",
        "gwRssi": -80,
        "devUplinkCounter": 155
      },
      {
        "devEui": "0018B200000023D8",
        "devAddr": "30014ACC",
        "time": "2018-11-27 15:57:12",
        "payload": "rxmbhhBALAY=",
        "sf": 12,
        "gwEui": "7276FF0039030A01",
        "gwName": "Loge",
        "gwRssi": -108,
        "devUplinkCounter": 155
      },
      {
        "devEui": "0018B200000023D8",
        "devAddr": "30014ACC",
        "time": "2018-11-27 15:57:12",
        "payload": "rxmbhhBALAY=",
        "sf": 12,
        "gwEui": "7276FF003903094E",
        "gwName": "K01a",
        "gwRssi": -48,
        "devUplinkCounter": 155
      },
      {
        "devEui": "0018B200000023D8",
        "devAddr": "30014ACC",
        "time": "2018-11-27 15:57:12",
        "payload": "rxmbhhBALAY=",
        "sf": 12,
        "gwEui": "7276FF00390309F5",
        "gwName": "A02b",
        "gwRssi": -103,
        "devUplinkCounter": 155
      }
    ]
  },
  {
    "Floor": "K",
    "Number": 17,
    "UL1": 1736,
    "UL2": 157,
    "Time": "11/27/2018 3:59:49 PM",
    "Measures": [
      {
        "devEui": "0018B200000023D8",
        "devAddr": "30014ACC",
        "time": "2018-11-27 15:59:47",
        "payload": "rxqdiBBALQU=",
        "sf": 12,
        "gwEui": "7276FF003903094F",
        "gwName": "F07",
        "gwRssi": -99,
        "devUplinkCounter": 157
      },
      {
        "devEui": "0018B200000023D8",
        "devAddr": "30014ACC",
        "time": "2018-11-27 15:59:47",
        "payload": "rxqdiBBALQU=",
        "sf": 12,
        "gwEui": "7276FF003903097D",
        "gwName": "D60",
        "gwRssi": -110,
        "devUplinkCounter": 157
      },
      {
        "devEui": "0018B200000023D8",
        "devAddr": "30014ACC",
        "time": "2018-11-27 15:59:47",
        "payload": "rxqdiBBALQU=",
        "sf": 12,
        "gwEui": "7276FF0039030977",
        "gwName": "H06",
        "gwRssi": -68,
        "devUplinkCounter": 157
      },
      {
        "devEui": "0018B200000023D8",
        "devAddr": "30014ACC",
        "time": "2018-11-27 15:59:47",
        "payload": "rxqdiBBALQU=",
        "sf": 12,
        "gwEui": "7276FF0039030A01",
        "gwName": "Loge",
        "gwRssi": -93,
        "devUplinkCounter": 157
      }
    ]
  },
  {
    "Floor": "K",
    "Number": 18,
    "UL1": 1737,
    "UL2": 158,
    "Time": "11/27/2018 4:00:24 PM",
    "Measures": [
      {
        "devEui": "0018B200000023D8",
        "devAddr": "30014ACC",
        "time": "2018-11-27 16:00:16",
        "payload": "rxqeiRA/QAU=",
        "sf": 12,
        "gwEui": "7276FF003903094F",
        "gwName": "F07",
        "gwRssi": -96,
        "devUplinkCounter": 158
      },
      {
        "devEui": "0018B200000023D8",
        "devAddr": "30014ACC",
        "time": "2018-11-27 16:00:16",
        "payload": "rxqeiRA/QAU=",
        "sf": 12,
        "gwEui": "7276FF0039030977",
        "gwName": "H06",
        "gwRssi": -85,
        "devUplinkCounter": 158
      },
      {
        "devEui": "0018B200000023D8",
        "devAddr": "30014ACC",
        "time": "2018-11-27 16:00:16",
        "payload": "rxqeiRA/QAU=",
        "sf": 12,
        "gwEui": "7276FF003903094E",
        "gwName": "K01a",
        "gwRssi": -60,
        "devUplinkCounter": 158
      },
      {
        "devEui": "0018B200000023D8",
        "devAddr": "30014ACC",
        "time": "2018-11-27 16:00:16",
        "payload": "rxqeiRA/QAU=",
        "sf": 12,
        "gwEui": "7276FF003903097D",
        "gwName": "D60",
        "gwRssi": -108,
        "devUplinkCounter": 158
      }
    ]
  },
  {
    "Floor": "K",
    "Number": 19,
    "UL1": 1738,
    "UL2": 159,
    "Time": "11/27/2018 4:00:52 PM",
    "Measures": [
      {
        "devEui": "0018B200000023D8",
        "devAddr": "30014ACC",
        "time": "2018-11-27 16:00:43",
        "payload": "rxmfihA+OAc=",
        "sf": 12,
        "gwEui": "7276FF0039030977",
        "gwName": "H06",
        "gwRssi": -89,
        "devUplinkCounter": 159
      },
      {
        "devEui": "0018B200000023D8",
        "devAddr": "30014ACC",
        "time": "2018-11-27 16:00:43",
        "payload": "rxmfihA+OAc=",
        "sf": 12,
        "gwEui": "7276FF0039030A01",
        "gwName": "Loge",
        "gwRssi": -93,
        "devUplinkCounter": 159
      },
      {
        "devEui": "0018B200000023D8",
        "devAddr": "30014ACC",
        "time": "2018-11-27 16:00:43",
        "payload": "rxmfihA+OAc=",
        "sf": 12,
        "gwEui": "7276FF003903094F",
        "gwName": "F07",
        "gwRssi": -103,
        "devUplinkCounter": 159
      },
      {
        "devEui": "0018B200000023D8",
        "devAddr": "30014ACC",
        "time": "2018-11-27 16:00:43",
        "payload": "rxmfihA+OAc=",
        "sf": 12,
        "gwEui": "7276FF003903097D",
        "gwName": "D60",
        "gwRssi": -107,
        "devUplinkCounter": 159
      },
      {
        "devEui": "0018B200000023D8",
        "devAddr": "30014ACC",
        "time": "2018-11-27 16:00:43",
        "payload": "rxmfihA+OAc=",
        "sf": 12,
        "gwEui": "7276FF003903094E",
        "gwName": "K01a",
        "gwRssi": -65,
        "devUplinkCounter": 159
      }
    ]
  },
  {
    "Floor": "K",
    "Number": 20,
    "UL1": 1739,
    "UL2": 160,
    "Time": "11/27/2018 4:01:18 PM",
    "Measures": [
      {
        "devEui": "0018B200000023D8",
        "devAddr": "30014ACC",
        "time": "2018-11-27 16:01:10",
        "payload": "vxlGRnaAAGOVgCOgixA+PgY=",
        "sf": 12,
        "gwEui": "7276FF003903097D",
        "gwName": "D60",
        "gwRssi": -112,
        "devUplinkCounter": 160
      },
      {
        "devEui": "0018B200000023D8",
        "devAddr": "30014ACC",
        "time": "2018-11-27 16:01:10",
        "payload": "vxlGRnaAAGOVgCOgixA+PgY=",
        "sf": 12,
        "gwEui": "7276FF0039030A01",
        "gwName": "Loge",
        "gwRssi": -93,
        "devUplinkCounter": 160
      },
      {
        "devEui": "0018B200000023D8",
        "devAddr": "30014ACC",
        "time": "2018-11-27 16:01:10",
        "payload": "vxlGRnaAAGOVgCOgixA+PgY=",
        "sf": 12,
        "gwEui": "7276FF003903094F",
        "gwName": "F07",
        "gwRssi": -84,
        "devUplinkCounter": 160
      },
      {
        "devEui": "0018B200000023D8",
        "devAddr": "30014ACC",
        "time": "2018-11-27 16:01:10",
        "payload": "vxlGRnaAAGOVgCOgixA+PgY=",
        "sf": 12,
        "gwEui": "7276FF003903094E",
        "gwName": "K01a",
        "gwRssi": -46,
        "devUplinkCounter": 160
      },
      {
        "devEui": "0018B200000023D8",
        "devAddr": "30014ACC",
        "time": "2018-11-27 16:01:10",
        "payload": "vxlGRnaAAGOVgCOgixA+PgY=",
        "sf": 12,
        "gwEui": "7276FF0039030977",
        "gwName": "H06",
        "gwRssi": -86,
        "devUplinkCounter": 160
      }
    ]
  },
  {
    "Floor": "K",
    "Number": 21,
    "UL1": 1740,
    "UL2": 161,
    "Time": "11/27/2018 4:02:15 PM",
    "Measures": [
      {
        "devEui": "0018B200000023D8",
        "devAddr": "30014ACC",
        "time": "2018-11-27 16:02:06",
        "payload": "vxlGRnaQAGOVkCOhjBA/MQY=",
        "sf": 12,
        "gwEui": "7276FF003903094F",
        "gwName": "F07",
        "gwRssi": -90,
        "devUplinkCounter": 161
      },
      {
        "devEui": "0018B200000023D8",
        "devAddr": "30014ACC",
        "time": "2018-11-27 16:02:06",
        "payload": "vxlGRnaQAGOVkCOhjBA/MQY=",
        "sf": 12,
        "gwEui": "7276FF0039030977",
        "gwName": "H06",
        "gwRssi": -90,
        "devUplinkCounter": 161
      },
      {
        "devEui": "0018B200000023D8",
        "devAddr": "30014ACC",
        "time": "2018-11-27 16:02:06",
        "payload": "vxlGRnaQAGOVkCOhjBA/MQY=",
        "sf": 12,
        "gwEui": "7276FF003903094E",
        "gwName": "K01a",
        "gwRssi": -51,
        "devUplinkCounter": 161
      }
    ]
  },
  {
    "Floor": "K",
    "Number": 22,
    "UL1": 1741,
    "UL2": 162,
    "Time": "11/27/2018 4:02:43 PM",
    "Measures": [
      {
        "devEui": "0018B200000023D8",
        "devAddr": "30014ACC",
        "time": "2018-11-27 16:02:31",
        "payload": "vxpGRnYwAGOVgCSijRA/Iwc=",
        "sf": 12,
        "gwEui": "7276FF003903094E",
        "gwName": "K01a",
        "gwRssi": -60,
        "devUplinkCounter": 162
      },
      {
        "devEui": "0018B200000023D8",
        "devAddr": "30014ACC",
        "time": "2018-11-27 16:02:31",
        "payload": "vxpGRnYwAGOVgCSijRA/Iwc=",
        "sf": 12,
        "gwEui": "7276FF0039030A01",
        "gwName": "Loge",
        "gwRssi": -106,
        "devUplinkCounter": 162
      },
      {
        "devEui": "0018B200000023D8",
        "devAddr": "30014ACC",
        "time": "2018-11-27 16:02:31",
        "payload": "vxpGRnYwAGOVgCSijRA/Iwc=",
        "sf": 12,
        "gwEui": "7276FF003903097D",
        "gwName": "D60",
        "gwRssi": -110,
        "devUplinkCounter": 162
      },
      {
        "devEui": "0018B200000023D8",
        "devAddr": "30014ACC",
        "time": "2018-11-27 16:02:31",
        "payload": "vxpGRnYwAGOVgCSijRA/Iwc=",
        "sf": 12,
        "gwEui": "7276FF0039030977",
        "gwName": "H06",
        "gwRssi": -91,
        "devUplinkCounter": 162
      },
      {
        "devEui": "0018B200000023D8",
        "devAddr": "30014ACC",
        "time": "2018-11-27 16:02:31",
        "payload": "vxpGRnYwAGOVgCSijRA/Iwc=",
        "sf": 12,
        "gwEui": "7276FF003903094F",
        "gwName": "F07",
        "gwRssi": -108,
        "devUplinkCounter": 162
      }
    ]
  },
  {
    "Floor": "K",
    "Number": 23,
    "UL1": 1742,
    "UL2": 163,
    "Time": "11/27/2018 4:03:01 PM",
    "Measures": [
      {
        "devEui": "0018B200000023D8",
        "devAddr": "30014ACC",
        "time": "2018-11-27 16:02:49",
        "payload": "vxlGRnYgAGOVgCSjjhA+QQU=",
        "sf": 12,
        "gwEui": "7276FF003903094E",
        "gwName": "K01a",
        "gwRssi": -38,
        "devUplinkCounter": 163
      },
      {
        "devEui": "0018B200000023D8",
        "devAddr": "30014ACC",
        "time": "2018-11-27 16:02:49",
        "payload": "vxlGRnYgAGOVgCSjjhA+QQU=",
        "sf": 12,
        "gwEui": "7276FF0039030977",
        "gwName": "H06",
        "gwRssi": -78,
        "devUplinkCounter": 163
      },
      {
        "devEui": "0018B200000023D8",
        "devAddr": "30014ACC",
        "time": "2018-11-27 16:02:49",
        "payload": "vxlGRnYgAGOVgCSjjhA+QQU=",
        "sf": 12,
        "gwEui": "7276FF003903094F",
        "gwName": "F07",
        "gwRssi": -99,
        "devUplinkCounter": 163
      },
      {
        "devEui": "0018B200000023D8",
        "devAddr": "30014ACC",
        "time": "2018-11-27 16:02:49",
        "payload": "vxlGRnYgAGOVgCSjjhA+QQU=",
        "sf": 12,
        "gwEui": "7276FF003903097D",
        "gwName": "D60",
        "gwRssi": -107,
        "devUplinkCounter": 163
      }
    ]
  }
]