﻿[
  {
    "Floor": "B",
    "Number": 1,
    "UL1": 949,
    "UL2": 92,
    "Time": "11/24/2018 3:50:27 PM",
    "Measures": [
      {
        "devEui": "0018B200000023E6",
        "devAddr": "30014AE9",
        "time": "2018-11-24 15:49:54",
        "payload": "rxm1hw67Vgc=",
        "sf": 7,
        "gwEui": "7276FF00390309F5",
        "gwName": "A02b",
        "gwRssi": -98,
        "devUplinkCounter": 181
      },
      {
        "devEui": "0018B200000023E6",
        "devAddr": "30014AE9",
        "time": "2018-11-24 15:49:54",
        "payload": "rxm1hw67Vgc=",
        "sf": 7,
        "gwEui": "7276FF003903097D",
        "gwName": "D60",
        "gwRssi": -109,
        "devUplinkCounter": 181
      }
    ]
  },
  {
    "Floor": "B",
    "Number": 2,
    "UL1": 950,
    "UL2": 93,
    "Time": "11/24/2018 3:50:27 PM",
    "Measures": [
      {
        "devEui": "0018B200000023E6",
        "devAddr": "30014AE9",
        "time": "2018-11-24 15:50:07",
        "payload": "rxm2iA66WAY=",
        "sf": 7,
        "gwEui": "7276FF00390309F5",
        "gwName": "A02b",
        "gwRssi": -112,
        "devUplinkCounter": 182
      },
      {
        "devEui": "0018B200000023E6",
        "devAddr": "30014AE9",
        "time": "2018-11-24 15:50:07",
        "payload": "rxm2iA66WAY=",
        "sf": 7,
        "gwEui": "7276FF003903097D",
        "gwName": "D60",
        "gwRssi": -111,
        "devUplinkCounter": 182
      },
      {
        "devEui": "0018B200000023E6",
        "devAddr": "30014AE9",
        "time": "2018-11-24 15:50:12",
        "payload": "rxm2iA66WAY=",
        "sf": 7,
        "gwEui": "7276FF00390309F5",
        "gwName": "A02b",
        "gwRssi": -93,
        "devUplinkCounter": 182
      }
    ]
  },
  {
    "Floor": "B",
    "Number": 3,
    "UL1": 952,
    "UL2": 94,
    "Time": "11/24/2018 3:50:46 PM",
    "Measures": [
      {
        "devEui": "0018B200000023E6",
        "devAddr": "30014AE9",
        "time": "2018-11-24 15:50:38",
        "payload": "rxm4iQ65WgY=",
        "sf": 7,
        "gwEui": "7276FF0039030950",
        "gwName": "B40",
        "gwRssi": -106,
        "devUplinkCounter": 184
      },
      {
        "devEui": "0018B200000023E6",
        "devAddr": "30014AE9",
        "time": "2018-11-24 15:50:38",
        "payload": "rxm4iQ65WgY=",
        "sf": 7,
        "gwEui": "7276FF00390309F5",
        "gwName": "A02b",
        "gwRssi": -88,
        "devUplinkCounter": 184
      }
    ]
  },
  {
    "Floor": "B",
    "Number": 4,
    "UL1": 953,
    "UL2": 95,
    "Time": "11/24/2018 3:51:08 PM",
    "Measures": [
      {
        "devEui": "0018B200000023E6",
        "devAddr": "30014AE9",
        "time": "2018-11-24 15:50:22",
        "payload": "rxm5ig64TgY=",
        "sf": 7,
        "gwEui": "7276FF0039030950",
        "gwName": "B40",
        "gwRssi": -106,
        "devUplinkCounter": 185
      },
      {
        "devEui": "0018B200000023E6",
        "devAddr": "30014AE9",
        "time": "2018-11-24 15:50:22",
        "payload": "rxm5ig64TgY=",
        "sf": 7,
        "gwEui": "7276FF00390309F5",
        "gwName": "A02b",
        "gwRssi": -77,
        "devUplinkCounter": 185
      }
    ]
  },
  {
    "Floor": "B",
    "Number": 5,
    "UL1": 954,
    "UL2": 96,
    "Time": "11/24/2018 3:51:25 PM",
    "Measures": [
      {
        "devEui": "0018B200000023E6",
        "devAddr": "30014AE9",
        "time": "2018-11-24 15:51:15",
        "payload": "rxm6iw63Rgc=",
        "sf": 7,
        "gwEui": "7276FF00390309F5",
        "gwName": "A02b",
        "gwRssi": -96,
        "devUplinkCounter": 186
      }
    ]
  },
  {
    "Floor": "B",
    "Number": 6,
    "UL1": 955,
    "UL2": 97,
    "Time": "11/24/2018 3:52:40 PM",
    "Measures": [
      {
        "devEui": "0018B200000023E6",
        "devAddr": "30014AE9",
        "time": "2018-11-24 15:52:28",
        "payload": "rxi7jA63WQY=",
        "sf": 7,
        "gwEui": "7276FF00390309F5",
        "gwName": "A02b",
        "gwRssi": -101,
        "devUplinkCounter": 187
      }
    ]
  },
  {
    "Floor": "B",
    "Number": 7,
    "UL1": 956,
    "UL2": 98,
    "Time": "11/24/2018 3:53:01 PM",
    "Measures": [
      {
        "devEui": "0018B200000023E6",
        "devAddr": "30014AE9",
        "time": "2018-11-24 15:52:50",
        "payload": "rxi8jQ62XwY=",
        "sf": 7,
        "gwEui": "7276FF00390309F5",
        "gwName": "A02b",
        "gwRssi": -99,
        "devUplinkCounter": 188
      },
      {
        "devEui": "0018B200000023E6",
        "devAddr": "30014AE9",
        "time": "2018-11-24 15:52:50",
        "payload": "rxi8jQ62XwY=",
        "sf": 7,
        "gwEui": "7276FF0039030950",
        "gwName": "B40",
        "gwRssi": -104,
        "devUplinkCounter": 188
      }
    ]
  },
  {
    "Floor": "B",
    "Number": 8,
    "UL1": 957,
    "UL2": 99,
    "Time": "11/24/2018 3:53:25 PM",
    "Measures": [
      {
        "devEui": "0018B200000023E6",
        "devAddr": "30014AE9",
        "time": "2018-11-24 15:53:14",
        "payload": "rxm9jg61XAc=",
        "sf": 7,
        "gwEui": "7276FF0039030950",
        "gwName": "B40",
        "gwRssi": -100,
        "devUplinkCounter": 189
      },
      {
        "devEui": "0018B200000023E6",
        "devAddr": "30014AE9",
        "time": "2018-11-24 15:53:14",
        "payload": "rxm9jg61XAc=",
        "sf": 7,
        "gwEui": "7276FF00390309F5",
        "gwName": "A02b",
        "gwRssi": -94,
        "devUplinkCounter": 189
      }
    ]
  },
  {
    "Floor": "B",
    "Number": 9,
    "UL1": 958,
    "UL2": 100,
    "Time": "11/24/2018 3:53:42 PM",
    "Measures": [
      {
        "devEui": "0018B200000023E6",
        "devAddr": "30014AE9",
        "time": "2018-11-24 15:52:00",
        "payload": "rxi+jw6zXwY=",
        "sf": 7,
        "gwEui": "7276FF00390309F5",
        "gwName": "A02b",
        "gwRssi": -95,
        "devUplinkCounter": 190
      }
    ]
  },
  {
    "Floor": "B",
    "Number": 10,
    "UL1": 959,
    "UL2": 101,
    "Time": "11/24/2018 3:53:56 PM",
    "Measures": [
      {
        "devEui": "0018B200000023E6",
        "devAddr": "30014AE9",
        "time": "2018-11-24 15:53:50",
        "payload": "rxi/kA61WgY=",
        "sf": 7,
        "gwEui": "7276FF00390309F5",
        "gwName": "A02b",
        "gwRssi": -93,
        "devUplinkCounter": 191
      }
    ]
  },
  {
    "Floor": "B",
    "Number": 16,
    "UL1": 960,
    "UL2": 102,
    "Time": "11/24/2018 3:56:01 PM",
    "Measures": [
      {
        "devEui": "0018B200000023E6",
        "devAddr": "30014AE9",
        "time": "2018-11-24 15:55:09",
        "payload": "rxjAkQ6zWgY=",
        "sf": 7,
        "gwEui": "7276FF00390309F5",
        "gwName": "A02b",
        "gwRssi": -113,
        "devUplinkCounter": 192
      },
      {
        "devEui": "0018B200000023E6",
        "devAddr": "30014AE9",
        "time": "2018-11-24 15:55:09",
        "payload": "rxjAkQ6zWgY=",
        "sf": 7,
        "gwEui": "7276FF0039030950",
        "gwName": "B40",
        "gwRssi": -105,
        "devUplinkCounter": 192
      },
      {
        "devEui": "0018B200000023E6",
        "devAddr": "30014AE9",
        "time": "2018-11-24 15:55:51",
        "payload": "rxjAkQ6zWgY=",
        "sf": 7,
        "gwEui": "7276FF00390309F5",
        "gwName": "A02b",
        "gwRssi": -110,
        "devUplinkCounter": 192
      },
      {
        "devEui": "0018B200000023E6",
        "devAddr": "30014AE9",
        "time": "2018-11-24 15:55:51",
        "payload": "rxjAkQ6zWgY=",
        "sf": 7,
        "gwEui": "7276FF0039030950",
        "gwName": "B40",
        "gwRssi": -105,
        "devUplinkCounter": 192
      }
    ]
  },
  {
    "Floor": "B",
    "Number": 17,
    "UL1": 962,
    "UL2": 103,
    "Time": "11/24/2018 3:56:27 PM",
    "Measures": [
      {
        "devEui": "0018B200000023E6",
        "devAddr": "30014AE9",
        "time": "2018-11-24 15:56:14",
        "payload": "rxjCkg6zWQY=",
        "sf": 7,
        "gwEui": "7276FF0039030950",
        "gwName": "B40",
        "gwRssi": -104,
        "devUplinkCounter": 194
      },
      {
        "devEui": "0018B200000023E6",
        "devAddr": "30014AE9",
        "time": "2018-11-24 15:54:45",
        "payload": "rxjCkg6zWQY=",
        "sf": 7,
        "gwEui": "7276FF00390309F5",
        "gwName": "A02b",
        "gwRssi": -118,
        "devUplinkCounter": 194
      },
      {
        "devEui": "0018B200000023E6",
        "devAddr": "30014AE9",
        "time": "2018-11-24 15:54:45",
        "payload": "rxjCkg6zWQY=",
        "sf": 7,
        "gwEui": "7276FF0039030950",
        "gwName": "B40",
        "gwRssi": -106,
        "devUplinkCounter": 194
      }
    ]
  },
  {
    "Floor": "B",
    "Number": 18,
    "UL1": 964,
    "UL2": 104,
    "Time": "11/24/2018 3:57:14 PM",
    "Measures": [
      {
        "devEui": "0018B200000023E6",
        "devAddr": "30014AE9",
        "time": "2018-11-24 15:56:52",
        "payload": "rxjEkw6xXwc=",
        "sf": 7,
        "gwEui": "7276FF0039030950",
        "gwName": "B40",
        "gwRssi": -100,
        "devUplinkCounter": 196
      },
      {
        "devEui": "0018B200000023E6",
        "devAddr": "30014AE9",
        "time": "2018-11-24 15:56:52",
        "payload": "rxjEkw6xXwc=",
        "sf": 7,
        "gwEui": "7276FF00390309F5",
        "gwName": "A02b",
        "gwRssi": -114,
        "devUplinkCounter": 196
      }
    ]
  },
  {
    "Floor": "B",
    "Number": 19,
    "UL1": 965,
    "UL2": 105,
    "Time": "11/24/2018 3:57:15 PM",
    "Measures": [
      {
        "devEui": "0018B200000023E6",
        "devAddr": "30014AE9",
        "time": "2018-11-24 15:55:32",
        "payload": "rxjFlA6xYQY=",
        "sf": 7,
        "gwEui": "7276FF00390309F5",
        "gwName": "A02b",
        "gwRssi": -115,
        "devUplinkCounter": 197
      },
      {
        "devEui": "0018B200000023E6",
        "devAddr": "30014AE9",
        "time": "2018-11-24 15:55:32",
        "payload": "rxjFlA6xYQY=",
        "sf": 7,
        "gwEui": "7276FF0039030950",
        "gwName": "B40",
        "gwRssi": -105,
        "devUplinkCounter": 197
      }
    ]
  },
  {
    "Floor": "B",
    "Number": 20,
    "UL1": 966,
    "UL2": 106,
    "Time": "11/24/2018 3:58:38 PM",
    "Measures": [
      {
        "devEui": "0018B200000023E6",
        "devAddr": "30014AE9",
        "time": "2018-11-24 15:58:26",
        "payload": "rxfGlQ6yZQY=",
        "sf": 7,
        "gwEui": "7276FF00390309F5",
        "gwName": "A02b",
        "gwRssi": -118,
        "devUplinkCounter": 198
      }
    ]
  },
  {
    "Floor": "B",
    "Number": 21,
    "UL1": 967,
    "UL2": 107,
    "Time": "11/24/2018 4:00:00 PM",
    "Measures": []
  },
  {
    "Floor": "B",
    "Number": 22,
    "UL1": 970,
    "UL2": 108,
    "Time": "11/24/2018 4:00:36 PM",
    "Measures": [
      {
        "devEui": "0018B200000023E6",
        "devAddr": "30014AE9",
        "time": "2018-11-24 16:00:31",
        "payload": "rxfKlw6vWQc=",
        "sf": 7,
        "gwEui": "7276FF0039030950",
        "gwName": "B40",
        "gwRssi": -104,
        "devUplinkCounter": 202
      }
    ]
  },
  {
    "Floor": "B",
    "Number": 23,
    "UL1": 971,
    "UL2": 109,
    "Time": "11/24/2018 4:00:53 PM",
    "Measures": []
  },
  {
    "Floor": "B",
    "Number": 24,
    "UL1": 972,
    "UL2": 110,
    "Time": "11/24/2018 4:01:52 PM",
    "Measures": [
      {
        "devEui": "0018B200000023E6",
        "devAddr": "30014AE9",
        "time": "2018-11-24 16:01:36",
        "payload": "rxfMmQ6uVwY=",
        "sf": 7,
        "gwEui": "7276FF0039030950",
        "gwName": "B40",
        "gwRssi": -102,
        "devUplinkCounter": 204
      },
      {
        "devEui": "0018B200000023E6",
        "devAddr": "30014AE9",
        "time": "2018-11-24 16:02:18",
        "payload": "rxfMmQ6uVwY=",
        "sf": 7,
        "gwEui": "7276FF0039030950",
        "gwName": "B40",
        "gwRssi": -100,
        "devUplinkCounter": 204
      }
    ]
  },
  {
    "Floor": "B",
    "Number": 25,
    "UL1": 972,
    "UL2": 110,
    "Time": "11/24/2018 4:02:25 PM",
    "Measures": [
      {
        "devEui": "0018B200000023E6",
        "devAddr": "30014AE9",
        "time": "2018-11-24 16:01:36",
        "payload": "rxfMmQ6uVwY=",
        "sf": 7,
        "gwEui": "7276FF0039030950",
        "gwName": "B40",
        "gwRssi": -102,
        "devUplinkCounter": 204
      },
      {
        "devEui": "0018B200000023E6",
        "devAddr": "30014AE9",
        "time": "2018-11-24 16:02:18",
        "payload": "rxfMmQ6uVwY=",
        "sf": 7,
        "gwEui": "7276FF0039030950",
        "gwName": "B40",
        "gwRssi": -100,
        "devUplinkCounter": 204
      }
    ]
  },
  {
    "Floor": "B",
    "Number": 26,
    "UL1": 973,
    "UL2": 111,
    "Time": "11/24/2018 4:03:10 PM",
    "Measures": []
  },
  {
    "Floor": "B",
    "Number": 27,
    "UL1": 974,
    "UL2": 112,
    "Time": "11/24/2018 4:03:37 PM",
    "Measures": [
      {
        "devEui": "0018B200000023E6",
        "devAddr": "30014AE9",
        "time": "2018-11-24 16:01:27",
        "payload": "rxfOmg6wYwY=",
        "sf": 7,
        "gwEui": "7276FF00390309F5",
        "gwName": "A02b",
        "gwRssi": -115,
        "devUplinkCounter": 206
      },
      {
        "devEui": "0018B200000023E6",
        "devAddr": "30014AE9",
        "time": "2018-11-24 16:01:27",
        "payload": "rxfOmg6wYwY=",
        "sf": 7,
        "gwEui": "7276FF0039030950",
        "gwName": "B40",
        "gwRssi": -95,
        "devUplinkCounter": 206
      }
    ]
  },
  {
    "Floor": "B",
    "Number": 28,
    "UL1": 976,
    "UL2": 113,
    "Time": "11/24/2018 4:05:07 PM",
    "Measures": [
      {
        "devEui": "0018B200000023E6",
        "devAddr": "30014AE9",
        "time": "2018-11-24 16:04:18",
        "payload": "rxjQnA6vZgY=",
        "sf": 7,
        "gwEui": "7276FF0039030950",
        "gwName": "B40",
        "gwRssi": -106,
        "devUplinkCounter": 208
      },
      {
        "devEui": "0018B200000023E6",
        "devAddr": "30014AE9",
        "time": "2018-11-24 16:04:18",
        "payload": "rxjQnA6vZgY=",
        "sf": 7,
        "gwEui": "7276FF003903097C",
        "gwName": "C22",
        "gwRssi": -102,
        "devUplinkCounter": 208
      }
    ]
  },
  {
    "Floor": "B",
    "Number": 29,
    "UL1": 977,
    "UL2": 114,
    "Time": "11/24/2018 4:05:22 PM",
    "Measures": [
      {
        "devEui": "0018B200000023E6",
        "devAddr": "30014AE9",
        "time": "2018-11-24 16:04:36",
        "payload": "rxfRnQ6sXwY=",
        "sf": 7,
        "gwEui": "7276FF0039030950",
        "gwName": "B40",
        "gwRssi": -98,
        "devUplinkCounter": 209
      },
      {
        "devEui": "0018B200000023E6",
        "devAddr": "30014AE9",
        "time": "2018-11-24 16:04:36",
        "payload": "rxfRnQ6sXwY=",
        "sf": 7,
        "gwEui": "7276FF003903097C",
        "gwName": "C22",
        "gwRssi": -99,
        "devUplinkCounter": 209
      }
    ]
  },
  {
    "Floor": "B",
    "Number": 30,
    "UL1": 978,
    "UL2": 115,
    "Time": "11/24/2018 4:06:35 PM",
    "Measures": [
      {
        "devEui": "0018B200000023E6",
        "devAddr": "30014AE9",
        "time": "2018-11-24 16:04:50",
        "payload": "rxfSng6uXAc=",
        "sf": 7,
        "gwEui": "7276FF0039030950",
        "gwName": "B40",
        "gwRssi": -98,
        "devUplinkCounter": 210
      },
      {
        "devEui": "0018B200000023E6",
        "devAddr": "30014AE9",
        "time": "2018-11-24 16:04:50",
        "payload": "rxfSng6uXAc=",
        "sf": 7,
        "gwEui": "7276FF003903097C",
        "gwName": "C22",
        "gwRssi": -96,
        "devUplinkCounter": 210
      },
      {
        "devEui": "0018B200000023E6",
        "devAddr": "30014AE9",
        "time": "2018-11-24 16:04:50",
        "payload": "rxfSng6uXAc=",
        "sf": 7,
        "gwEui": "7276FF00390309F5",
        "gwName": "A02b",
        "gwRssi": -116,
        "devUplinkCounter": 210
      }
    ]
  },
  {
    "Floor": "B",
    "Number": 40,
    "UL1": 979,
    "UL2": 116,
    "Time": "11/24/2018 4:07:08 PM",
    "Measures": [
      {
        "devEui": "0018B200000023E6",
        "devAddr": "30014AE9",
        "time": "2018-11-24 16:06:56",
        "payload": "rxjTnw6rWwc=",
        "sf": 7,
        "gwEui": "7276FF003903097C",
        "gwName": "C22",
        "gwRssi": -109,
        "devUplinkCounter": 211
      },
      {
        "devEui": "0018B200000023E6",
        "devAddr": "30014AE9",
        "time": "2018-11-24 16:06:56",
        "payload": "rxjTnw6rWwc=",
        "sf": 7,
        "gwEui": "7276FF0039030950",
        "gwName": "B40",
        "gwRssi": -104,
        "devUplinkCounter": 211
      }
    ]
  },
  {
    "Floor": "B",
    "Number": 41,
    "UL1": 980,
    "UL2": 117,
    "Time": "11/24/2018 4:07:32 PM",
    "Measures": [
      {
        "devEui": "0018B200000023E6",
        "devAddr": "30014AE9",
        "time": "2018-11-24 16:07:21",
        "payload": "rxjUoA6rbgQ=",
        "sf": 7,
        "gwEui": "7276FF0039030950",
        "gwName": "B40",
        "gwRssi": -96,
        "devUplinkCounter": 212
      },
      {
        "devEui": "0018B200000023E6",
        "devAddr": "30014AE9",
        "time": "2018-11-24 16:07:21",
        "payload": "rxjUoA6rbgQ=",
        "sf": 7,
        "gwEui": "7276FF003903097C",
        "gwName": "C22",
        "gwRssi": -94,
        "devUplinkCounter": 212
      }
    ]
  },
  {
    "Floor": "B",
    "Number": 46,
    "UL1": 981,
    "UL2": 118,
    "Time": "11/24/2018 4:09:38 PM",
    "Measures": [
      {
        "devEui": "0018B200000023E6",
        "devAddr": "30014AE9",
        "time": "2018-11-24 16:08:50",
        "payload": "rxjVoQ6nWAc=",
        "sf": 7,
        "gwEui": "7276FF0039030950",
        "gwName": "B40",
        "gwRssi": -105,
        "devUplinkCounter": 213
      }
    ]
  },
  {
    "Floor": "B",
    "Number": 47,
    "UL1": 985,
    "UL2": 119,
    "Time": "11/24/2018 4:10:23 PM",
    "Measures": [
      {
        "devEui": "0018B200000023E6",
        "devAddr": "30014AE9",
        "time": "2018-11-24 16:10:06",
        "payload": "rxjZow6nbgQ=",
        "sf": 7,
        "gwEui": "7276FF003903097C",
        "gwName": "C22",
        "gwRssi": -111,
        "devUplinkCounter": 217
      }
    ]
  },
  {
    "Floor": "B",
    "Number": 48,
    "UL1": 986,
    "UL2": 120,
    "Time": "11/24/2018 4:10:38 PM",
    "Measures": [
      {
        "devEui": "0018B200000023E6",
        "devAddr": "30014AE9",
        "time": "2018-11-24 16:10:30",
        "payload": "rxjapA6ncwE=",
        "sf": 7,
        "gwEui": "7276FF003903097C",
        "gwName": "C22",
        "gwRssi": -106,
        "devUplinkCounter": 218
      }
    ]
  },
  {
    "Floor": "B",
    "Number": 49,
    "UL1": 987,
    "UL2": 121,
    "Time": "11/24/2018 4:11:52 PM",
    "Measures": [
      {
        "devEui": "0018B200000023E6",
        "devAddr": "30014AE9",
        "time": "2018-11-24 16:10:11",
        "payload": "rxjbpQ6oYQY=",
        "sf": 7,
        "gwEui": "7276FF00390309F5",
        "gwName": "A02b",
        "gwRssi": -118,
        "devUplinkCounter": 219
      }
    ]
  },
  {
    "Floor": "B",
    "Number": 50,
    "UL1": 988,
    "UL2": 122,
    "Time": "11/24/2018 4:12:14 PM",
    "Measures": [
      {
        "devEui": "0018B200000023E6",
        "devAddr": "30014AE9",
        "time": "2018-11-24 16:10:33",
        "payload": "rxfcpg6ncwE=",
        "sf": 7,
        "gwEui": "7276FF003903097C",
        "gwName": "C22",
        "gwRssi": -106,
        "devUplinkCounter": 220
      },
      {
        "devEui": "0018B200000023E6",
        "devAddr": "30014AE9",
        "time": "2018-11-24 16:10:33",
        "payload": "rxfcpg6ncwE=",
        "sf": 7,
        "gwEui": "7276FF00390309F5",
        "gwName": "A02b",
        "gwRssi": -117,
        "devUplinkCounter": 220
      }
    ]
  },
  {
    "Floor": "B",
    "Number": 51,
    "UL1": 989,
    "UL2": 123,
    "Time": "11/24/2018 4:13:00 PM",
    "Measures": [
      {
        "devEui": "0018B200000023E6",
        "devAddr": "30014AE9",
        "time": "2018-11-24 16:12:33",
        "payload": "rxjdpw6pYgY=",
        "sf": 7,
        "gwEui": "7276FF003903097C",
        "gwName": "C22",
        "gwRssi": -110,
        "devUplinkCounter": 221
      }
    ]
  },
  {
    "Floor": "B",
    "Number": 52,
    "UL1": 990,
    "UL2": 124,
    "Time": "11/24/2018 4:13:00 PM",
    "Measures": [
      {
        "devEui": "0018B200000023E6",
        "devAddr": "30014AE9",
        "time": "2018-11-24 16:12:46",
        "payload": "rxjeqA6maQU=",
        "sf": 7,
        "gwEui": "7276FF003903097C",
        "gwName": "C22",
        "gwRssi": -108,
        "devUplinkCounter": 222
      }
    ]
  },
  {
    "Floor": "B",
    "Number": 53,
    "UL1": 992,
    "UL2": 125,
    "Time": "11/24/2018 4:13:23 PM",
    "Measures": []
  },
  {
    "Floor": "B",
    "Number": 54,
    "UL1": 993,
    "UL2": 126,
    "Time": "11/24/2018 4:15:04 PM",
    "Measures": [
      {
        "devEui": "0018B200000023E6",
        "devAddr": "30014AE9",
        "time": "2018-11-24 16:14:43",
        "payload": "rxfhqg6mZwY=",
        "sf": 7,
        "gwEui": "7276FF0039030950",
        "gwName": "B40",
        "gwRssi": -105,
        "devUplinkCounter": 225
      },
      {
        "devEui": "0018B200000023E6",
        "devAddr": "30014AE9",
        "time": "2018-11-24 16:14:43",
        "payload": "rxfhqg6mZwY=",
        "sf": 7,
        "gwEui": "7276FF00390309F5",
        "gwName": "A02b",
        "gwRssi": -113,
        "devUplinkCounter": 225
      },
      {
        "devEui": "0018B200000023E6",
        "devAddr": "30014AE9",
        "time": "2018-11-24 16:14:43",
        "payload": "rxfhqg6mZwY=",
        "sf": 7,
        "gwEui": "7276FF003903097C",
        "gwName": "C22",
        "gwRssi": -112,
        "devUplinkCounter": 225
      }
    ]
  },
  {
    "Floor": "B",
    "Number": 55,
    "UL1": 994,
    "UL2": 127,
    "Time": "11/24/2018 4:15:05 PM",
    "Measures": [
      {
        "devEui": "0018B200000023E6",
        "devAddr": "30014AE9",
        "time": "2018-11-24 16:13:22",
        "payload": "rxjiqw6lZgU=",
        "sf": 7,
        "gwEui": "7276FF00390309F5",
        "gwName": "A02b",
        "gwRssi": -118,
        "devUplinkCounter": 226
      },
      {
        "devEui": "0018B200000023E6",
        "devAddr": "30014AE9",
        "time": "2018-11-24 16:13:22",
        "payload": "rxjiqw6lZgU=",
        "sf": 7,
        "gwEui": "7276FF0039030950",
        "gwName": "B40",
        "gwRssi": -105,
        "devUplinkCounter": 226
      }
    ]
  },
  {
    "Floor": "B",
    "Number": 56,
    "UL1": 995,
    "UL2": 128,
    "Time": "11/24/2018 4:15:41 PM",
    "Measures": [
      {
        "devEui": "0018B200000023E6",
        "devAddr": "30014AE9",
        "time": "2018-11-24 16:15:18",
        "payload": "rxjjrA6kZgc=",
        "sf": 7,
        "gwEui": "7276FF003903097C",
        "gwName": "C22",
        "gwRssi": -105,
        "devUplinkCounter": 227
      }
    ]
  },
  {
    "Floor": "B",
    "Number": 57,
    "UL1": 996,
    "UL2": 129,
    "Time": "11/24/2018 4:15:42 PM",
    "Measures": [
      {
        "devEui": "0018B200000023E6",
        "devAddr": "30014AE9",
        "time": "2018-11-24 16:13:57",
        "payload": "rxfkrQ6mawU=",
        "sf": 7,
        "gwEui": "7276FF00390309F5",
        "gwName": "A02b",
        "gwRssi": -119,
        "devUplinkCounter": 228
      },
      {
        "devEui": "0018B200000023E6",
        "devAddr": "30014AE9",
        "time": "2018-11-24 16:14:02",
        "payload": "rxfkrQ6mawU=",
        "sf": 7,
        "gwEui": "7276FF00390309F5",
        "gwName": "A02b",
        "gwRssi": -118,
        "devUplinkCounter": 228
      }
    ]
  },
  {
    "Floor": "B",
    "Number": 58,
    "UL1": 997,
    "UL2": 130,
    "Time": "11/24/2018 4:16:01 PM",
    "Measures": []
  },
  {
    "Floor": "B",
    "Number": 59,
    "UL1": 999,
    "UL2": 131,
    "Time": "11/24/2018 4:18:22 PM",
    "Measures": [
      {
        "devEui": "0018B200000023E6",
        "devAddr": "30014AE9",
        "time": "2018-11-24 16:16:41",
        "payload": "rxfnrw6kaAU=",
        "sf": 7,
        "gwEui": "7276FF00390309F5",
        "gwName": "A02b",
        "gwRssi": -107,
        "devUplinkCounter": 231
      }
    ]
  },
  {
    "Floor": "B",
    "Number": 60,
    "UL1": 1000,
    "UL2": 132,
    "Time": "11/24/2018 4:19:07 PM",
    "Measures": [
      {
        "devEui": "0018B200000023E6",
        "devAddr": "30014AE9",
        "time": "2018-11-24 16:17:23",
        "payload": "rxfosA6kbAQ=",
        "sf": 7,
        "gwEui": "7276FF00390309F5",
        "gwName": "A02b",
        "gwRssi": -108,
        "devUplinkCounter": 232
      }
    ]
  },
  {
    "Floor": "B",
    "Number": 61,
    "UL1": 1001,
    "UL2": 133,
    "Time": "11/24/2018 4:19:23 PM",
    "Measures": [
      {
        "devEui": "0018B200000023E6",
        "devAddr": "30014AE9",
        "time": "2018-11-24 16:17:41",
        "payload": "rxfpsQ6kZwY=",
        "sf": 7,
        "gwEui": "7276FF00390309F5",
        "gwName": "A02b",
        "gwRssi": -110,
        "devUplinkCounter": 233
      }
    ]
  },
  {
    "Floor": "B",
    "Number": 64,
    "UL1": 1002,
    "UL2": 134,
    "Time": "11/24/2018 4:22:03 PM",
    "Measures": [
      {
        "devEui": "0018B200000023E6",
        "devAddr": "30014AE9",
        "time": "2018-11-24 16:21:30",
        "payload": "rxfqsg6laQY=",
        "sf": 7,
        "gwEui": "7276FF00390309F5",
        "gwName": "A02b",
        "gwRssi": -106,
        "devUplinkCounter": 234
      }
    ]
  },
  {
    "Floor": "B",
    "Number": 65,
    "UL1": 1003,
    "UL2": 135,
    "Time": "11/24/2018 4:22:03 PM",
    "Measures": [
      {
        "devEui": "0018B200000023E6",
        "devAddr": "30014AE9",
        "time": "2018-11-24 16:21:46",
        "payload": "rxfrsw6lYgY=",
        "sf": 7,
        "gwEui": "7276FF00390309F5",
        "gwName": "A02b",
        "gwRssi": -113,
        "devUplinkCounter": 235
      }
    ]
  },
  {
    "Floor": "B",
    "Number": 66,
    "UL1": 1004,
    "UL2": 136,
    "Time": "11/24/2018 4:23:24 PM",
    "Measures": [
      {
        "devEui": "0018B200000023E6",
        "devAddr": "30014AE9",
        "time": "2018-11-24 16:21:21",
        "payload": "rxbstA6lawY=",
        "sf": 7,
        "gwEui": "7276FF00390309F5",
        "gwName": "A02b",
        "gwRssi": -119,
        "devUplinkCounter": 236
      }
    ]
  },
  {
    "Floor": "B",
    "Number": 67,
    "UL1": 1005,
    "UL2": 137,
    "Time": "11/24/2018 4:23:25 PM",
    "Measures": [
      {
        "devEui": "0018B200000023E6",
        "devAddr": "30014AE9",
        "time": "2018-11-24 16:21:32",
        "payload": "rxfttQ6jaQU=",
        "sf": 7,
        "gwEui": "7276FF00390309F5",
        "gwName": "A02b",
        "gwRssi": -101,
        "devUplinkCounter": 237
      }
    ]
  },
  {
    "Floor": "B",
    "Number": 68,
    "UL1": 1006,
    "UL2": 138,
    "Time": "11/24/2018 4:23:50 PM",
    "Measures": [
      {
        "devEui": "0018B200000023E6",
        "devAddr": "30014AE9",
        "time": "2018-11-24 16:23:38",
        "payload": "rxbutg6kYwc=",
        "sf": 7,
        "gwEui": "7276FF00390309F5",
        "gwName": "A02b",
        "gwRssi": -108,
        "devUplinkCounter": 238
      }
    ]
  },
  {
    "Floor": "B",
    "Number": 69,
    "UL1": 1007,
    "UL2": 139,
    "Time": "11/24/2018 4:24:55 PM",
    "Measures": [
      {
        "devEui": "0018B200000023E6",
        "devAddr": "30014AE9",
        "time": "2018-11-24 16:24:46",
        "payload": "rxbvtw6kYgc=",
        "sf": 7,
        "gwEui": "7276FF003903097D",
        "gwName": "D60",
        "gwRssi": -114,
        "devUplinkCounter": 239
      },
      {
        "devEui": "0018B200000023E6",
        "devAddr": "30014AE9",
        "time": "2018-11-24 16:24:46",
        "payload": "rxbvtw6kYgc=",
        "sf": 7,
        "gwEui": "7276FF0039030950",
        "gwName": "B40",
        "gwRssi": -106,
        "devUplinkCounter": 239
      },
      {
        "devEui": "0018B200000023E6",
        "devAddr": "30014AE9",
        "time": "2018-11-24 16:24:46",
        "payload": "rxbvtw6kYgc=",
        "sf": 7,
        "gwEui": "7276FF00390309F5",
        "gwName": "A02b",
        "gwRssi": -88,
        "devUplinkCounter": 239
      }
    ]
  },
  {
    "Floor": "B",
    "Number": 70,
    "UL1": 1008,
    "UL2": 140,
    "Time": "11/24/2018 4:25:11 PM",
    "Measures": [
      {
        "devEui": "0018B200000023E6",
        "devAddr": "30014AE9",
        "time": "2018-11-24 16:25:03",
        "payload": "rxbwuA6iUgc=",
        "sf": 7,
        "gwEui": "7276FF00390309F5",
        "gwName": "A02b",
        "gwRssi": -89,
        "devUplinkCounter": 240
      }
    ]
  },
  {
    "Floor": "B",
    "Number": 71,
    "UL1": 1009,
    "UL2": 141,
    "Time": "11/24/2018 4:26:46 PM",
    "Measures": [
      {
        "devEui": "0018B200000023E6",
        "devAddr": "30014AE9",
        "time": "2018-11-24 16:26:17",
        "payload": "rxbxuQ6jUgc=",
        "sf": 7,
        "gwEui": "7276FF00390309F5",
        "gwName": "A02b",
        "gwRssi": -98,
        "devUplinkCounter": 241
      },
      {
        "devEui": "0018B200000023E6",
        "devAddr": "30014AE9",
        "time": "2018-11-24 16:26:17",
        "payload": "rxbxuQ6jUgc=",
        "sf": 7,
        "gwEui": "7276FF003903097D",
        "gwName": "D60",
        "gwRssi": -114,
        "devUplinkCounter": 241
      }
    ]
  },
  {
    "Floor": "B",
    "Number": 72,
    "UL1": 1010,
    "UL2": 142,
    "Time": "11/24/2018 4:26:47 PM",
    "Measures": [
      {
        "devEui": "0018B200000023E6",
        "devAddr": "30014AE9",
        "time": "2018-11-24 16:24:57",
        "payload": "rxbyug6hWgY=",
        "sf": 7,
        "gwEui": "7276FF00390309F5",
        "gwName": "A02b",
        "gwRssi": -87,
        "devUplinkCounter": 242
      }
    ]
  },
  {
    "Floor": "B",
    "Number": 77,
    "UL1": 1011,
    "UL2": 143,
    "Time": "11/24/2018 4:29:44 PM",
    "Measures": [
      {
        "devEui": "0018B200000023E6",
        "devAddr": "30014AE9",
        "time": "2018-11-24 16:29:36",
        "payload": "rxXzuw6jUQY=",
        "sf": 7,
        "gwEui": "7276FF003903097D",
        "gwName": "D60",
        "gwRssi": -113,
        "devUplinkCounter": 243
      },
      {
        "devEui": "0018B200000023E6",
        "devAddr": "30014AE9",
        "time": "2018-11-24 16:29:36",
        "payload": "rxXzuw6jUQY=",
        "sf": 7,
        "gwEui": "7276FF00390309F5",
        "gwName": "A02b",
        "gwRssi": -114,
        "devUplinkCounter": 243
      },
      {
        "devEui": "0018B200000023E6",
        "devAddr": "30014AE9",
        "time": "2018-11-24 16:29:40",
        "payload": "rxXzuw6jUQY=",
        "sf": 7,
        "gwEui": "7276FF003903097D",
        "gwName": "D60",
        "gwRssi": -114,
        "devUplinkCounter": 243
      },
      {
        "devEui": "0018B200000023E6",
        "devAddr": "30014AE9",
        "time": "2018-11-24 16:29:40",
        "payload": "rxXzuw6jUQY=",
        "sf": 7,
        "gwEui": "7276FF00390309F5",
        "gwName": "A02b",
        "gwRssi": -114,
        "devUplinkCounter": 243
      }
    ]
  },
  {
    "Floor": "B",
    "Number": 78,
    "UL1": 1013,
    "UL2": 144,
    "Time": "11/24/2018 4:30:11 PM",
    "Measures": [
      {
        "devEui": "0018B200000023E6",
        "devAddr": "30014AE9",
        "time": "2018-11-24 16:30:03",
        "payload": "rxX1vA6hWgc=",
        "sf": 7,
        "gwEui": "7276FF003903097D",
        "gwName": "D60",
        "gwRssi": -113,
        "devUplinkCounter": 245
      }
    ]
  },
  {
    "Floor": "B",
    "Number": 79,
    "UL1": 1014,
    "UL2": 145,
    "Time": "11/24/2018 4:30:31 PM",
    "Measures": [
      {
        "devEui": "0018B200000023E6",
        "devAddr": "30014AE9",
        "time": "2018-11-24 16:28:50",
        "payload": "rxX2vQ6gbgQ=",
        "sf": 7,
        "gwEui": "7276FF003903097D",
        "gwName": "D60",
        "gwRssi": -111,
        "devUplinkCounter": 246
      },
      {
        "devEui": "0018B200000023E6",
        "devAddr": "30014AE9",
        "time": "2018-11-24 16:28:50",
        "payload": "rxX2vQ6gbgQ=",
        "sf": 7,
        "gwEui": "7276FF00390309F5",
        "gwName": "A02b",
        "gwRssi": -116,
        "devUplinkCounter": 246
      },
      {
        "devEui": "0018B200000023E6",
        "devAddr": "30014AE9",
        "time": "2018-11-24 16:28:55",
        "payload": "rxX2vQ6gbgQ=",
        "sf": 7,
        "gwEui": "7276FF00390309F5",
        "gwName": "A02b",
        "gwRssi": -114,
        "devUplinkCounter": 246
      },
      {
        "devEui": "0018B200000023E6",
        "devAddr": "30014AE9",
        "time": "2018-11-24 16:28:55",
        "payload": "rxX2vQ6gbgQ=",
        "sf": 7,
        "gwEui": "7276FF003903097D",
        "gwName": "D60",
        "gwRssi": -109,
        "devUplinkCounter": 246
      }
    ]
  },
  {
    "Floor": "B",
    "Number": 80,
    "UL1": 1016,
    "UL2": 146,
    "Time": "11/24/2018 4:31:10 PM",
    "Measures": [
      {
        "devEui": "0018B200000023E6",
        "devAddr": "30014AE9",
        "time": "2018-11-24 16:31:01",
        "payload": "rxX4vg6hXgc=",
        "sf": 7,
        "gwEui": "7276FF00390309F5",
        "gwName": "A02b",
        "gwRssi": -108,
        "devUplinkCounter": 248
      },
      {
        "devEui": "0018B200000023E6",
        "devAddr": "30014AE9",
        "time": "2018-11-24 16:31:01",
        "payload": "rxX4vg6hXgc=",
        "sf": 7,
        "gwEui": "7276FF003903097D",
        "gwName": "D60",
        "gwRssi": -112,
        "devUplinkCounter": 248
      }
    ]
  },
  {
    "Floor": "B",
    "Number": 81,
    "UL1": 1017,
    "UL2": 147,
    "Time": "11/24/2018 4:31:33 PM",
    "Measures": [
      {
        "devEui": "0018B200000023E6",
        "devAddr": "30014AE9",
        "time": "2018-11-24 16:31:23",
        "payload": "rxX5vw6faQY=",
        "sf": 7,
        "gwEui": "7276FF00390309F5",
        "gwName": "A02b",
        "gwRssi": -113,
        "devUplinkCounter": 249
      }
    ]
  },
  {
    "Floor": "B",
    "Number": 82,
    "UL1": 1018,
    "UL2": 148,
    "Time": "11/24/2018 4:31:49 PM",
    "Measures": [
      {
        "devEui": "0018B200000023E6",
        "devAddr": "30014AE9",
        "time": "2018-11-24 16:31:41",
        "payload": "rxb6wA6hYwY=",
        "sf": 7,
        "gwEui": "7276FF00390309F5",
        "gwName": "A02b",
        "gwRssi": -104,
        "devUplinkCounter": 250
      }
    ]
  },
  {
    "Floor": "B",
    "Number": 83,
    "UL1": 1019,
    "UL2": 149,
    "Time": "11/24/2018 4:32:32 PM",
    "Measures": [
      {
        "devEui": "0018B200000023E6",
        "devAddr": "30014AE9",
        "time": "2018-11-24 16:32:13",
        "payload": "rxb7wQ6hYQY=",
        "sf": 7,
        "gwEui": "7276FF00390309F5",
        "gwName": "A02b",
        "gwRssi": -90,
        "devUplinkCounter": 251
      }
    ]
  },
  {
    "Floor": "B",
    "Number": 75,
    "UL1": 1019,
    "UL2": 149,
    "Time": "11/24/2018 4:34:08 PM",
    "Measures": [
      {
        "devEui": "0018B200000023E6",
        "devAddr": "30014AE9",
        "time": "2018-11-24 16:32:13",
        "payload": "rxb7wQ6hYQY=",
        "sf": 7,
        "gwEui": "7276FF00390309F5",
        "gwName": "A02b",
        "gwRssi": -90,
        "devUplinkCounter": 251
      }
    ]
  },
  {
    "Floor": "B",
    "Number": 85,
    "UL1": 1020,
    "UL2": 150,
    "Time": "11/24/2018 4:34:59 PM",
    "Measures": [
      {
        "devEui": "0018B200000023E6",
        "devAddr": "30014AE9",
        "time": "2018-11-24 16:34:44",
        "payload": "rxb8wg6fUQc=",
        "sf": 7,
        "gwEui": "7276FF003903097D",
        "gwName": "D60",
        "gwRssi": -113,
        "devUplinkCounter": 252
      }
    ]
  },
  {
    "Floor": "B",
    "Number": 86,
    "UL1": 1022,
    "UL2": 151,
    "Time": "11/24/2018 4:35:22 PM",
    "Measures": [
      {
        "devEui": "0018B200000023E6",
        "devAddr": "30014AE9",
        "time": "2018-11-24 16:33:35",
        "payload": "rxX+ww6gWgc=",
        "sf": 7,
        "gwEui": "7276FF00390309F5",
        "gwName": "A02b",
        "gwRssi": -116,
        "devUplinkCounter": 254
      }
    ]
  },
  {
    "Floor": "B",
    "Number": 84,
    "UL1": 1026,
    "UL2": 153,
    "Time": "11/24/2018 4:37:15 PM",
    "Measures": []
  },
  {
    "Floor": "B",
    "Number": 110,
    "UL1": 1027,
    "UL2": 154,
    "Time": "11/24/2018 4:39:37 PM",
    "Measures": [
      {
        "devEui": "0018B200000023E6",
        "devAddr": "30014AE9",
        "time": "2018-11-24 16:37:56",
        "payload": "rxYDAw6eawQ=",
        "sf": 7,
        "gwEui": "7276FF00390309F5",
        "gwName": "A02b",
        "gwRssi": -112,
        "devUplinkCounter": 3
      }
    ]
  },
  {
    "Floor": "B",
    "Number": 111,
    "UL1": 1028,
    "UL2": 155,
    "Time": "11/24/2018 4:39:55 PM",
    "Measures": [
      {
        "devEui": "0018B200000023E6",
        "devAddr": "30014AE9",
        "time": "2018-11-24 16:38:12",
        "payload": "rxYEBA6ebAU=",
        "sf": 7,
        "gwEui": "7276FF003903097D",
        "gwName": "D60",
        "gwRssi": -112,
        "devUplinkCounter": 4
      },
      {
        "devEui": "0018B200000023E6",
        "devAddr": "30014AE9",
        "time": "2018-11-24 16:38:12",
        "payload": "rxYEBA6ebAU=",
        "sf": 7,
        "gwEui": "7276FF00390309F5",
        "gwName": "A02b",
        "gwRssi": -118,
        "devUplinkCounter": 4
      },
      {
        "devEui": "0018B200000023E6",
        "devAddr": "30014AE9",
        "time": "2018-11-24 16:38:17",
        "payload": "rxYEBA6ebAU=",
        "sf": 7,
        "gwEui": "7276FF00390309F5",
        "gwName": "A02b",
        "gwRssi": -116,
        "devUplinkCounter": 4
      },
      {
        "devEui": "0018B200000023E6",
        "devAddr": "30014AE9",
        "time": "2018-11-24 16:38:17",
        "payload": "rxYEBA6ebAU=",
        "sf": 7,
        "gwEui": "7276FF003903097D",
        "gwName": "D60",
        "gwRssi": -113,
        "devUplinkCounter": 4
      }
    ]
  },
  {
    "Floor": "B",
    "Number": 112,
    "UL1": 1030,
    "UL2": 156,
    "Time": "11/24/2018 4:40:36 PM",
    "Measures": [
      {
        "devEui": "0018B200000023E6",
        "devAddr": "30014AE9",
        "time": "2018-11-24 16:40:27",
        "payload": "rxYGBQ6eYQY=",
        "sf": 7,
        "gwEui": "7276FF003903097D",
        "gwName": "D60",
        "gwRssi": -114,
        "devUplinkCounter": 6
      },
      {
        "devEui": "0018B200000023E6",
        "devAddr": "30014AE9",
        "time": "2018-11-24 16:40:36",
        "payload": "rxYGBQ6eYQY=",
        "sf": 8,
        "gwEui": "7276FF003903097D",
        "gwName": "D60",
        "gwRssi": -113,
        "devUplinkCounter": 6
      }
    ]
  },
  {
    "Floor": "B",
    "Number": 113,
    "UL1": 1033,
    "UL2": 157,
    "Time": "11/24/2018 4:41:01 PM",
    "Measures": []
  },
  {
    "Floor": "B",
    "Number": 114,
    "UL1": 1034,
    "UL2": 158,
    "Time": "11/24/2018 4:41:32 PM",
    "Measures": []
  },
  {
    "Floor": "B",
    "Number": 115,
    "UL1": 1038,
    "UL2": 159,
    "Time": "11/24/2018 4:43:54 PM",
    "Measures": []
  },
  {
    "Floor": "B",
    "Number": 116,
    "UL1": 1039,
    "UL2": 160,
    "Time": "11/24/2018 4:44:23 PM",
    "Measures": [
      {
        "devEui": "0018B200000023E6",
        "devAddr": "30014AE9",
        "time": "2018-11-24 16:44:09",
        "payload": "rxYPCg6abAU=",
        "sf": 7,
        "gwEui": "7276FF003903097D",
        "gwName": "D60",
        "gwRssi": -110,
        "devUplinkCounter": 15
      }
    ]
  },
  {
    "Floor": "B",
    "Number": 117,
    "UL1": 1040,
    "UL2": 161,
    "Time": "11/24/2018 4:45:11 PM",
    "Measures": [
      {
        "devEui": "0018B200000023E6",
        "devAddr": "30014AE9",
        "time": "2018-11-24 16:44:35",
        "payload": "rxYQCw6bbQQ=",
        "sf": 7,
        "gwEui": "7276FF00390309F5",
        "gwName": "A02b",
        "gwRssi": -113,
        "devUplinkCounter": 16
      }
    ]
  },
  {
    "Floor": "B",
    "Number": 118,
    "UL1": 1043,
    "UL2": 162,
    "Time": "11/24/2018 4:45:15 PM",
    "Measures": [
      {
        "devEui": "0018B200000023E6",
        "devAddr": "30014AE9",
        "time": "2018-11-24 16:44:58",
        "payload": "rxYTDQ6baQU=",
        "sf": 7,
        "gwEui": "7276FF003903097D",
        "gwName": "D60",
        "gwRssi": -109,
        "devUplinkCounter": 19
      },
      {
        "devEui": "0018B200000023E6",
        "devAddr": "30014AE9",
        "time": "2018-11-24 16:44:58",
        "payload": "rxYTDQ6baQU=",
        "sf": 7,
        "gwEui": "7276FF00390309F5",
        "gwName": "A02b",
        "gwRssi": -117,
        "devUplinkCounter": 19
      }
    ]
  },
  {
    "Floor": "B",
    "Number": 127,
    "UL1": 1044,
    "UL2": 164,
    "Time": "11/24/2018 4:48:56 PM",
    "Measures": [
      {
        "devEui": "0018B200000023E6",
        "devAddr": "30014AE9",
        "time": "2018-11-24 16:48:45",
        "payload": "rxcUDg6ZbAQ=",
        "sf": 7,
        "gwEui": "7276FF003903097D",
        "gwName": "D60",
        "gwRssi": -111,
        "devUplinkCounter": 20
      },
      {
        "devEui": "0018B200000023E6",
        "devAddr": "30014AE9",
        "time": "2018-11-24 16:47:12",
        "payload": "rxcUDg6ZbAQ=",
        "sf": 7,
        "gwEui": "7276FF00390309F5",
        "gwName": "A02b",
        "gwRssi": -98,
        "devUplinkCounter": 20
      }
    ]
  },
  {
    "Floor": "B",
    "Number": 128,
    "UL1": 1045,
    "UL2": 165,
    "Time": "11/24/2018 4:49:18 PM",
    "Measures": [
      {
        "devEui": "0018B200000023E6",
        "devAddr": "30014AE9",
        "time": "2018-11-24 16:49:08",
        "payload": "rxYVDw6ZZQY=",
        "sf": 7,
        "gwEui": "7276FF003903097D",
        "gwName": "D60",
        "gwRssi": -95,
        "devUplinkCounter": 21
      }
    ]
  },
  {
    "Floor": "B",
    "Number": 135,
    "UL1": 1047,
    "UL2": 166,
    "Time": "11/24/2018 4:52:55 PM",
    "Measures": [
      {
        "devEui": "0018B200000023E6",
        "devAddr": "30014AE9",
        "time": "2018-11-24 16:52:46",
        "payload": "rxYXEQ6ZVwY=",
        "sf": 7,
        "gwEui": "7276FF0039030950",
        "gwName": "B40",
        "gwRssi": -84,
        "devUplinkCounter": 23
      }
    ]
  },
  {
    "Floor": "B",
    "Number": 136,
    "UL1": 1048,
    "UL2": 167,
    "Time": "11/24/2018 4:53:09 PM",
    "Measures": [
      {
        "devEui": "0018B200000023E6",
        "devAddr": "30014AE9",
        "time": "2018-11-24 16:52:26",
        "payload": "rxYYEg6XSwY=",
        "sf": 7,
        "gwEui": "7276FF0039030950",
        "gwName": "B40",
        "gwRssi": -89,
        "devUplinkCounter": 24
      }
    ]
  },
  {
    "Floor": "B",
    "Number": 137,
    "UL1": 1049,
    "UL2": 168,
    "Time": "11/24/2018 4:53:30 PM",
    "Measures": [
      {
        "devEui": "0018B200000023E6",
        "devAddr": "30014AE9",
        "time": "2018-11-24 16:53:22",
        "payload": "rxYZEw6VVAY=",
        "sf": 7,
        "gwEui": "7276FF0039030950",
        "gwName": "B40",
        "gwRssi": -90,
        "devUplinkCounter": 25
      }
    ]
  },
  {
    "Floor": "B",
    "Number": 138,
    "UL1": 1051,
    "UL2": 169,
    "Time": "11/24/2018 4:55:23 PM",
    "Measures": [
      {
        "devEui": "0018B200000023E6",
        "devAddr": "30014AE9",
        "time": "2018-11-24 16:55:18",
        "payload": "rxYbFQ6XVQY=",
        "sf": 7,
        "gwEui": "7276FF0039030950",
        "gwName": "B40",
        "gwRssi": -88,
        "devUplinkCounter": 27
      }
    ]
  },
  {
    "Floor": "B",
    "Number": 139,
    "UL1": 1052,
    "UL2": 170,
    "Time": "11/24/2018 4:55:56 PM",
    "Measures": [
      {
        "devEui": "0018B200000023E6",
        "devAddr": "30014AE9",
        "time": "2018-11-24 16:55:50",
        "payload": "rxYcFg6TVQc=",
        "sf": 7,
        "gwEui": "7276FF0039030950",
        "gwName": "B40",
        "gwRssi": -79,
        "devUplinkCounter": 28
      }
    ]
  },
  {
    "Floor": "B",
    "Number": 140,
    "UL1": 1053,
    "UL2": 171,
    "Time": "11/24/2018 4:56:27 PM",
    "Measures": [
      {
        "devEui": "0018B200000023E6",
        "devAddr": "30014AE9",
        "time": "2018-11-24 16:56:14",
        "payload": "rxYdFw6VSgc=",
        "sf": 7,
        "gwEui": "7276FF003903097C",
        "gwName": "C22",
        "gwRssi": -106,
        "devUplinkCounter": 29
      },
      {
        "devEui": "0018B200000023E6",
        "devAddr": "30014AE9",
        "time": "2018-11-24 16:56:19",
        "payload": "rxYdFw6VSgc=",
        "sf": 7,
        "gwEui": "7276FF003903097C",
        "gwName": "C22",
        "gwRssi": -106,
        "devUplinkCounter": 29
      },
      {
        "devEui": "0018B200000023E6",
        "devAddr": "30014AE9",
        "time": "2018-11-24 16:56:19",
        "payload": "rxYdFw6VSgc=",
        "sf": 7,
        "gwEui": "7276FF0039030950",
        "gwName": "B40",
        "gwRssi": -92,
        "devUplinkCounter": 29
      }
    ]
  },
  {
    "Floor": "B",
    "Number": 141,
    "UL1": 1054,
    "UL2": 172,
    "Time": "11/24/2018 4:56:54 PM",
    "Measures": []
  },
  {
    "Floor": "B",
    "Number": 142,
    "UL1": 1055,
    "UL2": 173,
    "Time": "11/24/2018 4:57:17 PM",
    "Measures": [
      {
        "devEui": "0018B200000023E6",
        "devAddr": "30014AE9",
        "time": "2018-11-24 16:56:41",
        "payload": "rxYfGA6TTQY=",
        "sf": 7,
        "gwEui": "7276FF0039030950",
        "gwName": "B40",
        "gwRssi": -90,
        "devUplinkCounter": 31
      }
    ]
  },
  {
    "Floor": "B",
    "Number": 143,
    "UL1": 1057,
    "UL2": 174,
    "Time": "11/24/2018 4:59:11 PM",
    "Measures": [
      {
        "devEui": "0018B200000023E6",
        "devAddr": "30014AE9",
        "time": "2018-11-24 16:58:53",
        "payload": "rxYhGg6TRwc=",
        "sf": 7,
        "gwEui": "7276FF003903097C",
        "gwName": "C22",
        "gwRssi": -105,
        "devUplinkCounter": 33
      },
      {
        "devEui": "0018B200000023E6",
        "devAddr": "30014AE9",
        "time": "2018-11-24 16:58:57",
        "payload": "rxYhGg6TRwc=",
        "sf": 7,
        "gwEui": "7276FF0039030950",
        "gwName": "B40",
        "gwRssi": -80,
        "devUplinkCounter": 33
      },
      {
        "devEui": "0018B200000023E6",
        "devAddr": "30014AE9",
        "time": "2018-11-24 16:58:57",
        "payload": "rxYhGg6TRwc=",
        "sf": 7,
        "gwEui": "7276FF003903097C",
        "gwName": "C22",
        "gwRssi": -111,
        "devUplinkCounter": 33
      }
    ]
  },
  {
    "Floor": "B",
    "Number": 145,
    "UL1": 1060,
    "UL2": 175,
    "Time": "11/24/2018 5:01:30 PM",
    "Measures": [
      {
        "devEui": "0018B200000023E6",
        "devAddr": "30014AE9",
        "time": "2018-11-24 17:00:44",
        "payload": "rxckHA6SRgc=",
        "sf": 7,
        "gwEui": "7276FF0039030950",
        "gwName": "B40",
        "gwRssi": -69,
        "devUplinkCounter": 36
      }
    ]
  },
  {
    "Floor": "B",
    "Number": 146,
    "UL1": 1061,
    "UL2": 176,
    "Time": "11/24/2018 5:01:53 PM",
    "Measures": [
      {
        "devEui": "0018B200000023E6",
        "devAddr": "30014AE9",
        "time": "2018-11-24 17:01:43",
        "payload": "rxclHQ6UQQY=",
        "sf": 7,
        "gwEui": "7276FF0039030950",
        "gwName": "B40",
        "gwRssi": -72,
        "devUplinkCounter": 37
      }
    ]
  },
  {
    "Floor": "B",
    "Number": 147,
    "UL1": 1063,
    "UL2": 177,
    "Time": "11/24/2018 5:03:42 PM",
    "Measures": [
      {
        "devEui": "0018B200000023E6",
        "devAddr": "30014AE9",
        "time": "2018-11-24 17:26:21",
        "payload": "rxYnHw6KSwc=",
        "sf": 7,
        "gwEui": "7276FF0039030950",
        "gwName": "B40",
        "gwRssi": -75,
        "devUplinkCounter": 39
      }
    ]
  },
  {
    "Floor": "B",
    "Number": 148,
    "UL1": 1064,
    "UL2": 178,
    "Time": "11/24/2018 5:04:34 PM",
    "Measures": [
      {
        "devEui": "0018B200000023E6",
        "devAddr": "30014AE9",
        "time": "2018-11-24 17:26:29",
        "payload": "rxUoIA6ITAY=",
        "sf": 7,
        "gwEui": "7276FF0039030950",
        "gwName": "B40",
        "gwRssi": -72,
        "devUplinkCounter": 40
      }
    ]
  },
  {
    "Floor": "B",
    "Number": 149,
    "UL1": 1065,
    "UL2": 179,
    "Time": "11/24/2018 5:27:14 PM",
    "Measures": [
      {
        "devEui": "0018B200000023E6",
        "devAddr": "30014AE9",
        "time": "2018-11-24 17:26:44",
        "payload": "rxYpIQ6HSgc=",
        "sf": 7,
        "gwEui": "7276FF0039030950",
        "gwName": "B40",
        "gwRssi": -74,
        "devUplinkCounter": 41
      }
    ]
  },
  {
    "Floor": "B",
    "Number": 150,
    "UL1": 1066,
    "UL2": 180,
    "Time": "11/24/2018 5:27:15 PM",
    "Measures": [
      {
        "devEui": "0018B200000023E6",
        "devAddr": "30014AE9",
        "time": "2018-11-24 17:26:59",
        "payload": "rxYqIg6GRAY=",
        "sf": 7,
        "gwEui": "7276FF0039030950",
        "gwName": "B40",
        "gwRssi": -70,
        "devUplinkCounter": 42
      }
    ]
  },
  {
    "Floor": "B",
    "Number": 151,
    "UL1": 1067,
    "UL2": 181,
    "Time": "11/24/2018 5:27:40 PM",
    "Measures": [
      {
        "devEui": "0018B200000023E6",
        "devAddr": "30014AE9",
        "time": "2018-11-24 17:27:31",
        "payload": "rxYrIw6IPgc=",
        "sf": 7,
        "gwEui": "7276FF0039030950",
        "gwName": "B40",
        "gwRssi": -74,
        "devUplinkCounter": 43
      }
    ]
  },
  {
    "Floor": "B",
    "Number": 152,
    "UL1": 1068,
    "UL2": 182,
    "Time": "11/24/2018 5:28:01 PM",
    "Measures": [
      {
        "devEui": "0018B200000023E6",
        "devAddr": "30014AE9",
        "time": "2018-11-24 17:27:54",
        "payload": "vxZGRnhAAGOWEBUsJA6HTAc=",
        "sf": 7,
        "gwEui": "7276FF0039030950",
        "gwName": "B40",
        "gwRssi": -68,
        "devUplinkCounter": 44
      }
    ]
  },
  {
    "Floor": "B",
    "Number": 153,
    "UL1": 1069,
    "UL2": 183,
    "Time": "11/24/2018 5:28:19 PM",
    "Measures": [
      {
        "devEui": "0018B200000023E6",
        "devAddr": "30014AE9",
        "time": "2018-11-24 17:28:10",
        "payload": "vxZGRngQAGOWIBUtJQ6GQQY=",
        "sf": 7,
        "gwEui": "7276FF0039030950",
        "gwName": "B40",
        "gwRssi": -68,
        "devUplinkCounter": 45
      }
    ]
  },
  {
    "Floor": "B",
    "Number": 154,
    "UL1": 1070,
    "UL2": 184,
    "Time": "11/24/2018 5:29:40 PM",
    "Measures": [
      {
        "devEui": "0018B200000023E6",
        "devAddr": "30014AE9",
        "time": "2018-11-24 17:29:33",
        "payload": "rxcuJg6GOgY=",
        "sf": 7,
        "gwEui": "7276FF0039030950",
        "gwName": "B40",
        "gwRssi": -50,
        "devUplinkCounter": 46
      }
    ]
  },
  {
    "Floor": "B",
    "Number": 155,
    "UL1": 1071,
    "UL2": 185,
    "Time": "11/24/2018 5:30:09 PM",
    "Measures": [
      {
        "devEui": "0018B200000023E6",
        "devAddr": "30014AE9",
        "time": "2018-11-24 17:29:54",
        "payload": "rxYvJw6EMgU=",
        "sf": 7,
        "gwEui": "7276FF0039030950",
        "gwName": "B40",
        "gwRssi": -48,
        "devUplinkCounter": 47
      }
    ]
  },
  {
    "Floor": "B",
    "Number": 156,
    "UL1": 1072,
    "UL2": 186,
    "Time": "11/24/2018 5:31:16 PM",
    "Measures": [
      {
        "devEui": "0018B200000023E6",
        "devAddr": "30014AE9",
        "time": "2018-11-24 17:29:58",
        "payload": "rxYwKA6FMgY=",
        "sf": 7,
        "gwEui": "7276FF0039030950",
        "gwName": "B40",
        "gwRssi": -48,
        "devUplinkCounter": 48
      }
    ]
  },
  {
    "Floor": "B",
    "Number": 157,
    "UL1": 1074,
    "UL2": 190,
    "Time": "11/24/2018 5:32:08 PM",
    "Measures": [
      {
        "devEui": "0018B200000023E6",
        "devAddr": "30014AE9",
        "time": "2018-11-24 17:31:11",
        "payload": "rxYyKg6FJwY=",
        "sf": 8,
        "gwEui": "7276FF0039030950",
        "gwName": "B40",
        "gwRssi": -18,
        "devUplinkCounter": 50
      }
    ]
  },
  {
    "Floor": "B",
    "Number": 158,
    "UL1": 1077,
    "UL2": 191,
    "Time": "11/24/2018 5:32:39 PM",
    "Measures": [
      {
        "devEui": "0018B200000023E6",
        "devAddr": "30014AE9",
        "time": "2018-11-24 17:31:46",
        "payload": "rxY1Kw6DKQU=",
        "sf": 7,
        "gwEui": "7276FF0039030950",
        "gwName": "B40",
        "gwRssi": -32,
        "devUplinkCounter": 53
      }
    ]
  },
  {
    "Floor": "B",
    "Number": 159,
    "UL1": 1078,
    "UL2": 193,
    "Time": "11/24/2018 5:33:42 PM",
    "Measures": [
      {
        "devEui": "0018B200000023E6",
        "devAddr": "30014AE9",
        "time": "2018-11-24 17:32:57",
        "payload": "rxc2LA6EIAY=",
        "sf": 7,
        "gwEui": "7276FF0039030950",
        "gwName": "B40",
        "gwRssi": -47,
        "devUplinkCounter": 54
      }
    ]
  },
  {
    "Floor": "B",
    "Number": 160,
    "UL1": 1079,
    "UL2": 194,
    "Time": "11/24/2018 5:33:57 PM",
    "Measures": [
      {
        "devEui": "0018B200000023E6",
        "devAddr": "30014AE9",
        "time": "2018-11-24 17:33:12",
        "payload": "rxc3LQ6DKQc=",
        "sf": 7,
        "gwEui": "7276FF0039030950",
        "gwName": "B40",
        "gwRssi": -47,
        "devUplinkCounter": 55
      }
    ]
  },
  {
    "Floor": "B",
    "Number": 161,
    "UL1": 1080,
    "UL2": 195,
    "Time": "11/24/2018 5:34:19 PM",
    "Measures": [
      {
        "devEui": "0018B200000023E6",
        "devAddr": "30014AE9",
        "time": "2018-11-24 17:34:11",
        "payload": "rxY4Lg6BKwU=",
        "sf": 7,
        "gwEui": "7276FF003903097C",
        "gwName": "C22",
        "gwRssi": -110,
        "devUplinkCounter": 56
      },
      {
        "devEui": "0018B200000023E6",
        "devAddr": "30014AE9",
        "time": "2018-11-24 17:34:11",
        "payload": "rxY4Lg6BKwU=",
        "sf": 7,
        "gwEui": "7276FF0039030950",
        "gwName": "B40",
        "gwRssi": -45,
        "devUplinkCounter": 56
      }
    ]
  },
  {
    "Floor": "B",
    "Number": 162,
    "UL1": 1081,
    "UL2": 196,
    "Time": "11/24/2018 5:34:36 PM",
    "Measures": [
      {
        "devEui": "0018B200000023E6",
        "devAddr": "30014AE9",
        "time": "2018-11-24 17:33:48",
        "payload": "rxY5Lw6DKgc=",
        "sf": 7,
        "gwEui": "7276FF0039030950",
        "gwName": "B40",
        "gwRssi": -18,
        "devUplinkCounter": 57
      }
    ]
  },
  {
    "Floor": "B",
    "Number": 163,
    "UL1": 1082,
    "UL2": 197,
    "Time": "11/24/2018 5:34:56 PM",
    "Measures": [
      {
        "devEui": "0018B200000023E6",
        "devAddr": "30014AE9",
        "time": "2018-11-24 17:34:47",
        "payload": "rxY6MA6EKwc=",
        "sf": 7,
        "gwEui": "7276FF0039030950",
        "gwName": "B40",
        "gwRssi": -38,
        "devUplinkCounter": 58
      },
      {
        "devEui": "0018B200000023E6",
        "devAddr": "30014AE9",
        "time": "2018-11-24 17:34:47",
        "payload": "rxY6MA6EKwc=",
        "sf": 7,
        "gwEui": "7276FF003903097C",
        "gwName": "C22",
        "gwRssi": -110,
        "devUplinkCounter": 58
      }
    ]
  },
  {
    "Floor": "B",
    "Number": 164,
    "UL1": 1083,
    "UL2": 198,
    "Time": "11/24/2018 5:36:36 PM",
    "Measures": [
      {
        "devEui": "0018B200000023E6",
        "devAddr": "30014AE9",
        "time": "2018-11-24 17:36:12",
        "payload": "rxc7MQ6DJwY=",
        "sf": 7,
        "gwEui": "7276FF003903097C",
        "gwName": "C22",
        "gwRssi": -105,
        "devUplinkCounter": 59
      },
      {
        "devEui": "0018B200000023E6",
        "devAddr": "30014AE9",
        "time": "2018-11-24 17:36:12",
        "payload": "rxc7MQ6DJwY=",
        "sf": 7,
        "gwEui": "7276FF0039030950",
        "gwName": "B40",
        "gwRssi": -56,
        "devUplinkCounter": 59
      }
    ]
  },
  {
    "Floor": "B",
    "Number": 165,
    "UL1": 1084,
    "UL2": 199,
    "Time": "11/24/2018 5:36:37 PM",
    "Measures": [
      {
        "devEui": "0018B200000023E6",
        "devAddr": "30014AE9",
        "time": "2018-11-24 17:36:24",
        "payload": "rxc8Mg6ALwU=",
        "sf": 7,
        "gwEui": "7276FF0039030950",
        "gwName": "B40",
        "gwRssi": -51,
        "devUplinkCounter": 60
      }
    ]
  },
  {
    "Floor": "B",
    "Number": 166,
    "UL1": 1085,
    "UL2": 201,
    "Time": "11/24/2018 5:37:15 PM",
    "Measures": [
      {
        "devEui": "0018B200000023E6",
        "devAddr": "30014AE9",
        "time": "2018-11-24 17:36:14",
        "payload": "rxc9Mw6ANAU=",
        "sf": 7,
        "gwEui": "7276FF0039030950",
        "gwName": "B40",
        "gwRssi": -46,
        "devUplinkCounter": 61
      }
    ]
  },
  {
    "Floor": "B",
    "Number": 167,
    "UL1": 1086,
    "UL2": 202,
    "Time": "11/24/2018 5:37:15 PM",
    "Measures": [
      {
        "devEui": "0018B200000023E6",
        "devAddr": "30014AE9",
        "time": "2018-11-24 17:37:02",
        "payload": "rxc+NA6AKgc=",
        "sf": 7,
        "gwEui": "7276FF003903097C",
        "gwName": "C22",
        "gwRssi": -110,
        "devUplinkCounter": 62
      },
      {
        "devEui": "0018B200000023E6",
        "devAddr": "30014AE9",
        "time": "2018-11-24 17:37:02",
        "payload": "rxc+NA6AKgc=",
        "sf": 7,
        "gwEui": "7276FF0039030950",
        "gwName": "B40",
        "gwRssi": -47,
        "devUplinkCounter": 62
      }
    ]
  },
  {
    "Floor": "B",
    "Number": 168,
    "UL1": 1087,
    "UL2": 203,
    "Time": "11/24/2018 5:37:29 PM",
    "Measures": [
      {
        "devEui": "0018B200000023E6",
        "devAddr": "30014AE9",
        "time": "2018-11-24 17:36:44",
        "payload": "rxc/NQ6BLAc=",
        "sf": 7,
        "gwEui": "7276FF0039030950",
        "gwName": "B40",
        "gwRssi": -52,
        "devUplinkCounter": 63
      }
    ]
  },
  {
    "Floor": "B",
    "Number": 169,
    "UL1": 1088,
    "UL2": 204,
    "Time": "11/24/2018 5:39:00 PM",
    "Measures": [
      {
        "devEui": "0018B200000023E6",
        "devAddr": "30014AE9",
        "time": "2018-11-24 17:38:54",
        "payload": "rxdANg6BOQY=",
        "sf": 7,
        "gwEui": "7276FF003903097C",
        "gwName": "C22",
        "gwRssi": -104,
        "devUplinkCounter": 64
      },
      {
        "devEui": "0018B200000023E6",
        "devAddr": "30014AE9",
        "time": "2018-11-24 17:38:54",
        "payload": "rxdANg6BOQY=",
        "sf": 7,
        "gwEui": "7276FF0039030950",
        "gwName": "B40",
        "gwRssi": -56,
        "devUplinkCounter": 64
      }
    ]
  },
  {
    "Floor": "B",
    "Number": 170,
    "UL1": 1089,
    "UL2": 205,
    "Time": "11/24/2018 5:39:52 PM",
    "Measures": [
      {
        "devEui": "0018B200000023E6",
        "devAddr": "30014AE9",
        "time": "2018-11-24 17:38:35",
        "payload": "rxdBNw6BNgc=",
        "sf": 7,
        "gwEui": "7276FF0039030950",
        "gwName": "B40",
        "gwRssi": -49,
        "devUplinkCounter": 65
      }
    ]
  },
  {
    "Floor": "B",
    "Number": 171,
    "UL1": 1090,
    "UL2": 206,
    "Time": "11/24/2018 5:39:53 PM",
    "Measures": [
      {
        "devEui": "0018B200000023E6",
        "devAddr": "30014AE9",
        "time": "2018-11-24 17:39:27",
        "payload": "rxdCOA6AMAY=",
        "sf": 7,
        "gwEui": "7276FF003903097C",
        "gwName": "C22",
        "gwRssi": -106,
        "devUplinkCounter": 66
      },
      {
        "devEui": "0018B200000023E6",
        "devAddr": "30014AE9",
        "time": "2018-11-24 17:39:27",
        "payload": "rxdCOA6AMAY=",
        "sf": 7,
        "gwEui": "7276FF0039030950",
        "gwName": "B40",
        "gwRssi": -63,
        "devUplinkCounter": 66
      }
    ]
  },
  {
    "Floor": "B",
    "Number": 172,
    "UL1": 1091,
    "UL2": 207,
    "Time": "11/24/2018 5:39:54 PM",
    "Measures": [
      {
        "devEui": "0018B200000023E6",
        "devAddr": "30014AE9",
        "time": "2018-11-24 17:39:40",
        "payload": "rxdDOQ5/TwY=",
        "sf": 7,
        "gwEui": "7276FF003903097C",
        "gwName": "C22",
        "gwRssi": -102,
        "devUplinkCounter": 67
      },
      {
        "devEui": "0018B200000023E6",
        "devAddr": "30014AE9",
        "time": "2018-11-24 17:39:40",
        "payload": "rxdDOQ5/TwY=",
        "sf": 7,
        "gwEui": "7276FF0039030950",
        "gwName": "B40",
        "gwRssi": -76,
        "devUplinkCounter": 67
      }
    ]
  },
  {
    "Floor": "B",
    "Number": 173,
    "UL1": 1092,
    "UL2": 208,
    "Time": "11/24/2018 5:40:17 PM",
    "Measures": [
      {
        "devEui": "0018B200000023E6",
        "devAddr": "30014AE9",
        "time": "2018-11-24 17:40:08",
        "payload": "rxdEOg6BRAc=",
        "sf": 7,
        "gwEui": "7276FF003903097C",
        "gwName": "C22",
        "gwRssi": -105,
        "devUplinkCounter": 68
      },
      {
        "devEui": "0018B200000023E6",
        "devAddr": "30014AE9",
        "time": "2018-11-24 17:40:08",
        "payload": "rxdEOg6BRAc=",
        "sf": 7,
        "gwEui": "7276FF0039030950",
        "gwName": "B40",
        "gwRssi": -70,
        "devUplinkCounter": 68
      }
    ]
  },
  {
    "Floor": "B",
    "Number": 174,
    "UL1": 1093,
    "UL2": 209,
    "Time": "11/24/2018 5:41:33 PM",
    "Measures": [
      {
        "devEui": "0018B200000023E6",
        "devAddr": "30014AE9",
        "time": "2018-11-24 17:41:26",
        "payload": "rxdFOw5/QQc=",
        "sf": 7,
        "gwEui": "7276FF003903097C",
        "gwName": "C22",
        "gwRssi": -95,
        "devUplinkCounter": 69
      },
      {
        "devEui": "0018B200000023E6",
        "devAddr": "30014AE9",
        "time": "2018-11-24 17:41:26",
        "payload": "rxdFOw5/QQc=",
        "sf": 7,
        "gwEui": "7276FF0039030950",
        "gwName": "B40",
        "gwRssi": -72,
        "devUplinkCounter": 69
      }
    ]
  },
  {
    "Floor": "B",
    "Number": 175,
    "UL1": 1094,
    "UL2": 210,
    "Time": "11/24/2018 5:42:22 PM",
    "Measures": [
      {
        "devEui": "0018B200000023E6",
        "devAddr": "30014AE9",
        "time": "2018-11-24 17:41:41",
        "payload": "rxdGPA5/QwY=",
        "sf": 7,
        "gwEui": "7276FF0039030950",
        "gwName": "B40",
        "gwRssi": -66,
        "devUplinkCounter": 70
      },
      {
        "devEui": "0018B200000023E6",
        "devAddr": "30014AE9",
        "time": "2018-11-24 17:41:41",
        "payload": "rxdGPA5/QwY=",
        "sf": 7,
        "gwEui": "7276FF003903097C",
        "gwName": "C22",
        "gwRssi": -101,
        "devUplinkCounter": 70
      }
    ]
  },
  {
    "Floor": "B",
    "Number": 176,
    "UL1": 1095,
    "UL2": 211,
    "Time": "11/24/2018 5:42:23 PM",
    "Measures": [
      {
        "devEui": "0018B200000023E6",
        "devAddr": "30014AE9",
        "time": "2018-11-24 17:41:56",
        "payload": "rxdHPQ5+OwY=",
        "sf": 7,
        "gwEui": "7276FF003903097C",
        "gwName": "C22",
        "gwRssi": -106,
        "devUplinkCounter": 71
      },
      {
        "devEui": "0018B200000023E6",
        "devAddr": "30014AE9",
        "time": "2018-11-24 17:41:56",
        "payload": "rxdHPQ5+OwY=",
        "sf": 7,
        "gwEui": "7276FF0039030950",
        "gwName": "B40",
        "gwRssi": -72,
        "devUplinkCounter": 71
      }
    ]
  },
  {
    "Floor": "B",
    "Number": 177,
    "UL1": 1096,
    "UL2": 212,
    "Time": "11/24/2018 5:42:24 PM",
    "Measures": [
      {
        "devEui": "0018B200000023E6",
        "devAddr": "30014AE9",
        "time": "2018-11-24 17:42:08",
        "payload": "rxdIPg58Rgg=",
        "sf": 7,
        "gwEui": "7276FF003903097C",
        "gwName": "C22",
        "gwRssi": -96,
        "devUplinkCounter": 72
      },
      {
        "devEui": "0018B200000023E6",
        "devAddr": "30014AE9",
        "time": "2018-11-24 17:42:08",
        "payload": "rxdIPg58Rgg=",
        "sf": 7,
        "gwEui": "7276FF0039030950",
        "gwName": "B40",
        "gwRssi": -77,
        "devUplinkCounter": 72
      }
    ]
  },
  {
    "Floor": "B",
    "Number": 178,
    "UL1": 1097,
    "UL2": 213,
    "Time": "11/24/2018 5:42:54 PM",
    "Measures": [
      {
        "devEui": "0018B200000023E6",
        "devAddr": "30014AE9",
        "time": "2018-11-24 17:42:44",
        "payload": "rxdJPw5+RwY=",
        "sf": 7,
        "gwEui": "7276FF0039030950",
        "gwName": "B40",
        "gwRssi": -77,
        "devUplinkCounter": 73
      },
      {
        "devEui": "0018B200000023E6",
        "devAddr": "30014AE9",
        "time": "2018-11-24 17:42:44",
        "payload": "rxdJPw5+RwY=",
        "sf": 7,
        "gwEui": "7276FF003903097C",
        "gwName": "C22",
        "gwRssi": -84,
        "devUplinkCounter": 73
      }
    ]
  },
  {
    "Floor": "B",
    "Number": 180,
    "UL1": 1098,
    "UL2": 214,
    "Time": "11/24/2018 5:44:21 PM",
    "Measures": [
      {
        "devEui": "0018B200000023E6",
        "devAddr": "30014AE9",
        "time": "2018-11-24 17:44:14",
        "payload": "rxdKQA5+QwY=",
        "sf": 7,
        "gwEui": "7276FF003903097C",
        "gwName": "C22",
        "gwRssi": -91,
        "devUplinkCounter": 74
      },
      {
        "devEui": "0018B200000023E6",
        "devAddr": "30014AE9",
        "time": "2018-11-24 17:44:14",
        "payload": "rxdKQA5+QwY=",
        "sf": 7,
        "gwEui": "7276FF0039030950",
        "gwName": "B40",
        "gwRssi": -75,
        "devUplinkCounter": 74
      }
    ]
  },
  {
    "Floor": "B",
    "Number": 181,
    "UL1": 1099,
    "UL2": 215,
    "Time": "11/24/2018 5:44:48 PM",
    "Measures": [
      {
        "devEui": "0018B200000023E6",
        "devAddr": "30014AE9",
        "time": "2018-11-24 17:44:40",
        "payload": "rxdLQQ5+RwY=",
        "sf": 7,
        "gwEui": "7276FF0039030950",
        "gwName": "B40",
        "gwRssi": -93,
        "devUplinkCounter": 75
      },
      {
        "devEui": "0018B200000023E6",
        "devAddr": "30014AE9",
        "time": "2018-11-24 17:44:40",
        "payload": "rxdLQQ5+RwY=",
        "sf": 7,
        "gwEui": "7276FF003903097C",
        "gwName": "C22",
        "gwRssi": -95,
        "devUplinkCounter": 75
      }
    ]
  },
  {
    "Floor": "B",
    "Number": 179,
    "UL1": 1100,
    "UL2": 216,
    "Time": "11/24/2018 5:45:45 PM",
    "Measures": [
      {
        "devEui": "0018B200000023E6",
        "devAddr": "30014AE9",
        "time": "2018-11-24 17:45:37",
        "payload": "rxdMQg59UwY=",
        "sf": 7,
        "gwEui": "7276FF003903097C",
        "gwName": "C22",
        "gwRssi": -101,
        "devUplinkCounter": 76
      },
      {
        "devEui": "0018B200000023E6",
        "devAddr": "30014AE9",
        "time": "2018-11-24 17:45:37",
        "payload": "rxdMQg59UwY=",
        "sf": 7,
        "gwEui": "7276FF0039030950",
        "gwName": "B40",
        "gwRssi": -90,
        "devUplinkCounter": 76
      }
    ]
  },
  {
    "Floor": "B",
    "Number": 185,
    "UL1": 1101,
    "UL2": 217,
    "Time": "11/24/2018 5:48:15 PM",
    "Measures": [
      {
        "devEui": "0018B200000023E6",
        "devAddr": "30014AE9",
        "time": "2018-11-24 17:47:00",
        "payload": "rxdNQw58Tgc=",
        "sf": 7,
        "gwEui": "7276FF0039030950",
        "gwName": "B40",
        "gwRssi": -44,
        "devUplinkCounter": 77
      }
    ]
  },
  {
    "Floor": "B",
    "Number": 186,
    "UL1": 1102,
    "UL2": 218,
    "Time": "11/24/2018 5:48:16 PM",
    "Measures": [
      {
        "devEui": "0018B200000023E6",
        "devAddr": "30014AE9",
        "time": "2018-11-24 17:47:16",
        "payload": "rxdORA57MwY=",
        "sf": 7,
        "gwEui": "7276FF0039030950",
        "gwName": "B40",
        "gwRssi": -50,
        "devUplinkCounter": 78
      }
    ]
  },
  {
    "Floor": "B",
    "Number": 187,
    "UL1": 1103,
    "UL2": 219,
    "Time": "11/24/2018 5:48:16 PM",
    "Measures": [
      {
        "devEui": "0018B200000023E6",
        "devAddr": "30014AE9",
        "time": "2018-11-24 17:47:35",
        "payload": "rxdPRQ59NAY=",
        "sf": 7,
        "gwEui": "7276FF003903097C",
        "gwName": "C22",
        "gwRssi": -106,
        "devUplinkCounter": 79
      }
    ]
  },
  {
    "Floor": "B",
    "Number": 188,
    "UL1": 1104,
    "UL2": 220,
    "Time": "11/24/2018 5:48:17 PM",
    "Measures": [
      {
        "devEui": "0018B200000023E6",
        "devAddr": "30014AE9",
        "time": "2018-11-24 17:46:22",
        "payload": "rxdQRg58aQU=",
        "sf": 7,
        "gwEui": "7276FF00390309F5",
        "gwName": "A02b",
        "gwRssi": -114,
        "devUplinkCounter": 80
      },
      {
        "devEui": "0018B200000023E6",
        "devAddr": "30014AE9",
        "time": "2018-11-24 17:46:22",
        "payload": "rxdQRg58aQU=",
        "sf": 7,
        "gwEui": "7276FF0039030950",
        "gwName": "B40",
        "gwRssi": -78,
        "devUplinkCounter": 80
      },
      {
        "devEui": "0018B200000023E6",
        "devAddr": "30014AE9",
        "time": "2018-11-24 17:46:22",
        "payload": "rxdQRg58aQU=",
        "sf": 7,
        "gwEui": "7276FF003903097C",
        "gwName": "C22",
        "gwRssi": -95,
        "devUplinkCounter": 80
      }
    ]
  },
  {
    "Floor": "B",
    "Number": 189,
    "UL1": 1105,
    "UL2": 221,
    "Time": "11/24/2018 5:48:21 PM",
    "Measures": [
      {
        "devEui": "0018B200000023E6",
        "devAddr": "30014AE9",
        "time": "2018-11-24 17:48:04",
        "payload": "rxdRRw54Rwc=",
        "sf": 7,
        "gwEui": "7276FF003903097C",
        "gwName": "C22",
        "gwRssi": -84,
        "devUplinkCounter": 81
      }
    ]
  },
  {
    "Floor": "B",
    "Number": 190,
    "UL1": 1106,
    "UL2": 222,
    "Time": "11/24/2018 5:49:01 PM",
    "Measures": [
      {
        "devEui": "0018B200000023E6",
        "devAddr": "30014AE9",
        "time": "2018-11-24 17:48:05",
        "payload": "rxdSSA58Tgc=",
        "sf": 7,
        "gwEui": "7276FF003903097C",
        "gwName": "C22",
        "gwRssi": -100,
        "devUplinkCounter": 82
      },
      {
        "devEui": "0018B200000023E6",
        "devAddr": "30014AE9",
        "time": "2018-11-24 17:48:05",
        "payload": "rxdSSA58Tgc=",
        "sf": 7,
        "gwEui": "7276FF0039030950",
        "gwName": "B40",
        "gwRssi": -99,
        "devUplinkCounter": 82
      }
    ]
  },
  {
    "Floor": "B",
    "Number": 191,
    "UL1": 1107,
    "UL2": 223,
    "Time": "11/24/2018 5:49:29 PM",
    "Measures": [
      {
        "devEui": "0018B200000023E6",
        "devAddr": "30014AE9",
        "time": "2018-11-24 17:47:43",
        "payload": "rxdTSQ54Wgc=",
        "sf": 7,
        "gwEui": "7276FF00390309F5",
        "gwName": "A02b",
        "gwRssi": -116,
        "devUplinkCounter": 83
      },
      {
        "devEui": "0018B200000023E6",
        "devAddr": "30014AE9",
        "time": "2018-11-24 17:47:43",
        "payload": "rxdTSQ54Wgc=",
        "sf": 7,
        "gwEui": "7276FF003903097C",
        "gwName": "C22",
        "gwRssi": -96,
        "devUplinkCounter": 83
      },
      {
        "devEui": "0018B200000023E6",
        "devAddr": "30014AE9",
        "time": "2018-11-24 17:47:48",
        "payload": "rxdTSQ54Wgc=",
        "sf": 7,
        "gwEui": "7276FF00390309F5",
        "gwName": "A02b",
        "gwRssi": -117,
        "devUplinkCounter": 83
      },
      {
        "devEui": "0018B200000023E6",
        "devAddr": "30014AE9",
        "time": "2018-11-24 17:47:48",
        "payload": "rxdTSQ54Wgc=",
        "sf": 7,
        "gwEui": "7276FF003903097C",
        "gwName": "C22",
        "gwRssi": -101,
        "devUplinkCounter": 83
      },
      {
        "devEui": "0018B200000023E6",
        "devAddr": "30014AE9",
        "time": "2018-11-24 17:47:48",
        "payload": "rxdTSQ54Wgc=",
        "sf": 7,
        "gwEui": "7276FF0039030950",
        "gwName": "B40",
        "gwRssi": -106,
        "devUplinkCounter": 83
      }
    ]
  },
  {
    "Floor": "B",
    "Number": 192,
    "UL1": 1109,
    "UL2": 225,
    "Time": "11/24/2018 5:50:15 PM",
    "Measures": [
      {
        "devEui": "0018B200000023E6",
        "devAddr": "30014AE9",
        "time": "2018-11-24 17:49:59",
        "payload": "vxdGRnZwAGOWABdVSg59VgY=",
        "sf": 7,
        "gwEui": "7276FF0039030950",
        "gwName": "B40",
        "gwRssi": -99,
        "devUplinkCounter": 85
      },
      {
        "devEui": "0018B200000023E6",
        "devAddr": "30014AE9",
        "time": "2018-11-24 17:49:59",
        "payload": "vxdGRnZwAGOWABdVSg59VgY=",
        "sf": 7,
        "gwEui": "7276FF003903097C",
        "gwName": "C22",
        "gwRssi": -78,
        "devUplinkCounter": 85
      }
    ]
  },
  {
    "Floor": "B",
    "Number": 193,
    "UL1": 1110,
    "UL2": 226,
    "Time": "11/24/2018 5:50:38 PM",
    "Measures": [
      {
        "devEui": "0018B200000023E6",
        "devAddr": "30014AE9",
        "time": "2018-11-24 17:50:27",
        "payload": "vxdGRndAAGOWABdWSw58SAY=",
        "sf": 7,
        "gwEui": "7276FF0039030950",
        "gwName": "B40",
        "gwRssi": -93,
        "devUplinkCounter": 86
      }
    ]
  },
  {
    "Floor": "B",
    "Number": 194,
    "UL1": 1111,
    "UL2": 227,
    "Time": "11/24/2018 5:51:43 PM",
    "Measures": [
      {
        "devEui": "0018B200000023E6",
        "devAddr": "30014AE9",
        "time": "2018-11-24 17:51:37",
        "payload": "rxdXTA58WwY=",
        "sf": 7,
        "gwEui": "7276FF003903097C",
        "gwName": "C22",
        "gwRssi": -104,
        "devUplinkCounter": 87
      },
      {
        "devEui": "0018B200000023E6",
        "devAddr": "30014AE9",
        "time": "2018-11-24 17:51:37",
        "payload": "rxdXTA58WwY=",
        "sf": 7,
        "gwEui": "7276FF00390309F5",
        "gwName": "A02b",
        "gwRssi": -111,
        "devUplinkCounter": 87
      },
      {
        "devEui": "0018B200000023E6",
        "devAddr": "30014AE9",
        "time": "2018-11-24 17:51:37",
        "payload": "rxdXTA58WwY=",
        "sf": 7,
        "gwEui": "7276FF0039030950",
        "gwName": "B40",
        "gwRssi": -89,
        "devUplinkCounter": 87
      }
    ]
  },
  {
    "Floor": "B",
    "Number": 195,
    "UL1": 1112,
    "UL2": 228,
    "Time": "11/24/2018 5:52:16 PM",
    "Measures": [
      {
        "devEui": "0018B200000023E6",
        "devAddr": "30014AE9",
        "time": "2018-11-24 17:52:10",
        "payload": "rxdYTQ56VQU=",
        "sf": 7,
        "gwEui": "7276FF0039030950",
        "gwName": "B40",
        "gwRssi": -93,
        "devUplinkCounter": 88
      },
      {
        "devEui": "0018B200000023E6",
        "devAddr": "30014AE9",
        "time": "2018-11-24 17:52:10",
        "payload": "rxdYTQ56VQU=",
        "sf": 7,
        "gwEui": "7276FF00390309F5",
        "gwName": "A02b",
        "gwRssi": -108,
        "devUplinkCounter": 88
      }
    ]
  },
  {
    "Floor": "B",
    "Number": 196,
    "UL1": 1113,
    "UL2": 229,
    "Time": "11/24/2018 5:52:18 PM",
    "Measures": [
      {
        "devEui": "0018B200000023E6",
        "devAddr": "30014AE9",
        "time": "2018-11-24 17:52:45",
        "payload": "rxdZTg56WwY=",
        "sf": 7,
        "gwEui": "7276FF0039030950",
        "gwName": "B40",
        "gwRssi": -96,
        "devUplinkCounter": 89
      },
      {
        "devEui": "0018B200000023E6",
        "devAddr": "30014AE9",
        "time": "2018-11-24 17:52:45",
        "payload": "rxdZTg56WwY=",
        "sf": 7,
        "gwEui": "7276FF00390309F5",
        "gwName": "A02b",
        "gwRssi": -113,
        "devUplinkCounter": 89
      }
    ]
  },
  {
    "Floor": "B",
    "Number": 197,
    "UL1": 1114,
    "UL2": 230,
    "Time": "11/24/2018 5:52:53 PM",
    "Measures": [
      {
        "devEui": "0018B200000023E6",
        "devAddr": "30014AE9",
        "time": "2018-11-24 17:53:46",
        "payload": "rxZaTw55T/s=",
        "sf": 7,
        "gwEui": "7276FF00390309F5",
        "gwName": "A02b",
        "gwRssi": -102,
        "devUplinkCounter": 90
      },
      {
        "devEui": "0018B200000023E6",
        "devAddr": "30014AE9",
        "time": "2018-11-24 17:53:46",
        "payload": "rxZaTw55T/s=",
        "sf": 7,
        "gwEui": "7276FF0039030950",
        "gwName": "B40",
        "gwRssi": -103,
        "devUplinkCounter": 90
      }
    ]
  },
  {
    "Floor": "B",
    "Number": 198,
    "UL1": 1115,
    "UL2": 231,
    "Time": "11/24/2018 5:54:10 PM",
    "Measures": [
      {
        "devEui": "0018B200000023E6",
        "devAddr": "30014AE9",
        "time": "2018-11-24 17:54:00",
        "payload": "rxZbUA57UwU=",
        "sf": 7,
        "gwEui": "7276FF003903097D",
        "gwName": "D60",
        "gwRssi": -112,
        "devUplinkCounter": 91
      },
      {
        "devEui": "0018B200000023E6",
        "devAddr": "30014AE9",
        "time": "2018-11-24 17:54:00",
        "payload": "rxZbUA57UwU=",
        "sf": 7,
        "gwEui": "7276FF00390309F5",
        "gwName": "A02b",
        "gwRssi": -87,
        "devUplinkCounter": 91
      },
      {
        "devEui": "0018B200000023E6",
        "devAddr": "30014AE9",
        "time": "2018-11-24 17:54:00",
        "payload": "rxZbUA57UwU=",
        "sf": 7,
        "gwEui": "7276FF0039030950",
        "gwName": "B40",
        "gwRssi": -98,
        "devUplinkCounter": 91
      }
    ]
  }
]