﻿[
  {
    "Floor": "G",
    "Number": 1,
    "UL1": 1645,
    "UL2": 70,
    "Time": "11/26/2018 5:00:23 PM",
    "Measures": [
      {
        "devEui": "0018B200000023E6",
        "devAddr": "30014AE9",
        "time": "2018-11-26 17:00:15",
        "payload": "rxdtUg6iOQU=",
        "sf": 7,
        "gwEui": "7276FF003903094E",
        "gwName": "K01a",
        "gwRssi": -92,
        "devUplinkCounter": 109
      },
      {
        "devEui": "0018B200000023E6",
        "devAddr": "30014AE9",
        "time": "2018-11-26 17:00:15",
        "payload": "rxdtUg6iOQU=",
        "sf": 7,
        "gwEui": "7276FF003903094F",
        "gwName": "F07",
        "gwRssi": -61,
        "devUplinkCounter": 109
      },
      {
        "devEui": "0018B200000023E6",
        "devAddr": "30014AE9",
        "time": "2018-11-26 17:00:15",
        "payload": "rxdtUg6iOQU=",
        "sf": 7,
        "gwEui": "7276FF0039030977",
        "gwName": "H06",
        "gwRssi": -82,
        "devUplinkCounter": 109
      },
      {
        "devEui": "0018B200000023E6",
        "devAddr": "30014AE9",
        "time": "2018-11-26 17:00:15",
        "payload": "rxdtUg6iOQU=",
        "sf": 7,
        "gwEui": "7276FF0039030A01",
        "gwName": "Loge",
        "gwRssi": -70,
        "devUplinkCounter": 109
      }
    ]
  },
  {
    "Floor": "G",
    "Number": 2,
    "UL1": 1646,
    "UL2": 71,
    "Time": "11/26/2018 5:00:36 PM",
    "Measures": [
      {
        "devEui": "0018B200000023E6",
        "devAddr": "30014AE9",
        "time": "2018-11-26 17:00:29",
        "payload": "rxduUw6hIgc=",
        "sf": 7,
        "gwEui": "7276FF0039030977",
        "gwName": "H06",
        "gwRssi": -88,
        "devUplinkCounter": 110
      },
      {
        "devEui": "0018B200000023E6",
        "devAddr": "30014AE9",
        "time": "2018-11-26 17:00:29",
        "payload": "rxduUw6hIgc=",
        "sf": 7,
        "gwEui": "7276FF003903094F",
        "gwName": "F07",
        "gwRssi": -69,
        "devUplinkCounter": 110
      },
      {
        "devEui": "0018B200000023E6",
        "devAddr": "30014AE9",
        "time": "2018-11-26 17:00:29",
        "payload": "rxduUw6hIgc=",
        "sf": 7,
        "gwEui": "7276FF003903094E",
        "gwName": "K01a",
        "gwRssi": -103,
        "devUplinkCounter": 110
      }
    ]
  },
  {
    "Floor": "G",
    "Number": 3,
    "UL1": 1647,
    "UL2": 72,
    "Time": "11/26/2018 5:00:46 PM",
    "Measures": [
      {
        "devEui": "0018B200000023E6",
        "devAddr": "30014AE9",
        "time": "2018-11-26 17:00:44",
        "payload": "rxhvVA6fIQc=",
        "sf": 7,
        "gwEui": "7276FF0039030977",
        "gwName": "H06",
        "gwRssi": -92,
        "devUplinkCounter": 111
      },
      {
        "devEui": "0018B200000023E6",
        "devAddr": "30014AE9",
        "time": "2018-11-26 17:00:44",
        "payload": "rxhvVA6fIQc=",
        "sf": 7,
        "gwEui": "7276FF003903094F",
        "gwName": "F07",
        "gwRssi": -74,
        "devUplinkCounter": 111
      }
    ]
  },
  {
    "Floor": "G",
    "Number": 21,
    "UL1": 1648,
    "UL2": 74,
    "Time": "11/26/2018 5:02:37 PM",
    "Measures": [
      {
        "devEui": "0018B200000023E6",
        "devAddr": "30014AE9",
        "time": "2018-11-26 17:02:29",
        "payload": "rxdwVQ6eJQc=",
        "sf": 7,
        "gwEui": "7276FF003903097D",
        "gwName": "D60",
        "gwRssi": -108,
        "devUplinkCounter": 112
      },
      {
        "devEui": "0018B200000023E6",
        "devAddr": "30014AE9",
        "time": "2018-11-26 17:02:29",
        "payload": "rxdwVQ6eJQc=",
        "sf": 7,
        "gwEui": "7276FF0039030977",
        "gwName": "H06",
        "gwRssi": -95,
        "devUplinkCounter": 112
      },
      {
        "devEui": "0018B200000023E6",
        "devAddr": "30014AE9",
        "time": "2018-11-26 17:02:29",
        "payload": "rxdwVQ6eJQc=",
        "sf": 7,
        "gwEui": "7276FF003903094E",
        "gwName": "K01a",
        "gwRssi": -92,
        "devUplinkCounter": 112
      },
      {
        "devEui": "0018B200000023E6",
        "devAddr": "30014AE9",
        "time": "2018-11-26 17:02:29",
        "payload": "rxdwVQ6eJQc=",
        "sf": 7,
        "gwEui": "7276FF003903094F",
        "gwName": "F07",
        "gwRssi": -91,
        "devUplinkCounter": 112
      }
    ]
  },
  {
    "Floor": "G",
    "Number": 22,
    "UL1": 1649,
    "UL2": 75,
    "Time": "11/26/2018 5:02:55 PM",
    "Measures": [
      {
        "devEui": "0018B200000023E6",
        "devAddr": "30014AE9",
        "time": "2018-11-26 17:01:30",
        "payload": "rxdxVg6fPgI=",
        "sf": 7,
        "gwEui": "7276FF003903094E",
        "gwName": "K01a",
        "gwRssi": -100,
        "devUplinkCounter": 113
      },
      {
        "devEui": "0018B200000023E6",
        "devAddr": "30014AE9",
        "time": "2018-11-26 17:01:30",
        "payload": "rxdxVg6fPgI=",
        "sf": 7,
        "gwEui": "7276FF0039030977",
        "gwName": "H06",
        "gwRssi": -98,
        "devUplinkCounter": 113
      }
    ]
  },
  {
    "Floor": "G",
    "Number": 23,
    "UL1": 1650,
    "UL2": 76,
    "Time": "11/26/2018 5:03:27 PM",
    "Measures": [
      {
        "devEui": "0018B200000023E6",
        "devAddr": "30014AE9",
        "time": "2018-11-26 17:03:15",
        "payload": "rxdyVw6gR/0=",
        "sf": 7,
        "gwEui": "7276FF003903094E",
        "gwName": "K01a",
        "gwRssi": -79,
        "devUplinkCounter": 114
      },
      {
        "devEui": "0018B200000023E6",
        "devAddr": "30014AE9",
        "time": "2018-11-26 17:03:15",
        "payload": "rxdyVw6gR/0=",
        "sf": 7,
        "gwEui": "7276FF003903097D",
        "gwName": "D60",
        "gwRssi": -106,
        "devUplinkCounter": 114
      },
      {
        "devEui": "0018B200000023E6",
        "devAddr": "30014AE9",
        "time": "2018-11-26 17:03:15",
        "payload": "rxdyVw6gR/0=",
        "sf": 7,
        "gwEui": "7276FF003903094F",
        "gwName": "F07",
        "gwRssi": -94,
        "devUplinkCounter": 114
      },
      {
        "devEui": "0018B200000023E6",
        "devAddr": "30014AE9",
        "time": "2018-11-26 17:03:15",
        "payload": "rxdyVw6gR/0=",
        "sf": 7,
        "gwEui": "7276FF0039030A01",
        "gwName": "Loge",
        "gwRssi": -89,
        "devUplinkCounter": 114
      },
      {
        "devEui": "0018B200000023E6",
        "devAddr": "30014AE9",
        "time": "2018-11-26 17:03:19",
        "payload": "rxdyVw6gR/0=",
        "sf": 7,
        "gwEui": "7276FF003903097D",
        "gwName": "D60",
        "gwRssi": -111,
        "devUplinkCounter": 114
      },
      {
        "devEui": "0018B200000023E6",
        "devAddr": "30014AE9",
        "time": "2018-11-26 17:03:19",
        "payload": "rxdyVw6gR/0=",
        "sf": 7,
        "gwEui": "7276FF0039030A01",
        "gwName": "Loge",
        "gwRssi": -87,
        "devUplinkCounter": 114
      },
      {
        "devEui": "0018B200000023E6",
        "devAddr": "30014AE9",
        "time": "2018-11-26 17:03:19",
        "payload": "rxdyVw6gR/0=",
        "sf": 7,
        "gwEui": "7276FF003903094E",
        "gwName": "K01a",
        "gwRssi": -95,
        "devUplinkCounter": 114
      },
      {
        "devEui": "0018B200000023E6",
        "devAddr": "30014AE9",
        "time": "2018-11-26 17:03:19",
        "payload": "rxdyVw6gR/0=",
        "sf": 7,
        "gwEui": "7276FF0039030977",
        "gwName": "H06",
        "gwRssi": -97,
        "devUplinkCounter": 114
      },
      {
        "devEui": "0018B200000023E6",
        "devAddr": "30014AE9",
        "time": "2018-11-26 17:03:23",
        "payload": "rxdyVw6gR/0=",
        "sf": 8,
        "gwEui": "7276FF0039030977",
        "gwName": "H06",
        "gwRssi": -102,
        "devUplinkCounter": 114
      },
      {
        "devEui": "0018B200000023E6",
        "devAddr": "30014AE9",
        "time": "2018-11-26 17:03:23",
        "payload": "rxdyVw6gR/0=",
        "sf": 8,
        "gwEui": "7276FF003903094F",
        "gwName": "F07",
        "gwRssi": -97,
        "devUplinkCounter": 114
      },
      {
        "devEui": "0018B200000023E6",
        "devAddr": "30014AE9",
        "time": "2018-11-26 17:03:23",
        "payload": "rxdyVw6gR/0=",
        "sf": 8,
        "gwEui": "7276FF003903094E",
        "gwName": "K01a",
        "gwRssi": -90,
        "devUplinkCounter": 114
      },
      {
        "devEui": "0018B200000023E6",
        "devAddr": "30014AE9",
        "time": "2018-11-26 17:03:23",
        "payload": "rxdyVw6gR/0=",
        "sf": 8,
        "gwEui": "7276FF003903097D",
        "gwName": "D60",
        "gwRssi": -105,
        "devUplinkCounter": 114
      },
      {
        "devEui": "0018B200000023E6",
        "devAddr": "30014AE9",
        "time": "2018-11-26 17:03:23",
        "payload": "rxdyVw6gR/0=",
        "sf": 8,
        "gwEui": "7276FF0039030A01",
        "gwName": "Loge",
        "gwRssi": -92,
        "devUplinkCounter": 114
      }
    ]
  },
  {
    "Floor": "G",
    "Number": 24,
    "UL1": 1653,
    "UL2": 77,
    "Time": "11/26/2018 5:03:59 PM",
    "Measures": [
      {
        "devEui": "0018B200000023E6",
        "devAddr": "30014AE9",
        "time": "2018-11-26 17:03:48",
        "payload": "rxd1WA6fQgc=",
        "sf": 7,
        "gwEui": "7276FF003903094F",
        "gwName": "F07",
        "gwRssi": -95,
        "devUplinkCounter": 117
      },
      {
        "devEui": "0018B200000023E6",
        "devAddr": "30014AE9",
        "time": "2018-11-26 17:03:48",
        "payload": "rxd1WA6fQgc=",
        "sf": 7,
        "gwEui": "7276FF0039030A01",
        "gwName": "Loge",
        "gwRssi": -95,
        "devUplinkCounter": 117
      },
      {
        "devEui": "0018B200000023E6",
        "devAddr": "30014AE9",
        "time": "2018-11-26 17:03:48",
        "payload": "rxd1WA6fQgc=",
        "sf": 7,
        "gwEui": "7276FF003903097D",
        "gwName": "D60",
        "gwRssi": -112,
        "devUplinkCounter": 117
      },
      {
        "devEui": "0018B200000023E6",
        "devAddr": "30014AE9",
        "time": "2018-11-26 17:03:48",
        "payload": "rxd1WA6fQgc=",
        "sf": 7,
        "gwEui": "7276FF0039030977",
        "gwName": "H06",
        "gwRssi": -94,
        "devUplinkCounter": 117
      },
      {
        "devEui": "0018B200000023E6",
        "devAddr": "30014AE9",
        "time": "2018-11-26 17:03:48",
        "payload": "rxd1WA6fQgc=",
        "sf": 7,
        "gwEui": "7276FF003903094E",
        "gwName": "K01a",
        "gwRssi": -102,
        "devUplinkCounter": 117
      },
      {
        "devEui": "0018B200000023E6",
        "devAddr": "30014AE9",
        "time": "2018-11-26 17:03:53",
        "payload": "rxd1WA6fQgc=",
        "sf": 7,
        "gwEui": "7276FF0039030A01",
        "gwName": "Loge",
        "gwRssi": -96,
        "devUplinkCounter": 117
      },
      {
        "devEui": "0018B200000023E6",
        "devAddr": "30014AE9",
        "time": "2018-11-26 17:03:53",
        "payload": "rxd1WA6fQgc=",
        "sf": 7,
        "gwEui": "7276FF003903097D",
        "gwName": "D60",
        "gwRssi": -113,
        "devUplinkCounter": 117
      },
      {
        "devEui": "0018B200000023E6",
        "devAddr": "30014AE9",
        "time": "2018-11-26 17:03:53",
        "payload": "rxd1WA6fQgc=",
        "sf": 7,
        "gwEui": "7276FF003903094F",
        "gwName": "F07",
        "gwRssi": -91,
        "devUplinkCounter": 117
      },
      {
        "devEui": "0018B200000023E6",
        "devAddr": "30014AE9",
        "time": "2018-11-26 17:03:53",
        "payload": "rxd1WA6fQgc=",
        "sf": 7,
        "gwEui": "7276FF003903094E",
        "gwName": "K01a",
        "gwRssi": -95,
        "devUplinkCounter": 117
      },
      {
        "devEui": "0018B200000023E6",
        "devAddr": "30014AE9",
        "time": "2018-11-26 17:03:53",
        "payload": "rxd1WA6fQgc=",
        "sf": 7,
        "gwEui": "7276FF0039030977",
        "gwName": "H06",
        "gwRssi": -94,
        "devUplinkCounter": 117
      }
    ]
  },
  {
    "Floor": "G",
    "Number": 25,
    "UL1": 1655,
    "UL2": 78,
    "Time": "11/26/2018 5:04:23 PM",
    "Measures": [
      {
        "devEui": "0018B200000023E6",
        "devAddr": "30014AE9",
        "time": "2018-11-26 17:04:16",
        "payload": "rxd3WQ6gTgY=",
        "sf": 7,
        "gwEui": "7276FF003903097D",
        "gwName": "D60",
        "gwRssi": -111,
        "devUplinkCounter": 119
      },
      {
        "devEui": "0018B200000023E6",
        "devAddr": "30014AE9",
        "time": "2018-11-26 17:04:16",
        "payload": "rxd3WQ6gTgY=",
        "sf": 7,
        "gwEui": "7276FF0039030977",
        "gwName": "H06",
        "gwRssi": -96,
        "devUplinkCounter": 119
      },
      {
        "devEui": "0018B200000023E6",
        "devAddr": "30014AE9",
        "time": "2018-11-26 17:04:16",
        "payload": "rxd3WQ6gTgY=",
        "sf": 7,
        "gwEui": "7276FF003903094E",
        "gwName": "K01a",
        "gwRssi": -86,
        "devUplinkCounter": 119
      },
      {
        "devEui": "0018B200000023E6",
        "devAddr": "30014AE9",
        "time": "2018-11-26 17:04:16",
        "payload": "rxd3WQ6gTgY=",
        "sf": 7,
        "gwEui": "7276FF003903094F",
        "gwName": "F07",
        "gwRssi": -103,
        "devUplinkCounter": 119
      },
      {
        "devEui": "0018B200000023E6",
        "devAddr": "30014AE9",
        "time": "2018-11-26 17:04:23",
        "payload": "rxd3WQ6gTgY=",
        "sf": 8,
        "gwEui": "7276FF003903094E",
        "gwName": "K01a",
        "gwRssi": -84,
        "devUplinkCounter": 119
      },
      {
        "devEui": "0018B200000023E6",
        "devAddr": "30014AE9",
        "time": "2018-11-26 17:04:23",
        "payload": "rxd3WQ6gTgY=",
        "sf": 8,
        "gwEui": "7276FF003903094F",
        "gwName": "F07",
        "gwRssi": -89,
        "devUplinkCounter": 119
      },
      {
        "devEui": "0018B200000023E6",
        "devAddr": "30014AE9",
        "time": "2018-11-26 17:04:23",
        "payload": "rxd3WQ6gTgY=",
        "sf": 8,
        "gwEui": "7276FF003903097D",
        "gwName": "D60",
        "gwRssi": -112,
        "devUplinkCounter": 119
      },
      {
        "devEui": "0018B200000023E6",
        "devAddr": "30014AE9",
        "time": "2018-11-26 17:04:23",
        "payload": "rxd3WQ6gTgY=",
        "sf": 8,
        "gwEui": "7276FF0039030977",
        "gwName": "H06",
        "gwRssi": -101,
        "devUplinkCounter": 119
      }
    ]
  },
  {
    "Floor": "G",
    "Number": 28,
    "UL1": 1656,
    "UL2": 79,
    "Time": "11/26/2018 5:06:12 PM",
    "Measures": [
      {
        "devEui": "0018B200000023E6",
        "devAddr": "30014AE9",
        "time": "2018-11-26 17:06:02",
        "payload": "rxd4WQ6fRgY=",
        "sf": 7,
        "gwEui": "7276FF003903094F",
        "gwName": "F07",
        "gwRssi": -82,
        "devUplinkCounter": 120
      },
      {
        "devEui": "0018B200000023E6",
        "devAddr": "30014AE9",
        "time": "2018-11-26 17:06:02",
        "payload": "rxd4WQ6fRgY=",
        "sf": 7,
        "gwEui": "7276FF0039030A01",
        "gwName": "Loge",
        "gwRssi": -88,
        "devUplinkCounter": 120
      },
      {
        "devEui": "0018B200000023E6",
        "devAddr": "30014AE9",
        "time": "2018-11-26 17:06:02",
        "payload": "rxd4WQ6fRgY=",
        "sf": 7,
        "gwEui": "7276FF0039030977",
        "gwName": "H06",
        "gwRssi": -82,
        "devUplinkCounter": 120
      },
      {
        "devEui": "0018B200000023E6",
        "devAddr": "30014AE9",
        "time": "2018-11-26 17:06:02",
        "payload": "rxd4WQ6fRgY=",
        "sf": 7,
        "gwEui": "7276FF003903094E",
        "gwName": "K01a",
        "gwRssi": -102,
        "devUplinkCounter": 120
      }
    ]
  },
  {
    "Floor": "G",
    "Number": 29,
    "UL1": 1657,
    "UL2": 80,
    "Time": "11/26/2018 5:06:36 PM",
    "Measures": [
      {
        "devEui": "0018B200000023E6",
        "devAddr": "30014AE9",
        "time": "2018-11-26 17:06:27",
        "payload": "rxh5Wg6eRvw=",
        "sf": 7,
        "gwEui": "7276FF0039030977",
        "gwName": "H06",
        "gwRssi": -72,
        "devUplinkCounter": 121
      },
      {
        "devEui": "0018B200000023E6",
        "devAddr": "30014AE9",
        "time": "2018-11-26 17:06:27",
        "payload": "rxh5Wg6eRvw=",
        "sf": 7,
        "gwEui": "7276FF003903094F",
        "gwName": "F07",
        "gwRssi": -89,
        "devUplinkCounter": 121
      },
      {
        "devEui": "0018B200000023E6",
        "devAddr": "30014AE9",
        "time": "2018-11-26 17:06:27",
        "payload": "rxh5Wg6eRvw=",
        "sf": 7,
        "gwEui": "7276FF003903097D",
        "gwName": "D60",
        "gwRssi": -114,
        "devUplinkCounter": 121
      },
      {
        "devEui": "0018B200000023E6",
        "devAddr": "30014AE9",
        "time": "2018-11-26 17:06:27",
        "payload": "rxh5Wg6eRvw=",
        "sf": 7,
        "gwEui": "7276FF003903094E",
        "gwName": "K01a",
        "gwRssi": -99,
        "devUplinkCounter": 121
      }
    ]
  },
  {
    "Floor": "G",
    "Number": 30,
    "UL1": 1658,
    "UL2": 81,
    "Time": "11/26/2018 5:06:58 PM",
    "Measures": [
      {
        "devEui": "0018B200000023E6",
        "devAddr": "30014AE9",
        "time": "2018-11-26 17:06:49",
        "payload": "rxd6Ww6dQwU=",
        "sf": 7,
        "gwEui": "7276FF003903097C",
        "gwName": "C22",
        "gwRssi": -107,
        "devUplinkCounter": 122
      },
      {
        "devEui": "0018B200000023E6",
        "devAddr": "30014AE9",
        "time": "2018-11-26 17:06:49",
        "payload": "rxd6Ww6dQwU=",
        "sf": 7,
        "gwEui": "7276FF003903097D",
        "gwName": "D60",
        "gwRssi": -112,
        "devUplinkCounter": 122
      }
    ]
  },
  {
    "Floor": "G",
    "Number": 31,
    "UL1": 1659,
    "UL2": 82,
    "Time": "11/26/2018 5:07:21 PM",
    "Measures": [
      {
        "devEui": "0018B200000023E6",
        "devAddr": "30014AE9",
        "time": "2018-11-26 17:07:09",
        "payload": "rxh7XA6eZQY=",
        "sf": 7,
        "gwEui": "7276FF0039030A01",
        "gwName": "Loge",
        "gwRssi": -82,
        "devUplinkCounter": 123
      },
      {
        "devEui": "0018B200000023E6",
        "devAddr": "30014AE9",
        "time": "2018-11-26 17:07:09",
        "payload": "rxh7XA6eZQY=",
        "sf": 7,
        "gwEui": "7276FF0039030977",
        "gwName": "H06",
        "gwRssi": -84,
        "devUplinkCounter": 123
      },
      {
        "devEui": "0018B200000023E6",
        "devAddr": "30014AE9",
        "time": "2018-11-26 17:07:09",
        "payload": "rxh7XA6eZQY=",
        "sf": 7,
        "gwEui": "7276FF003903094E",
        "gwName": "K01a",
        "gwRssi": -110,
        "devUplinkCounter": 123
      },
      {
        "devEui": "0018B200000023E6",
        "devAddr": "30014AE9",
        "time": "2018-11-26 17:07:09",
        "payload": "rxh7XA6eZQY=",
        "sf": 7,
        "gwEui": "7276FF003903094F",
        "gwName": "F07",
        "gwRssi": -91,
        "devUplinkCounter": 123
      },
      {
        "devEui": "0018B200000023E6",
        "devAddr": "30014AE9",
        "time": "2018-11-26 17:06:01",
        "payload": "rxh7XA6eZQY=",
        "sf": 7,
        "gwEui": "7276FF0039030977",
        "gwName": "H06",
        "gwRssi": -82,
        "devUplinkCounter": 123
      },
      {
        "devEui": "0018B200000023E6",
        "devAddr": "30014AE9",
        "time": "2018-11-26 17:06:01",
        "payload": "rxh7XA6eZQY=",
        "sf": 7,
        "gwEui": "7276FF003903094F",
        "gwName": "F07",
        "gwRssi": -86,
        "devUplinkCounter": 123
      },
      {
        "devEui": "0018B200000023E6",
        "devAddr": "30014AE9",
        "time": "2018-11-26 17:06:01",
        "payload": "rxh7XA6eZQY=",
        "sf": 7,
        "gwEui": "7276FF003903094E",
        "gwName": "K01a",
        "gwRssi": -106,
        "devUplinkCounter": 123
      }
    ]
  },
  {
    "Floor": "G",
    "Number": 32,
    "UL1": 1661,
    "UL2": 83,
    "Time": "11/26/2018 5:08:05 PM",
    "Measures": [
      {
        "devEui": "0018B200000023E6",
        "devAddr": "30014AE9",
        "time": "2018-11-26 17:07:51",
        "payload": "rxd9XQ6cUQY=",
        "sf": 7,
        "gwEui": "7276FF003903094F",
        "gwName": "F07",
        "gwRssi": -97,
        "devUplinkCounter": 125
      },
      {
        "devEui": "0018B200000023E6",
        "devAddr": "30014AE9",
        "time": "2018-11-26 17:07:51",
        "payload": "rxd9XQ6cUQY=",
        "sf": 7,
        "gwEui": "7276FF0039030A01",
        "gwName": "Loge",
        "gwRssi": -76,
        "devUplinkCounter": 125
      },
      {
        "devEui": "0018B200000023E6",
        "devAddr": "30014AE9",
        "time": "2018-11-26 17:07:51",
        "payload": "rxd9XQ6cUQY=",
        "sf": 7,
        "gwEui": "7276FF003903097D",
        "gwName": "D60",
        "gwRssi": -114,
        "devUplinkCounter": 125
      },
      {
        "devEui": "0018B200000023E6",
        "devAddr": "30014AE9",
        "time": "2018-11-26 17:07:51",
        "payload": "rxd9XQ6cUQY=",
        "sf": 7,
        "gwEui": "7276FF0039030977",
        "gwName": "H06",
        "gwRssi": -81,
        "devUplinkCounter": 125
      },
      {
        "devEui": "0018B200000023E6",
        "devAddr": "30014AE9",
        "time": "2018-11-26 17:07:51",
        "payload": "rxd9XQ6cUQY=",
        "sf": 7,
        "gwEui": "7276FF003903097C",
        "gwName": "C22",
        "gwRssi": -110,
        "devUplinkCounter": 125
      },
      {
        "devEui": "0018B200000023E6",
        "devAddr": "30014AE9",
        "time": "2018-11-26 17:07:51",
        "payload": "rxd9XQ6cUQY=",
        "sf": 7,
        "gwEui": "7276FF003903094E",
        "gwName": "K01a",
        "gwRssi": -102,
        "devUplinkCounter": 125
      },
      {
        "devEui": "0018B200000023E6",
        "devAddr": "30014AE9",
        "time": "2018-11-26 17:07:55",
        "payload": "rxd9XQ6cUQY=",
        "sf": 7,
        "gwEui": "7276FF0039030977",
        "gwName": "H06",
        "gwRssi": -84,
        "devUplinkCounter": 125
      },
      {
        "devEui": "0018B200000023E6",
        "devAddr": "30014AE9",
        "time": "2018-11-26 17:07:55",
        "payload": "rxd9XQ6cUQY=",
        "sf": 7,
        "gwEui": "7276FF003903097D",
        "gwName": "D60",
        "gwRssi": -113,
        "devUplinkCounter": 125
      },
      {
        "devEui": "0018B200000023E6",
        "devAddr": "30014AE9",
        "time": "2018-11-26 17:07:55",
        "payload": "rxd9XQ6cUQY=",
        "sf": 7,
        "gwEui": "7276FF003903094F",
        "gwName": "F07",
        "gwRssi": -100,
        "devUplinkCounter": 125
      },
      {
        "devEui": "0018B200000023E6",
        "devAddr": "30014AE9",
        "time": "2018-11-26 17:07:55",
        "payload": "rxd9XQ6cUQY=",
        "sf": 7,
        "gwEui": "7276FF003903094E",
        "gwName": "K01a",
        "gwRssi": -99,
        "devUplinkCounter": 125
      }
    ]
  },
  {
    "Floor": "G",
    "Number": 48,
    "UL1": 1664,
    "UL2": 84,
    "Time": "11/26/2018 5:10:06 PM",
    "Measures": [
      {
        "devEui": "0018B200000023E6",
        "devAddr": "30014AE9",
        "time": "2018-11-26 17:09:49",
        "payload": "rxiAXw6dNQc=",
        "sf": 7,
        "gwEui": "7276FF003903094F",
        "gwName": "F07",
        "gwRssi": -53,
        "devUplinkCounter": 128
      },
      {
        "devEui": "0018B200000023E6",
        "devAddr": "30014AE9",
        "time": "2018-11-26 17:09:49",
        "payload": "rxiAXw6dNQc=",
        "sf": 7,
        "gwEui": "7276FF0039030A01",
        "gwName": "Loge",
        "gwRssi": -56,
        "devUplinkCounter": 128
      },
      {
        "devEui": "0018B200000023E6",
        "devAddr": "30014AE9",
        "time": "2018-11-26 17:09:49",
        "payload": "rxiAXw6dNQc=",
        "sf": 7,
        "gwEui": "7276FF0039030977",
        "gwName": "H06",
        "gwRssi": -67,
        "devUplinkCounter": 128
      }
    ]
  },
  {
    "Floor": "G",
    "Number": 49,
    "UL1": 1665,
    "UL2": 85,
    "Time": "11/26/2018 5:10:06 PM",
    "Measures": [
      {
        "devEui": "0018B200000023E6",
        "devAddr": "30014AE9",
        "time": "2018-11-26 17:09:57",
        "payload": "rxiBYA6dPQY=",
        "sf": 7,
        "gwEui": "7276FF0039030977",
        "gwName": "H06",
        "gwRssi": -62,
        "devUplinkCounter": 129
      },
      {
        "devEui": "0018B200000023E6",
        "devAddr": "30014AE9",
        "time": "2018-11-26 17:09:57",
        "payload": "rxiBYA6dPQY=",
        "sf": 7,
        "gwEui": "7276FF003903094E",
        "gwName": "K01a",
        "gwRssi": -107,
        "devUplinkCounter": 129
      },
      {
        "devEui": "0018B200000023E6",
        "devAddr": "30014AE9",
        "time": "2018-11-26 17:09:57",
        "payload": "rxiBYA6dPQY=",
        "sf": 7,
        "gwEui": "7276FF003903094F",
        "gwName": "F07",
        "gwRssi": -71,
        "devUplinkCounter": 129
      }
    ]
  },
  {
    "Floor": "G",
    "Number": 50,
    "UL1": 1666,
    "UL2": 86,
    "Time": "11/26/2018 5:10:47 PM",
    "Measures": [
      {
        "devEui": "0018B200000023E6",
        "devAddr": "30014AE9",
        "time": "2018-11-26 17:10:34",
        "payload": "rxiCYQ6cNgA=",
        "sf": 7,
        "gwEui": "7276FF0039030A01",
        "gwName": "Loge",
        "gwRssi": -74,
        "devUplinkCounter": 130
      },
      {
        "devEui": "0018B200000023E6",
        "devAddr": "30014AE9",
        "time": "2018-11-26 17:10:34",
        "payload": "rxiCYQ6cNgA=",
        "sf": 7,
        "gwEui": "7276FF003903094E",
        "gwName": "K01a",
        "gwRssi": -94,
        "devUplinkCounter": 130
      },
      {
        "devEui": "0018B200000023E6",
        "devAddr": "30014AE9",
        "time": "2018-11-26 17:10:34",
        "payload": "rxiCYQ6cNgA=",
        "sf": 7,
        "gwEui": "7276FF0039030977",
        "gwName": "H06",
        "gwRssi": -71,
        "devUplinkCounter": 130
      },
      {
        "devEui": "0018B200000023E6",
        "devAddr": "30014AE9",
        "time": "2018-11-26 17:10:34",
        "payload": "rxiCYQ6cNgA=",
        "sf": 7,
        "gwEui": "7276FF003903094F",
        "gwName": "F07",
        "gwRssi": -48,
        "devUplinkCounter": 130
      }
    ]
  },
  {
    "Floor": "G",
    "Number": 51,
    "UL1": 1667,
    "UL2": 87,
    "Time": "11/26/2018 5:11:31 PM",
    "Measures": [
      {
        "devEui": "0018B200000023E6",
        "devAddr": "30014AE9",
        "time": "2018-11-26 17:11:05",
        "payload": "rxiDYg6dNgc=",
        "sf": 7,
        "gwEui": "7276FF003903094E",
        "gwName": "K01a",
        "gwRssi": -106,
        "devUplinkCounter": 131
      },
      {
        "devEui": "0018B200000023E6",
        "devAddr": "30014AE9",
        "time": "2018-11-26 17:11:05",
        "payload": "rxiDYg6dNgc=",
        "sf": 7,
        "gwEui": "7276FF003903094F",
        "gwName": "F07",
        "gwRssi": -59,
        "devUplinkCounter": 131
      },
      {
        "devEui": "0018B200000023E6",
        "devAddr": "30014AE9",
        "time": "2018-11-26 17:11:05",
        "payload": "rxiDYg6dNgc=",
        "sf": 7,
        "gwEui": "7276FF0039030A01",
        "gwName": "Loge",
        "gwRssi": -70,
        "devUplinkCounter": 131
      }
    ]
  },
  {
    "Floor": "G",
    "Number": 52,
    "UL1": 1668,
    "UL2": 88,
    "Time": "11/26/2018 5:11:32 PM",
    "Measures": [
      {
        "devEui": "0018B200000023E6",
        "devAddr": "30014AE9",
        "time": "2018-11-26 17:11:18",
        "payload": "rxiEYw6dMQU=",
        "sf": 7,
        "gwEui": "7276FF0039030977",
        "gwName": "H06",
        "gwRssi": -54,
        "devUplinkCounter": 132
      },
      {
        "devEui": "0018B200000023E6",
        "devAddr": "30014AE9",
        "time": "2018-11-26 17:11:22",
        "payload": "rxiEYw6dMQU=",
        "sf": 7,
        "gwEui": "7276FF003903094E",
        "gwName": "K01a",
        "gwRssi": -100,
        "devUplinkCounter": 132
      },
      {
        "devEui": "0018B200000023E6",
        "devAddr": "30014AE9",
        "time": "2018-11-26 17:11:22",
        "payload": "rxiEYw6dMQU=",
        "sf": 7,
        "gwEui": "7276FF003903094F",
        "gwName": "F07",
        "gwRssi": -47,
        "devUplinkCounter": 132
      },
      {
        "devEui": "0018B200000023E6",
        "devAddr": "30014AE9",
        "time": "2018-11-26 17:11:22",
        "payload": "rxiEYw6dMQU=",
        "sf": 7,
        "gwEui": "7276FF0039030977",
        "gwName": "H06",
        "gwRssi": -72,
        "devUplinkCounter": 132
      }
    ]
  },
  {
    "Floor": "G",
    "Number": 53,
    "UL1": 1669,
    "UL2": 89,
    "Time": "11/26/2018 5:12:13 PM",
    "Measures": []
  },
  {
    "Floor": "G",
    "Number": 54,
    "UL1": 1671,
    "UL2": 90,
    "Time": "11/26/2018 5:12:16 PM",
    "Measures": []
  },
  {
    "Floor": "G",
    "Number": 64,
    "UL1": 1673,
    "UL2": 91,
    "Time": "11/26/2018 5:13:40 PM",
    "Measures": [
      {
        "devEui": "0018B200000023E6",
        "devAddr": "30014AE9",
        "time": "2018-11-26 17:13:28",
        "payload": "rxiJZg6dLQU=",
        "sf": 7,
        "gwEui": "7276FF003903094E",
        "gwName": "K01a",
        "gwRssi": -82,
        "devUplinkCounter": 137
      },
      {
        "devEui": "0018B200000023E6",
        "devAddr": "30014AE9",
        "time": "2018-11-26 17:13:28",
        "payload": "rxiJZg6dLQU=",
        "sf": 7,
        "gwEui": "7276FF0039030977",
        "gwName": "H06",
        "gwRssi": -51,
        "devUplinkCounter": 137
      }
    ]
  },
  {
    "Floor": "G",
    "Number": 65,
    "UL1": 1674,
    "UL2": 92,
    "Time": "11/26/2018 5:14:01 PM",
    "Measures": [
      {
        "devEui": "0018B200000023E6",
        "devAddr": "30014AE9",
        "time": "2018-11-26 17:13:48",
        "payload": "rxiKZw6dOQg=",
        "sf": 7,
        "gwEui": "7276FF003903094F",
        "gwName": "F07",
        "gwRssi": -71,
        "devUplinkCounter": 138
      },
      {
        "devEui": "0018B200000023E6",
        "devAddr": "30014AE9",
        "time": "2018-11-26 17:13:48",
        "payload": "rxiKZw6dOQg=",
        "sf": 7,
        "gwEui": "7276FF0039030977",
        "gwName": "H06",
        "gwRssi": -62,
        "devUplinkCounter": 138
      },
      {
        "devEui": "0018B200000023E6",
        "devAddr": "30014AE9",
        "time": "2018-11-26 17:13:48",
        "payload": "rxiKZw6dOQg=",
        "sf": 7,
        "gwEui": "7276FF003903094E",
        "gwName": "K01a",
        "gwRssi": -93,
        "devUplinkCounter": 138
      }
    ]
  },
  {
    "Floor": "G",
    "Number": 61,
    "UL1": 1675,
    "UL2": 93,
    "Time": "11/26/2018 5:14:39 PM",
    "Measures": [
      {
        "devEui": "0018B200000023E6",
        "devAddr": "30014AE9",
        "time": "2018-11-26 17:14:28",
        "payload": "rxiLaA6dOQc=",
        "sf": 7,
        "gwEui": "7276FF003903094E",
        "gwName": "K01a",
        "gwRssi": -94,
        "devUplinkCounter": 139
      },
      {
        "devEui": "0018B200000023E6",
        "devAddr": "30014AE9",
        "time": "2018-11-26 17:14:28",
        "payload": "rxiLaA6dOQc=",
        "sf": 7,
        "gwEui": "7276FF0039030977",
        "gwName": "H06",
        "gwRssi": -60,
        "devUplinkCounter": 139
      },
      {
        "devEui": "0018B200000023E6",
        "devAddr": "30014AE9",
        "time": "2018-11-26 17:14:28",
        "payload": "rxiLaA6dOQc=",
        "sf": 7,
        "gwEui": "7276FF003903094F",
        "gwName": "F07",
        "gwRssi": -71,
        "devUplinkCounter": 139
      }
    ]
  },
  {
    "Floor": "G",
    "Number": 60,
    "UL1": 1676,
    "UL2": 94,
    "Time": "11/26/2018 5:15:23 PM",
    "Measures": [
      {
        "devEui": "0018B200000023E6",
        "devAddr": "30014AE9",
        "time": "2018-11-26 17:15:13",
        "payload": "rxiMaQ6cOQg=",
        "sf": 7,
        "gwEui": "7276FF003903094E",
        "gwName": "K01a",
        "gwRssi": -88,
        "devUplinkCounter": 140
      },
      {
        "devEui": "0018B200000023E6",
        "devAddr": "30014AE9",
        "time": "2018-11-26 17:15:13",
        "payload": "rxiMaQ6cOQg=",
        "sf": 7,
        "gwEui": "7276FF0039030A01",
        "gwName": "Loge",
        "gwRssi": -71,
        "devUplinkCounter": 140
      },
      {
        "devEui": "0018B200000023E6",
        "devAddr": "30014AE9",
        "time": "2018-11-26 17:15:13",
        "payload": "rxiMaQ6cOQg=",
        "sf": 7,
        "gwEui": "7276FF003903094F",
        "gwName": "F07",
        "gwRssi": -77,
        "devUplinkCounter": 140
      },
      {
        "devEui": "0018B200000023E6",
        "devAddr": "30014AE9",
        "time": "2018-11-26 17:15:13",
        "payload": "rxiMaQ6cOQg=",
        "sf": 7,
        "gwEui": "7276FF0039030977",
        "gwName": "H06",
        "gwRssi": -74,
        "devUplinkCounter": 140
      },
      {
        "devEui": "0018B200000023E6",
        "devAddr": "30014AE9",
        "time": "2018-11-26 17:15:18",
        "payload": "rxiMaQ6cOQg=",
        "sf": 7,
        "gwEui": "7276FF0039030977",
        "gwName": "H06",
        "gwRssi": -74,
        "devUplinkCounter": 140
      },
      {
        "devEui": "0018B200000023E6",
        "devAddr": "30014AE9",
        "time": "2018-11-26 17:15:18",
        "payload": "rxiMaQ6cOQg=",
        "sf": 7,
        "gwEui": "7276FF0039030A01",
        "gwName": "Loge",
        "gwRssi": -72,
        "devUplinkCounter": 140
      },
      {
        "devEui": "0018B200000023E6",
        "devAddr": "30014AE9",
        "time": "2018-11-26 17:15:18",
        "payload": "rxiMaQ6cOQg=",
        "sf": 7,
        "gwEui": "7276FF003903094E",
        "gwName": "K01a",
        "gwRssi": -90,
        "devUplinkCounter": 140
      },
      {
        "devEui": "0018B200000023E6",
        "devAddr": "30014AE9",
        "time": "2018-11-26 17:15:18",
        "payload": "rxiMaQ6cOQg=",
        "sf": 7,
        "gwEui": "7276FF003903094F",
        "gwName": "F07",
        "gwRssi": -78,
        "devUplinkCounter": 140
      }
    ]
  }
]