﻿[
  {
    "Floor": "K",
    "Number": 1,
    "UL1": 1728,
    "UL2": 148,
    "Time": "11/27/2018 3:53:25 PM",
    "Measures": [
      {
        "devEui": "0018B200000023E6",
        "devAddr": "30014AE9",
        "time": "2018-11-27 15:53:18",
        "payload": "vxhGRndgAGOWICTAmQ/BSAY=",
        "sf": 7,
        "gwEui": "7276FF003903094E",
        "gwName": "K01a",
        "gwRssi": -80,
        "devUplinkCounter": 192
      },
      {
        "devEui": "0018B200000023E6",
        "devAddr": "30014AE9",
        "time": "2018-11-27 15:53:18",
        "payload": "vxhGRndgAGOWICTAmQ/BSAY=",
        "sf": 7,
        "gwEui": "7276FF003903094F",
        "gwName": "F07",
        "gwRssi": -99,
        "devUplinkCounter": 192
      },
      {
        "devEui": "0018B200000023E6",
        "devAddr": "30014AE9",
        "time": "2018-11-27 15:53:18",
        "payload": "vxhGRndgAGOWICTAmQ/BSAY=",
        "sf": 7,
        "gwEui": "7276FF0039030A01",
        "gwName": "Loge",
        "gwRssi": -94,
        "devUplinkCounter": 192
      },
      {
        "devEui": "0018B200000023E6",
        "devAddr": "30014AE9",
        "time": "2018-11-27 15:53:18",
        "payload": "vxhGRndgAGOWICTAmQ/BSAY=",
        "sf": 7,
        "gwEui": "7276FF0039030977",
        "gwName": "H06",
        "gwRssi": -77,
        "devUplinkCounter": 192
      }
    ]
  },
  {
    "Floor": "K",
    "Number": 2,
    "UL1": 1729,
    "UL2": 149,
    "Time": "11/27/2018 3:53:38 PM",
    "Measures": []
  },
  {
    "Floor": "K",
    "Number": 3,
    "UL1": 1730,
    "UL2": 150,
    "Time": "11/27/2018 3:53:49 PM",
    "Measures": [
      {
        "devEui": "0018B200000023E6",
        "devAddr": "30014AE9",
        "time": "2018-11-27 15:53:46",
        "payload": "vxdGRnZwAGOWICTCmw/AQQM=",
        "sf": 7,
        "gwEui": "7276FF0039030977",
        "gwName": "H06",
        "gwRssi": -84,
        "devUplinkCounter": 194
      },
      {
        "devEui": "0018B200000023E6",
        "devAddr": "30014AE9",
        "time": "2018-11-27 15:53:46",
        "payload": "vxdGRnZwAGOWICTCmw/AQQM=",
        "sf": 7,
        "gwEui": "7276FF003903094E",
        "gwName": "K01a",
        "gwRssi": -84,
        "devUplinkCounter": 194
      },
      {
        "devEui": "0018B200000023E6",
        "devAddr": "30014AE9",
        "time": "2018-11-27 15:53:46",
        "payload": "vxdGRnZwAGOWICTCmw/AQQM=",
        "sf": 7,
        "gwEui": "7276FF003903094F",
        "gwName": "F07",
        "gwRssi": -93,
        "devUplinkCounter": 194
      }
    ]
  },
  {
    "Floor": "K",
    "Number": 24,
    "UL1": 1731,
    "UL2": 151,
    "Time": "11/27/2018 3:56:15 PM",
    "Measures": [
      {
        "devEui": "0018B200000023E6",
        "devAddr": "30014AE9",
        "time": "2018-11-27 15:56:06",
        "payload": "vxdGRnZwAGOVUCTDnA/ASAU=",
        "sf": 7,
        "gwEui": "7276FF0039030977",
        "gwName": "H06",
        "gwRssi": -106,
        "devUplinkCounter": 195
      },
      {
        "devEui": "0018B200000023E6",
        "devAddr": "30014AE9",
        "time": "2018-11-27 15:56:06",
        "payload": "vxdGRnZwAGOVUCTDnA/ASAU=",
        "sf": 7,
        "gwEui": "7276FF003903097D",
        "gwName": "D60",
        "gwRssi": -95,
        "devUplinkCounter": 195
      },
      {
        "devEui": "0018B200000023E6",
        "devAddr": "30014AE9",
        "time": "2018-11-27 15:56:06",
        "payload": "vxdGRnZwAGOVUCTDnA/ASAU=",
        "sf": 7,
        "gwEui": "7276FF003903094E",
        "gwName": "K01a",
        "gwRssi": -48,
        "devUplinkCounter": 195
      },
      {
        "devEui": "0018B200000023E6",
        "devAddr": "30014AE9",
        "time": "2018-11-27 15:56:06",
        "payload": "vxdGRnZwAGOVUCTDnA/ASAU=",
        "sf": 7,
        "gwEui": "7276FF003903094F",
        "gwName": "F07",
        "gwRssi": -105,
        "devUplinkCounter": 195
      }
    ]
  },
  {
    "Floor": "K",
    "Number": 25,
    "UL1": 1732,
    "UL2": 152,
    "Time": "11/27/2018 3:56:39 PM",
    "Measures": [
      {
        "devEui": "0018B200000023E6",
        "devAddr": "30014AE9",
        "time": "2018-11-27 15:56:22",
        "payload": "vxhGRndwAGOVICTEnQ+/MQY=",
        "sf": 7,
        "gwEui": "7276FF003903097D",
        "gwName": "D60",
        "gwRssi": -98,
        "devUplinkCounter": 196
      },
      {
        "devEui": "0018B200000023E6",
        "devAddr": "30014AE9",
        "time": "2018-11-27 15:56:22",
        "payload": "vxhGRndwAGOVICTEnQ+/MQY=",
        "sf": 7,
        "gwEui": "7276FF003903094F",
        "gwName": "F07",
        "gwRssi": -108,
        "devUplinkCounter": 196
      },
      {
        "devEui": "0018B200000023E6",
        "devAddr": "30014AE9",
        "time": "2018-11-27 15:56:22",
        "payload": "vxhGRndwAGOVICTEnQ+/MQY=",
        "sf": 7,
        "gwEui": "7276FF003903094E",
        "gwName": "K01a",
        "gwRssi": -54,
        "devUplinkCounter": 196
      },
      {
        "devEui": "0018B200000023E6",
        "devAddr": "30014AE9",
        "time": "2018-11-27 15:56:22",
        "payload": "vxhGRndwAGOVICTEnQ+/MQY=",
        "sf": 7,
        "gwEui": "7276FF0039030977",
        "gwName": "H06",
        "gwRssi": -106,
        "devUplinkCounter": 196
      }
    ]
  },
  {
    "Floor": "K",
    "Number": 26,
    "UL1": 1733,
    "UL2": 153,
    "Time": "11/27/2018 3:57:30 PM",
    "Measures": [
      {
        "devEui": "0018B200000023E6",
        "devAddr": "30014AE9",
        "time": "2018-11-27 15:56:49",
        "payload": "vxhGRnaQAGOVECTFng++Mgc=",
        "sf": 7,
        "gwEui": "7276FF003903094E",
        "gwName": "K01a",
        "gwRssi": -48,
        "devUplinkCounter": 197
      },
      {
        "devEui": "0018B200000023E6",
        "devAddr": "30014AE9",
        "time": "2018-11-27 15:56:49",
        "payload": "vxhGRnaQAGOVECTFng++Mgc=",
        "sf": 7,
        "gwEui": "7276FF0039030977",
        "gwName": "H06",
        "gwRssi": -106,
        "devUplinkCounter": 197
      },
      {
        "devEui": "0018B200000023E6",
        "devAddr": "30014AE9",
        "time": "2018-11-27 15:56:49",
        "payload": "vxhGRnaQAGOVECTFng++Mgc=",
        "sf": 7,
        "gwEui": "7276FF003903097D",
        "gwName": "D60",
        "gwRssi": -82,
        "devUplinkCounter": 197
      }
    ]
  },
  {
    "Floor": "K",
    "Number": 27,
    "UL1": 1734,
    "UL2": 154,
    "Time": "11/27/2018 3:57:31 PM",
    "Measures": [
      {
        "devEui": "0018B200000023E6",
        "devAddr": "30014AE9",
        "time": "2018-11-27 15:55:16",
        "payload": "vxhGRnYgAGOVACTGnw++MQY=",
        "sf": 7,
        "gwEui": "7276FF003903094E",
        "gwName": "K01a",
        "gwRssi": -48,
        "devUplinkCounter": 198
      },
      {
        "devEui": "0018B200000023E6",
        "devAddr": "30014AE9",
        "time": "2018-11-27 15:55:16",
        "payload": "vxhGRnYgAGOVACTGnw++MQY=",
        "sf": 7,
        "gwEui": "7276FF003903097D",
        "gwName": "D60",
        "gwRssi": -80,
        "devUplinkCounter": 198
      },
      {
        "devEui": "0018B200000023E6",
        "devAddr": "30014AE9",
        "time": "2018-11-27 15:55:16",
        "payload": "vxhGRnYgAGOVACTGnw++MQY=",
        "sf": 7,
        "gwEui": "7276FF00390309F5",
        "gwName": "A02b",
        "gwRssi": -105,
        "devUplinkCounter": 198
      }
    ]
  },
  {
    "Floor": "K",
    "Number": 28,
    "UL1": 1735,
    "UL2": 155,
    "Time": "11/27/2018 3:58:02 PM",
    "Measures": [
      {
        "devEui": "0018B200000023E6",
        "devAddr": "30014AE9",
        "time": "2018-11-27 15:57:47",
        "payload": "vxdGRnYgAGOVACTHoA++NwY=",
        "sf": 7,
        "gwEui": "7276FF0039030977",
        "gwName": "H06",
        "gwRssi": -104,
        "devUplinkCounter": 199
      },
      {
        "devEui": "0018B200000023E6",
        "devAddr": "30014AE9",
        "time": "2018-11-27 15:57:47",
        "payload": "vxdGRnYgAGOVACTHoA++NwY=",
        "sf": 7,
        "gwEui": "7276FF003903094E",
        "gwName": "K01a",
        "gwRssi": -46,
        "devUplinkCounter": 199
      },
      {
        "devEui": "0018B200000023E6",
        "devAddr": "30014AE9",
        "time": "2018-11-27 15:57:47",
        "payload": "vxdGRnYgAGOVACTHoA++NwY=",
        "sf": 7,
        "gwEui": "7276FF003903097D",
        "gwName": "D60",
        "gwRssi": -94,
        "devUplinkCounter": 199
      }
    ]
  },
  {
    "Floor": "K",
    "Number": 17,
    "UL1": 1736,
    "UL2": 157,
    "Time": "11/27/2018 3:59:49 PM",
    "Measures": [
      {
        "devEui": "0018B200000023E6",
        "devAddr": "30014AE9",
        "time": "2018-11-27 15:59:44",
        "payload": "vxdGRoEQAGOVACPIoQ/AJwg=",
        "sf": 7,
        "gwEui": "7276FF0039030977",
        "gwName": "H06",
        "gwRssi": -70,
        "devUplinkCounter": 200
      },
      {
        "devEui": "0018B200000023E6",
        "devAddr": "30014AE9",
        "time": "2018-11-27 15:59:44",
        "payload": "vxdGRoEQAGOVACPIoQ/AJwg=",
        "sf": 7,
        "gwEui": "7276FF003903094F",
        "gwName": "F07",
        "gwRssi": -93,
        "devUplinkCounter": 200
      },
      {
        "devEui": "0018B200000023E6",
        "devAddr": "30014AE9",
        "time": "2018-11-27 15:59:44",
        "payload": "vxdGRoEQAGOVACPIoQ/AJwg=",
        "sf": 7,
        "gwEui": "7276FF003903094E",
        "gwName": "K01a",
        "gwRssi": -62,
        "devUplinkCounter": 200
      }
    ]
  },
  {
    "Floor": "K",
    "Number": 18,
    "UL1": 1737,
    "UL2": 158,
    "Time": "11/27/2018 4:00:24 PM",
    "Measures": [
      {
        "devEui": "0018B200000023E6",
        "devAddr": "30014AE9",
        "time": "2018-11-27 16:00:15",
        "payload": "rxfJog++OgY=",
        "sf": 7,
        "gwEui": "7276FF003903094E",
        "gwName": "K01a",
        "gwRssi": -70,
        "devUplinkCounter": 201
      },
      {
        "devEui": "0018B200000023E6",
        "devAddr": "30014AE9",
        "time": "2018-11-27 16:00:15",
        "payload": "rxfJog++OgY=",
        "sf": 7,
        "gwEui": "7276FF0039030977",
        "gwName": "H06",
        "gwRssi": -74,
        "devUplinkCounter": 201
      }
    ]
  },
  {
    "Floor": "K",
    "Number": 19,
    "UL1": 1738,
    "UL2": 159,
    "Time": "11/27/2018 4:00:52 PM",
    "Measures": [
      {
        "devEui": "0018B200000023E6",
        "devAddr": "30014AE9",
        "time": "2018-11-27 16:00:41",
        "payload": "vxdGRnaAAGOUgCTKow++RQg=",
        "sf": 7,
        "gwEui": "7276FF0039030977",
        "gwName": "H06",
        "gwRssi": -81,
        "devUplinkCounter": 202
      },
      {
        "devEui": "0018B200000023E6",
        "devAddr": "30014AE9",
        "time": "2018-11-27 16:00:41",
        "payload": "vxdGRnaAAGOUgCTKow++RQg=",
        "sf": 7,
        "gwEui": "7276FF0039030A01",
        "gwName": "Loge",
        "gwRssi": -91,
        "devUplinkCounter": 202
      }
    ]
  },
  {
    "Floor": "K",
    "Number": 20,
    "UL1": 1739,
    "UL2": 160,
    "Time": "11/27/2018 4:01:18 PM",
    "Measures": [
      {
        "devEui": "0018B200000023E6",
        "devAddr": "30014AE9",
        "time": "2018-11-27 16:01:08",
        "payload": "vxhGRnZAAGOUkCTLpA+7UgY=",
        "sf": 7,
        "gwEui": "7276FF0039030A01",
        "gwName": "Loge",
        "gwRssi": -92,
        "devUplinkCounter": 203
      },
      {
        "devEui": "0018B200000023E6",
        "devAddr": "30014AE9",
        "time": "2018-11-27 16:01:08",
        "payload": "vxhGRnZAAGOUkCTLpA+7UgY=",
        "sf": 7,
        "gwEui": "7276FF0039030977",
        "gwName": "H06",
        "gwRssi": -82,
        "devUplinkCounter": 203
      },
      {
        "devEui": "0018B200000023E6",
        "devAddr": "30014AE9",
        "time": "2018-11-27 16:01:08",
        "payload": "vxhGRnZAAGOUkCTLpA+7UgY=",
        "sf": 7,
        "gwEui": "7276FF003903094F",
        "gwName": "F07",
        "gwRssi": -90,
        "devUplinkCounter": 203
      },
      {
        "devEui": "0018B200000023E6",
        "devAddr": "30014AE9",
        "time": "2018-11-27 16:01:08",
        "payload": "vxhGRnZAAGOUkCTLpA+7UgY=",
        "sf": 7,
        "gwEui": "7276FF003903094E",
        "gwName": "K01a",
        "gwRssi": -53,
        "devUplinkCounter": 203
      }
    ]
  },
  {
    "Floor": "K",
    "Number": 21,
    "UL1": 1740,
    "UL2": 161,
    "Time": "11/27/2018 4:02:15 PM",
    "Measures": [
      {
        "devEui": "0018B200000023E6",
        "devAddr": "30014AE9",
        "time": "2018-11-27 16:02:06",
        "payload": "vxdGRnYwAGOUkCTMpQ+9LwY=",
        "sf": 7,
        "gwEui": "7276FF003903094F",
        "gwName": "F07",
        "gwRssi": -95,
        "devUplinkCounter": 204
      },
      {
        "devEui": "0018B200000023E6",
        "devAddr": "30014AE9",
        "time": "2018-11-27 16:02:06",
        "payload": "vxdGRnYwAGOUkCTMpQ+9LwY=",
        "sf": 7,
        "gwEui": "7276FF003903094E",
        "gwName": "K01a",
        "gwRssi": -41,
        "devUplinkCounter": 204
      },
      {
        "devEui": "0018B200000023E6",
        "devAddr": "30014AE9",
        "time": "2018-11-27 16:02:06",
        "payload": "vxdGRnYwAGOUkCTMpQ+9LwY=",
        "sf": 7,
        "gwEui": "7276FF0039030977",
        "gwName": "H06",
        "gwRssi": -83,
        "devUplinkCounter": 204
      }
    ]
  },
  {
    "Floor": "K",
    "Number": 22,
    "UL1": 1741,
    "UL2": 162,
    "Time": "11/27/2018 4:02:43 PM",
    "Measures": [
      {
        "devEui": "0018B200000023E6",
        "devAddr": "30014AE9",
        "time": "2018-11-27 16:02:31",
        "payload": "vxdGRnaAAGOUkCTNpg++JQY=",
        "sf": 7,
        "gwEui": "7276FF003903094F",
        "gwName": "F07",
        "gwRssi": -108,
        "devUplinkCounter": 205
      },
      {
        "devEui": "0018B200000023E6",
        "devAddr": "30014AE9",
        "time": "2018-11-27 16:02:31",
        "payload": "vxdGRnaAAGOUkCTNpg++JQY=",
        "sf": 7,
        "gwEui": "7276FF0039030977",
        "gwName": "H06",
        "gwRssi": -90,
        "devUplinkCounter": 205
      },
      {
        "devEui": "0018B200000023E6",
        "devAddr": "30014AE9",
        "time": "2018-11-27 16:02:31",
        "payload": "vxdGRnaAAGOUkCTNpg++JQY=",
        "sf": 7,
        "gwEui": "7276FF003903094E",
        "gwName": "K01a",
        "gwRssi": -63,
        "devUplinkCounter": 205
      },
      {
        "devEui": "0018B200000023E6",
        "devAddr": "30014AE9",
        "time": "2018-11-27 16:02:31",
        "payload": "vxdGRnaAAGOUkCTNpg++JQY=",
        "sf": 7,
        "gwEui": "7276FF0039030A01",
        "gwName": "Loge",
        "gwRssi": -106,
        "devUplinkCounter": 205
      }
    ]
  },
  {
    "Floor": "K",
    "Number": 23,
    "UL1": 1742,
    "UL2": 163,
    "Time": "11/27/2018 4:03:01 PM",
    "Measures": [
      {
        "devEui": "0018B200000023E6",
        "devAddr": "30014AE9",
        "time": "2018-11-27 16:02:47",
        "payload": "vxdGRnWAAGOVACTOpw+6QwY=",
        "sf": 7,
        "gwEui": "7276FF0039030977",
        "gwName": "H06",
        "gwRssi": -88,
        "devUplinkCounter": 206
      },
      {
        "devEui": "0018B200000023E6",
        "devAddr": "30014AE9",
        "time": "2018-11-27 16:02:47",
        "payload": "vxdGRnWAAGOVACTOpw+6QwY=",
        "sf": 7,
        "gwEui": "7276FF003903094F",
        "gwName": "F07",
        "gwRssi": -101,
        "devUplinkCounter": 206
      },
      {
        "devEui": "0018B200000023E6",
        "devAddr": "30014AE9",
        "time": "2018-11-27 16:02:47",
        "payload": "vxdGRnWAAGOVACTOpw+6QwY=",
        "sf": 7,
        "gwEui": "7276FF003903094E",
        "gwName": "K01a",
        "gwRssi": -38,
        "devUplinkCounter": 206
      }
    ]
  }
]