﻿[
  {
    "Floor": "H",
    "Number": 1,
    "UL1": 1678,
    "UL2": 95,
    "Time": "11/27/2018 3:11:15 PM",
    "Measures": [
      {
        "devEui": "0018B200000023D8",
        "devAddr": "30014ACC",
        "time": "2018-11-27 15:11:01",
        "payload": "rxlfUBBcNwY=",
        "sf": 12,
        "gwEui": "7276FF0039030977",
        "gwName": "H06",
        "gwRssi": -71,
        "devUplinkCounter": 95
      },
      {
        "devEui": "0018B200000023D8",
        "devAddr": "30014ACC",
        "time": "2018-11-27 15:11:01",
        "payload": "rxlfUBBcNwY=",
        "sf": 12,
        "gwEui": "7276FF003903094F",
        "gwName": "F07",
        "gwRssi": -73,
        "devUplinkCounter": 95
      },
      {
        "devEui": "0018B200000023D8",
        "devAddr": "30014ACC",
        "time": "2018-11-27 15:11:01",
        "payload": "rxlfUBBcNwY=",
        "sf": 12,
        "gwEui": "7276FF003903094E",
        "gwName": "K01a",
        "gwRssi": -90,
        "devUplinkCounter": 95
      }
    ]
  },
  {
    "Floor": "H",
    "Number": 2,
    "UL1": 1680,
    "UL2": 96,
    "Time": "11/27/2018 3:11:44 PM",
    "Measures": [
      {
        "devEui": "0018B200000023D8",
        "devAddr": "30014ACC",
        "time": "2018-11-27 15:11:39",
        "payload": "rxpgURBaQwY=",
        "sf": 12,
        "gwEui": "7276FF0039030A01",
        "gwName": "Loge",
        "gwRssi": -94,
        "devUplinkCounter": 96
      },
      {
        "devEui": "0018B200000023D8",
        "devAddr": "30014ACC",
        "time": "2018-11-27 15:11:39",
        "payload": "rxpgURBaQwY=",
        "sf": 12,
        "gwEui": "7276FF003903094E",
        "gwName": "K01a",
        "gwRssi": -99,
        "devUplinkCounter": 96
      },
      {
        "devEui": "0018B200000023D8",
        "devAddr": "30014ACC",
        "time": "2018-11-27 15:11:39",
        "payload": "rxpgURBaQwY=",
        "sf": 12,
        "gwEui": "7276FF0039030977",
        "gwName": "H06",
        "gwRssi": -77,
        "devUplinkCounter": 96
      },
      {
        "devEui": "0018B200000023D8",
        "devAddr": "30014ACC",
        "time": "2018-11-27 15:11:39",
        "payload": "rxpgURBaQwY=",
        "sf": 12,
        "gwEui": "7276FF003903094F",
        "gwName": "F07",
        "gwRssi": -78,
        "devUplinkCounter": 96
      }
    ]
  },
  {
    "Floor": "H",
    "Number": 3,
    "UL1": 1682,
    "UL2": 97,
    "Time": "11/27/2018 3:12:12 PM",
    "Measures": [
      {
        "devEui": "0018B200000023D8",
        "devAddr": "30014ACC",
        "time": "2018-11-27 15:12:02",
        "payload": "rxphUhBaQQY=",
        "sf": 12,
        "gwEui": "7276FF0039030977",
        "gwName": "H06",
        "gwRssi": -68,
        "devUplinkCounter": 97
      },
      {
        "devEui": "0018B200000023D8",
        "devAddr": "30014ACC",
        "time": "2018-11-27 15:12:02",
        "payload": "rxphUhBaQQY=",
        "sf": 12,
        "gwEui": "7276FF003903094F",
        "gwName": "F07",
        "gwRssi": -76,
        "devUplinkCounter": 97
      },
      {
        "devEui": "0018B200000023D8",
        "devAddr": "30014ACC",
        "time": "2018-11-27 15:12:02",
        "payload": "rxphUhBaQQY=",
        "sf": 12,
        "gwEui": "7276FF003903094E",
        "gwName": "K01a",
        "gwRssi": -75,
        "devUplinkCounter": 97
      }
    ]
  },
  {
    "Floor": "H",
    "Number": 50,
    "UL1": 1683,
    "UL2": 98,
    "Time": "11/27/2018 3:23:04 PM",
    "Measures": [
      {
        "devEui": "0018B200000023D8",
        "devAddr": "30014ACC",
        "time": "2018-11-27 15:12:27",
        "payload": "zxliUxBhPwY=",
        "sf": 12,
        "gwEui": "7276FF003903094E",
        "gwName": "K01a",
        "gwRssi": -81,
        "devUplinkCounter": 98
      },
      {
        "devEui": "0018B200000023D8",
        "devAddr": "30014ACC",
        "time": "2018-11-27 15:12:27",
        "payload": "zxliUxBhPwY=",
        "sf": 12,
        "gwEui": "7276FF0039030977",
        "gwName": "H06",
        "gwRssi": -80,
        "devUplinkCounter": 98
      },
      {
        "devEui": "0018B200000023D8",
        "devAddr": "30014ACC",
        "time": "2018-11-27 15:12:27",
        "payload": "zxliUxBhPwY=",
        "sf": 12,
        "gwEui": "7276FF0039030A01",
        "gwName": "Loge",
        "gwRssi": -92,
        "devUplinkCounter": 98
      }
    ]
  },
  {
    "Floor": "H",
    "Number": 51,
    "UL1": 1684,
    "UL2": 100,
    "Time": "11/27/2018 3:23:29 PM",
    "Measures": [
      {
        "devEui": "0018B200000023D8",
        "devAddr": "30014ACC",
        "time": "2018-11-27 15:23:16",
        "payload": "rxlkVRBWLAU=",
        "sf": 12,
        "gwEui": "7276FF003903094F",
        "gwName": "F07",
        "gwRssi": -93,
        "devUplinkCounter": 100
      },
      {
        "devEui": "0018B200000023D8",
        "devAddr": "30014ACC",
        "time": "2018-11-27 15:23:16",
        "payload": "rxlkVRBWLAU=",
        "sf": 12,
        "gwEui": "7276FF0039030A01",
        "gwName": "Loge",
        "gwRssi": -64,
        "devUplinkCounter": 100
      },
      {
        "devEui": "0018B200000023D8",
        "devAddr": "30014ACC",
        "time": "2018-11-27 15:23:16",
        "payload": "rxlkVRBWLAU=",
        "sf": 12,
        "gwEui": "7276FF0039030977",
        "gwName": "H06",
        "gwRssi": -56,
        "devUplinkCounter": 100
      },
      {
        "devEui": "0018B200000023D8",
        "devAddr": "30014ACC",
        "time": "2018-11-27 15:23:16",
        "payload": "rxlkVRBWLAU=",
        "sf": 12,
        "gwEui": "7276FF003903094E",
        "gwName": "K01a",
        "gwRssi": -88,
        "devUplinkCounter": 100
      }
    ]
  },
  {
    "Floor": "H",
    "Number": 52,
    "UL1": 1685,
    "UL2": 101,
    "Time": "11/27/2018 3:24:23 PM",
    "Measures": [
      {
        "devEui": "0018B200000023D8",
        "devAddr": "30014ACC",
        "time": "2018-11-27 15:24:10",
        "payload": "rxllVhBXOQc=",
        "sf": 12,
        "gwEui": "7276FF003903094E",
        "gwName": "K01a",
        "gwRssi": -83,
        "devUplinkCounter": 101
      },
      {
        "devEui": "0018B200000023D8",
        "devAddr": "30014ACC",
        "time": "2018-11-27 15:24:10",
        "payload": "rxllVhBXOQc=",
        "sf": 12,
        "gwEui": "7276FF003903094F",
        "gwName": "F07",
        "gwRssi": -85,
        "devUplinkCounter": 101
      },
      {
        "devEui": "0018B200000023D8",
        "devAddr": "30014ACC",
        "time": "2018-11-27 15:24:10",
        "payload": "rxllVhBXOQc=",
        "sf": 12,
        "gwEui": "7276FF0039030977",
        "gwName": "H06",
        "gwRssi": -56,
        "devUplinkCounter": 101
      }
    ]
  },
  {
    "Floor": "H",
    "Number": 53,
    "UL1": 1686,
    "UL2": 103,
    "Time": "11/27/2018 3:25:04 PM",
    "Measures": [
      {
        "devEui": "0018B200000023D8",
        "devAddr": "30014ACC",
        "time": "2018-11-27 15:24:49",
        "payload": "rxlnVxBWMwc=",
        "sf": 12,
        "gwEui": "7276FF0039030A01",
        "gwName": "Loge",
        "gwRssi": -77,
        "devUplinkCounter": 103
      },
      {
        "devEui": "0018B200000023D8",
        "devAddr": "30014ACC",
        "time": "2018-11-27 15:24:49",
        "payload": "rxlnVxBWMwc=",
        "sf": 12,
        "gwEui": "7276FF003903094E",
        "gwName": "K01a",
        "gwRssi": -78,
        "devUplinkCounter": 103
      },
      {
        "devEui": "0018B200000023D8",
        "devAddr": "30014ACC",
        "time": "2018-11-27 15:24:49",
        "payload": "rxlnVxBWMwc=",
        "sf": 12,
        "gwEui": "7276FF003903094F",
        "gwName": "F07",
        "gwRssi": -90,
        "devUplinkCounter": 103
      },
      {
        "devEui": "0018B200000023D8",
        "devAddr": "30014ACC",
        "time": "2018-11-27 15:24:49",
        "payload": "rxlnVxBWMwc=",
        "sf": 12,
        "gwEui": "7276FF0039030977",
        "gwName": "H06",
        "gwRssi": -63,
        "devUplinkCounter": 103
      }
    ]
  },
  {
    "Floor": "H",
    "Number": 54,
    "UL1": 1687,
    "UL2": 104,
    "Time": "11/27/2018 3:25:38 PM",
    "Measures": [
      {
        "devEui": "0018B200000023D8",
        "devAddr": "30014ACC",
        "time": "2018-11-27 15:25:27",
        "payload": "rxloWBBVOQY=",
        "sf": 12,
        "gwEui": "7276FF0039030977",
        "gwName": "H06",
        "gwRssi": -70,
        "devUplinkCounter": 104
      },
      {
        "devEui": "0018B200000023D8",
        "devAddr": "30014ACC",
        "time": "2018-11-27 15:25:27",
        "payload": "rxloWBBVOQY=",
        "sf": 12,
        "gwEui": "7276FF003903094F",
        "gwName": "F07",
        "gwRssi": -75,
        "devUplinkCounter": 104
      },
      {
        "devEui": "0018B200000023D8",
        "devAddr": "30014ACC",
        "time": "2018-11-27 15:25:27",
        "payload": "rxloWBBVOQY=",
        "sf": 12,
        "gwEui": "7276FF003903094E",
        "gwName": "K01a",
        "gwRssi": -76,
        "devUplinkCounter": 104
      },
      {
        "devEui": "0018B200000023D8",
        "devAddr": "30014ACC",
        "time": "2018-11-27 15:25:27",
        "payload": "rxloWBBVOQY=",
        "sf": 12,
        "gwEui": "7276FF003903097D",
        "gwName": "D60",
        "gwRssi": -108,
        "devUplinkCounter": 104
      },
      {
        "devEui": "0018B200000023D8",
        "devAddr": "30014ACC",
        "time": "2018-11-27 15:25:27",
        "payload": "rxloWBBVOQY=",
        "sf": 12,
        "gwEui": "7276FF0039030A01",
        "gwName": "Loge",
        "gwRssi": -75,
        "devUplinkCounter": 104
      }
    ]
  },
  {
    "Floor": "H",
    "Number": 56,
    "UL1": 1688,
    "UL2": 105,
    "Time": "11/27/2018 3:26:45 PM",
    "Measures": [
      {
        "devEui": "0018B200000023D8",
        "devAddr": "30014ACC",
        "time": "2018-11-27 15:26:29",
        "payload": "rxlpWRBUPgY=",
        "sf": 12,
        "gwEui": "7276FF003903094E",
        "gwName": "K01a",
        "gwRssi": -71,
        "devUplinkCounter": 105
      },
      {
        "devEui": "0018B200000023D8",
        "devAddr": "30014ACC",
        "time": "2018-11-27 15:26:29",
        "payload": "rxlpWRBUPgY=",
        "sf": 12,
        "gwEui": "7276FF003903094F",
        "gwName": "F07",
        "gwRssi": -69,
        "devUplinkCounter": 105
      },
      {
        "devEui": "0018B200000023D8",
        "devAddr": "30014ACC",
        "time": "2018-11-27 15:26:29",
        "payload": "rxlpWRBUPgY=",
        "sf": 12,
        "gwEui": "7276FF003903097D",
        "gwName": "D60",
        "gwRssi": -107,
        "devUplinkCounter": 105
      },
      {
        "devEui": "0018B200000023D8",
        "devAddr": "30014ACC",
        "time": "2018-11-27 15:26:29",
        "payload": "rxlpWRBUPgY=",
        "sf": 12,
        "gwEui": "7276FF0039030977",
        "gwName": "H06",
        "gwRssi": -65,
        "devUplinkCounter": 105
      }
    ]
  },
  {
    "Floor": "H",
    "Number": 57,
    "UL1": 1689,
    "UL2": 106,
    "Time": "11/27/2018 3:27:25 PM",
    "Measures": [
      {
        "devEui": "0018B200000023D8",
        "devAddr": "30014ACC",
        "time": "2018-11-27 15:27:15",
        "payload": "rxpqWhBSPwc=",
        "sf": 12,
        "gwEui": "7276FF003903094F",
        "gwName": "F07",
        "gwRssi": -87,
        "devUplinkCounter": 106
      },
      {
        "devEui": "0018B200000023D8",
        "devAddr": "30014ACC",
        "time": "2018-11-27 15:27:15",
        "payload": "rxpqWhBSPwc=",
        "sf": 12,
        "gwEui": "7276FF0039030977",
        "gwName": "H06",
        "gwRssi": -67,
        "devUplinkCounter": 106
      },
      {
        "devEui": "0018B200000023D8",
        "devAddr": "30014ACC",
        "time": "2018-11-27 15:27:15",
        "payload": "rxpqWhBSPwc=",
        "sf": 12,
        "gwEui": "7276FF003903097D",
        "gwName": "D60",
        "gwRssi": -112,
        "devUplinkCounter": 106
      },
      {
        "devEui": "0018B200000023D8",
        "devAddr": "30014ACC",
        "time": "2018-11-27 15:27:15",
        "payload": "rxpqWhBSPwc=",
        "sf": 12,
        "gwEui": "7276FF0039030A01",
        "gwName": "Loge",
        "gwRssi": -76,
        "devUplinkCounter": 106
      },
      {
        "devEui": "0018B200000023D8",
        "devAddr": "30014ACC",
        "time": "2018-11-27 15:27:15",
        "payload": "rxpqWhBSPwc=",
        "sf": 12,
        "gwEui": "7276FF003903094E",
        "gwName": "K01a",
        "gwRssi": -69,
        "devUplinkCounter": 106
      }
    ]
  },
  {
    "Floor": "H",
    "Number": 58,
    "UL1": 1690,
    "UL2": 107,
    "Time": "11/27/2018 3:28:00 PM",
    "Measures": [
      {
        "devEui": "0018B200000023D8",
        "devAddr": "30014ACC",
        "time": "2018-11-27 15:27:50",
        "payload": "rxlrWxBVQQc=",
        "sf": 12,
        "gwEui": "7276FF003903094E",
        "gwName": "K01a",
        "gwRssi": -61,
        "devUplinkCounter": 107
      },
      {
        "devEui": "0018B200000023D8",
        "devAddr": "30014ACC",
        "time": "2018-11-27 15:27:50",
        "payload": "rxlrWxBVQQc=",
        "sf": 12,
        "gwEui": "7276FF0039030977",
        "gwName": "H06",
        "gwRssi": -74,
        "devUplinkCounter": 107
      },
      {
        "devEui": "0018B200000023D8",
        "devAddr": "30014ACC",
        "time": "2018-11-27 15:27:50",
        "payload": "rxlrWxBVQQc=",
        "sf": 12,
        "gwEui": "7276FF003903097D",
        "gwName": "D60",
        "gwRssi": -110,
        "devUplinkCounter": 107
      },
      {
        "devEui": "0018B200000023D8",
        "devAddr": "30014ACC",
        "time": "2018-11-27 15:27:50",
        "payload": "rxlrWxBVQQc=",
        "sf": 12,
        "gwEui": "7276FF003903094F",
        "gwName": "F07",
        "gwRssi": -100,
        "devUplinkCounter": 107
      }
    ]
  },
  {
    "Floor": "H",
    "Number": 59,
    "UL1": 1691,
    "UL2": 108,
    "Time": "11/27/2018 3:28:17 PM",
    "Measures": [
      {
        "devEui": "0018B200000023D8",
        "devAddr": "30014ACC",
        "time": "2018-11-27 15:28:07",
        "payload": "rxlsXBBSPwc=",
        "sf": 12,
        "gwEui": "7276FF003903094F",
        "gwName": "F07",
        "gwRssi": -88,
        "devUplinkCounter": 108
      },
      {
        "devEui": "0018B200000023D8",
        "devAddr": "30014ACC",
        "time": "2018-11-27 15:28:07",
        "payload": "rxlsXBBSPwc=",
        "sf": 12,
        "gwEui": "7276FF003903097D",
        "gwName": "D60",
        "gwRssi": -108,
        "devUplinkCounter": 108
      },
      {
        "devEui": "0018B200000023D8",
        "devAddr": "30014ACC",
        "time": "2018-11-27 15:28:07",
        "payload": "rxlsXBBSPwc=",
        "sf": 12,
        "gwEui": "7276FF003903094E",
        "gwName": "K01a",
        "gwRssi": -59,
        "devUplinkCounter": 108
      },
      {
        "devEui": "0018B200000023D8",
        "devAddr": "30014ACC",
        "time": "2018-11-27 15:28:07",
        "payload": "rxlsXBBSPwc=",
        "sf": 12,
        "gwEui": "7276FF0039030977",
        "gwName": "H06",
        "gwRssi": -75,
        "devUplinkCounter": 108
      },
      {
        "devEui": "0018B200000023D8",
        "devAddr": "30014ACC",
        "time": "2018-11-27 15:28:07",
        "payload": "rxlsXBBSPwc=",
        "sf": 12,
        "gwEui": "7276FF0039030A01",
        "gwName": "Loge",
        "gwRssi": -80,
        "devUplinkCounter": 108
      }
    ]
  },
  {
    "Floor": "H",
    "Number": 60,
    "UL1": 1692,
    "UL2": 109,
    "Time": "11/27/2018 3:29:07 PM",
    "Measures": [
      {
        "devEui": "0018B200000023D8",
        "devAddr": "30014ACC",
        "time": "2018-11-27 15:28:41",
        "payload": "rxltXRBUPQc=",
        "sf": 12,
        "gwEui": "7276FF0039030A01",
        "gwName": "Loge",
        "gwRssi": -92,
        "devUplinkCounter": 109
      },
      {
        "devEui": "0018B200000023D8",
        "devAddr": "30014ACC",
        "time": "2018-11-27 15:28:41",
        "payload": "rxltXRBUPQc=",
        "sf": 12,
        "gwEui": "7276FF003903094E",
        "gwName": "K01a",
        "gwRssi": -67,
        "devUplinkCounter": 109
      },
      {
        "devEui": "0018B200000023D8",
        "devAddr": "30014ACC",
        "time": "2018-11-27 15:28:41",
        "payload": "rxltXRBUPQc=",
        "sf": 12,
        "gwEui": "7276FF0039030977",
        "gwName": "H06",
        "gwRssi": -97,
        "devUplinkCounter": 109
      }
    ]
  },
  {
    "Floor": "H",
    "Number": 61,
    "UL1": 1693,
    "UL2": 110,
    "Time": "11/27/2018 3:29:08 PM",
    "Measures": [
      {
        "devEui": "0018B200000023D8",
        "devAddr": "30014ACC",
        "time": "2018-11-27 15:28:50",
        "payload": "rxpuXhBSRgc=",
        "sf": 12,
        "gwEui": "7276FF003903094E",
        "gwName": "K01a",
        "gwRssi": -80,
        "devUplinkCounter": 110
      },
      {
        "devEui": "0018B200000023D8",
        "devAddr": "30014ACC",
        "time": "2018-11-27 15:28:50",
        "payload": "rxpuXhBSRgc=",
        "sf": 12,
        "gwEui": "7276FF0039030A01",
        "gwName": "Loge",
        "gwRssi": -97,
        "devUplinkCounter": 110
      },
      {
        "devEui": "0018B200000023D8",
        "devAddr": "30014ACC",
        "time": "2018-11-27 15:28:50",
        "payload": "rxpuXhBSRgc=",
        "sf": 12,
        "gwEui": "7276FF0039030977",
        "gwName": "H06",
        "gwRssi": -90,
        "devUplinkCounter": 110
      },
      {
        "devEui": "0018B200000023D8",
        "devAddr": "30014ACC",
        "time": "2018-11-27 15:28:50",
        "payload": "rxpuXhBSRgc=",
        "sf": 12,
        "gwEui": "7276FF003903094F",
        "gwName": "F07",
        "gwRssi": -87,
        "devUplinkCounter": 110
      }
    ]
  },
  {
    "Floor": "H",
    "Number": 38,
    "UL1": 1694,
    "UL2": 111,
    "Time": "11/27/2018 3:30:59 PM",
    "Measures": [
      {
        "devEui": "0018B200000023D8",
        "devAddr": "30014ACC",
        "time": "2018-11-27 15:30:52",
        "payload": "rxlvXxBSSwc=",
        "sf": 12,
        "gwEui": "7276FF0039030A01",
        "gwName": "Loge",
        "gwRssi": -75,
        "devUplinkCounter": 111
      },
      {
        "devEui": "0018B200000023D8",
        "devAddr": "30014ACC",
        "time": "2018-11-27 15:30:52",
        "payload": "rxlvXxBSSwc=",
        "sf": 12,
        "gwEui": "7276FF003903094F",
        "gwName": "F07",
        "gwRssi": -83,
        "devUplinkCounter": 111
      },
      {
        "devEui": "0018B200000023D8",
        "devAddr": "30014ACC",
        "time": "2018-11-27 15:30:52",
        "payload": "rxlvXxBSSwc=",
        "sf": 12,
        "gwEui": "7276FF003903094E",
        "gwName": "K01a",
        "gwRssi": -98,
        "devUplinkCounter": 111
      },
      {
        "devEui": "0018B200000023D8",
        "devAddr": "30014ACC",
        "time": "2018-11-27 15:30:52",
        "payload": "rxlvXxBSSwc=",
        "sf": 12,
        "gwEui": "7276FF0039030977",
        "gwName": "H06",
        "gwRssi": -44,
        "devUplinkCounter": 111
      }
    ]
  },
  {
    "Floor": "H",
    "Number": 39,
    "UL1": 1695,
    "UL2": 112,
    "Time": "11/27/2018 3:31:23 PM",
    "Measures": [
      {
        "devEui": "0018B200000023D8",
        "devAddr": "30014ACC",
        "time": "2018-11-27 15:31:17",
        "payload": "rxlwYBBSKwY=",
        "sf": 12,
        "gwEui": "7276FF0039030A01",
        "gwName": "Loge",
        "gwRssi": -72,
        "devUplinkCounter": 112
      },
      {
        "devEui": "0018B200000023D8",
        "devAddr": "30014ACC",
        "time": "2018-11-27 15:31:17",
        "payload": "rxlwYBBSKwY=",
        "sf": 12,
        "gwEui": "7276FF003903094F",
        "gwName": "F07",
        "gwRssi": -83,
        "devUplinkCounter": 112
      },
      {
        "devEui": "0018B200000023D8",
        "devAddr": "30014ACC",
        "time": "2018-11-27 15:31:17",
        "payload": "rxlwYBBSKwY=",
        "sf": 12,
        "gwEui": "7276FF0039030977",
        "gwName": "H06",
        "gwRssi": -36,
        "devUplinkCounter": 112
      },
      {
        "devEui": "0018B200000023D8",
        "devAddr": "30014ACC",
        "time": "2018-11-27 15:31:17",
        "payload": "rxlwYBBSKwY=",
        "sf": 12,
        "gwEui": "7276FF003903094E",
        "gwName": "K01a",
        "gwRssi": -104,
        "devUplinkCounter": 112
      },
      {
        "devEui": "0018B200000023D8",
        "devAddr": "30014ACC",
        "time": "2018-11-27 15:31:17",
        "payload": "rxlwYBBSKwY=",
        "sf": 12,
        "gwEui": "7276FF0039030950",
        "gwName": "B40",
        "gwRssi": -106,
        "devUplinkCounter": 112
      }
    ]
  },
  {
    "Floor": "H",
    "Number": 40,
    "UL1": 1696,
    "UL2": 113,
    "Time": "11/27/2018 3:31:49 PM",
    "Measures": [
      {
        "devEui": "0018B200000023D8",
        "devAddr": "30014ACC",
        "time": "2018-11-27 15:31:41",
        "payload": "rxlxYRBSJgY=",
        "sf": 12,
        "gwEui": "7276FF003903094E",
        "gwName": "K01a",
        "gwRssi": -98,
        "devUplinkCounter": 113
      },
      {
        "devEui": "0018B200000023D8",
        "devAddr": "30014ACC",
        "time": "2018-11-27 15:31:41",
        "payload": "rxlxYRBSJgY=",
        "sf": 12,
        "gwEui": "7276FF0039030977",
        "gwName": "H06",
        "gwRssi": -35,
        "devUplinkCounter": 113
      }
    ]
  },
  {
    "Floor": "H",
    "Number": 41,
    "UL1": 1697,
    "UL2": 114,
    "Time": "11/27/2018 3:32:10 PM",
    "Measures": [
      {
        "devEui": "0018B200000023D8",
        "devAddr": "30014ACC",
        "time": "2018-11-27 15:32:02",
        "payload": "rxlyYhBPJQY=",
        "sf": 12,
        "gwEui": "7276FF0039030977",
        "gwName": "H06",
        "gwRssi": -51,
        "devUplinkCounter": 114
      },
      {
        "devEui": "0018B200000023D8",
        "devAddr": "30014ACC",
        "time": "2018-11-27 15:32:02",
        "payload": "rxlyYhBPJQY=",
        "sf": 12,
        "gwEui": "7276FF003903094F",
        "gwName": "F07",
        "gwRssi": -68,
        "devUplinkCounter": 114
      },
      {
        "devEui": "0018B200000023D8",
        "devAddr": "30014ACC",
        "time": "2018-11-27 15:32:02",
        "payload": "rxlyYhBPJQY=",
        "sf": 12,
        "gwEui": "7276FF003903094E",
        "gwName": "K01a",
        "gwRssi": -94,
        "devUplinkCounter": 114
      }
    ]
  },
  {
    "Floor": "H",
    "Number": 42,
    "UL1": 1698,
    "UL2": 115,
    "Time": "11/27/2018 3:32:41 PM",
    "Measures": [
      {
        "devEui": "0018B200000023D8",
        "devAddr": "30014ACC",
        "time": "2018-11-27 15:32:36",
        "payload": "rxpzYxBQMwY=",
        "sf": 12,
        "gwEui": "7276FF0039030A01",
        "gwName": "Loge",
        "gwRssi": -64,
        "devUplinkCounter": 115
      },
      {
        "devEui": "0018B200000023D8",
        "devAddr": "30014ACC",
        "time": "2018-11-27 15:32:36",
        "payload": "rxpzYxBQMwY=",
        "sf": 12,
        "gwEui": "7276FF003903094F",
        "gwName": "F07",
        "gwRssi": -73,
        "devUplinkCounter": 115
      },
      {
        "devEui": "0018B200000023D8",
        "devAddr": "30014ACC",
        "time": "2018-11-27 15:32:36",
        "payload": "rxpzYxBQMwY=",
        "sf": 12,
        "gwEui": "7276FF0039030977",
        "gwName": "H06",
        "gwRssi": -47,
        "devUplinkCounter": 115
      },
      {
        "devEui": "0018B200000023D8",
        "devAddr": "30014ACC",
        "time": "2018-11-27 15:32:36",
        "payload": "rxpzYxBQMwY=",
        "sf": 12,
        "gwEui": "7276FF003903094E",
        "gwName": "K01a",
        "gwRssi": -101,
        "devUplinkCounter": 115
      }
    ]
  },
  {
    "Floor": "H",
    "Number": 43,
    "UL1": 1699,
    "UL2": 116,
    "Time": "11/27/2018 3:33:00 PM",
    "Measures": [
      {
        "devEui": "0018B200000023D8",
        "devAddr": "30014ACC",
        "time": "2018-11-27 15:32:54",
        "payload": "rxp0ZBBPMwY=",
        "sf": 12,
        "gwEui": "7276FF003903094F",
        "gwName": "F07",
        "gwRssi": -82,
        "devUplinkCounter": 116
      },
      {
        "devEui": "0018B200000023D8",
        "devAddr": "30014ACC",
        "time": "2018-11-27 15:32:54",
        "payload": "rxp0ZBBPMwY=",
        "sf": 12,
        "gwEui": "7276FF0039030977",
        "gwName": "H06",
        "gwRssi": -50,
        "devUplinkCounter": 116
      },
      {
        "devEui": "0018B200000023D8",
        "devAddr": "30014ACC",
        "time": "2018-11-27 15:32:54",
        "payload": "rxp0ZBBPMwY=",
        "sf": 12,
        "gwEui": "7276FF003903094E",
        "gwName": "K01a",
        "gwRssi": -100,
        "devUplinkCounter": 116
      }
    ]
  },
  {
    "Floor": "H",
    "Number": 44,
    "UL1": 1700,
    "UL2": 117,
    "Time": "11/27/2018 3:35:17 PM",
    "Measures": [
      {
        "devEui": "0018B200000023D8",
        "devAddr": "30014ACC",
        "time": "2018-11-27 15:35:00",
        "payload": "rxp1ZRBQOQY=",
        "sf": 12,
        "gwEui": "7276FF0039030977",
        "gwName": "H06",
        "gwRssi": -56,
        "devUplinkCounter": 117
      },
      {
        "devEui": "0018B200000023D8",
        "devAddr": "30014ACC",
        "time": "2018-11-27 15:35:00",
        "payload": "rxp1ZRBQOQY=",
        "sf": 12,
        "gwEui": "7276FF003903094F",
        "gwName": "F07",
        "gwRssi": -84,
        "devUplinkCounter": 117
      },
      {
        "devEui": "0018B200000023D8",
        "devAddr": "30014ACC",
        "time": "2018-11-27 15:35:00",
        "payload": "rxp1ZRBQOQY=",
        "sf": 12,
        "gwEui": "7276FF003903094E",
        "gwName": "K01a",
        "gwRssi": -83,
        "devUplinkCounter": 117
      }
    ]
  },
  {
    "Floor": "H",
    "Number": 45,
    "UL1": 1701,
    "UL2": 118,
    "Time": "11/27/2018 3:35:18 PM",
    "Measures": [
      {
        "devEui": "0018B200000023D8",
        "devAddr": "30014ACC",
        "time": "2018-11-27 15:35:09",
        "payload": "rxl2ZhBPOQY=",
        "sf": 12,
        "gwEui": "7276FF003903094F",
        "gwName": "F07",
        "gwRssi": -67,
        "devUplinkCounter": 118
      },
      {
        "devEui": "0018B200000023D8",
        "devAddr": "30014ACC",
        "time": "2018-11-27 15:35:09",
        "payload": "rxl2ZhBPOQY=",
        "sf": 12,
        "gwEui": "7276FF0039030A01",
        "gwName": "Loge",
        "gwRssi": -61,
        "devUplinkCounter": 118
      },
      {
        "devEui": "0018B200000023D8",
        "devAddr": "30014ACC",
        "time": "2018-11-27 15:35:09",
        "payload": "rxl2ZhBPOQY=",
        "sf": 12,
        "gwEui": "7276FF003903094E",
        "gwName": "K01a",
        "gwRssi": -84,
        "devUplinkCounter": 118
      },
      {
        "devEui": "0018B200000023D8",
        "devAddr": "30014ACC",
        "time": "2018-11-27 15:35:09",
        "payload": "rxl2ZhBPOQY=",
        "sf": 12,
        "gwEui": "7276FF0039030977",
        "gwName": "H06",
        "gwRssi": -52,
        "devUplinkCounter": 118
      }
    ]
  },
  {
    "Floor": "H",
    "Number": 46,
    "UL1": 1702,
    "UL2": 119,
    "Time": "11/27/2018 3:35:48 PM",
    "Measures": [
      {
        "devEui": "0018B200000023D8",
        "devAddr": "30014ACC",
        "time": "2018-11-27 15:34:13",
        "payload": "rxp3ZxBONwU=",
        "sf": 12,
        "gwEui": "7276FF0039030977",
        "gwName": "H06",
        "gwRssi": -53,
        "devUplinkCounter": 119
      },
      {
        "devEui": "0018B200000023D8",
        "devAddr": "30014ACC",
        "time": "2018-11-27 15:34:13",
        "payload": "rxp3ZxBONwU=",
        "sf": 12,
        "gwEui": "7276FF003903094E",
        "gwName": "K01a",
        "gwRssi": -77,
        "devUplinkCounter": 119
      },
      {
        "devEui": "0018B200000023D8",
        "devAddr": "30014ACC",
        "time": "2018-11-27 15:34:13",
        "payload": "rxp3ZxBONwU=",
        "sf": 12,
        "gwEui": "7276FF003903094F",
        "gwName": "F07",
        "gwRssi": -67,
        "devUplinkCounter": 119
      }
    ]
  },
  {
    "Floor": "H",
    "Number": 47,
    "UL1": 1704,
    "UL2": 120,
    "Time": "11/27/2018 3:36:57 PM",
    "Measures": [
      {
        "devEui": "0018B200000023D8",
        "devAddr": "30014ACC",
        "time": "2018-11-27 15:36:10",
        "payload": "rxp4aBBNMgY=",
        "sf": 12,
        "gwEui": "7276FF0039030977",
        "gwName": "H06",
        "gwRssi": -61,
        "devUplinkCounter": 120
      },
      {
        "devEui": "0018B200000023D8",
        "devAddr": "30014ACC",
        "time": "2018-11-27 15:36:10",
        "payload": "rxp4aBBNMgY=",
        "sf": 12,
        "gwEui": "7276FF003903094E",
        "gwName": "K01a",
        "gwRssi": -94,
        "devUplinkCounter": 120
      }
    ]
  },
  {
    "Floor": "H",
    "Number": 48,
    "UL1": 1705,
    "UL2": 121,
    "Time": "11/27/2018 3:36:58 PM",
    "Measures": [
      {
        "devEui": "0018B200000023D8",
        "devAddr": "30014ACC",
        "time": "2018-11-27 15:36:29",
        "payload": "rxp5aRBMPwY=",
        "sf": 12,
        "gwEui": "7276FF003903094E",
        "gwName": "K01a",
        "gwRssi": -87,
        "devUplinkCounter": 121
      },
      {
        "devEui": "0018B200000023D8",
        "devAddr": "30014ACC",
        "time": "2018-11-27 15:36:29",
        "payload": "rxp5aRBMPwY=",
        "sf": 12,
        "gwEui": "7276FF003903094F",
        "gwName": "F07",
        "gwRssi": -66,
        "devUplinkCounter": 121
      },
      {
        "devEui": "0018B200000023D8",
        "devAddr": "30014ACC",
        "time": "2018-11-27 15:36:29",
        "payload": "rxp5aRBMPwY=",
        "sf": 12,
        "gwEui": "7276FF0039030A01",
        "gwName": "Loge",
        "gwRssi": -67,
        "devUplinkCounter": 121
      },
      {
        "devEui": "0018B200000023D8",
        "devAddr": "30014ACC",
        "time": "2018-11-27 15:36:29",
        "payload": "rxp5aRBMPwY=",
        "sf": 12,
        "gwEui": "7276FF0039030977",
        "gwName": "H06",
        "gwRssi": -38,
        "devUplinkCounter": 121
      },
      {
        "devEui": "0018B200000023D8",
        "devAddr": "30014ACC",
        "time": "2018-11-27 15:36:35",
        "payload": "rxp5aRBMPwY=",
        "sf": 12,
        "gwEui": "7276FF0039030977",
        "gwName": "H06",
        "gwRssi": -34,
        "devUplinkCounter": 121
      },
      {
        "devEui": "0018B200000023D8",
        "devAddr": "30014ACC",
        "time": "2018-11-27 15:36:35",
        "payload": "rxp5aRBMPwY=",
        "sf": 12,
        "gwEui": "7276FF003903094F",
        "gwName": "F07",
        "gwRssi": -61,
        "devUplinkCounter": 121
      },
      {
        "devEui": "0018B200000023D8",
        "devAddr": "30014ACC",
        "time": "2018-11-27 15:36:35",
        "payload": "rxp5aRBMPwY=",
        "sf": 12,
        "gwEui": "7276FF003903094E",
        "gwName": "K01a",
        "gwRssi": -88,
        "devUplinkCounter": 121
      },
      {
        "devEui": "0018B200000023D8",
        "devAddr": "30014ACC",
        "time": "2018-11-27 15:36:35",
        "payload": "rxp5aRBMPwY=",
        "sf": 12,
        "gwEui": "7276FF0039030A01",
        "gwName": "Loge",
        "gwRssi": -70,
        "devUplinkCounter": 121
      },
      {
        "devEui": "0018B200000023D8",
        "devAddr": "30014ACC",
        "time": "2018-11-27 15:36:41",
        "payload": "rxp5aRBMPwY=",
        "sf": 12,
        "gwEui": "7276FF0039030A01",
        "gwName": "Loge",
        "gwRssi": -69,
        "devUplinkCounter": 121
      },
      {
        "devEui": "0018B200000023D8",
        "devAddr": "30014ACC",
        "time": "2018-11-27 15:36:41",
        "payload": "rxp5aRBMPwY=",
        "sf": 12,
        "gwEui": "7276FF0039030977",
        "gwName": "H06",
        "gwRssi": -42,
        "devUplinkCounter": 121
      },
      {
        "devEui": "0018B200000023D8",
        "devAddr": "30014ACC",
        "time": "2018-11-27 15:36:41",
        "payload": "rxp5aRBMPwY=",
        "sf": 12,
        "gwEui": "7276FF003903094E",
        "gwName": "K01a",
        "gwRssi": -98,
        "devUplinkCounter": 121
      }
    ]
  },
  {
    "Floor": "H",
    "Number": 49,
    "UL1": 1706,
    "UL2": 125,
    "Time": "11/27/2018 3:37:20 PM",
    "Measures": [
      {
        "devEui": "0018B200000023D8",
        "devAddr": "30014ACC",
        "time": "2018-11-27 15:35:50",
        "payload": "rxp9ahBNKQU=",
        "sf": 12,
        "gwEui": "7276FF0039030977",
        "gwName": "H06",
        "gwRssi": -49,
        "devUplinkCounter": 125
      },
      {
        "devEui": "0018B200000023D8",
        "devAddr": "30014ACC",
        "time": "2018-11-27 15:35:50",
        "payload": "rxp9ahBNKQU=",
        "sf": 12,
        "gwEui": "7276FF003903094E",
        "gwName": "K01a",
        "gwRssi": -89,
        "devUplinkCounter": 125
      }
    ]
  }
]