﻿[
  {
    "Floor": "F",
    "Number": 10,
    "UL1": 1605,
    "UL2": 39,
    "Time": "11/26/2018 3:31:23 PM",
    "Measures": [
      {
        "devEui": "0018B200000023E6",
        "devAddr": "30014AE9",
        "time": "2018-11-26 15:31:13",
        "payload": "rxdFOA6xSPs=",
        "sf": 7,
        "gwEui": "7276FF003903094F",
        "gwName": "F07",
        "gwRssi": -95,
        "devUplinkCounter": 69
      },
      {
        "devEui": "0018B200000023E6",
        "devAddr": "30014AE9",
        "time": "2018-11-26 15:31:13",
        "payload": "rxdFOA6xSPs=",
        "sf": 7,
        "gwEui": "7276FF003903094E",
        "gwName": "K01a",
        "gwRssi": -110,
        "devUplinkCounter": 69
      },
      {
        "devEui": "0018B200000023E6",
        "devAddr": "30014AE9",
        "time": "2018-11-26 15:31:13",
        "payload": "rxdFOA6xSPs=",
        "sf": 7,
        "gwEui": "7276FF0039030977",
        "gwName": "H06",
        "gwRssi": -95,
        "devUplinkCounter": 69
      },
      {
        "devEui": "0018B200000023E6",
        "devAddr": "30014AE9",
        "time": "2018-11-26 15:31:17",
        "payload": "rxdFOA6xSPs=",
        "sf": 7,
        "gwEui": "7276FF0039030977",
        "gwName": "H06",
        "gwRssi": -96,
        "devUplinkCounter": 69
      },
      {
        "devEui": "0018B200000023E6",
        "devAddr": "30014AE9",
        "time": "2018-11-26 15:31:17",
        "payload": "rxdFOA6xSPs=",
        "sf": 7,
        "gwEui": "7276FF003903094E",
        "gwName": "K01a",
        "gwRssi": -107,
        "devUplinkCounter": 69
      },
      {
        "devEui": "0018B200000023E6",
        "devAddr": "30014AE9",
        "time": "2018-11-26 15:31:17",
        "payload": "rxdFOA6xSPs=",
        "sf": 7,
        "gwEui": "7276FF003903094F",
        "gwName": "F07",
        "gwRssi": -95,
        "devUplinkCounter": 69
      }
    ]
  },
  {
    "Floor": "F",
    "Number": 11,
    "UL1": 1606,
    "UL2": 40,
    "Time": "11/26/2018 3:31:50 PM",
    "Measures": []
  },
  {
    "Floor": "F",
    "Number": 12,
    "UL1": 1609,
    "UL2": 41,
    "Time": "11/26/2018 3:32:17 PM",
    "Measures": [
      {
        "devEui": "0018B200000023E6",
        "devAddr": "30014AE9",
        "time": "2018-11-26 15:30:49",
        "payload": "rxdJOg6xQQY=",
        "sf": 7,
        "gwEui": "7276FF003903094F",
        "gwName": "F07",
        "gwRssi": -83,
        "devUplinkCounter": 73
      },
      {
        "devEui": "0018B200000023E6",
        "devAddr": "30014AE9",
        "time": "2018-11-26 15:30:49",
        "payload": "rxdJOg6xQQY=",
        "sf": 7,
        "gwEui": "7276FF003903094E",
        "gwName": "K01a",
        "gwRssi": -107,
        "devUplinkCounter": 73
      },
      {
        "devEui": "0018B200000023E6",
        "devAddr": "30014AE9",
        "time": "2018-11-26 15:30:49",
        "payload": "rxdJOg6xQQY=",
        "sf": 7,
        "gwEui": "7276FF0039030977",
        "gwName": "H06",
        "gwRssi": -94,
        "devUplinkCounter": 73
      }
    ]
  },
  {
    "Floor": "F",
    "Number": 13,
    "UL1": 1610,
    "UL2": 42,
    "Time": "11/26/2018 3:32:46 PM",
    "Measures": [
      {
        "devEui": "0018B200000023E6",
        "devAddr": "30014AE9",
        "time": "2018-11-26 15:32:29",
        "payload": "rxdKOw6vPQQ=",
        "sf": 7,
        "gwEui": "7276FF003903094F",
        "gwName": "F07",
        "gwRssi": -85,
        "devUplinkCounter": 74
      },
      {
        "devEui": "0018B200000023E6",
        "devAddr": "30014AE9",
        "time": "2018-11-26 15:32:29",
        "payload": "rxdKOw6vPQQ=",
        "sf": 7,
        "gwEui": "7276FF0039030977",
        "gwName": "H06",
        "gwRssi": -96,
        "devUplinkCounter": 74
      },
      {
        "devEui": "0018B200000023E6",
        "devAddr": "30014AE9",
        "time": "2018-11-26 15:32:34",
        "payload": "rxdKOw6vPQQ=",
        "sf": 7,
        "gwEui": "7276FF003903094F",
        "gwName": "F07",
        "gwRssi": -84,
        "devUplinkCounter": 74
      },
      {
        "devEui": "0018B200000023E6",
        "devAddr": "30014AE9",
        "time": "2018-11-26 15:32:34",
        "payload": "rxdKOw6vPQQ=",
        "sf": 7,
        "gwEui": "7276FF003903097C",
        "gwName": "C22",
        "gwRssi": -112,
        "devUplinkCounter": 74
      },
      {
        "devEui": "0018B200000023E6",
        "devAddr": "30014AE9",
        "time": "2018-11-26 15:32:34",
        "payload": "rxdKOw6vPQQ=",
        "sf": 7,
        "gwEui": "7276FF0039030977",
        "gwName": "H06",
        "gwRssi": -96,
        "devUplinkCounter": 74
      }
    ]
  },
  {
    "Floor": "F",
    "Number": 14,
    "UL1": 1611,
    "UL2": 43,
    "Time": "11/26/2018 3:33:07 PM",
    "Measures": [
      {
        "devEui": "0018B200000023E6",
        "devAddr": "30014AE9",
        "time": "2018-11-26 15:32:52",
        "payload": "rxdLOw6vQQY=",
        "sf": 7,
        "gwEui": "7276FF0039030977",
        "gwName": "H06",
        "gwRssi": -92,
        "devUplinkCounter": 75
      },
      {
        "devEui": "0018B200000023E6",
        "devAddr": "30014AE9",
        "time": "2018-11-26 15:32:52",
        "payload": "rxdLOw6vQQY=",
        "sf": 7,
        "gwEui": "7276FF003903094E",
        "gwName": "K01a",
        "gwRssi": -108,
        "devUplinkCounter": 75
      },
      {
        "devEui": "0018B200000023E6",
        "devAddr": "30014AE9",
        "time": "2018-11-26 15:32:57",
        "payload": "rxdLOw6vQQY=",
        "sf": 7,
        "gwEui": "7276FF003903094E",
        "gwName": "K01a",
        "gwRssi": -105,
        "devUplinkCounter": 75
      },
      {
        "devEui": "0018B200000023E6",
        "devAddr": "30014AE9",
        "time": "2018-11-26 15:32:57",
        "payload": "rxdLOw6vQQY=",
        "sf": 7,
        "gwEui": "7276FF0039030977",
        "gwName": "H06",
        "gwRssi": -89,
        "devUplinkCounter": 75
      }
    ]
  },
  {
    "Floor": "F",
    "Number": 21,
    "UL1": 1613,
    "UL2": 46,
    "Time": "11/26/2018 3:35:48 PM",
    "Measures": [
      {
        "devEui": "0018B200000023E6",
        "devAddr": "30014AE9",
        "time": "2018-11-26 15:35:39",
        "payload": "rxdNPA6wPwY=",
        "sf": 7,
        "gwEui": "7276FF0039030977",
        "gwName": "H06",
        "gwRssi": -100,
        "devUplinkCounter": 77
      },
      {
        "devEui": "0018B200000023E6",
        "devAddr": "30014AE9",
        "time": "2018-11-26 15:35:39",
        "payload": "rxdNPA6wPwY=",
        "sf": 7,
        "gwEui": "7276FF003903094F",
        "gwName": "F07",
        "gwRssi": -97,
        "devUplinkCounter": 77
      },
      {
        "devEui": "0018B200000023E6",
        "devAddr": "30014AE9",
        "time": "2018-11-26 15:35:39",
        "payload": "rxdNPA6wPwY=",
        "sf": 7,
        "gwEui": "7276FF003903094E",
        "gwName": "K01a",
        "gwRssi": -89,
        "devUplinkCounter": 77
      },
      {
        "devEui": "0018B200000023E6",
        "devAddr": "30014AE9",
        "time": "2018-11-26 15:35:44",
        "payload": "rxdNPA6wPwY=",
        "sf": 7,
        "gwEui": "7276FF0039030977",
        "gwName": "H06",
        "gwRssi": -106,
        "devUplinkCounter": 77
      },
      {
        "devEui": "0018B200000023E6",
        "devAddr": "30014AE9",
        "time": "2018-11-26 15:35:44",
        "payload": "rxdNPA6wPwY=",
        "sf": 7,
        "gwEui": "7276FF003903094E",
        "gwName": "K01a",
        "gwRssi": -93,
        "devUplinkCounter": 77
      },
      {
        "devEui": "0018B200000023E6",
        "devAddr": "30014AE9",
        "time": "2018-11-26 15:35:44",
        "payload": "rxdNPA6wPwY=",
        "sf": 7,
        "gwEui": "7276FF003903094F",
        "gwName": "F07",
        "gwRssi": -101,
        "devUplinkCounter": 77
      }
    ]
  },
  {
    "Floor": "F",
    "Number": 22,
    "UL1": 1615,
    "UL2": 47,
    "Time": "11/26/2018 3:36:14 PM",
    "Measures": [
      {
        "devEui": "0018B200000023E6",
        "devAddr": "30014AE9",
        "time": "2018-11-26 15:36:06",
        "payload": "rxhPPQ6vSgc=",
        "sf": 7,
        "gwEui": "7276FF003903094E",
        "gwName": "K01a",
        "gwRssi": -86,
        "devUplinkCounter": 79
      },
      {
        "devEui": "0018B200000023E6",
        "devAddr": "30014AE9",
        "time": "2018-11-26 15:36:06",
        "payload": "rxhPPQ6vSgc=",
        "sf": 7,
        "gwEui": "7276FF003903094F",
        "gwName": "F07",
        "gwRssi": -102,
        "devUplinkCounter": 79
      },
      {
        "devEui": "0018B200000023E6",
        "devAddr": "30014AE9",
        "time": "2018-11-26 15:36:06",
        "payload": "rxhPPQ6vSgc=",
        "sf": 7,
        "gwEui": "7276FF0039030977",
        "gwName": "H06",
        "gwRssi": -105,
        "devUplinkCounter": 79
      }
    ]
  },
  {
    "Floor": "F",
    "Number": 23,
    "UL1": 1616,
    "UL2": 48,
    "Time": "11/26/2018 3:36:37 PM",
    "Measures": [
      {
        "devEui": "0018B200000023E6",
        "devAddr": "30014AE9",
        "time": "2018-11-26 15:36:23",
        "payload": "rxdQPg6wUwY=",
        "sf": 7,
        "gwEui": "7276FF003903094E",
        "gwName": "K01a",
        "gwRssi": -84,
        "devUplinkCounter": 80
      }
    ]
  },
  {
    "Floor": "F",
    "Number": 24,
    "UL1": 1617,
    "UL2": 50,
    "Time": "11/26/2018 3:37:15 PM",
    "Measures": [
      {
        "devEui": "0018B200000023E6",
        "devAddr": "30014AE9",
        "time": "2018-11-26 15:37:05",
        "payload": "rxhRPw6uTQY=",
        "sf": 7,
        "gwEui": "7276FF003903094E",
        "gwName": "K01a",
        "gwRssi": -90,
        "devUplinkCounter": 81
      },
      {
        "devEui": "0018B200000023E6",
        "devAddr": "30014AE9",
        "time": "2018-11-26 15:37:05",
        "payload": "rxhRPw6uTQY=",
        "sf": 7,
        "gwEui": "7276FF003903094F",
        "gwName": "F07",
        "gwRssi": -105,
        "devUplinkCounter": 81
      },
      {
        "devEui": "0018B200000023E6",
        "devAddr": "30014AE9",
        "time": "2018-11-26 15:37:05",
        "payload": "rxhRPw6uTQY=",
        "sf": 7,
        "gwEui": "7276FF0039030977",
        "gwName": "H06",
        "gwRssi": -100,
        "devUplinkCounter": 81
      }
    ]
  },
  {
    "Floor": "F",
    "Number": 25,
    "UL1": 1618,
    "UL2": 51,
    "Time": "11/26/2018 3:37:29 PM",
    "Measures": [
      {
        "devEui": "0018B200000023E6",
        "devAddr": "30014AE9",
        "time": "2018-11-26 15:37:26",
        "payload": "rxdSQA6vWAY=",
        "sf": 7,
        "gwEui": "7276FF003903094E",
        "gwName": "K01a",
        "gwRssi": -98,
        "devUplinkCounter": 82
      },
      {
        "devEui": "0018B200000023E6",
        "devAddr": "30014AE9",
        "time": "2018-11-26 15:37:26",
        "payload": "rxdSQA6vWAY=",
        "sf": 7,
        "gwEui": "7276FF0039030977",
        "gwName": "H06",
        "gwRssi": -101,
        "devUplinkCounter": 82
      }
    ]
  },
  {
    "Floor": "F",
    "Number": 26,
    "UL1": 1619,
    "UL2": 52,
    "Time": "11/26/2018 3:37:42 PM",
    "Measures": [
      {
        "devEui": "0018B200000023E6",
        "devAddr": "30014AE9",
        "time": "2018-11-26 15:37:38",
        "payload": "rxhTQQ6tTwY=",
        "sf": 7,
        "gwEui": "7276FF0039030977",
        "gwName": "H06",
        "gwRssi": -107,
        "devUplinkCounter": 83
      },
      {
        "devEui": "0018B200000023E6",
        "devAddr": "30014AE9",
        "time": "2018-11-26 15:37:38",
        "payload": "rxhTQQ6tTwY=",
        "sf": 7,
        "gwEui": "7276FF003903094F",
        "gwName": "F07",
        "gwRssi": -105,
        "devUplinkCounter": 83
      },
      {
        "devEui": "0018B200000023E6",
        "devAddr": "30014AE9",
        "time": "2018-11-26 15:37:38",
        "payload": "rxhTQQ6tTwY=",
        "sf": 7,
        "gwEui": "7276FF003903094E",
        "gwName": "K01a",
        "gwRssi": -82,
        "devUplinkCounter": 83
      },
      {
        "devEui": "0018B200000023E6",
        "devAddr": "30014AE9",
        "time": "2018-11-26 15:37:43",
        "payload": "rxhTQQ6tTwY=",
        "sf": 7,
        "gwEui": "7276FF003903094E",
        "gwName": "K01a",
        "gwRssi": -78,
        "devUplinkCounter": 83
      },
      {
        "devEui": "0018B200000023E6",
        "devAddr": "30014AE9",
        "time": "2018-11-26 15:37:43",
        "payload": "rxhTQQ6tTwY=",
        "sf": 7,
        "gwEui": "7276FF0039030977",
        "gwName": "H06",
        "gwRssi": -100,
        "devUplinkCounter": 83
      }
    ]
  },
  {
    "Floor": "F",
    "Number": 27,
    "UL1": 1621,
    "UL2": 53,
    "Time": "11/26/2018 3:38:04 PM",
    "Measures": [
      {
        "devEui": "0018B200000023E6",
        "devAddr": "30014AE9",
        "time": "2018-11-26 15:37:59",
        "payload": "rxhVQg6vSgc=",
        "sf": 7,
        "gwEui": "7276FF0039030977",
        "gwName": "H06",
        "gwRssi": -92,
        "devUplinkCounter": 85
      },
      {
        "devEui": "0018B200000023E6",
        "devAddr": "30014AE9",
        "time": "2018-11-26 15:37:59",
        "payload": "rxhVQg6vSgc=",
        "sf": 7,
        "gwEui": "7276FF003903094E",
        "gwName": "K01a",
        "gwRssi": -98,
        "devUplinkCounter": 85
      },
      {
        "devEui": "0018B200000023E6",
        "devAddr": "30014AE9",
        "time": "2018-11-26 15:37:59",
        "payload": "rxhVQg6vSgc=",
        "sf": 7,
        "gwEui": "7276FF003903094F",
        "gwName": "F07",
        "gwRssi": -107,
        "devUplinkCounter": 85
      }
    ]
  },
  {
    "Floor": "F",
    "Number": 28,
    "UL1": 1622,
    "UL2": 54,
    "Time": "11/26/2018 3:38:19 PM",
    "Measures": [
      {
        "devEui": "0018B200000023E6",
        "devAddr": "30014AE9",
        "time": "2018-11-26 15:38:16",
        "payload": "rxhWQw6tXwE=",
        "sf": 7,
        "gwEui": "7276FF003903094F",
        "gwName": "F07",
        "gwRssi": -102,
        "devUplinkCounter": 86
      },
      {
        "devEui": "0018B200000023E6",
        "devAddr": "30014AE9",
        "time": "2018-11-26 15:38:16",
        "payload": "rxhWQw6tXwE=",
        "sf": 7,
        "gwEui": "7276FF003903094E",
        "gwName": "K01a",
        "gwRssi": -95,
        "devUplinkCounter": 86
      },
      {
        "devEui": "0018B200000023E6",
        "devAddr": "30014AE9",
        "time": "2018-11-26 15:38:16",
        "payload": "rxhWQw6tXwE=",
        "sf": 7,
        "gwEui": "7276FF0039030977",
        "gwName": "H06",
        "gwRssi": -98,
        "devUplinkCounter": 86
      }
    ]
  },
  {
    "Floor": "F",
    "Number": 29,
    "UL1": 1623,
    "UL2": 55,
    "Time": "11/26/2018 3:39:20 PM",
    "Measures": [
      {
        "devEui": "0018B200000023E6",
        "devAddr": "30014AE9",
        "time": "2018-11-26 15:39:10",
        "payload": "rxhXRA6uUQY=",
        "sf": 7,
        "gwEui": "7276FF0039030977",
        "gwName": "H06",
        "gwRssi": -107,
        "devUplinkCounter": 87
      },
      {
        "devEui": "0018B200000023E6",
        "devAddr": "30014AE9",
        "time": "2018-11-26 15:39:10",
        "payload": "rxhXRA6uUQY=",
        "sf": 7,
        "gwEui": "7276FF003903094E",
        "gwName": "K01a",
        "gwRssi": -86,
        "devUplinkCounter": 87
      }
    ]
  },
  {
    "Floor": "F",
    "Number": 30,
    "UL1": 1624,
    "UL2": 56,
    "Time": "11/26/2018 4:03:14 PM",
    "Measures": [
      {
        "devEui": "0018B200000023E6",
        "devAddr": "30014AE9",
        "time": "2018-11-26 16:03:05",
        "payload": "vxlGRnYAAGOVkCNYRQ6pUgY=",
        "sf": 7,
        "gwEui": "7276FF003903097D",
        "gwName": "D60",
        "gwRssi": -109,
        "devUplinkCounter": 88
      },
      {
        "devEui": "0018B200000023E6",
        "devAddr": "30014AE9",
        "time": "2018-11-26 16:03:05",
        "payload": "vxlGRnYAAGOVkCNYRQ6pUgY=",
        "sf": 7,
        "gwEui": "7276FF0039030977",
        "gwName": "H06",
        "gwRssi": -107,
        "devUplinkCounter": 88
      },
      {
        "devEui": "0018B200000023E6",
        "devAddr": "30014AE9",
        "time": "2018-11-26 16:03:05",
        "payload": "vxlGRnYAAGOVkCNYRQ6pUgY=",
        "sf": 7,
        "gwEui": "7276FF003903094E",
        "gwName": "K01a",
        "gwRssi": -75,
        "devUplinkCounter": 88
      },
      {
        "devEui": "0018B200000023E6",
        "devAddr": "30014AE9",
        "time": "2018-11-26 16:03:09",
        "payload": "vxlGRnYAAGOVkCNYRQ6pUgY=",
        "sf": 7,
        "gwEui": "7276FF0039030977",
        "gwName": "H06",
        "gwRssi": -103,
        "devUplinkCounter": 88
      },
      {
        "devEui": "0018B200000023E6",
        "devAddr": "30014AE9",
        "time": "2018-11-26 16:03:09",
        "payload": "vxlGRnYAAGOVkCNYRQ6pUgY=",
        "sf": 7,
        "gwEui": "7276FF003903094E",
        "gwName": "K01a",
        "gwRssi": -80,
        "devUplinkCounter": 88
      }
    ]
  },
  {
    "Floor": "F",
    "Number": 32,
    "UL1": 1625,
    "UL2": 57,
    "Time": "11/26/2018 4:03:36 PM",
    "Measures": []
  },
  {
    "Floor": "F",
    "Number": 31,
    "UL1": 1626,
    "UL2": 58,
    "Time": "11/26/2018 4:04:08 PM",
    "Measures": [
      {
        "devEui": "0018B200000023E6",
        "devAddr": "30014AE9",
        "time": "2018-11-26 16:03:27",
        "payload": "vxlGRnVQAGOVkCRaRg6pSwY=",
        "sf": 7,
        "gwEui": "7276FF003903097D",
        "gwName": "D60",
        "gwRssi": -102,
        "devUplinkCounter": 90
      },
      {
        "devEui": "0018B200000023E6",
        "devAddr": "30014AE9",
        "time": "2018-11-26 16:03:27",
        "payload": "vxlGRnVQAGOVkCRaRg6pSwY=",
        "sf": 7,
        "gwEui": "7276FF003903094E",
        "gwName": "K01a",
        "gwRssi": -87,
        "devUplinkCounter": 90
      }
    ]
  },
  {
    "Floor": "F",
    "Number": 33,
    "UL1": 1627,
    "UL2": 59,
    "Time": "11/26/2018 4:04:59 PM",
    "Measures": [
      {
        "devEui": "0018B200000023E6",
        "devAddr": "30014AE9",
        "time": "2018-11-26 16:03:53",
        "payload": "vxlGRnRwAGOWACRbRw6qUgc=",
        "sf": 7,
        "gwEui": "7276FF003903097D",
        "gwName": "D60",
        "gwRssi": -107,
        "devUplinkCounter": 91
      },
      {
        "devEui": "0018B200000023E6",
        "devAddr": "30014AE9",
        "time": "2018-11-26 16:03:53",
        "payload": "vxlGRnRwAGOWACRbRw6qUgc=",
        "sf": 7,
        "gwEui": "7276FF003903094E",
        "gwName": "K01a",
        "gwRssi": -99,
        "devUplinkCounter": 91
      },
      {
        "devEui": "0018B200000023E6",
        "devAddr": "30014AE9",
        "time": "2018-11-26 16:03:53",
        "payload": "vxlGRnRwAGOWACRbRw6qUgc=",
        "sf": 7,
        "gwEui": "7276FF003903094F",
        "gwName": "F07",
        "gwRssi": -107,
        "devUplinkCounter": 91
      },
      {
        "devEui": "0018B200000023E6",
        "devAddr": "30014AE9",
        "time": "2018-11-26 16:03:57",
        "payload": "vxlGRnRwAGOWACRbRw6qUgc=",
        "sf": 7,
        "gwEui": "7276FF003903094F",
        "gwName": "F07",
        "gwRssi": -107,
        "devUplinkCounter": 91
      },
      {
        "devEui": "0018B200000023E6",
        "devAddr": "30014AE9",
        "time": "2018-11-26 16:03:57",
        "payload": "vxlGRnRwAGOWACRbRw6qUgc=",
        "sf": 7,
        "gwEui": "7276FF0039030977",
        "gwName": "H06",
        "gwRssi": -110,
        "devUplinkCounter": 91
      },
      {
        "devEui": "0018B200000023E6",
        "devAddr": "30014AE9",
        "time": "2018-11-26 16:03:57",
        "payload": "vxlGRnRwAGOWACRbRw6qUgc=",
        "sf": 7,
        "gwEui": "7276FF003903097D",
        "gwName": "D60",
        "gwRssi": -107,
        "devUplinkCounter": 91
      }
    ]
  },
  {
    "Floor": "F",
    "Number": 34,
    "UL1": 1631,
    "UL2": 60,
    "Time": "11/26/2018 4:06:30 PM",
    "Measures": [
      {
        "devEui": "0018B200000023E6",
        "devAddr": "30014AE9",
        "time": "2018-11-26 16:06:21",
        "payload": "rxlfSQ6qUQY=",
        "sf": 7,
        "gwEui": "7276FF003903094E",
        "gwName": "K01a",
        "gwRssi": -92,
        "devUplinkCounter": 95
      },
      {
        "devEui": "0018B200000023E6",
        "devAddr": "30014AE9",
        "time": "2018-11-26 16:06:21",
        "payload": "rxlfSQ6qUQY=",
        "sf": 7,
        "gwEui": "7276FF003903097D",
        "gwName": "D60",
        "gwRssi": -106,
        "devUplinkCounter": 95
      },
      {
        "devEui": "0018B200000023E6",
        "devAddr": "30014AE9",
        "time": "2018-11-26 16:06:21",
        "payload": "rxlfSQ6qUQY=",
        "sf": 7,
        "gwEui": "7276FF003903094F",
        "gwName": "F07",
        "gwRssi": -75,
        "devUplinkCounter": 95
      },
      {
        "devEui": "0018B200000023E6",
        "devAddr": "30014AE9",
        "time": "2018-11-26 16:06:28",
        "payload": "rxlfSQ6qUQY=",
        "sf": 8,
        "gwEui": "7276FF003903094E",
        "gwName": "K01a",
        "gwRssi": -102,
        "devUplinkCounter": 95
      },
      {
        "devEui": "0018B200000023E6",
        "devAddr": "30014AE9",
        "time": "2018-11-26 16:06:28",
        "payload": "rxlfSQ6qUQY=",
        "sf": 8,
        "gwEui": "7276FF003903094F",
        "gwName": "F07",
        "gwRssi": -82,
        "devUplinkCounter": 95
      },
      {
        "devEui": "0018B200000023E6",
        "devAddr": "30014AE9",
        "time": "2018-11-26 16:06:28",
        "payload": "rxlfSQ6qUQY=",
        "sf": 8,
        "gwEui": "7276FF0039030977",
        "gwName": "H06",
        "gwRssi": -106,
        "devUplinkCounter": 95
      },
      {
        "devEui": "0018B200000023E6",
        "devAddr": "30014AE9",
        "time": "2018-11-26 16:06:28",
        "payload": "rxlfSQ6qUQY=",
        "sf": 8,
        "gwEui": "7276FF003903097D",
        "gwName": "D60",
        "gwRssi": -113,
        "devUplinkCounter": 95
      }
    ]
  },
  {
    "Floor": "F",
    "Number": 35,
    "UL1": 1632,
    "UL2": 61,
    "Time": "11/26/2018 4:06:52 PM",
    "Measures": [
      {
        "devEui": "0018B200000023E6",
        "devAddr": "30014AE9",
        "time": "2018-11-26 16:06:43",
        "payload": "rxlgSQ6nRgY=",
        "sf": 7,
        "gwEui": "7276FF003903094E",
        "gwName": "K01a",
        "gwRssi": -98,
        "devUplinkCounter": 96
      },
      {
        "devEui": "0018B200000023E6",
        "devAddr": "30014AE9",
        "time": "2018-11-26 16:06:43",
        "payload": "rxlgSQ6nRgY=",
        "sf": 7,
        "gwEui": "7276FF003903097D",
        "gwName": "D60",
        "gwRssi": -112,
        "devUplinkCounter": 96
      },
      {
        "devEui": "0018B200000023E6",
        "devAddr": "30014AE9",
        "time": "2018-11-26 16:06:43",
        "payload": "rxlgSQ6nRgY=",
        "sf": 7,
        "gwEui": "7276FF003903094F",
        "gwName": "F07",
        "gwRssi": -85,
        "devUplinkCounter": 96
      },
      {
        "devEui": "0018B200000023E6",
        "devAddr": "30014AE9",
        "time": "2018-11-26 16:06:43",
        "payload": "rxlgSQ6nRgY=",
        "sf": 7,
        "gwEui": "7276FF0039030977",
        "gwName": "H06",
        "gwRssi": -107,
        "devUplinkCounter": 96
      },
      {
        "devEui": "0018B200000023E6",
        "devAddr": "30014AE9",
        "time": "2018-11-26 16:06:47",
        "payload": "rxlgSQ6nRgY=",
        "sf": 7,
        "gwEui": "7276FF003903097D",
        "gwName": "D60",
        "gwRssi": -112,
        "devUplinkCounter": 96
      },
      {
        "devEui": "0018B200000023E6",
        "devAddr": "30014AE9",
        "time": "2018-11-26 16:06:47",
        "payload": "rxlgSQ6nRgY=",
        "sf": 7,
        "gwEui": "7276FF0039030977",
        "gwName": "H06",
        "gwRssi": -102,
        "devUplinkCounter": 96
      },
      {
        "devEui": "0018B200000023E6",
        "devAddr": "30014AE9",
        "time": "2018-11-26 16:06:47",
        "payload": "rxlgSQ6nRgY=",
        "sf": 7,
        "gwEui": "7276FF003903094E",
        "gwName": "K01a",
        "gwRssi": -101,
        "devUplinkCounter": 96
      },
      {
        "devEui": "0018B200000023E6",
        "devAddr": "30014AE9",
        "time": "2018-11-26 16:06:47",
        "payload": "rxlgSQ6nRgY=",
        "sf": 7,
        "gwEui": "7276FF003903094F",
        "gwName": "F07",
        "gwRssi": -87,
        "devUplinkCounter": 96
      }
    ]
  },
  {
    "Floor": "F",
    "Number": 36,
    "UL1": 1634,
    "UL2": 62,
    "Time": "11/26/2018 4:07:22 PM",
    "Measures": [
      {
        "devEui": "0018B200000023E6",
        "devAddr": "30014AE9",
        "time": "2018-11-26 16:07:10",
        "payload": "rxliSg6oNgc=",
        "sf": 7,
        "gwEui": "7276FF003903097D",
        "gwName": "D60",
        "gwRssi": -114,
        "devUplinkCounter": 98
      },
      {
        "devEui": "0018B200000023E6",
        "devAddr": "30014AE9",
        "time": "2018-11-26 16:07:10",
        "payload": "rxliSg6oNgc=",
        "sf": 7,
        "gwEui": "7276FF003903094F",
        "gwName": "F07",
        "gwRssi": -80,
        "devUplinkCounter": 98
      },
      {
        "devEui": "0018B200000023E6",
        "devAddr": "30014AE9",
        "time": "2018-11-26 16:07:10",
        "payload": "rxliSg6oNgc=",
        "sf": 7,
        "gwEui": "7276FF003903094E",
        "gwName": "K01a",
        "gwRssi": -89,
        "devUplinkCounter": 98
      },
      {
        "devEui": "0018B200000023E6",
        "devAddr": "30014AE9",
        "time": "2018-11-26 16:07:10",
        "payload": "rxliSg6oNgc=",
        "sf": 7,
        "gwEui": "7276FF0039030977",
        "gwName": "H06",
        "gwRssi": -101,
        "devUplinkCounter": 98
      },
      {
        "devEui": "0018B200000023E6",
        "devAddr": "30014AE9",
        "time": "2018-11-26 16:07:14",
        "payload": "rxliSg6oNgc=",
        "sf": 7,
        "gwEui": "7276FF003903094F",
        "gwName": "F07",
        "gwRssi": -82,
        "devUplinkCounter": 98
      },
      {
        "devEui": "0018B200000023E6",
        "devAddr": "30014AE9",
        "time": "2018-11-26 16:07:14",
        "payload": "rxliSg6oNgc=",
        "sf": 7,
        "gwEui": "7276FF003903094E",
        "gwName": "K01a",
        "gwRssi": -86,
        "devUplinkCounter": 98
      },
      {
        "devEui": "0018B200000023E6",
        "devAddr": "30014AE9",
        "time": "2018-11-26 16:07:14",
        "payload": "rxliSg6oNgc=",
        "sf": 7,
        "gwEui": "7276FF0039030977",
        "gwName": "H06",
        "gwRssi": -100,
        "devUplinkCounter": 98
      }
    ]
  },
  {
    "Floor": "F",
    "Number": 37,
    "UL1": 1636,
    "UL2": 63,
    "Time": "11/26/2018 4:07:49 PM",
    "Measures": [
      {
        "devEui": "0018B200000023E6",
        "devAddr": "30014AE9",
        "time": "2018-11-26 16:07:35",
        "payload": "rxlkSw6nOwc=",
        "sf": 7,
        "gwEui": "7276FF0039030977",
        "gwName": "H06",
        "gwRssi": -99,
        "devUplinkCounter": 100
      },
      {
        "devEui": "0018B200000023E6",
        "devAddr": "30014AE9",
        "time": "2018-11-26 16:07:35",
        "payload": "rxlkSw6nOwc=",
        "sf": 7,
        "gwEui": "7276FF003903094E",
        "gwName": "K01a",
        "gwRssi": -84,
        "devUplinkCounter": 100
      },
      {
        "devEui": "0018B200000023E6",
        "devAddr": "30014AE9",
        "time": "2018-11-26 16:07:35",
        "payload": "rxlkSw6nOwc=",
        "sf": 7,
        "gwEui": "7276FF003903094F",
        "gwName": "F07",
        "gwRssi": -87,
        "devUplinkCounter": 100
      },
      {
        "devEui": "0018B200000023E6",
        "devAddr": "30014AE9",
        "time": "2018-11-26 16:07:35",
        "payload": "rxlkSw6nOwc=",
        "sf": 7,
        "gwEui": "7276FF003903097D",
        "gwName": "D60",
        "gwRssi": -112,
        "devUplinkCounter": 100
      }
    ]
  },
  {
    "Floor": "F",
    "Number": 38,
    "UL1": 1637,
    "UL2": 64,
    "Time": "11/26/2018 4:08:23 PM",
    "Measures": [
      {
        "devEui": "0018B200000023E6",
        "devAddr": "30014AE9",
        "time": "2018-11-26 16:08:13",
        "payload": "rxllTA6pQv4=",
        "sf": 7,
        "gwEui": "7276FF003903094E",
        "gwName": "K01a",
        "gwRssi": -98,
        "devUplinkCounter": 101
      },
      {
        "devEui": "0018B200000023E6",
        "devAddr": "30014AE9",
        "time": "2018-11-26 16:08:13",
        "payload": "rxllTA6pQv4=",
        "sf": 7,
        "gwEui": "7276FF003903094F",
        "gwName": "F07",
        "gwRssi": -90,
        "devUplinkCounter": 101
      },
      {
        "devEui": "0018B200000023E6",
        "devAddr": "30014AE9",
        "time": "2018-11-26 16:08:13",
        "payload": "rxllTA6pQv4=",
        "sf": 7,
        "gwEui": "7276FF0039030977",
        "gwName": "H06",
        "gwRssi": -108,
        "devUplinkCounter": 101
      }
    ]
  },
  {
    "Floor": "F",
    "Number": 39,
    "UL1": 1638,
    "UL2": 65,
    "Time": "11/26/2018 4:09:11 PM",
    "Measures": [
      {
        "devEui": "0018B200000023E6",
        "devAddr": "30014AE9",
        "time": "2018-11-26 16:08:59",
        "payload": "rxlmTQ6pQ/g=",
        "sf": 7,
        "gwEui": "7276FF003903097D",
        "gwName": "D60",
        "gwRssi": -113,
        "devUplinkCounter": 102
      },
      {
        "devEui": "0018B200000023E6",
        "devAddr": "30014AE9",
        "time": "2018-11-26 16:08:59",
        "payload": "rxlmTQ6pQ/g=",
        "sf": 7,
        "gwEui": "7276FF003903094E",
        "gwName": "K01a",
        "gwRssi": -82,
        "devUplinkCounter": 102
      },
      {
        "devEui": "0018B200000023E6",
        "devAddr": "30014AE9",
        "time": "2018-11-26 16:08:59",
        "payload": "rxlmTQ6pQ/g=",
        "sf": 7,
        "gwEui": "7276FF003903094F",
        "gwName": "F07",
        "gwRssi": -85,
        "devUplinkCounter": 102
      },
      {
        "devEui": "0018B200000023E6",
        "devAddr": "30014AE9",
        "time": "2018-11-26 16:08:59",
        "payload": "rxlmTQ6pQ/g=",
        "sf": 7,
        "gwEui": "7276FF0039030977",
        "gwName": "H06",
        "gwRssi": -98,
        "devUplinkCounter": 102
      },
      {
        "devEui": "0018B200000023E6",
        "devAddr": "30014AE9",
        "time": "2018-11-26 16:09:04",
        "payload": "rxlmTQ6pQ/g=",
        "sf": 7,
        "gwEui": "7276FF0039030977",
        "gwName": "H06",
        "gwRssi": -98,
        "devUplinkCounter": 102
      },
      {
        "devEui": "0018B200000023E6",
        "devAddr": "30014AE9",
        "time": "2018-11-26 16:09:04",
        "payload": "rxlmTQ6pQ/g=",
        "sf": 7,
        "gwEui": "7276FF003903094F",
        "gwName": "F07",
        "gwRssi": -79,
        "devUplinkCounter": 102
      },
      {
        "devEui": "0018B200000023E6",
        "devAddr": "30014AE9",
        "time": "2018-11-26 16:09:04",
        "payload": "rxlmTQ6pQ/g=",
        "sf": 7,
        "gwEui": "7276FF003903097D",
        "gwName": "D60",
        "gwRssi": -111,
        "devUplinkCounter": 102
      },
      {
        "devEui": "0018B200000023E6",
        "devAddr": "30014AE9",
        "time": "2018-11-26 16:09:04",
        "payload": "rxlmTQ6pQ/g=",
        "sf": 7,
        "gwEui": "7276FF003903094E",
        "gwName": "K01a",
        "gwRssi": -81,
        "devUplinkCounter": 102
      }
    ]
  },
  {
    "Floor": "F",
    "Number": 40,
    "UL1": 1640,
    "UL2": 66,
    "Time": "11/26/2018 4:10:02 PM",
    "Measures": [
      {
        "devEui": "0018B200000023E6",
        "devAddr": "30014AE9",
        "time": "2018-11-26 16:09:48",
        "payload": "rxloTg6nPgY=",
        "sf": 7,
        "gwEui": "7276FF003903094F",
        "gwName": "F07",
        "gwRssi": -78,
        "devUplinkCounter": 104
      },
      {
        "devEui": "0018B200000023E6",
        "devAddr": "30014AE9",
        "time": "2018-11-26 16:09:48",
        "payload": "rxloTg6nPgY=",
        "sf": 7,
        "gwEui": "7276FF0039030977",
        "gwName": "H06",
        "gwRssi": -80,
        "devUplinkCounter": 104
      },
      {
        "devEui": "0018B200000023E6",
        "devAddr": "30014AE9",
        "time": "2018-11-26 16:09:48",
        "payload": "rxloTg6nPgY=",
        "sf": 7,
        "gwEui": "7276FF003903094E",
        "gwName": "K01a",
        "gwRssi": -90,
        "devUplinkCounter": 104
      },
      {
        "devEui": "0018B200000023E6",
        "devAddr": "30014AE9",
        "time": "2018-11-26 16:09:53",
        "payload": "rxloTg6nPgY=",
        "sf": 7,
        "gwEui": "7276FF0039030977",
        "gwName": "H06",
        "gwRssi": -80,
        "devUplinkCounter": 104
      },
      {
        "devEui": "0018B200000023E6",
        "devAddr": "30014AE9",
        "time": "2018-11-26 16:09:53",
        "payload": "rxloTg6nPgY=",
        "sf": 7,
        "gwEui": "7276FF003903094E",
        "gwName": "K01a",
        "gwRssi": -92,
        "devUplinkCounter": 104
      },
      {
        "devEui": "0018B200000023E6",
        "devAddr": "30014AE9",
        "time": "2018-11-26 16:09:53",
        "payload": "rxloTg6nPgY=",
        "sf": 7,
        "gwEui": "7276FF003903097D",
        "gwName": "D60",
        "gwRssi": -113,
        "devUplinkCounter": 104
      },
      {
        "devEui": "0018B200000023E6",
        "devAddr": "30014AE9",
        "time": "2018-11-26 16:09:53",
        "payload": "rxloTg6nPgY=",
        "sf": 7,
        "gwEui": "7276FF003903094F",
        "gwName": "F07",
        "gwRssi": -83,
        "devUplinkCounter": 104
      }
    ]
  },
  {
    "Floor": "F",
    "Number": 41,
    "UL1": 1642,
    "UL2": 67,
    "Time": "11/26/2018 4:10:28 PM",
    "Measures": [
      {
        "devEui": "0018B200000023E6",
        "devAddr": "30014AE9",
        "time": "2018-11-26 16:10:20",
        "payload": "rxlqTw6nOQg=",
        "sf": 7,
        "gwEui": "7276FF003903094F",
        "gwName": "F07",
        "gwRssi": -75,
        "devUplinkCounter": 106
      },
      {
        "devEui": "0018B200000023E6",
        "devAddr": "30014AE9",
        "time": "2018-11-26 16:10:20",
        "payload": "rxlqTw6nOQg=",
        "sf": 7,
        "gwEui": "7276FF0039030977",
        "gwName": "H06",
        "gwRssi": -86,
        "devUplinkCounter": 106
      },
      {
        "devEui": "0018B200000023E6",
        "devAddr": "30014AE9",
        "time": "2018-11-26 16:10:20",
        "payload": "rxlqTw6nOQg=",
        "sf": 7,
        "gwEui": "7276FF003903094E",
        "gwName": "K01a",
        "gwRssi": -95,
        "devUplinkCounter": 106
      },
      {
        "devEui": "0018B200000023E6",
        "devAddr": "30014AE9",
        "time": "2018-11-26 16:10:20",
        "payload": "rxlqTw6nOQg=",
        "sf": 7,
        "gwEui": "7276FF003903097D",
        "gwName": "D60",
        "gwRssi": -107,
        "devUplinkCounter": 106
      }
    ]
  },
  {
    "Floor": "F",
    "Number": 42,
    "UL1": 1643,
    "UL2": 68,
    "Time": "11/26/2018 4:11:10 PM",
    "Measures": [
      {
        "devEui": "0018B200000023E6",
        "devAddr": "30014AE9",
        "time": "2018-11-26 16:11:00",
        "payload": "rxlrUA6nNgI=",
        "sf": 7,
        "gwEui": "7276FF003903097D",
        "gwName": "D60",
        "gwRssi": -108,
        "devUplinkCounter": 107
      },
      {
        "devEui": "0018B200000023E6",
        "devAddr": "30014AE9",
        "time": "2018-11-26 16:11:00",
        "payload": "rxlrUA6nNgI=",
        "sf": 7,
        "gwEui": "7276FF0039030977",
        "gwName": "H06",
        "gwRssi": -92,
        "devUplinkCounter": 107
      },
      {
        "devEui": "0018B200000023E6",
        "devAddr": "30014AE9",
        "time": "2018-11-26 16:11:00",
        "payload": "rxlrUA6nNgI=",
        "sf": 7,
        "gwEui": "7276FF003903094E",
        "gwName": "K01a",
        "gwRssi": -100,
        "devUplinkCounter": 107
      },
      {
        "devEui": "0018B200000023E6",
        "devAddr": "30014AE9",
        "time": "2018-11-26 16:11:00",
        "payload": "rxlrUA6nNgI=",
        "sf": 7,
        "gwEui": "7276FF003903094F",
        "gwName": "F07",
        "gwRssi": -70,
        "devUplinkCounter": 107
      }
    ]
  },
  {
    "Floor": "F",
    "Number": 43,
    "UL1": 1644,
    "UL2": 69,
    "Time": "11/26/2018 4:11:31 PM",
    "Measures": [
      {
        "devEui": "0018B200000023E6",
        "devAddr": "30014AE9",
        "time": "2018-11-26 16:11:24",
        "payload": "rxlsUQ6nNgY=",
        "sf": 7,
        "gwEui": "7276FF0039030977",
        "gwName": "H06",
        "gwRssi": -98,
        "devUplinkCounter": 108
      },
      {
        "devEui": "0018B200000023E6",
        "devAddr": "30014AE9",
        "time": "2018-11-26 16:11:24",
        "payload": "rxlsUQ6nNgY=",
        "sf": 7,
        "gwEui": "7276FF003903094E",
        "gwName": "K01a",
        "gwRssi": -108,
        "devUplinkCounter": 108
      },
      {
        "devEui": "0018B200000023E6",
        "devAddr": "30014AE9",
        "time": "2018-11-26 16:11:24",
        "payload": "rxlsUQ6nNgY=",
        "sf": 7,
        "gwEui": "7276FF003903094F",
        "gwName": "F07",
        "gwRssi": -73,
        "devUplinkCounter": 108
      }
    ]
  }
]