﻿[
  {
    "Floor": "F",
    "Number": 10,
    "UL1": 1605,
    "UL2": 39,
    "Time": "11/26/2018 3:31:23 PM",
    "Measures": [
      {
        "devEui": "0018B200000023D8",
        "devAddr": "30014ACC",
        "time": "2018-11-26 15:31:15",
        "payload": "rxknGRAGTQc=",
        "sf": 12,
        "gwEui": "7276FF0039030977",
        "gwName": "H06",
        "gwRssi": -102,
        "devUplinkCounter": 39
      },
      {
        "devEui": "0018B200000023D8",
        "devAddr": "30014ACC",
        "time": "2018-11-26 15:31:15",
        "payload": "rxknGRAGTQc=",
        "sf": 12,
        "gwEui": "7276FF003903094F",
        "gwName": "F07",
        "gwRssi": -86,
        "devUplinkCounter": 39
      },
      {
        "devEui": "0018B200000023D8",
        "devAddr": "30014ACC",
        "time": "2018-11-26 15:31:15",
        "payload": "rxknGRAGTQc=",
        "sf": 12,
        "gwEui": "7276FF003903094E",
        "gwName": "K01a",
        "gwRssi": -108,
        "devUplinkCounter": 39
      }
    ]
  },
  {
    "Floor": "F",
    "Number": 11,
    "UL1": 1606,
    "UL2": 40,
    "Time": "11/26/2018 3:31:50 PM",
    "Measures": [
      {
        "devEui": "0018B200000023D8",
        "devAddr": "30014ACC",
        "time": "2018-11-26 15:31:35",
        "payload": "rxkoGhAFRQc=",
        "sf": 12,
        "gwEui": "7276FF003903097C",
        "gwName": "C22",
        "gwRssi": -106,
        "devUplinkCounter": 40
      },
      {
        "devEui": "0018B200000023D8",
        "devAddr": "30014ACC",
        "time": "2018-11-26 15:31:35",
        "payload": "rxkoGhAFRQc=",
        "sf": 12,
        "gwEui": "7276FF003903094E",
        "gwName": "K01a",
        "gwRssi": -106,
        "devUplinkCounter": 40
      },
      {
        "devEui": "0018B200000023D8",
        "devAddr": "30014ACC",
        "time": "2018-11-26 15:31:35",
        "payload": "rxkoGhAFRQc=",
        "sf": 12,
        "gwEui": "7276FF003903097D",
        "gwName": "D60",
        "gwRssi": -114,
        "devUplinkCounter": 40
      },
      {
        "devEui": "0018B200000023D8",
        "devAddr": "30014ACC",
        "time": "2018-11-26 15:31:35",
        "payload": "rxkoGhAFRQc=",
        "sf": 12,
        "gwEui": "7276FF003903094F",
        "gwName": "F07",
        "gwRssi": -89,
        "devUplinkCounter": 40
      },
      {
        "devEui": "0018B200000023D8",
        "devAddr": "30014ACC",
        "time": "2018-11-26 15:31:35",
        "payload": "rxkoGhAFRQc=",
        "sf": 12,
        "gwEui": "7276FF0039030977",
        "gwName": "H06",
        "gwRssi": -98,
        "devUplinkCounter": 40
      }
    ]
  },
  {
    "Floor": "F",
    "Number": 12,
    "UL1": 1609,
    "UL2": 41,
    "Time": "11/26/2018 3:32:17 PM",
    "Measures": [
      {
        "devEui": "0018B200000023D8",
        "devAddr": "30014ACC",
        "time": "2018-11-26 15:32:04",
        "payload": "rxkpGxAGTQc=",
        "sf": 12,
        "gwEui": "7276FF003903094F",
        "gwName": "F07",
        "gwRssi": -89,
        "devUplinkCounter": 41
      },
      {
        "devEui": "0018B200000023D8",
        "devAddr": "30014ACC",
        "time": "2018-11-26 15:32:04",
        "payload": "rxkpGxAGTQc=",
        "sf": 12,
        "gwEui": "7276FF003903097C",
        "gwName": "C22",
        "gwRssi": -107,
        "devUplinkCounter": 41
      },
      {
        "devEui": "0018B200000023D8",
        "devAddr": "30014ACC",
        "time": "2018-11-26 15:32:04",
        "payload": "rxkpGxAGTQc=",
        "sf": 12,
        "gwEui": "7276FF00390309F5",
        "gwName": "A02b",
        "gwRssi": -119,
        "devUplinkCounter": 41
      },
      {
        "devEui": "0018B200000023D8",
        "devAddr": "30014ACC",
        "time": "2018-11-26 15:32:04",
        "payload": "rxkpGxAGTQc=",
        "sf": 12,
        "gwEui": "7276FF003903097D",
        "gwName": "D60",
        "gwRssi": -114,
        "devUplinkCounter": 41
      },
      {
        "devEui": "0018B200000023D8",
        "devAddr": "30014ACC",
        "time": "2018-11-26 15:32:04",
        "payload": "rxkpGxAGTQc=",
        "sf": 12,
        "gwEui": "7276FF0039030977",
        "gwName": "H06",
        "gwRssi": -99,
        "devUplinkCounter": 41
      },
      {
        "devEui": "0018B200000023D8",
        "devAddr": "30014ACC",
        "time": "2018-11-26 15:32:04",
        "payload": "rxkpGxAGTQc=",
        "sf": 12,
        "gwEui": "7276FF003903094E",
        "gwName": "K01a",
        "gwRssi": -108,
        "devUplinkCounter": 41
      }
    ]
  },
  {
    "Floor": "F",
    "Number": 13,
    "UL1": 1610,
    "UL2": 42,
    "Time": "11/26/2018 3:32:46 PM",
    "Measures": [
      {
        "devEui": "0018B200000023D8",
        "devAddr": "30014ACC",
        "time": "2018-11-26 15:32:25",
        "payload": "zxkqHBAKQAY=",
        "sf": 12,
        "gwEui": "7276FF0039030977",
        "gwName": "H06",
        "gwRssi": -106,
        "devUplinkCounter": 42
      },
      {
        "devEui": "0018B200000023D8",
        "devAddr": "30014ACC",
        "time": "2018-11-26 15:32:25",
        "payload": "zxkqHBAKQAY=",
        "sf": 12,
        "gwEui": "7276FF003903094E",
        "gwName": "K01a",
        "gwRssi": -108,
        "devUplinkCounter": 42
      },
      {
        "devEui": "0018B200000023D8",
        "devAddr": "30014ACC",
        "time": "2018-11-26 15:32:25",
        "payload": "zxkqHBAKQAY=",
        "sf": 12,
        "gwEui": "7276FF003903094F",
        "gwName": "F07",
        "gwRssi": -79,
        "devUplinkCounter": 42
      },
      {
        "devEui": "0018B200000023D8",
        "devAddr": "30014ACC",
        "time": "2018-11-26 15:32:25",
        "payload": "zxkqHBAKQAY=",
        "sf": 12,
        "gwEui": "7276FF003903097D",
        "gwName": "D60",
        "gwRssi": -113,
        "devUplinkCounter": 42
      }
    ]
  },
  {
    "Floor": "F",
    "Number": 14,
    "UL1": 1611,
    "UL2": 43,
    "Time": "11/26/2018 3:33:07 PM",
    "Measures": [
      {
        "devEui": "0018B200000023D8",
        "devAddr": "30014ACC",
        "time": "2018-11-26 15:32:31",
        "payload": "rxkrHRAFTgU=",
        "sf": 12,
        "gwEui": "7276FF003903094F",
        "gwName": "F07",
        "gwRssi": -89,
        "devUplinkCounter": 43
      },
      {
        "devEui": "0018B200000023D8",
        "devAddr": "30014ACC",
        "time": "2018-11-26 15:32:31",
        "payload": "rxkrHRAFTgU=",
        "sf": 12,
        "gwEui": "7276FF0039030977",
        "gwName": "H06",
        "gwRssi": -101,
        "devUplinkCounter": 43
      },
      {
        "devEui": "0018B200000023D8",
        "devAddr": "30014ACC",
        "time": "2018-11-26 15:32:31",
        "payload": "rxkrHRAFTgU=",
        "sf": 12,
        "gwEui": "7276FF003903094E",
        "gwName": "K01a",
        "gwRssi": -107,
        "devUplinkCounter": 43
      },
      {
        "devEui": "0018B200000023D8",
        "devAddr": "30014ACC",
        "time": "2018-11-26 15:32:31",
        "payload": "rxkrHRAFTgU=",
        "sf": 12,
        "gwEui": "7276FF003903097C",
        "gwName": "C22",
        "gwRssi": -112,
        "devUplinkCounter": 43
      },
      {
        "devEui": "0018B200000023D8",
        "devAddr": "30014ACC",
        "time": "2018-11-26 15:32:31",
        "payload": "rxkrHRAFTgU=",
        "sf": 12,
        "gwEui": "7276FF003903097D",
        "gwName": "D60",
        "gwRssi": -114,
        "devUplinkCounter": 43
      }
    ]
  },
  {
    "Floor": "F",
    "Number": 21,
    "UL1": 1613,
    "UL2": 46,
    "Time": "11/26/2018 3:35:48 PM",
    "Measures": [
      {
        "devEui": "0018B200000023D8",
        "devAddr": "30014ACC",
        "time": "2018-11-26 15:35:39",
        "payload": "rxkuIBADTwY=",
        "sf": 12,
        "gwEui": "7276FF003903094E",
        "gwName": "K01a",
        "gwRssi": -105,
        "devUplinkCounter": 46
      },
      {
        "devEui": "0018B200000023D8",
        "devAddr": "30014ACC",
        "time": "2018-11-26 15:35:39",
        "payload": "rxkuIBADTwY=",
        "sf": 12,
        "gwEui": "7276FF003903094F",
        "gwName": "F07",
        "gwRssi": -103,
        "devUplinkCounter": 46
      },
      {
        "devEui": "0018B200000023D8",
        "devAddr": "30014ACC",
        "time": "2018-11-26 15:35:39",
        "payload": "rxkuIBADTwY=",
        "sf": 12,
        "gwEui": "7276FF0039030977",
        "gwName": "H06",
        "gwRssi": -108,
        "devUplinkCounter": 46
      },
      {
        "devEui": "0018B200000023D8",
        "devAddr": "30014ACC",
        "time": "2018-11-26 15:35:39",
        "payload": "rxkuIBADTwY=",
        "sf": 12,
        "gwEui": "7276FF003903097D",
        "gwName": "D60",
        "gwRssi": -113,
        "devUplinkCounter": 46
      }
    ]
  },
  {
    "Floor": "F",
    "Number": 22,
    "UL1": 1615,
    "UL2": 47,
    "Time": "11/26/2018 3:36:14 PM",
    "Measures": [
      {
        "devEui": "0018B200000023D8",
        "devAddr": "30014ACC",
        "time": "2018-11-26 15:36:07",
        "payload": "rxovIRADTAc=",
        "sf": 12,
        "gwEui": "7276FF0039030977",
        "gwName": "H06",
        "gwRssi": -90,
        "devUplinkCounter": 47
      },
      {
        "devEui": "0018B200000023D8",
        "devAddr": "30014ACC",
        "time": "2018-11-26 15:36:07",
        "payload": "rxovIRADTAc=",
        "sf": 12,
        "gwEui": "7276FF003903097D",
        "gwName": "D60",
        "gwRssi": -113,
        "devUplinkCounter": 47
      },
      {
        "devEui": "0018B200000023D8",
        "devAddr": "30014ACC",
        "time": "2018-11-26 15:36:07",
        "payload": "rxovIRADTAc=",
        "sf": 12,
        "gwEui": "7276FF003903094F",
        "gwName": "F07",
        "gwRssi": -101,
        "devUplinkCounter": 47
      },
      {
        "devEui": "0018B200000023D8",
        "devAddr": "30014ACC",
        "time": "2018-11-26 15:36:07",
        "payload": "rxovIRADTAc=",
        "sf": 12,
        "gwEui": "7276FF003903094E",
        "gwName": "K01a",
        "gwRssi": -84,
        "devUplinkCounter": 47
      }
    ]
  },
  {
    "Floor": "F",
    "Number": 23,
    "UL1": 1616,
    "UL2": 48,
    "Time": "11/26/2018 3:36:37 PM",
    "Measures": [
      {
        "devEui": "0018B200000023D8",
        "devAddr": "30014ACC",
        "time": "2018-11-26 15:36:24",
        "payload": "rxowIhACUgc=",
        "sf": 12,
        "gwEui": "7276FF003903094F",
        "gwName": "F07",
        "gwRssi": -102,
        "devUplinkCounter": 48
      },
      {
        "devEui": "0018B200000023D8",
        "devAddr": "30014ACC",
        "time": "2018-11-26 15:36:24",
        "payload": "rxowIhACUgc=",
        "sf": 12,
        "gwEui": "7276FF0039030977",
        "gwName": "H06",
        "gwRssi": -99,
        "devUplinkCounter": 48
      },
      {
        "devEui": "0018B200000023D8",
        "devAddr": "30014ACC",
        "time": "2018-11-26 15:36:24",
        "payload": "rxowIhACUgc=",
        "sf": 12,
        "gwEui": "7276FF003903094E",
        "gwName": "K01a",
        "gwRssi": -90,
        "devUplinkCounter": 48
      },
      {
        "devEui": "0018B200000023D8",
        "devAddr": "30014ACC",
        "time": "2018-11-26 15:36:24",
        "payload": "rxowIhACUgc=",
        "sf": 12,
        "gwEui": "7276FF003903097D",
        "gwName": "D60",
        "gwRssi": -116,
        "devUplinkCounter": 48
      }
    ]
  },
  {
    "Floor": "F",
    "Number": 24,
    "UL1": 1617,
    "UL2": 50,
    "Time": "11/26/2018 3:37:15 PM",
    "Measures": [
      {
        "devEui": "0018B200000023D8",
        "devAddr": "30014ACC",
        "time": "2018-11-26 15:37:04",
        "payload": "rxoyJBACRwY=",
        "sf": 12,
        "gwEui": "7276FF003903094F",
        "gwName": "F07",
        "gwRssi": -107,
        "devUplinkCounter": 50
      },
      {
        "devEui": "0018B200000023D8",
        "devAddr": "30014ACC",
        "time": "2018-11-26 15:37:04",
        "payload": "rxoyJBACRwY=",
        "sf": 12,
        "gwEui": "7276FF0039030977",
        "gwName": "H06",
        "gwRssi": -96,
        "devUplinkCounter": 50
      },
      {
        "devEui": "0018B200000023D8",
        "devAddr": "30014ACC",
        "time": "2018-11-26 15:37:04",
        "payload": "rxoyJBACRwY=",
        "sf": 12,
        "gwEui": "7276FF003903094E",
        "gwName": "K01a",
        "gwRssi": -88,
        "devUplinkCounter": 50
      }
    ]
  },
  {
    "Floor": "F",
    "Number": 25,
    "UL1": 1618,
    "UL2": 51,
    "Time": "11/26/2018 3:37:29 PM",
    "Measures": [
      {
        "devEui": "0018B200000023D8",
        "devAddr": "30014ACC",
        "time": "2018-11-26 15:37:25",
        "payload": "rxozJRABWQU=",
        "sf": 12,
        "gwEui": "7276FF003903094F",
        "gwName": "F07",
        "gwRssi": -102,
        "devUplinkCounter": 51
      },
      {
        "devEui": "0018B200000023D8",
        "devAddr": "30014ACC",
        "time": "2018-11-26 15:37:25",
        "payload": "rxozJRABWQU=",
        "sf": 12,
        "gwEui": "7276FF003903094E",
        "gwName": "K01a",
        "gwRssi": -80,
        "devUplinkCounter": 51
      },
      {
        "devEui": "0018B200000023D8",
        "devAddr": "30014ACC",
        "time": "2018-11-26 15:37:25",
        "payload": "rxozJRABWQU=",
        "sf": 12,
        "gwEui": "7276FF0039030977",
        "gwName": "H06",
        "gwRssi": -101,
        "devUplinkCounter": 51
      }
    ]
  },
  {
    "Floor": "F",
    "Number": 26,
    "UL1": 1619,
    "UL2": 52,
    "Time": "11/26/2018 3:37:42 PM",
    "Measures": [
      {
        "devEui": "0018B200000023D8",
        "devAddr": "30014ACC",
        "time": "2018-11-26 15:37:37",
        "payload": "rxo0JhABUQU=",
        "sf": 12,
        "gwEui": "7276FF0039030977",
        "gwName": "H06",
        "gwRssi": -103,
        "devUplinkCounter": 52
      },
      {
        "devEui": "0018B200000023D8",
        "devAddr": "30014ACC",
        "time": "2018-11-26 15:37:37",
        "payload": "rxo0JhABUQU=",
        "sf": 12,
        "gwEui": "7276FF003903094F",
        "gwName": "F07",
        "gwRssi": -108,
        "devUplinkCounter": 52
      },
      {
        "devEui": "0018B200000023D8",
        "devAddr": "30014ACC",
        "time": "2018-11-26 15:37:37",
        "payload": "rxo0JhABUQU=",
        "sf": 12,
        "gwEui": "7276FF003903094E",
        "gwName": "K01a",
        "gwRssi": -80,
        "devUplinkCounter": 52
      }
    ]
  },
  {
    "Floor": "F",
    "Number": 27,
    "UL1": 1621,
    "UL2": 53,
    "Time": "11/26/2018 3:38:04 PM",
    "Measures": [
      {
        "devEui": "0018B200000023D8",
        "devAddr": "30014ACC",
        "time": "2018-11-26 15:37:59",
        "payload": "rxo1JxACSwY=",
        "sf": 12,
        "gwEui": "7276FF0039030977",
        "gwName": "H06",
        "gwRssi": -96,
        "devUplinkCounter": 53
      },
      {
        "devEui": "0018B200000023D8",
        "devAddr": "30014ACC",
        "time": "2018-11-26 15:37:59",
        "payload": "rxo1JxACSwY=",
        "sf": 12,
        "gwEui": "7276FF003903094F",
        "gwName": "F07",
        "gwRssi": -106,
        "devUplinkCounter": 53
      },
      {
        "devEui": "0018B200000023D8",
        "devAddr": "30014ACC",
        "time": "2018-11-26 15:37:59",
        "payload": "rxo1JxACSwY=",
        "sf": 12,
        "gwEui": "7276FF003903094E",
        "gwName": "K01a",
        "gwRssi": -84,
        "devUplinkCounter": 53
      }
    ]
  },
  {
    "Floor": "F",
    "Number": 28,
    "UL1": 1622,
    "UL2": 54,
    "Time": "11/26/2018 3:38:19 PM",
    "Measures": [
      {
        "devEui": "0018B200000023D8",
        "devAddr": "30014ACC",
        "time": "2018-11-26 15:38:15",
        "payload": "rxo2KBABUwI=",
        "sf": 12,
        "gwEui": "7276FF003903097D",
        "gwName": "D60",
        "gwRssi": -112,
        "devUplinkCounter": 54
      },
      {
        "devEui": "0018B200000023D8",
        "devAddr": "30014ACC",
        "time": "2018-11-26 15:38:15",
        "payload": "rxo2KBABUwI=",
        "sf": 12,
        "gwEui": "7276FF0039030977",
        "gwName": "H06",
        "gwRssi": -95,
        "devUplinkCounter": 54
      },
      {
        "devEui": "0018B200000023D8",
        "devAddr": "30014ACC",
        "time": "2018-11-26 15:38:15",
        "payload": "rxo2KBABUwI=",
        "sf": 12,
        "gwEui": "7276FF003903094E",
        "gwName": "K01a",
        "gwRssi": -94,
        "devUplinkCounter": 54
      },
      {
        "devEui": "0018B200000023D8",
        "devAddr": "30014ACC",
        "time": "2018-11-26 15:38:15",
        "payload": "rxo2KBABUwI=",
        "sf": 12,
        "gwEui": "7276FF003903094F",
        "gwName": "F07",
        "gwRssi": -102,
        "devUplinkCounter": 54
      }
    ]
  },
  {
    "Floor": "F",
    "Number": 29,
    "UL1": 1623,
    "UL2": 55,
    "Time": "11/26/2018 3:39:20 PM",
    "Measures": [
      {
        "devEui": "0018B200000023D8",
        "devAddr": "30014ACC",
        "time": "2018-11-26 15:39:12",
        "payload": "rxo3KRABTwQ=",
        "sf": 12,
        "gwEui": "7276FF003903097D",
        "gwName": "D60",
        "gwRssi": -116,
        "devUplinkCounter": 55
      },
      {
        "devEui": "0018B200000023D8",
        "devAddr": "30014ACC",
        "time": "2018-11-26 15:39:12",
        "payload": "rxo3KRABTwQ=",
        "sf": 12,
        "gwEui": "7276FF003903094E",
        "gwName": "K01a",
        "gwRssi": -85,
        "devUplinkCounter": 55
      },
      {
        "devEui": "0018B200000023D8",
        "devAddr": "30014ACC",
        "time": "2018-11-26 15:39:12",
        "payload": "rxo3KRABTwQ=",
        "sf": 12,
        "gwEui": "7276FF0039030977",
        "gwName": "H06",
        "gwRssi": -100,
        "devUplinkCounter": 55
      }
    ]
  },
  {
    "Floor": "F",
    "Number": 30,
    "UL1": 1624,
    "UL2": 56,
    "Time": "11/26/2018 4:03:14 PM",
    "Measures": [
      {
        "devEui": "0018B200000023D8",
        "devAddr": "30014ACC",
        "time": "2018-11-26 16:03:05",
        "payload": "rxw4Kg/4VQY=",
        "sf": 12,
        "gwEui": "7276FF0039030977",
        "gwName": "H06",
        "gwRssi": -105,
        "devUplinkCounter": 56
      },
      {
        "devEui": "0018B200000023D8",
        "devAddr": "30014ACC",
        "time": "2018-11-26 16:03:05",
        "payload": "rxw4Kg/4VQY=",
        "sf": 12,
        "gwEui": "7276FF003903094E",
        "gwName": "K01a",
        "gwRssi": -78,
        "devUplinkCounter": 56
      },
      {
        "devEui": "0018B200000023D8",
        "devAddr": "30014ACC",
        "time": "2018-11-26 16:03:05",
        "payload": "rxw4Kg/4VQY=",
        "sf": 12,
        "gwEui": "7276FF003903097D",
        "gwName": "D60",
        "gwRssi": -112,
        "devUplinkCounter": 56
      }
    ]
  },
  {
    "Floor": "F",
    "Number": 32,
    "UL1": 1625,
    "UL2": 57,
    "Time": "11/26/2018 4:03:36 PM",
    "Measures": [
      {
        "devEui": "0018B200000023D8",
        "devAddr": "30014ACC",
        "time": "2018-11-26 16:03:29",
        "payload": "rxw5Kw/2TwY=",
        "sf": 12,
        "gwEui": "7276FF0039030977",
        "gwName": "H06",
        "gwRssi": -107,
        "devUplinkCounter": 57
      },
      {
        "devEui": "0018B200000023D8",
        "devAddr": "30014ACC",
        "time": "2018-11-26 16:03:29",
        "payload": "rxw5Kw/2TwY=",
        "sf": 12,
        "gwEui": "7276FF003903097D",
        "gwName": "D60",
        "gwRssi": -105,
        "devUplinkCounter": 57
      },
      {
        "devEui": "0018B200000023D8",
        "devAddr": "30014ACC",
        "time": "2018-11-26 16:03:29",
        "payload": "rxw5Kw/2TwY=",
        "sf": 12,
        "gwEui": "7276FF003903094E",
        "gwName": "K01a",
        "gwRssi": -74,
        "devUplinkCounter": 57
      },
      {
        "devEui": "0018B200000023D8",
        "devAddr": "30014ACC",
        "time": "2018-11-26 16:03:29",
        "payload": "rxw5Kw/2TwY=",
        "sf": 12,
        "gwEui": "7276FF003903094F",
        "gwName": "F07",
        "gwRssi": -106,
        "devUplinkCounter": 57
      }
    ]
  },
  {
    "Floor": "F",
    "Number": 31,
    "UL1": 1626,
    "UL2": 58,
    "Time": "11/26/2018 4:04:08 PM",
    "Measures": [
      {
        "devEui": "0018B200000023D8",
        "devAddr": "30014ACC",
        "time": "2018-11-26 16:03:55",
        "payload": "rxw6LA/3TgY=",
        "sf": 12,
        "gwEui": "7276FF003903097D",
        "gwName": "D60",
        "gwRssi": -111,
        "devUplinkCounter": 58
      },
      {
        "devEui": "0018B200000023D8",
        "devAddr": "30014ACC",
        "time": "2018-11-26 16:03:55",
        "payload": "rxw6LA/3TgY=",
        "sf": 12,
        "gwEui": "7276FF003903094E",
        "gwName": "K01a",
        "gwRssi": -95,
        "devUplinkCounter": 58
      },
      {
        "devEui": "0018B200000023D8",
        "devAddr": "30014ACC",
        "time": "2018-11-26 16:03:55",
        "payload": "rxw6LA/3TgY=",
        "sf": 12,
        "gwEui": "7276FF003903094F",
        "gwName": "F07",
        "gwRssi": -108,
        "devUplinkCounter": 58
      },
      {
        "devEui": "0018B200000023D8",
        "devAddr": "30014ACC",
        "time": "2018-11-26 16:03:55",
        "payload": "rxw6LA/3TgY=",
        "sf": 12,
        "gwEui": "7276FF0039030977",
        "gwName": "H06",
        "gwRssi": -112,
        "devUplinkCounter": 58
      }
    ]
  },
  {
    "Floor": "F",
    "Number": 33,
    "UL1": 1627,
    "UL2": 59,
    "Time": "11/26/2018 4:04:59 PM",
    "Measures": [
      {
        "devEui": "0018B200000023D8",
        "devAddr": "30014ACC",
        "time": "2018-11-26 16:04:49",
        "payload": "rxw7LQ/2ZgQ=",
        "sf": 12,
        "gwEui": "7276FF003903094E",
        "gwName": "K01a",
        "gwRssi": -86,
        "devUplinkCounter": 59
      },
      {
        "devEui": "0018B200000023D8",
        "devAddr": "30014ACC",
        "time": "2018-11-26 16:04:49",
        "payload": "rxw7LQ/2ZgQ=",
        "sf": 12,
        "gwEui": "7276FF003903094F",
        "gwName": "F07",
        "gwRssi": -97,
        "devUplinkCounter": 59
      },
      {
        "devEui": "0018B200000023D8",
        "devAddr": "30014ACC",
        "time": "2018-11-26 16:04:49",
        "payload": "rxw7LQ/2ZgQ=",
        "sf": 12,
        "gwEui": "7276FF0039030977",
        "gwName": "H06",
        "gwRssi": -110,
        "devUplinkCounter": 59
      },
      {
        "devEui": "0018B200000023D8",
        "devAddr": "30014ACC",
        "time": "2018-11-26 16:04:49",
        "payload": "rxw7LQ/2ZgQ=",
        "sf": 12,
        "gwEui": "7276FF003903097D",
        "gwName": "D60",
        "gwRssi": -112,
        "devUplinkCounter": 59
      }
    ]
  },
  {
    "Floor": "F",
    "Number": 34,
    "UL1": 1631,
    "UL2": 60,
    "Time": "11/26/2018 4:06:30 PM",
    "Measures": [
      {
        "devEui": "0018B200000023D8",
        "devAddr": "30014ACC",
        "time": "2018-11-26 16:06:22",
        "payload": "rxw8Lg/2VAU=",
        "sf": 12,
        "gwEui": "7276FF003903097D",
        "gwName": "D60",
        "gwRssi": -99,
        "devUplinkCounter": 60
      },
      {
        "devEui": "0018B200000023D8",
        "devAddr": "30014ACC",
        "time": "2018-11-26 16:06:22",
        "payload": "rxw8Lg/2VAU=",
        "sf": 12,
        "gwEui": "7276FF003903094F",
        "gwName": "F07",
        "gwRssi": -73,
        "devUplinkCounter": 60
      },
      {
        "devEui": "0018B200000023D8",
        "devAddr": "30014ACC",
        "time": "2018-11-26 16:06:22",
        "payload": "rxw8Lg/2VAU=",
        "sf": 12,
        "gwEui": "7276FF0039030977",
        "gwName": "H06",
        "gwRssi": -101,
        "devUplinkCounter": 60
      },
      {
        "devEui": "0018B200000023D8",
        "devAddr": "30014ACC",
        "time": "2018-11-26 16:06:22",
        "payload": "rxw8Lg/2VAU=",
        "sf": 12,
        "gwEui": "7276FF003903094E",
        "gwName": "K01a",
        "gwRssi": -90,
        "devUplinkCounter": 60
      },
      {
        "devEui": "0018B200000023D8",
        "devAddr": "30014ACC",
        "time": "2018-11-26 16:06:22",
        "payload": "rxw8Lg/2VAU=",
        "sf": 12,
        "gwEui": "7276FF00390309F5",
        "gwName": "A02b",
        "gwRssi": -119,
        "devUplinkCounter": 60
      }
    ]
  },
  {
    "Floor": "F",
    "Number": 35,
    "UL1": 1632,
    "UL2": 61,
    "Time": "11/26/2018 4:06:52 PM",
    "Measures": [
      {
        "devEui": "0018B200000023D8",
        "devAddr": "30014ACC",
        "time": "2018-11-26 16:06:44",
        "payload": "rxs9Lw/3QQc=",
        "sf": 12,
        "gwEui": "7276FF0039030977",
        "gwName": "H06",
        "gwRssi": -93,
        "devUplinkCounter": 61
      },
      {
        "devEui": "0018B200000023D8",
        "devAddr": "30014ACC",
        "time": "2018-11-26 16:06:44",
        "payload": "rxs9Lw/3QQc=",
        "sf": 12,
        "gwEui": "7276FF003903097D",
        "gwName": "D60",
        "gwRssi": -106,
        "devUplinkCounter": 61
      },
      {
        "devEui": "0018B200000023D8",
        "devAddr": "30014ACC",
        "time": "2018-11-26 16:06:44",
        "payload": "rxs9Lw/3QQc=",
        "sf": 12,
        "gwEui": "7276FF003903094F",
        "gwName": "F07",
        "gwRssi": -75,
        "devUplinkCounter": 61
      },
      {
        "devEui": "0018B200000023D8",
        "devAddr": "30014ACC",
        "time": "2018-11-26 16:06:44",
        "payload": "rxs9Lw/3QQc=",
        "sf": 12,
        "gwEui": "7276FF003903094E",
        "gwName": "K01a",
        "gwRssi": -94,
        "devUplinkCounter": 61
      }
    ]
  },
  {
    "Floor": "F",
    "Number": 36,
    "UL1": 1634,
    "UL2": 62,
    "Time": "11/26/2018 4:07:22 PM",
    "Measures": [
      {
        "devEui": "0018B200000023D8",
        "devAddr": "30014ACC",
        "time": "2018-11-26 16:07:12",
        "payload": "rxs+MA/1RAY=",
        "sf": 12,
        "gwEui": "7276FF003903094F",
        "gwName": "F07",
        "gwRssi": -84,
        "devUplinkCounter": 62
      },
      {
        "devEui": "0018B200000023D8",
        "devAddr": "30014ACC",
        "time": "2018-11-26 16:07:12",
        "payload": "rxs+MA/1RAY=",
        "sf": 12,
        "gwEui": "7276FF0039030977",
        "gwName": "H06",
        "gwRssi": -98,
        "devUplinkCounter": 62
      },
      {
        "devEui": "0018B200000023D8",
        "devAddr": "30014ACC",
        "time": "2018-11-26 16:07:12",
        "payload": "rxs+MA/1RAY=",
        "sf": 12,
        "gwEui": "7276FF003903097D",
        "gwName": "D60",
        "gwRssi": -114,
        "devUplinkCounter": 62
      },
      {
        "devEui": "0018B200000023D8",
        "devAddr": "30014ACC",
        "time": "2018-11-26 16:07:12",
        "payload": "rxs+MA/1RAY=",
        "sf": 12,
        "gwEui": "7276FF003903094E",
        "gwName": "K01a",
        "gwRssi": -96,
        "devUplinkCounter": 62
      }
    ]
  },
  {
    "Floor": "F",
    "Number": 37,
    "UL1": 1636,
    "UL2": 63,
    "Time": "11/26/2018 4:07:49 PM",
    "Measures": [
      {
        "devEui": "0018B200000023D8",
        "devAddr": "30014ACC",
        "time": "2018-11-26 16:07:36",
        "payload": "rxs/MQ/3SAY=",
        "sf": 12,
        "gwEui": "7276FF003903097D",
        "gwName": "D60",
        "gwRssi": -110,
        "devUplinkCounter": 63
      },
      {
        "devEui": "0018B200000023D8",
        "devAddr": "30014ACC",
        "time": "2018-11-26 16:07:36",
        "payload": "rxs/MQ/3SAY=",
        "sf": 12,
        "gwEui": "7276FF003903094F",
        "gwName": "F07",
        "gwRssi": -88,
        "devUplinkCounter": 63
      },
      {
        "devEui": "0018B200000023D8",
        "devAddr": "30014ACC",
        "time": "2018-11-26 16:07:36",
        "payload": "rxs/MQ/3SAY=",
        "sf": 12,
        "gwEui": "7276FF003903094E",
        "gwName": "K01a",
        "gwRssi": -84,
        "devUplinkCounter": 63
      },
      {
        "devEui": "0018B200000023D8",
        "devAddr": "30014ACC",
        "time": "2018-11-26 16:07:36",
        "payload": "rxs/MQ/3SAY=",
        "sf": 12,
        "gwEui": "7276FF0039030977",
        "gwName": "H06",
        "gwRssi": -99,
        "devUplinkCounter": 63
      }
    ]
  },
  {
    "Floor": "F",
    "Number": 38,
    "UL1": 1637,
    "UL2": 64,
    "Time": "11/26/2018 4:08:23 PM",
    "Measures": [
      {
        "devEui": "0018B200000023D8",
        "devAddr": "30014ACC",
        "time": "2018-11-26 16:08:15",
        "payload": "rxxAMg/2RwY=",
        "sf": 12,
        "gwEui": "7276FF003903097D",
        "gwName": "D60",
        "gwRssi": -113,
        "devUplinkCounter": 64
      },
      {
        "devEui": "0018B200000023D8",
        "devAddr": "30014ACC",
        "time": "2018-11-26 16:08:15",
        "payload": "rxxAMg/2RwY=",
        "sf": 12,
        "gwEui": "7276FF003903094E",
        "gwName": "K01a",
        "gwRssi": -94,
        "devUplinkCounter": 64
      },
      {
        "devEui": "0018B200000023D8",
        "devAddr": "30014ACC",
        "time": "2018-11-26 16:08:15",
        "payload": "rxxAMg/2RwY=",
        "sf": 12,
        "gwEui": "7276FF0039030977",
        "gwName": "H06",
        "gwRssi": -98,
        "devUplinkCounter": 64
      },
      {
        "devEui": "0018B200000023D8",
        "devAddr": "30014ACC",
        "time": "2018-11-26 16:08:15",
        "payload": "rxxAMg/2RwY=",
        "sf": 12,
        "gwEui": "7276FF003903094F",
        "gwName": "F07",
        "gwRssi": -84,
        "devUplinkCounter": 64
      }
    ]
  },
  {
    "Floor": "F",
    "Number": 39,
    "UL1": 1638,
    "UL2": 65,
    "Time": "11/26/2018 4:09:11 PM",
    "Measures": [
      {
        "devEui": "0018B200000023D8",
        "devAddr": "30014ACC",
        "time": "2018-11-26 16:09:01",
        "payload": "rxtBMw/2SAY=",
        "sf": 12,
        "gwEui": "7276FF003903094E",
        "gwName": "K01a",
        "gwRssi": -83,
        "devUplinkCounter": 65
      },
      {
        "devEui": "0018B200000023D8",
        "devAddr": "30014ACC",
        "time": "2018-11-26 16:09:01",
        "payload": "rxtBMw/2SAY=",
        "sf": 12,
        "gwEui": "7276FF0039030977",
        "gwName": "H06",
        "gwRssi": -97,
        "devUplinkCounter": 65
      },
      {
        "devEui": "0018B200000023D8",
        "devAddr": "30014ACC",
        "time": "2018-11-26 16:09:01",
        "payload": "rxtBMw/2SAY=",
        "sf": 12,
        "gwEui": "7276FF003903094F",
        "gwName": "F07",
        "gwRssi": -81,
        "devUplinkCounter": 65
      },
      {
        "devEui": "0018B200000023D8",
        "devAddr": "30014ACC",
        "time": "2018-11-26 16:09:01",
        "payload": "rxtBMw/2SAY=",
        "sf": 12,
        "gwEui": "7276FF003903097D",
        "gwName": "D60",
        "gwRssi": -113,
        "devUplinkCounter": 65
      }
    ]
  },
  {
    "Floor": "F",
    "Number": 40,
    "UL1": 1640,
    "UL2": 66,
    "Time": "11/26/2018 4:10:02 PM",
    "Measures": [
      {
        "devEui": "0018B200000023D8",
        "devAddr": "30014ACC",
        "time": "2018-11-26 16:09:50",
        "payload": "rxtCNA/3RAY=",
        "sf": 12,
        "gwEui": "7276FF003903097D",
        "gwName": "D60",
        "gwRssi": -112,
        "devUplinkCounter": 66
      },
      {
        "devEui": "0018B200000023D8",
        "devAddr": "30014ACC",
        "time": "2018-11-26 16:09:50",
        "payload": "rxtCNA/3RAY=",
        "sf": 12,
        "gwEui": "7276FF003903094F",
        "gwName": "F07",
        "gwRssi": -78,
        "devUplinkCounter": 66
      },
      {
        "devEui": "0018B200000023D8",
        "devAddr": "30014ACC",
        "time": "2018-11-26 16:09:50",
        "payload": "rxtCNA/3RAY=",
        "sf": 12,
        "gwEui": "7276FF003903094E",
        "gwName": "K01a",
        "gwRssi": -97,
        "devUplinkCounter": 66
      },
      {
        "devEui": "0018B200000023D8",
        "devAddr": "30014ACC",
        "time": "2018-11-26 16:09:50",
        "payload": "rxtCNA/3RAY=",
        "sf": 12,
        "gwEui": "7276FF0039030977",
        "gwName": "H06",
        "gwRssi": -85,
        "devUplinkCounter": 66
      }
    ]
  },
  {
    "Floor": "F",
    "Number": 41,
    "UL1": 1642,
    "UL2": 67,
    "Time": "11/26/2018 4:10:28 PM",
    "Measures": [
      {
        "devEui": "0018B200000023D8",
        "devAddr": "30014ACC",
        "time": "2018-11-26 16:10:22",
        "payload": "rxtDNQ/2QQY=",
        "sf": 12,
        "gwEui": "7276FF003903097C",
        "gwName": "C22",
        "gwRssi": -112,
        "devUplinkCounter": 67
      },
      {
        "devEui": "0018B200000023D8",
        "devAddr": "30014ACC",
        "time": "2018-11-26 16:10:22",
        "payload": "rxtDNQ/2QQY=",
        "sf": 12,
        "gwEui": "7276FF003903097D",
        "gwName": "D60",
        "gwRssi": -106,
        "devUplinkCounter": 67
      },
      {
        "devEui": "0018B200000023D8",
        "devAddr": "30014ACC",
        "time": "2018-11-26 16:10:22",
        "payload": "rxtDNQ/2QQY=",
        "sf": 12,
        "gwEui": "7276FF0039030977",
        "gwName": "H06",
        "gwRssi": -89,
        "devUplinkCounter": 67
      },
      {
        "devEui": "0018B200000023D8",
        "devAddr": "30014ACC",
        "time": "2018-11-26 16:10:22",
        "payload": "rxtDNQ/2QQY=",
        "sf": 12,
        "gwEui": "7276FF003903094E",
        "gwName": "K01a",
        "gwRssi": -96,
        "devUplinkCounter": 67
      },
      {
        "devEui": "0018B200000023D8",
        "devAddr": "30014ACC",
        "time": "2018-11-26 16:10:22",
        "payload": "rxtDNQ/2QQY=",
        "sf": 12,
        "gwEui": "7276FF003903094F",
        "gwName": "F07",
        "gwRssi": -65,
        "devUplinkCounter": 67
      }
    ]
  },
  {
    "Floor": "F",
    "Number": 42,
    "UL1": 1643,
    "UL2": 68,
    "Time": "11/26/2018 4:11:10 PM",
    "Measures": [
      {
        "devEui": "0018B200000023D8",
        "devAddr": "30014ACC",
        "time": "2018-11-26 16:11:01",
        "payload": "rxtENg/0MQc=",
        "sf": 12,
        "gwEui": "7276FF003903097D",
        "gwName": "D60",
        "gwRssi": -113,
        "devUplinkCounter": 68
      },
      {
        "devEui": "0018B200000023D8",
        "devAddr": "30014ACC",
        "time": "2018-11-26 16:11:01",
        "payload": "rxtENg/0MQc=",
        "sf": 12,
        "gwEui": "7276FF00390309F5",
        "gwName": "A02b",
        "gwRssi": -119,
        "devUplinkCounter": 68
      },
      {
        "devEui": "0018B200000023D8",
        "devAddr": "30014ACC",
        "time": "2018-11-26 16:11:01",
        "payload": "rxtENg/0MQc=",
        "sf": 12,
        "gwEui": "7276FF003903094F",
        "gwName": "F07",
        "gwRssi": -76,
        "devUplinkCounter": 68
      },
      {
        "devEui": "0018B200000023D8",
        "devAddr": "30014ACC",
        "time": "2018-11-26 16:11:01",
        "payload": "rxtENg/0MQc=",
        "sf": 12,
        "gwEui": "7276FF0039030977",
        "gwName": "H06",
        "gwRssi": -93,
        "devUplinkCounter": 68
      },
      {
        "devEui": "0018B200000023D8",
        "devAddr": "30014ACC",
        "time": "2018-11-26 16:11:01",
        "payload": "rxtENg/0MQc=",
        "sf": 12,
        "gwEui": "7276FF003903094E",
        "gwName": "K01a",
        "gwRssi": -100,
        "devUplinkCounter": 68
      }
    ]
  },
  {
    "Floor": "F",
    "Number": 43,
    "UL1": 1644,
    "UL2": 69,
    "Time": "11/26/2018 4:11:31 PM",
    "Measures": [
      {
        "devEui": "0018B200000023D8",
        "devAddr": "30014ACC",
        "time": "2018-11-26 16:11:08",
        "payload": "rxtFNw/1PwY=",
        "sf": 12,
        "gwEui": "7276FF003903094F",
        "gwName": "F07",
        "gwRssi": -79,
        "devUplinkCounter": 69
      },
      {
        "devEui": "0018B200000023D8",
        "devAddr": "30014ACC",
        "time": "2018-11-26 16:11:08",
        "payload": "rxtFNw/1PwY=",
        "sf": 12,
        "gwEui": "7276FF003903094E",
        "gwName": "K01a",
        "gwRssi": -96,
        "devUplinkCounter": 69
      },
      {
        "devEui": "0018B200000023D8",
        "devAddr": "30014ACC",
        "time": "2018-11-26 16:11:08",
        "payload": "rxtFNw/1PwY=",
        "sf": 12,
        "gwEui": "7276FF0039030977",
        "gwName": "H06",
        "gwRssi": -96,
        "devUplinkCounter": 69
      },
      {
        "devEui": "0018B200000023D8",
        "devAddr": "30014ACC",
        "time": "2018-11-26 16:11:08",
        "payload": "rxtFNw/1PwY=",
        "sf": 12,
        "gwEui": "7276FF003903097D",
        "gwName": "D60",
        "gwRssi": -112,
        "devUplinkCounter": 69
      },
      {
        "devEui": "0018B200000023D8",
        "devAddr": "30014ACC",
        "time": "2018-11-26 16:11:08",
        "payload": "rxtFNw/1PwY=",
        "sf": 12,
        "gwEui": "7276FF003903097C",
        "gwName": "C22",
        "gwRssi": -110,
        "devUplinkCounter": 69
      }
    ]
  }
]