﻿[
  {
    "Floor": "J",
    "Number": 1,
    "UL1": 1707,
    "UL2": 126,
    "Time": "11/27/2018 3:38:59 PM",
    "Measures": [
      {
        "devEui": "0018B200000023E6",
        "devAddr": "30014AE9",
        "time": "2018-11-27 15:38:52",
        "payload": "rxirhA/DKwc=",
        "sf": 7,
        "gwEui": "7276FF003903094E",
        "gwName": "K01a",
        "gwRssi": -82,
        "devUplinkCounter": 171
      },
      {
        "devEui": "0018B200000023E6",
        "devAddr": "30014AE9",
        "time": "2018-11-27 15:38:52",
        "payload": "rxirhA/DKwc=",
        "sf": 7,
        "gwEui": "7276FF003903094F",
        "gwName": "F07",
        "gwRssi": -77,
        "devUplinkCounter": 171
      },
      {
        "devEui": "0018B200000023E6",
        "devAddr": "30014AE9",
        "time": "2018-11-27 15:38:52",
        "payload": "rxirhA/DKwc=",
        "sf": 7,
        "gwEui": "7276FF0039030A01",
        "gwName": "Loge",
        "gwRssi": -84,
        "devUplinkCounter": 171
      },
      {
        "devEui": "0018B200000023E6",
        "devAddr": "30014AE9",
        "time": "2018-11-27 15:38:52",
        "payload": "rxirhA/DKwc=",
        "sf": 7,
        "gwEui": "7276FF0039030977",
        "gwName": "H06",
        "gwRssi": -74,
        "devUplinkCounter": 171
      }
    ]
  },
  {
    "Floor": "J",
    "Number": 2,
    "UL1": 1708,
    "UL2": 127,
    "Time": "11/27/2018 3:39:13 PM",
    "Measures": [
      {
        "devEui": "0018B200000023E6",
        "devAddr": "30014AE9",
        "time": "2018-11-27 15:39:07",
        "payload": "rxishQ/ERAM=",
        "sf": 7,
        "gwEui": "7276FF003903094E",
        "gwName": "K01a",
        "gwRssi": -76,
        "devUplinkCounter": 172
      },
      {
        "devEui": "0018B200000023E6",
        "devAddr": "30014AE9",
        "time": "2018-11-27 15:39:07",
        "payload": "rxishQ/ERAM=",
        "sf": 7,
        "gwEui": "7276FF0039030977",
        "gwName": "H06",
        "gwRssi": -82,
        "devUplinkCounter": 172
      },
      {
        "devEui": "0018B200000023E6",
        "devAddr": "30014AE9",
        "time": "2018-11-27 15:39:07",
        "payload": "rxishQ/ERAM=",
        "sf": 7,
        "gwEui": "7276FF003903094F",
        "gwName": "F07",
        "gwRssi": -81,
        "devUplinkCounter": 172
      },
      {
        "devEui": "0018B200000023E6",
        "devAddr": "30014AE9",
        "time": "2018-11-27 15:39:07",
        "payload": "rxishQ/ERAM=",
        "sf": 7,
        "gwEui": "7276FF0039030A01",
        "gwName": "Loge",
        "gwRssi": -100,
        "devUplinkCounter": 172
      }
    ]
  },
  {
    "Floor": "J",
    "Number": 3,
    "UL1": 1709,
    "UL2": 128,
    "Time": "11/27/2018 3:39:26 PM",
    "Measures": [
      {
        "devEui": "0018B200000023E6",
        "devAddr": "30014AE9",
        "time": "2018-11-27 15:39:22",
        "payload": "rxethg/DQwQ=",
        "sf": 7,
        "gwEui": "7276FF0039030977",
        "gwName": "H06",
        "gwRssi": -88,
        "devUplinkCounter": 173
      },
      {
        "devEui": "0018B200000023E6",
        "devAddr": "30014AE9",
        "time": "2018-11-27 15:39:22",
        "payload": "rxethg/DQwQ=",
        "sf": 7,
        "gwEui": "7276FF003903094F",
        "gwName": "F07",
        "gwRssi": -83,
        "devUplinkCounter": 173
      },
      {
        "devEui": "0018B200000023E6",
        "devAddr": "30014AE9",
        "time": "2018-11-27 15:39:22",
        "payload": "rxethg/DQwQ=",
        "sf": 7,
        "gwEui": "7276FF003903094E",
        "gwName": "K01a",
        "gwRssi": -74,
        "devUplinkCounter": 173
      }
    ]
  },
  {
    "Floor": "J",
    "Number": 44,
    "UL1": 1710,
    "UL2": 129,
    "Time": "11/27/2018 3:43:18 PM",
    "Measures": [
      {
        "devEui": "0018B200000023E6",
        "devAddr": "30014AE9",
        "time": "2018-11-27 15:42:57",
        "payload": "rxiuhw/COgY=",
        "sf": 7,
        "gwEui": "7276FF003903094F",
        "gwName": "F07",
        "gwRssi": -78,
        "devUplinkCounter": 174
      },
      {
        "devEui": "0018B200000023E6",
        "devAddr": "30014AE9",
        "time": "2018-11-27 15:42:57",
        "payload": "rxiuhw/COgY=",
        "sf": 7,
        "gwEui": "7276FF003903094E",
        "gwName": "K01a",
        "gwRssi": -94,
        "devUplinkCounter": 174
      },
      {
        "devEui": "0018B200000023E6",
        "devAddr": "30014AE9",
        "time": "2018-11-27 15:42:57",
        "payload": "rxiuhw/COgY=",
        "sf": 7,
        "gwEui": "7276FF0039030977",
        "gwName": "H06",
        "gwRssi": -66,
        "devUplinkCounter": 174
      },
      {
        "devEui": "0018B200000023E6",
        "devAddr": "30014AE9",
        "time": "2018-11-27 15:42:57",
        "payload": "rxiuhw/COgY=",
        "sf": 7,
        "gwEui": "7276FF0039030A01",
        "gwName": "Loge",
        "gwRssi": -88,
        "devUplinkCounter": 174
      }
    ]
  },
  {
    "Floor": "J",
    "Number": 45,
    "UL1": 1711,
    "UL2": 130,
    "Time": "11/27/2018 3:43:19 PM",
    "Measures": [
      {
        "devEui": "0018B200000023E6",
        "devAddr": "30014AE9",
        "time": "2018-11-27 15:43:06",
        "payload": "rxiviA/DPQY=",
        "sf": 7,
        "gwEui": "7276FF003903094E",
        "gwName": "K01a",
        "gwRssi": -92,
        "devUplinkCounter": 175
      },
      {
        "devEui": "0018B200000023E6",
        "devAddr": "30014AE9",
        "time": "2018-11-27 15:43:06",
        "payload": "rxiviA/DPQY=",
        "sf": 7,
        "gwEui": "7276FF0039030977",
        "gwName": "H06",
        "gwRssi": -60,
        "devUplinkCounter": 175
      },
      {
        "devEui": "0018B200000023E6",
        "devAddr": "30014AE9",
        "time": "2018-11-27 15:43:06",
        "payload": "rxiviA/DPQY=",
        "sf": 7,
        "gwEui": "7276FF0039030A01",
        "gwName": "Loge",
        "gwRssi": -98,
        "devUplinkCounter": 175
      },
      {
        "devEui": "0018B200000023E6",
        "devAddr": "30014AE9",
        "time": "2018-11-27 15:43:06",
        "payload": "rxiviA/DPQY=",
        "sf": 7,
        "gwEui": "7276FF003903094F",
        "gwName": "F07",
        "gwRssi": -77,
        "devUplinkCounter": 175
      }
    ]
  },
  {
    "Floor": "J",
    "Number": 46,
    "UL1": 1712,
    "UL2": 131,
    "Time": "11/27/2018 3:43:44 PM",
    "Measures": [
      {
        "devEui": "0018B200000023E6",
        "devAddr": "30014AE9",
        "time": "2018-11-27 15:43:31",
        "payload": "rxiwiQ/COAY=",
        "sf": 7,
        "gwEui": "7276FF0039030A01",
        "gwName": "Loge",
        "gwRssi": -92,
        "devUplinkCounter": 176
      },
      {
        "devEui": "0018B200000023E6",
        "devAddr": "30014AE9",
        "time": "2018-11-27 15:43:31",
        "payload": "rxiwiQ/COAY=",
        "sf": 7,
        "gwEui": "7276FF003903094E",
        "gwName": "K01a",
        "gwRssi": -71,
        "devUplinkCounter": 176
      },
      {
        "devEui": "0018B200000023E6",
        "devAddr": "30014AE9",
        "time": "2018-11-27 15:43:31",
        "payload": "rxiwiQ/COAY=",
        "sf": 7,
        "gwEui": "7276FF0039030977",
        "gwName": "H06",
        "gwRssi": -60,
        "devUplinkCounter": 176
      },
      {
        "devEui": "0018B200000023E6",
        "devAddr": "30014AE9",
        "time": "2018-11-27 15:43:31",
        "payload": "rxiwiQ/COAY=",
        "sf": 7,
        "gwEui": "7276FF003903094F",
        "gwName": "F07",
        "gwRssi": -79,
        "devUplinkCounter": 176
      }
    ]
  },
  {
    "Floor": "J",
    "Number": 47,
    "UL1": 1713,
    "UL2": 132,
    "Time": "11/27/2018 3:44:28 PM",
    "Measures": [
      {
        "devEui": "0018B200000023E6",
        "devAddr": "30014AE9",
        "time": "2018-11-27 15:44:00",
        "payload": "rxixig/BOwY=",
        "sf": 7,
        "gwEui": "7276FF0039030977",
        "gwName": "H06",
        "gwRssi": -72,
        "devUplinkCounter": 177
      },
      {
        "devEui": "0018B200000023E6",
        "devAddr": "30014AE9",
        "time": "2018-11-27 15:44:00",
        "payload": "rxixig/BOwY=",
        "sf": 7,
        "gwEui": "7276FF003903094F",
        "gwName": "F07",
        "gwRssi": -81,
        "devUplinkCounter": 177
      },
      {
        "devEui": "0018B200000023E6",
        "devAddr": "30014AE9",
        "time": "2018-11-27 15:44:00",
        "payload": "rxixig/BOwY=",
        "sf": 7,
        "gwEui": "7276FF003903094E",
        "gwName": "K01a",
        "gwRssi": -87,
        "devUplinkCounter": 177
      }
    ]
  },
  {
    "Floor": "J",
    "Number": 48,
    "UL1": 1714,
    "UL2": 133,
    "Time": "11/27/2018 3:44:29 PM",
    "Measures": [
      {
        "devEui": "0018B200000023E6",
        "devAddr": "30014AE9",
        "time": "2018-11-27 15:44:14",
        "payload": "rxiyiw/DRQY=",
        "sf": 7,
        "gwEui": "7276FF003903094F",
        "gwName": "F07",
        "gwRssi": -75,
        "devUplinkCounter": 178
      },
      {
        "devEui": "0018B200000023E6",
        "devAddr": "30014AE9",
        "time": "2018-11-27 15:44:14",
        "payload": "rxiyiw/DRQY=",
        "sf": 7,
        "gwEui": "7276FF003903094E",
        "gwName": "K01a",
        "gwRssi": -96,
        "devUplinkCounter": 178
      },
      {
        "devEui": "0018B200000023E6",
        "devAddr": "30014AE9",
        "time": "2018-11-27 15:44:14",
        "payload": "rxiyiw/DRQY=",
        "sf": 7,
        "gwEui": "7276FF0039030977",
        "gwName": "H06",
        "gwRssi": -40,
        "devUplinkCounter": 178
      }
    ]
  },
  {
    "Floor": "J",
    "Number": 49,
    "UL1": 1715,
    "UL2": 134,
    "Time": "11/27/2018 3:45:02 PM",
    "Measures": [
      {
        "devEui": "0018B200000023E6",
        "devAddr": "30014AE9",
        "time": "2018-11-27 15:44:46",
        "payload": "rxizjA/BKwY=",
        "sf": 7,
        "gwEui": "7276FF0039030977",
        "gwName": "H06",
        "gwRssi": -52,
        "devUplinkCounter": 179
      },
      {
        "devEui": "0018B200000023E6",
        "devAddr": "30014AE9",
        "time": "2018-11-27 15:44:46",
        "payload": "rxizjA/BKwY=",
        "sf": 7,
        "gwEui": "7276FF003903094E",
        "gwName": "K01a",
        "gwRssi": -104,
        "devUplinkCounter": 179
      },
      {
        "devEui": "0018B200000023E6",
        "devAddr": "30014AE9",
        "time": "2018-11-27 15:44:46",
        "payload": "rxizjA/BKwY=",
        "sf": 7,
        "gwEui": "7276FF003903094F",
        "gwName": "F07",
        "gwRssi": -81,
        "devUplinkCounter": 179
      },
      {
        "devEui": "0018B200000023E6",
        "devAddr": "30014AE9",
        "time": "2018-11-27 15:44:46",
        "payload": "rxizjA/BKwY=",
        "sf": 7,
        "gwEui": "7276FF0039030A01",
        "gwName": "Loge",
        "gwRssi": -89,
        "devUplinkCounter": 179
      }
    ]
  },
  {
    "Floor": "J",
    "Number": 50,
    "UL1": 1716,
    "UL2": 135,
    "Time": "11/27/2018 3:45:18 PM",
    "Measures": [
      {
        "devEui": "0018B200000023E6",
        "devAddr": "30014AE9",
        "time": "2018-11-27 15:45:09",
        "payload": "rxe0jQ/CMwY=",
        "sf": 7,
        "gwEui": "7276FF003903094E",
        "gwName": "K01a",
        "gwRssi": -76,
        "devUplinkCounter": 180
      },
      {
        "devEui": "0018B200000023E6",
        "devAddr": "30014AE9",
        "time": "2018-11-27 15:45:09",
        "payload": "rxe0jQ/CMwY=",
        "sf": 7,
        "gwEui": "7276FF003903094F",
        "gwName": "F07",
        "gwRssi": -64,
        "devUplinkCounter": 180
      },
      {
        "devEui": "0018B200000023E6",
        "devAddr": "30014AE9",
        "time": "2018-11-27 15:45:09",
        "payload": "rxe0jQ/CMwY=",
        "sf": 7,
        "gwEui": "7276FF0039030977",
        "gwName": "H06",
        "gwRssi": -41,
        "devUplinkCounter": 180
      }
    ]
  },
  {
    "Floor": "J",
    "Number": 51,
    "UL1": 1717,
    "UL2": 136,
    "Time": "11/27/2018 3:46:29 PM",
    "Measures": [
      {
        "devEui": "0018B200000023E6",
        "devAddr": "30014AE9",
        "time": "2018-11-27 15:46:21",
        "payload": "rxe1jg/BLwc=",
        "sf": 7,
        "gwEui": "7276FF0039030A01",
        "gwName": "Loge",
        "gwRssi": -77,
        "devUplinkCounter": 181
      },
      {
        "devEui": "0018B200000023E6",
        "devAddr": "30014AE9",
        "time": "2018-11-27 15:46:21",
        "payload": "rxe1jg/BLwc=",
        "sf": 7,
        "gwEui": "7276FF0039030977",
        "gwName": "H06",
        "gwRssi": -57,
        "devUplinkCounter": 181
      },
      {
        "devEui": "0018B200000023E6",
        "devAddr": "30014AE9",
        "time": "2018-11-27 15:46:21",
        "payload": "rxe1jg/BLwc=",
        "sf": 7,
        "gwEui": "7276FF003903094F",
        "gwName": "F07",
        "gwRssi": -89,
        "devUplinkCounter": 181
      },
      {
        "devEui": "0018B200000023E6",
        "devAddr": "30014AE9",
        "time": "2018-11-27 15:46:21",
        "payload": "rxe1jg/BLwc=",
        "sf": 7,
        "gwEui": "7276FF003903094E",
        "gwName": "K01a",
        "gwRssi": -87,
        "devUplinkCounter": 181
      }
    ]
  },
  {
    "Floor": "J",
    "Number": 52,
    "UL1": 1718,
    "UL2": 138,
    "Time": "11/27/2018 3:46:59 PM",
    "Measures": [
      {
        "devEui": "0018B200000023E6",
        "devAddr": "30014AE9",
        "time": "2018-11-27 15:46:50",
        "payload": "rxi2jw/BNgY=",
        "sf": 7,
        "gwEui": "7276FF003903094E",
        "gwName": "K01a",
        "gwRssi": -86,
        "devUplinkCounter": 182
      },
      {
        "devEui": "0018B200000023E6",
        "devAddr": "30014AE9",
        "time": "2018-11-27 15:46:50",
        "payload": "rxi2jw/BNgY=",
        "sf": 7,
        "gwEui": "7276FF0039030977",
        "gwName": "H06",
        "gwRssi": -70,
        "devUplinkCounter": 182
      },
      {
        "devEui": "0018B200000023E6",
        "devAddr": "30014AE9",
        "time": "2018-11-27 15:46:50",
        "payload": "rxi2jw/BNgY=",
        "sf": 7,
        "gwEui": "7276FF003903094F",
        "gwName": "F07",
        "gwRssi": -79,
        "devUplinkCounter": 182
      }
    ]
  },
  {
    "Floor": "J",
    "Number": 53,
    "UL1": 1719,
    "UL2": 139,
    "Time": "11/27/2018 3:47:16 PM",
    "Measures": [
      {
        "devEui": "0018B200000023E6",
        "devAddr": "30014AE9",
        "time": "2018-11-27 15:47:11",
        "payload": "rxi3kA/ANwc=",
        "sf": 7,
        "gwEui": "7276FF003903094E",
        "gwName": "K01a",
        "gwRssi": -89,
        "devUplinkCounter": 183
      },
      {
        "devEui": "0018B200000023E6",
        "devAddr": "30014AE9",
        "time": "2018-11-27 15:47:11",
        "payload": "rxi3kA/ANwc=",
        "sf": 7,
        "gwEui": "7276FF0039030977",
        "gwName": "H06",
        "gwRssi": -70,
        "devUplinkCounter": 183
      }
    ]
  },
  {
    "Floor": "J",
    "Number": 54,
    "UL1": 1720,
    "UL2": 140,
    "Time": "11/27/2018 3:47:52 PM",
    "Measures": [
      {
        "devEui": "0018B200000023E6",
        "devAddr": "30014AE9",
        "time": "2018-11-27 15:47:48",
        "payload": "rxi4kQ/AOAc=",
        "sf": 7,
        "gwEui": "7276FF003903094E",
        "gwName": "K01a",
        "gwRssi": -75,
        "devUplinkCounter": 184
      },
      {
        "devEui": "0018B200000023E6",
        "devAddr": "30014AE9",
        "time": "2018-11-27 15:47:48",
        "payload": "rxi4kQ/AOAc=",
        "sf": 7,
        "gwEui": "7276FF0039030977",
        "gwName": "H06",
        "gwRssi": -70,
        "devUplinkCounter": 184
      },
      {
        "devEui": "0018B200000023E6",
        "devAddr": "30014AE9",
        "time": "2018-11-27 15:47:48",
        "payload": "rxi4kQ/AOAc=",
        "sf": 7,
        "gwEui": "7276FF003903094F",
        "gwName": "F07",
        "gwRssi": -89,
        "devUplinkCounter": 184
      }
    ]
  },
  {
    "Floor": "J",
    "Number": 55,
    "UL1": 1721,
    "UL2": 141,
    "Time": "11/27/2018 3:48:08 PM",
    "Measures": [
      {
        "devEui": "0018B200000023E6",
        "devAddr": "30014AE9",
        "time": "2018-11-27 15:48:07",
        "payload": "rxi5kg/APgY=",
        "sf": 7,
        "gwEui": "7276FF0039030A01",
        "gwName": "Loge",
        "gwRssi": -86,
        "devUplinkCounter": 185
      },
      {
        "devEui": "0018B200000023E6",
        "devAddr": "30014AE9",
        "time": "2018-11-27 15:48:07",
        "payload": "rxi5kg/APgY=",
        "sf": 7,
        "gwEui": "7276FF0039030977",
        "gwName": "H06",
        "gwRssi": -75,
        "devUplinkCounter": 185
      },
      {
        "devEui": "0018B200000023E6",
        "devAddr": "30014AE9",
        "time": "2018-11-27 15:48:07",
        "payload": "rxi5kg/APgY=",
        "sf": 7,
        "gwEui": "7276FF003903094E",
        "gwName": "K01a",
        "gwRssi": -68,
        "devUplinkCounter": 185
      },
      {
        "devEui": "0018B200000023E6",
        "devAddr": "30014AE9",
        "time": "2018-11-27 15:48:07",
        "payload": "rxi5kg/APgY=",
        "sf": 7,
        "gwEui": "7276FF003903094F",
        "gwName": "F07",
        "gwRssi": -106,
        "devUplinkCounter": 185
      }
    ]
  },
  {
    "Floor": "J",
    "Number": 56,
    "UL1": 1722,
    "UL2": 142,
    "Time": "11/27/2018 3:48:09 PM",
    "Measures": [
      {
        "devEui": "0018B200000023E6",
        "devAddr": "30014AE9",
        "time": "2018-11-27 15:48:37",
        "payload": "rxi6kw/APQU=",
        "sf": 7,
        "gwEui": "7276FF003903094E",
        "gwName": "K01a",
        "gwRssi": -71,
        "devUplinkCounter": 186
      },
      {
        "devEui": "0018B200000023E6",
        "devAddr": "30014AE9",
        "time": "2018-11-27 15:48:37",
        "payload": "rxi6kw/APQU=",
        "sf": 7,
        "gwEui": "7276FF0039030977",
        "gwName": "H06",
        "gwRssi": -82,
        "devUplinkCounter": 186
      },
      {
        "devEui": "0018B200000023E6",
        "devAddr": "30014AE9",
        "time": "2018-11-27 15:48:37",
        "payload": "rxi6kw/APQU=",
        "sf": 7,
        "gwEui": "7276FF003903094F",
        "gwName": "F07",
        "gwRssi": -81,
        "devUplinkCounter": 186
      }
    ]
  },
  {
    "Floor": "J",
    "Number": 57,
    "UL1": 1723,
    "UL2": 143,
    "Time": "11/27/2018 3:48:48 PM",
    "Measures": [
      {
        "devEui": "0018B200000023E6",
        "devAddr": "30014AE9",
        "time": "2018-11-27 15:49:11",
        "payload": "rxi7lA/CSwg=",
        "sf": 7,
        "gwEui": "7276FF0039030A01",
        "gwName": "Loge",
        "gwRssi": -86,
        "devUplinkCounter": 187
      },
      {
        "devEui": "0018B200000023E6",
        "devAddr": "30014AE9",
        "time": "2018-11-27 15:49:11",
        "payload": "rxi7lA/CSwg=",
        "sf": 7,
        "gwEui": "7276FF0039030977",
        "gwName": "H06",
        "gwRssi": -80,
        "devUplinkCounter": 187
      },
      {
        "devEui": "0018B200000023E6",
        "devAddr": "30014AE9",
        "time": "2018-11-27 15:49:11",
        "payload": "rxi7lA/CSwg=",
        "sf": 7,
        "gwEui": "7276FF003903094E",
        "gwName": "K01a",
        "gwRssi": -56,
        "devUplinkCounter": 187
      }
    ]
  },
  {
    "Floor": "J",
    "Number": 58,
    "UL1": 1724,
    "UL2": 144,
    "Time": "11/27/2018 3:49:18 PM",
    "Measures": [
      {
        "devEui": "0018B200000023E6",
        "devAddr": "30014AE9",
        "time": "2018-11-27 15:49:36",
        "payload": "rxe8lQ/AOQU=",
        "sf": 7,
        "gwEui": "7276FF0039030A01",
        "gwName": "Loge",
        "gwRssi": -95,
        "devUplinkCounter": 188
      },
      {
        "devEui": "0018B200000023E6",
        "devAddr": "30014AE9",
        "time": "2018-11-27 15:49:36",
        "payload": "rxe8lQ/AOQU=",
        "sf": 7,
        "gwEui": "7276FF003903094E",
        "gwName": "K01a",
        "gwRssi": -57,
        "devUplinkCounter": 188
      },
      {
        "devEui": "0018B200000023E6",
        "devAddr": "30014AE9",
        "time": "2018-11-27 15:49:36",
        "payload": "rxe8lQ/AOQU=",
        "sf": 7,
        "gwEui": "7276FF003903094F",
        "gwName": "F07",
        "gwRssi": -93,
        "devUplinkCounter": 188
      },
      {
        "devEui": "0018B200000023E6",
        "devAddr": "30014AE9",
        "time": "2018-11-27 15:49:36",
        "payload": "rxe8lQ/AOQU=",
        "sf": 7,
        "gwEui": "7276FF0039030977",
        "gwName": "H06",
        "gwRssi": -77,
        "devUplinkCounter": 188
      }
    ]
  },
  {
    "Floor": "J",
    "Number": 59,
    "UL1": 1725,
    "UL2": 145,
    "Time": "11/27/2018 3:50:26 PM",
    "Measures": [
      {
        "devEui": "0018B200000023E6",
        "devAddr": "30014AE9",
        "time": "2018-11-27 15:50:15",
        "payload": "vxhGRnYgAGOWACS9lg+/QAc=",
        "sf": 7,
        "gwEui": "7276FF003903094F",
        "gwName": "F07",
        "gwRssi": -93,
        "devUplinkCounter": 189
      },
      {
        "devEui": "0018B200000023E6",
        "devAddr": "30014AE9",
        "time": "2018-11-27 15:50:15",
        "payload": "vxhGRnYgAGOWACS9lg+/QAc=",
        "sf": 7,
        "gwEui": "7276FF0039030977",
        "gwName": "H06",
        "gwRssi": -77,
        "devUplinkCounter": 189
      },
      {
        "devEui": "0018B200000023E6",
        "devAddr": "30014AE9",
        "time": "2018-11-27 15:50:15",
        "payload": "vxhGRnYgAGOWACS9lg+/QAc=",
        "sf": 7,
        "gwEui": "7276FF0039030A01",
        "gwName": "Loge",
        "gwRssi": -94,
        "devUplinkCounter": 189
      },
      {
        "devEui": "0018B200000023E6",
        "devAddr": "30014AE9",
        "time": "2018-11-27 15:50:15",
        "payload": "vxhGRnYgAGOWACS9lg+/QAc=",
        "sf": 7,
        "gwEui": "7276FF003903094E",
        "gwName": "K01a",
        "gwRssi": -54,
        "devUplinkCounter": 189
      }
    ]
  },
  {
    "Floor": "J",
    "Number": 60,
    "UL1": 1726,
    "UL2": 146,
    "Time": "11/27/2018 3:51:09 PM",
    "Measures": [
      {
        "devEui": "0018B200000023E6",
        "devAddr": "30014AE9",
        "time": "2018-11-27 15:50:40",
        "payload": "vxhGRnVAAGOWADO+lw+/NAc=",
        "sf": 7,
        "gwEui": "7276FF003903094E",
        "gwName": "K01a",
        "gwRssi": -63,
        "devUplinkCounter": 190
      },
      {
        "devEui": "0018B200000023E6",
        "devAddr": "30014AE9",
        "time": "2018-11-27 15:50:40",
        "payload": "vxhGRnVAAGOWADO+lw+/NAc=",
        "sf": 7,
        "gwEui": "7276FF003903094F",
        "gwName": "F07",
        "gwRssi": -86,
        "devUplinkCounter": 190
      },
      {
        "devEui": "0018B200000023E6",
        "devAddr": "30014AE9",
        "time": "2018-11-27 15:50:40",
        "payload": "vxhGRnVAAGOWADO+lw+/NAc=",
        "sf": 7,
        "gwEui": "7276FF0039030977",
        "gwName": "H06",
        "gwRssi": -94,
        "devUplinkCounter": 190
      }
    ]
  },
  {
    "Floor": "J",
    "Number": 61,
    "UL1": 1727,
    "UL2": 147,
    "Time": "11/27/2018 3:51:10 PM",
    "Measures": [
      {
        "devEui": "0018B200000023E6",
        "devAddr": "30014AE9",
        "time": "2018-11-27 15:50:49",
        "payload": "vxhGRnVgAGOWACS/mA/ARAY=",
        "sf": 7,
        "gwEui": "7276FF0039030977",
        "gwName": "H06",
        "gwRssi": -101,
        "devUplinkCounter": 191
      },
      {
        "devEui": "0018B200000023E6",
        "devAddr": "30014AE9",
        "time": "2018-11-27 15:50:49",
        "payload": "vxhGRnVgAGOWACS/mA/ARAY=",
        "sf": 7,
        "gwEui": "7276FF003903094F",
        "gwName": "F07",
        "gwRssi": -97,
        "devUplinkCounter": 191
      },
      {
        "devEui": "0018B200000023E6",
        "devAddr": "30014AE9",
        "time": "2018-11-27 15:50:49",
        "payload": "vxhGRnVgAGOWACS/mA/ARAY=",
        "sf": 7,
        "gwEui": "7276FF003903094E",
        "gwName": "K01a",
        "gwRssi": -77,
        "devUplinkCounter": 191
      },
      {
        "devEui": "0018B200000023E6",
        "devAddr": "30014AE9",
        "time": "2018-11-27 15:50:49",
        "payload": "vxhGRnVgAGOWACS/mA/ARAY=",
        "sf": 7,
        "gwEui": "7276FF0039030A01",
        "gwName": "Loge",
        "gwRssi": -105,
        "devUplinkCounter": 191
      }
    ]
  }
]