﻿[
  {
    "Floor": "A",
    "Number": 1,
    "UL1": 835,
    "UL2": 4,
    "Time": "11/24/2018 1:51:30 PM",
    "Measures": [
      {
        "devEui": "0018B200000023E6",
        "devAddr": "30014AE9",
        "time": "2018-11-24 13:51:13",
        "payload": "rxZDKg5gSgY=",
        "sf": 7,
        "gwEui": "7276FF00390309F5",
        "gwName": "A02b",
        "gwRssi": -100,
        "devUplinkCounter": 67
      }
    ]
  },
  {
    "Floor": "A",
    "Number": 2,
    "UL1": 836,
    "UL2": 5,
    "Time": "11/24/2018 1:51:51 PM",
    "Measures": [
      {
        "devEui": "0018B200000023E6",
        "devAddr": "30014AE9",
        "time": "2018-11-24 13:51:41",
        "payload": "rxVEKw5gWgU=",
        "sf": 7,
        "gwEui": "7276FF00390309F5",
        "gwName": "A02b",
        "gwRssi": -77,
        "devUplinkCounter": 68
      }
    ]
  },
  {
    "Floor": "A",
    "Number": 6,
    "UL1": 837,
    "UL2": 6,
    "Time": "11/24/2018 1:54:10 PM",
    "Measures": [
      {
        "devEui": "0018B200000023E6",
        "devAddr": "30014AE9",
        "time": "2018-11-24 13:53:17",
        "payload": "rxZFLA5hSgU=",
        "sf": 7,
        "gwEui": "7276FF00390309F5",
        "gwName": "A02b",
        "gwRssi": -77,
        "devUplinkCounter": 69
      }
    ]
  },
  {
    "Floor": "A",
    "Number": 7,
    "UL1": 838,
    "UL2": 7,
    "Time": "11/24/2018 1:54:11 PM",
    "Measures": [
      {
        "devEui": "0018B200000023E6",
        "devAddr": "30014AE9",
        "time": "2018-11-24 13:53:32",
        "payload": "rxZGLQ5gTAc=",
        "sf": 7,
        "gwEui": "7276FF00390309F5",
        "gwName": "A02b",
        "gwRssi": -68,
        "devUplinkCounter": 70
      }
    ]
  },
  {
    "Floor": "A",
    "Number": 8,
    "UL1": 839,
    "UL2": 8,
    "Time": "11/24/2018 1:55:01 PM",
    "Measures": [
      {
        "devEui": "0018B200000023E6",
        "devAddr": "30014AE9",
        "time": "2018-11-24 13:54:48",
        "payload": "rxVHLg5gQAY=",
        "sf": 7,
        "gwEui": "7276FF00390309F5",
        "gwName": "A02b",
        "gwRssi": -65,
        "devUplinkCounter": 71
      }
    ]
  },
  {
    "Floor": "A",
    "Number": 9,
    "UL1": 840,
    "UL2": 9,
    "Time": "11/24/2018 1:55:16 PM",
    "Measures": []
  },
  {
    "Floor": "A",
    "Number": 10,
    "UL1": 841,
    "UL2": 11,
    "Time": "11/24/2018 1:56:44 PM",
    "Measures": [
      {
        "devEui": "0018B200000023E6",
        "devAddr": "30014AE9",
        "time": "2018-11-24 13:55:36",
        "payload": "rhVJMA5h",
        "sf": 7,
        "gwEui": "7276FF00390309F5",
        "gwName": "A02b",
        "gwRssi": -72,
        "devUplinkCounter": 73
      }
    ]
  },
  {
    "Floor": "A",
    "Number": 11,
    "UL1": 842,
    "UL2": 12,
    "Time": "11/24/2018 1:58:35 PM",
    "Measures": [
      {
        "devEui": "0018B200000023E6",
        "devAddr": "30014AE9",
        "time": "2018-11-24 13:58:07",
        "payload": "rxZKMQ5hQQY=",
        "sf": 7,
        "gwEui": "7276FF00390309F5",
        "gwName": "A02b",
        "gwRssi": -76,
        "devUplinkCounter": 74
      }
    ]
  },
  {
    "Floor": "A",
    "Number": 12,
    "UL1": 843,
    "UL2": 13,
    "Time": "11/24/2018 1:58:38 PM",
    "Measures": [
      {
        "devEui": "0018B200000023E6",
        "devAddr": "30014AE9",
        "time": "2018-11-24 13:58:20",
        "payload": "rxZLMg5gRgc=",
        "sf": 7,
        "gwEui": "7276FF00390309F5",
        "gwName": "A02b",
        "gwRssi": -74,
        "devUplinkCounter": 75
      }
    ]
  },
  {
    "Floor": "A",
    "Number": 13,
    "UL1": 844,
    "UL2": 14,
    "Time": "11/24/2018 1:58:56 PM",
    "Measures": [
      {
        "devEui": "0018B200000023E6",
        "devAddr": "30014AE9",
        "time": "2018-11-24 13:58:47",
        "payload": "rxZMMw5fRAY=",
        "sf": 7,
        "gwEui": "7276FF00390309F5",
        "gwName": "A02b",
        "gwRssi": -89,
        "devUplinkCounter": 76
      }
    ]
  },
  {
    "Floor": "A",
    "Number": 14,
    "UL1": 845,
    "UL2": 15,
    "Time": "11/24/2018 1:59:13 PM",
    "Measures": [
      {
        "devEui": "0018B200000023E6",
        "devAddr": "30014AE9",
        "time": "2018-11-24 13:59:03",
        "payload": "rxZNNA5fRQc=",
        "sf": 7,
        "gwEui": "7276FF00390309F5",
        "gwName": "A02b",
        "gwRssi": -82,
        "devUplinkCounter": 77
      }
    ]
  },
  {
    "Floor": "A",
    "Number": 15,
    "UL1": 846,
    "UL2": 16,
    "Time": "11/24/2018 1:59:35 PM",
    "Measures": [
      {
        "devEui": "0018B200000023E6",
        "devAddr": "30014AE9",
        "time": "2018-11-24 13:59:23",
        "payload": "rxZONQ5eRQU=",
        "sf": 7,
        "gwEui": "7276FF00390309F5",
        "gwName": "A02b",
        "gwRssi": -74,
        "devUplinkCounter": 78
      }
    ]
  },
  {
    "Floor": "A",
    "Number": 16,
    "UL1": 855,
    "UL2": 22,
    "Time": "11/24/2018 2:05:31 PM",
    "Measures": [
      {
        "devEui": "0018B200000023E6",
        "devAddr": "30014AE9",
        "time": "2018-11-24 14:05:04",
        "payload": "rxdXOw5fUwY=",
        "sf": 7,
        "gwEui": "7276FF00390309F5",
        "gwName": "A02b",
        "gwRssi": -92,
        "devUplinkCounter": 87
      }
    ]
  },
  {
    "Floor": "A",
    "Number": 17,
    "UL1": 856,
    "UL2": 23,
    "Time": "11/24/2018 2:05:32 PM",
    "Measures": [
      {
        "devEui": "0018B200000023E6",
        "devAddr": "30014AE9",
        "time": "2018-11-24 14:05:20",
        "payload": "rxZYPA5dVwU=",
        "sf": 7,
        "gwEui": "7276FF00390309F5",
        "gwName": "A02b",
        "gwRssi": -88,
        "devUplinkCounter": 88
      }
    ]
  },
  {
    "Floor": "A",
    "Number": 18,
    "UL1": 857,
    "UL2": 24,
    "Time": "11/24/2018 2:06:09 PM",
    "Measures": [
      {
        "devEui": "0018B200000023E6",
        "devAddr": "30014AE9",
        "time": "2018-11-24 14:05:47",
        "payload": "rxdZPQ5gUQc=",
        "sf": 7,
        "gwEui": "7276FF00390309F5",
        "gwName": "A02b",
        "gwRssi": -67,
        "devUplinkCounter": 89
      }
    ]
  },
  {
    "Floor": "A",
    "Number": 19,
    "UL1": 858,
    "UL2": 25,
    "Time": "11/24/2018 2:06:10 PM",
    "Measures": [
      {
        "devEui": "0018B200000023E6",
        "devAddr": "30014AE9",
        "time": "2018-11-24 14:06:01",
        "payload": "rxdaPg5fQAc=",
        "sf": 7,
        "gwEui": "7276FF00390309F5",
        "gwName": "A02b",
        "gwRssi": -97,
        "devUplinkCounter": 90
      }
    ]
  },
  {
    "Floor": "A",
    "Number": 20,
    "UL1": 859,
    "UL2": 26,
    "Time": "11/24/2018 2:06:31 PM",
    "Measures": [
      {
        "devEui": "0018B200000023E6",
        "devAddr": "30014AE9",
        "time": "2018-11-24 14:06:19",
        "payload": "rxZbPw5dWwc=",
        "sf": 7,
        "gwEui": "7276FF00390309F5",
        "gwName": "A02b",
        "gwRssi": -96,
        "devUplinkCounter": 91
      }
    ]
  },
  {
    "Floor": "A",
    "Number": 21,
    "UL1": 860,
    "UL2": 27,
    "Time": "11/24/2018 2:07:17 PM",
    "Measures": [
      {
        "devEui": "0018B200000023E6",
        "devAddr": "30014AE9",
        "time": "2018-11-24 14:05:25",
        "payload": "rxZcQA5dUgc=",
        "sf": 7,
        "gwEui": "7276FF00390309F5",
        "gwName": "A02b",
        "gwRssi": -94,
        "devUplinkCounter": 92
      },
      {
        "devEui": "0018B200000023E6",
        "devAddr": "30014AE9",
        "time": "2018-11-24 14:05:30",
        "payload": "rxZcQA5dUgc=",
        "sf": 7,
        "gwEui": "7276FF00390309F5",
        "gwName": "A02b",
        "gwRssi": -98,
        "devUplinkCounter": 92
      }
    ]
  },
  {
    "Floor": "A",
    "Number": 22,
    "UL1": 862,
    "UL2": 28,
    "Time": "11/24/2018 2:08:50 PM",
    "Measures": [
      {
        "devEui": "0018B200000023E6",
        "devAddr": "30014AE9",
        "time": "2018-11-24 14:07:05",
        "payload": "rxdeQQ5dUQY=",
        "sf": 7,
        "gwEui": "7276FF00390309F5",
        "gwName": "A02b",
        "gwRssi": -106,
        "devUplinkCounter": 94
      },
      {
        "devEui": "0018B200000023E6",
        "devAddr": "30014AE9",
        "time": "2018-11-24 14:08:41",
        "payload": "rxdeQQ5dUQY=",
        "sf": 7,
        "gwEui": "7276FF00390309F5",
        "gwName": "A02b",
        "gwRssi": -105,
        "devUplinkCounter": 94
      }
    ]
  },
  {
    "Floor": "A",
    "Number": 23,
    "UL1": 864,
    "UL2": 29,
    "Time": "11/24/2018 2:09:24 PM",
    "Measures": []
  },
  {
    "Floor": "A",
    "Number": 24,
    "UL1": 865,
    "UL2": 30,
    "Time": "11/24/2018 2:09:59 PM",
    "Measures": [
      {
        "devEui": "0018B200000023E6",
        "devAddr": "30014AE9",
        "time": "2018-11-24 14:09:37",
        "payload": "rxZhQw5dXgY=",
        "sf": 7,
        "gwEui": "7276FF00390309F5",
        "gwName": "A02b",
        "gwRssi": -92,
        "devUplinkCounter": 97
      }
    ]
  },
  {
    "Floor": "A",
    "Number": 25,
    "UL1": 867,
    "UL2": 32,
    "Time": "11/24/2018 2:10:33 PM",
    "Measures": [
      {
        "devEui": "0018B200000023E6",
        "devAddr": "30014AE9",
        "time": "2018-11-24 14:08:55",
        "payload": "rxdjRQ5eWQY=",
        "sf": 7,
        "gwEui": "7276FF00390309F5",
        "gwName": "A02b",
        "gwRssi": -100,
        "devUplinkCounter": 99
      },
      {
        "devEui": "0018B200000023E6",
        "devAddr": "30014AE9",
        "time": "2018-11-24 14:10:33",
        "payload": "rxdjRQ5eWQY=",
        "sf": 7,
        "gwEui": "7276FF00390309F5",
        "gwName": "A02b",
        "gwRssi": -92,
        "devUplinkCounter": 99
      }
    ]
  },
  {
    "Floor": "A",
    "Number": 26,
    "UL1": 869,
    "UL2": 33,
    "Time": "11/24/2018 2:12:48 PM",
    "Measures": [
      {
        "devEui": "0018B200000023E6",
        "devAddr": "30014AE9",
        "time": "2018-11-24 14:12:10",
        "payload": "rxZlRg5dYQU=",
        "sf": 7,
        "gwEui": "7276FF00390309F5",
        "gwName": "A02b",
        "gwRssi": -107,
        "devUplinkCounter": 101
      },
      {
        "devEui": "0018B200000023E6",
        "devAddr": "30014AE9",
        "time": "2018-11-24 14:12:15",
        "payload": "rxZlRg5dYQU=",
        "sf": 7,
        "gwEui": "7276FF00390309F5",
        "gwName": "A02b",
        "gwRssi": -110,
        "devUplinkCounter": 101
      }
    ]
  },
  {
    "Floor": "A",
    "Number": 27,
    "UL1": 871,
    "UL2": 34,
    "Time": "11/24/2018 2:12:54 PM",
    "Measures": [
      {
        "devEui": "0018B200000023E6",
        "devAddr": "30014AE9",
        "time": "2018-11-24 14:12:28",
        "payload": "rxdnRw5cVAY=",
        "sf": 7,
        "gwEui": "7276FF00390309F5",
        "gwName": "A02b",
        "gwRssi": -110,
        "devUplinkCounter": 103
      },
      {
        "devEui": "0018B200000023E6",
        "devAddr": "30014AE9",
        "time": "2018-11-24 14:11:00",
        "payload": "rxdnRw5cVAY=",
        "sf": 7,
        "gwEui": "7276FF00390309F5",
        "gwName": "A02b",
        "gwRssi": -105,
        "devUplinkCounter": 103
      }
    ]
  },
  {
    "Floor": "A",
    "Number": 28,
    "UL1": 873,
    "UL2": 35,
    "Time": "11/24/2018 2:13:16 PM",
    "Measures": [
      {
        "devEui": "0018B200000023E6",
        "devAddr": "30014AE9",
        "time": "2018-11-24 14:13:04",
        "payload": "rxZpSA5dVAY=",
        "sf": 7,
        "gwEui": "7276FF00390309F5",
        "gwName": "A02b",
        "gwRssi": -111,
        "devUplinkCounter": 105
      },
      {
        "devEui": "0018B200000023E6",
        "devAddr": "30014AE9",
        "time": "2018-11-24 14:13:10",
        "payload": "rxZpSA5dVAY=",
        "sf": 7,
        "gwEui": "7276FF00390309F5",
        "gwName": "A02b",
        "gwRssi": -115,
        "devUplinkCounter": 105
      }
    ]
  },
  {
    "Floor": "A",
    "Number": 29,
    "UL1": 875,
    "UL2": 36,
    "Time": "11/24/2018 2:13:45 PM",
    "Measures": [
      {
        "devEui": "0018B200000023E6",
        "devAddr": "30014AE9",
        "time": "2018-11-24 14:13:31",
        "payload": "rxZrSQ5bWgc=",
        "sf": 7,
        "gwEui": "7276FF00390309F5",
        "gwName": "A02b",
        "gwRssi": -89,
        "devUplinkCounter": 107
      }
    ]
  },
  {
    "Floor": "A",
    "Number": 30,
    "UL1": 876,
    "UL2": 37,
    "Time": "11/24/2018 2:14:13 PM",
    "Measures": [
      {
        "devEui": "0018B200000023E6",
        "devAddr": "30014AE9",
        "time": "2018-11-24 14:14:01",
        "payload": "rxdsSg5eVAY=",
        "sf": 7,
        "gwEui": "7276FF00390309F5",
        "gwName": "A02b",
        "gwRssi": -101,
        "devUplinkCounter": 108
      },
      {
        "devEui": "0018B200000023E6",
        "devAddr": "30014AE9",
        "time": "2018-11-24 14:14:05",
        "payload": "rxdsSg5eVAY=",
        "sf": 7,
        "gwEui": "7276FF00390309F5",
        "gwName": "A02b",
        "gwRssi": -100,
        "devUplinkCounter": 108
      }
    ]
  },
  {
    "Floor": "A",
    "Number": 31,
    "UL1": 878,
    "UL2": 38,
    "Time": "11/24/2018 2:15:44 PM",
    "Measures": [
      {
        "devEui": "0018B200000023E6",
        "devAddr": "30014AE9",
        "time": "2018-11-24 14:13:55",
        "payload": "rxZuSw5eUAY=",
        "sf": 7,
        "gwEui": "7276FF00390309F5",
        "gwName": "A02b",
        "gwRssi": -116,
        "devUplinkCounter": 110
      },
      {
        "devEui": "0018B200000023E6",
        "devAddr": "30014AE9",
        "time": "2018-11-24 14:14:00",
        "payload": "rxZuSw5eUAY=",
        "sf": 7,
        "gwEui": "7276FF00390309F5",
        "gwName": "A02b",
        "gwRssi": -118,
        "devUplinkCounter": 110
      }
    ]
  },
  {
    "Floor": "A",
    "Number": 32,
    "UL1": 880,
    "UL2": 39,
    "Time": "11/24/2018 2:16:05 PM",
    "Measures": [
      {
        "devEui": "0018B200000023E6",
        "devAddr": "30014AE9",
        "time": "2018-11-24 14:14:19",
        "payload": "rxZwTA5cUwU=",
        "sf": 7,
        "gwEui": "7276FF00390309F5",
        "gwName": "A02b",
        "gwRssi": -108,
        "devUplinkCounter": 112
      }
    ]
  },
  {
    "Floor": "A",
    "Number": 33,
    "UL1": 884,
    "UL2": 40,
    "Time": "11/24/2018 2:17:32 PM",
    "Measures": [
      {
        "devEui": "0018B200000023E6",
        "devAddr": "30014AE9",
        "time": "2018-11-24 14:15:48",
        "payload": "rxZ0Tg5cVwY=",
        "sf": 7,
        "gwEui": "7276FF00390309F5",
        "gwName": "A02b",
        "gwRssi": -117,
        "devUplinkCounter": 116
      }
    ]
  },
  {
    "Floor": "A",
    "Number": 34,
    "UL1": 885,
    "UL2": 41,
    "Time": "11/24/2018 2:17:47 PM",
    "Measures": [
      {
        "devEui": "0018B200000023E6",
        "devAddr": "30014AE9",
        "time": "2018-11-24 14:17:38",
        "payload": "rxZ1Tw5cVwY=",
        "sf": 7,
        "gwEui": "7276FF00390309F5",
        "gwName": "A02b",
        "gwRssi": -100,
        "devUplinkCounter": 117
      }
    ]
  },
  {
    "Floor": "A",
    "Number": 35,
    "UL1": 888,
    "UL2": 42,
    "Time": "11/24/2018 2:18:14 PM",
    "Measures": [
      {
        "devEui": "0018B200000023E6",
        "devAddr": "30014AE9",
        "time": "2018-11-24 14:16:31",
        "payload": "rxZ4UQ5bUAc=",
        "sf": 7,
        "gwEui": "7276FF00390309F5",
        "gwName": "A02b",
        "gwRssi": -107,
        "devUplinkCounter": 120
      }
    ]
  },
  {
    "Floor": "A",
    "Number": 36,
    "UL1": 889,
    "UL2": 43,
    "Time": "11/24/2018 2:19:29 PM",
    "Measures": []
  },
  {
    "Floor": "A",
    "Number": 37,
    "UL1": 892,
    "UL2": 44,
    "Time": "11/24/2018 2:20:07 PM",
    "Measures": []
  },
  {
    "Floor": "A",
    "Number": 38,
    "UL1": 893,
    "UL2": 45,
    "Time": "11/24/2018 2:20:27 PM",
    "Measures": [
      {
        "devEui": "0018B200000023E6",
        "devAddr": "30014AE9",
        "time": "2018-11-24 14:18:22",
        "payload": "rxZ9VA5bVAc=",
        "sf": 7,
        "gwEui": "7276FF00390309F5",
        "gwName": "A02b",
        "gwRssi": -118,
        "devUplinkCounter": 125
      }
    ]
  },
  {
    "Floor": "A",
    "Number": 39,
    "UL1": 894,
    "UL2": 46,
    "Time": "11/24/2018 2:20:49 PM",
    "Measures": [
      {
        "devEui": "0018B200000023E6",
        "devAddr": "30014AE9",
        "time": "2018-11-24 14:20:18",
        "payload": "rxd+VQ5bVgY=",
        "sf": 7,
        "gwEui": "7276FF00390309F5",
        "gwName": "A02b",
        "gwRssi": -101,
        "devUplinkCounter": 126
      }
    ]
  },
  {
    "Floor": "A",
    "Number": 40,
    "UL1": 895,
    "UL2": 47,
    "Time": "11/24/2018 2:21:07 PM",
    "Measures": [
      {
        "devEui": "0018B200000023E6",
        "devAddr": "30014AE9",
        "time": "2018-11-24 14:20:36",
        "payload": "rxZ/Vg5aXwc=",
        "sf": 7,
        "gwEui": "7276FF00390309F5",
        "gwName": "A02b",
        "gwRssi": -98,
        "devUplinkCounter": 127
      }
    ]
  },
  {
    "Floor": "A",
    "Number": 46,
    "UL1": 897,
    "UL2": 48,
    "Time": "11/24/2018 2:23:07 PM",
    "Measures": [
      {
        "devEui": "0018B200000023E6",
        "devAddr": "30014AE9",
        "time": "2018-11-24 14:22:56",
        "payload": "rxeBWA5bbQI=",
        "sf": 7,
        "gwEui": "7276FF00390309F5",
        "gwName": "A02b",
        "gwRssi": -95,
        "devUplinkCounter": 129
      }
    ]
  },
  {
    "Floor": "A",
    "Number": 47,
    "UL1": 898,
    "UL2": 49,
    "Time": "11/24/2018 2:23:21 PM",
    "Measures": [
      {
        "devEui": "0018B200000023E6",
        "devAddr": "30014AE9",
        "time": "2018-11-24 14:23:12",
        "payload": "rxeCWQ5bWgY=",
        "sf": 7,
        "gwEui": "7276FF00390309F5",
        "gwName": "A02b",
        "gwRssi": -106,
        "devUplinkCounter": 130
      }
    ]
  },
  {
    "Floor": "A",
    "Number": 48,
    "UL1": 899,
    "UL2": 50,
    "Time": "11/24/2018 2:24:11 PM",
    "Measures": [
      {
        "devEui": "0018B200000023E6",
        "devAddr": "30014AE9",
        "time": "2018-11-24 14:22:10",
        "payload": "rxeDWg5bYAY=",
        "sf": 7,
        "gwEui": "7276FF00390309F5",
        "gwName": "A02b",
        "gwRssi": -116,
        "devUplinkCounter": 131
      }
    ]
  },
  {
    "Floor": "A",
    "Number": 49,
    "UL1": 900,
    "UL2": 51,
    "Time": "11/24/2018 2:24:13 PM",
    "Measures": [
      {
        "devEui": "0018B200000023E6",
        "devAddr": "30014AE9",
        "time": "2018-11-24 14:22:21",
        "payload": "rxeEWw5ZbgQ=",
        "sf": 7,
        "gwEui": "7276FF00390309F5",
        "gwName": "A02b",
        "gwRssi": -112,
        "devUplinkCounter": 132
      }
    ]
  },
  {
    "Floor": "A",
    "Number": 50,
    "UL1": 901,
    "UL2": 52,
    "Time": "11/24/2018 2:24:37 PM",
    "Measures": [
      {
        "devEui": "0018B200000023E6",
        "devAddr": "30014AE9",
        "time": "2018-11-24 14:22:53",
        "payload": "rxeFXA5acgM=",
        "sf": 7,
        "gwEui": "7276FF00390309F5",
        "gwName": "A02b",
        "gwRssi": -106,
        "devUplinkCounter": 133
      }
    ]
  },
  {
    "Floor": "A",
    "Number": 51,
    "UL1": 902,
    "UL2": 53,
    "Time": "11/24/2018 2:30:26 PM",
    "Measures": [
      {
        "devEui": "0018B200000023E6",
        "devAddr": "30014AE9",
        "time": "2018-11-24 14:30:17",
        "payload": "rxeGXQ5aYQY=",
        "sf": 7,
        "gwEui": "7276FF00390309F5",
        "gwName": "A02b",
        "gwRssi": -93,
        "devUplinkCounter": 134
      }
    ]
  },
  {
    "Floor": "A",
    "Number": 52,
    "UL1": 903,
    "UL2": 54,
    "Time": "11/24/2018 2:30:53 PM",
    "Measures": [
      {
        "devEui": "0018B200000023E6",
        "devAddr": "30014AE9",
        "time": "2018-11-24 14:29:07",
        "payload": "rxiHXg5aXAc=",
        "sf": 7,
        "gwEui": "7276FF00390309F5",
        "gwName": "A02b",
        "gwRssi": -101,
        "devUplinkCounter": 135
      }
    ]
  },
  {
    "Floor": "A",
    "Number": 53,
    "UL1": 906,
    "UL2": 55,
    "Time": "11/24/2018 2:32:23 PM",
    "Measures": [
      {
        "devEui": "0018B200000023E6",
        "devAddr": "30014AE9",
        "time": "2018-11-24 14:30:35",
        "payload": "rxeKYA5WVwc=",
        "sf": 7,
        "gwEui": "7276FF00390309F5",
        "gwName": "A02b",
        "gwRssi": -101,
        "devUplinkCounter": 138
      }
    ]
  },
  {
    "Floor": "A",
    "Number": 54,
    "UL1": 907,
    "UL2": 56,
    "Time": "11/24/2018 2:32:52 PM",
    "Measures": [
      {
        "devEui": "0018B200000023E6",
        "devAddr": "30014AE9",
        "time": "2018-11-24 14:31:05",
        "payload": "rxeLYQ5XWgY=",
        "sf": 7,
        "gwEui": "7276FF00390309F5",
        "gwName": "A02b",
        "gwRssi": -112,
        "devUplinkCounter": 139
      }
    ]
  },
  {
    "Floor": "A",
    "Number": 55,
    "UL1": 909,
    "UL2": 57,
    "Time": "11/24/2018 2:33:30 PM",
    "Measures": []
  },
  {
    "Floor": "A",
    "Number": 56,
    "UL1": 911,
    "UL2": 58,
    "Time": "11/24/2018 2:34:56 PM",
    "Measures": [
      {
        "devEui": "0018B200000023E6",
        "devAddr": "30014AE9",
        "time": "2018-11-24 14:34:47",
        "payload": "rxiPZA5XaQQ=",
        "sf": 7,
        "gwEui": "7276FF00390309F5",
        "gwName": "A02b",
        "gwRssi": -89,
        "devUplinkCounter": 143
      }
    ]
  },
  {
    "Floor": "A",
    "Number": 57,
    "UL1": 912,
    "UL2": 59,
    "Time": "11/24/2018 2:35:22 PM",
    "Measures": []
  },
  {
    "Floor": "A",
    "Number": 58,
    "UL1": 913,
    "UL2": 60,
    "Time": "11/24/2018 2:35:54 PM",
    "Measures": [
      {
        "devEui": "0018B200000023E6",
        "devAddr": "30014AE9",
        "time": "2018-11-24 14:34:06",
        "payload": "rxeRZg5VYwY=",
        "sf": 7,
        "gwEui": "7276FF00390309F5",
        "gwName": "A02b",
        "gwRssi": -100,
        "devUplinkCounter": 145
      }
    ]
  },
  {
    "Floor": "A",
    "Number": 60,
    "UL1": 914,
    "UL2": 61,
    "Time": "11/24/2018 2:36:48 PM",
    "Measures": [
      {
        "devEui": "0018B200000023E6",
        "devAddr": "30014AE9",
        "time": "2018-11-24 14:35:06",
        "payload": "rxiSZw5WWQU=",
        "sf": 7,
        "gwEui": "7276FF00390309F5",
        "gwName": "A02b",
        "gwRssi": -88,
        "devUplinkCounter": 146
      }
    ]
  },
  {
    "Floor": "A",
    "Number": 66,
    "UL1": 915,
    "UL2": 62,
    "Time": "11/24/2018 2:38:58 PM",
    "Measures": [
      {
        "devEui": "0018B200000023E6",
        "devAddr": "30014AE9",
        "time": "2018-11-24 14:38:39",
        "payload": "rxeTaA5UVwY=",
        "sf": 7,
        "gwEui": "7276FF00390309F5",
        "gwName": "A02b",
        "gwRssi": -76,
        "devUplinkCounter": 147
      }
    ]
  },
  {
    "Floor": "A",
    "Number": 67,
    "UL1": 916,
    "UL2": 63,
    "Time": "11/24/2018 2:39:18 PM",
    "Measures": [
      {
        "devEui": "0018B200000023E6",
        "devAddr": "30014AE9",
        "time": "2018-11-24 14:37:37",
        "payload": "rxiUaQ5VSgY=",
        "sf": 7,
        "gwEui": "7276FF00390309F5",
        "gwName": "A02b",
        "gwRssi": -76,
        "devUplinkCounter": 148
      }
    ]
  },
  {
    "Floor": "A",
    "Number": 70,
    "UL1": 917,
    "UL2": 64,
    "Time": "11/24/2018 2:40:22 PM",
    "Measures": []
  },
  {
    "Floor": "A",
    "Number": 71,
    "UL1": 918,
    "UL2": 65,
    "Time": "11/24/2018 2:42:22 PM",
    "Measures": [
      {
        "devEui": "0018B200000023E6",
        "devAddr": "30014AE9",
        "time": "2018-11-24 14:40:19",
        "payload": "rxiWaw5TaAU=",
        "sf": 7,
        "gwEui": "7276FF00390309F5",
        "gwName": "A02b",
        "gwRssi": -64,
        "devUplinkCounter": 150
      }
    ]
  },
  {
    "Floor": "A",
    "Number": 72,
    "UL1": 919,
    "UL2": 66,
    "Time": "11/24/2018 2:42:22 PM",
    "Measures": [
      {
        "devEui": "0018B200000023E6",
        "devAddr": "30014AE9",
        "time": "2018-11-24 14:42:03",
        "payload": "rxeXbA5UQQc=",
        "sf": 7,
        "gwEui": "7276FF00390309F5",
        "gwName": "A02b",
        "gwRssi": -80,
        "devUplinkCounter": 151
      }
    ]
  },
  {
    "Floor": "A",
    "Number": 73,
    "UL1": 920,
    "UL2": 67,
    "Time": "11/24/2018 2:43:02 PM",
    "Measures": [
      {
        "devEui": "0018B200000023E6",
        "devAddr": "30014AE9",
        "time": "2018-11-24 14:42:48",
        "payload": "rxiYbQ5USAU=",
        "sf": 7,
        "gwEui": "7276FF00390309F5",
        "gwName": "A02b",
        "gwRssi": -48,
        "devUplinkCounter": 152
      }
    ]
  },
  {
    "Floor": "A",
    "Number": 74,
    "UL1": 921,
    "UL2": 68,
    "Time": "11/24/2018 2:44:46 PM",
    "Measures": [
      {
        "devEui": "0018B200000023E6",
        "devAddr": "30014AE9",
        "time": "2018-11-24 14:44:16",
        "payload": "rxeZbg5UMQY=",
        "sf": 7,
        "gwEui": "7276FF00390309F5",
        "gwName": "A02b",
        "gwRssi": -59,
        "devUplinkCounter": 153
      }
    ]
  },
  {
    "Floor": "A",
    "Number": 75,
    "UL1": 922,
    "UL2": 69,
    "Time": "11/24/2018 2:45:18 PM",
    "Measures": [
      {
        "devEui": "0018B200000023E6",
        "devAddr": "30014AE9",
        "time": "2018-11-24 14:42:56",
        "payload": "rxeabw5TNAc=",
        "sf": 7,
        "gwEui": "7276FF00390309F5",
        "gwName": "A02b",
        "gwRssi": -70,
        "devUplinkCounter": 154
      }
    ]
  },
  {
    "Floor": "A",
    "Number": 76,
    "UL1": 923,
    "UL2": 70,
    "Time": "11/24/2018 2:46:01 PM",
    "Measures": [
      {
        "devEui": "0018B200000023E6",
        "devAddr": "30014AE9",
        "time": "2018-11-24 14:45:39",
        "payload": "rxebcA5SQAc=",
        "sf": 7,
        "gwEui": "7276FF00390309F5",
        "gwName": "A02b",
        "gwRssi": -68,
        "devUplinkCounter": 155
      },
      {
        "devEui": "0018B200000023E6",
        "devAddr": "30014AE9",
        "time": "2018-11-24 14:45:39",
        "payload": "rxebcA5SQAc=",
        "sf": 7,
        "gwEui": "7276FF003903097D",
        "gwName": "D60",
        "gwRssi": -112,
        "devUplinkCounter": 155
      }
    ]
  },
  {
    "Floor": "A",
    "Number": 77,
    "UL1": 924,
    "UL2": 71,
    "Time": "11/24/2018 2:46:01 PM",
    "Measures": [
      {
        "devEui": "0018B200000023E6",
        "devAddr": "30014AE9",
        "time": "2018-11-24 14:45:52",
        "payload": "rxaccQ5SPQY=",
        "sf": 7,
        "gwEui": "7276FF00390309F5",
        "gwName": "A02b",
        "gwRssi": -44,
        "devUplinkCounter": 156
      }
    ]
  },
  {
    "Floor": "A",
    "Number": 78,
    "UL1": 925,
    "UL2": 72,
    "Time": "11/24/2018 2:46:40 PM",
    "Measures": []
  },
  {
    "Floor": "A",
    "Number": 79,
    "UL1": 926,
    "UL2": 73,
    "Time": "11/24/2018 2:46:40 PM",
    "Measures": [
      {
        "devEui": "0018B200000023E6",
        "devAddr": "30014AE9",
        "time": "2018-11-24 14:46:30",
        "payload": "rxeecw5Sdf8=",
        "sf": 7,
        "gwEui": "7276FF00390309F5",
        "gwName": "A02b",
        "gwRssi": -54,
        "devUplinkCounter": 158
      }
    ]
  },
  {
    "Floor": "A",
    "Number": 80,
    "UL1": 927,
    "UL2": 74,
    "Time": "11/24/2018 2:47:06 PM",
    "Measures": [
      {
        "devEui": "0018B200000023E6",
        "devAddr": "30014AE9",
        "time": "2018-11-24 14:46:55",
        "payload": "rxefdA5RPwY=",
        "sf": 7,
        "gwEui": "7276FF00390309F5",
        "gwName": "A02b",
        "gwRssi": -45,
        "devUplinkCounter": 159
      }
    ]
  },
  {
    "Floor": "A",
    "Number": 85,
    "UL1": 928,
    "UL2": 75,
    "Time": "11/24/2018 2:48:11 PM",
    "Measures": [
      {
        "devEui": "0018B200000023E6",
        "devAddr": "30014AE9",
        "time": "2018-11-24 14:46:19",
        "payload": "rxegdQ5RNgY=",
        "sf": 7,
        "gwEui": "7276FF00390309F5",
        "gwName": "A02b",
        "gwRssi": -18,
        "devUplinkCounter": 160
      }
    ]
  },
  {
    "Floor": "A",
    "Number": 86,
    "UL1": 929,
    "UL2": 76,
    "Time": "11/24/2018 2:49:03 PM",
    "Measures": [
      {
        "devEui": "0018B200000023E6",
        "devAddr": "30014AE9",
        "time": "2018-11-24 14:48:53",
        "payload": "rxehdg5QKwY=",
        "sf": 7,
        "gwEui": "7276FF00390309F5",
        "gwName": "A02b",
        "gwRssi": -64,
        "devUplinkCounter": 161
      }
    ]
  },
  {
    "Floor": "A",
    "Number": 87,
    "UL1": 930,
    "UL2": 77,
    "Time": "11/24/2018 2:49:22 PM",
    "Measures": [
      {
        "devEui": "0018B200000023E6",
        "devAddr": "30014AE9",
        "time": "2018-11-24 14:49:15",
        "payload": "rxeidw5OOgc=",
        "sf": 7,
        "gwEui": "7276FF00390309F5",
        "gwName": "A02b",
        "gwRssi": -58,
        "devUplinkCounter": 162
      }
    ]
  },
  {
    "Floor": "A",
    "Number": 88,
    "UL1": 931,
    "UL2": 78,
    "Time": "11/24/2018 2:51:36 PM",
    "Measures": [
      {
        "devEui": "0018B200000023E6",
        "devAddr": "30014AE9",
        "time": "2018-11-24 14:49:53",
        "payload": "rxejeA5OOAY=",
        "sf": 7,
        "gwEui": "7276FF00390309F5",
        "gwName": "A02b",
        "gwRssi": -65,
        "devUplinkCounter": 163
      }
    ]
  },
  {
    "Floor": "A",
    "Number": 89,
    "UL1": 932,
    "UL2": 79,
    "Time": "11/24/2018 2:51:37 PM",
    "Measures": [
      {
        "devEui": "0018B200000023E6",
        "devAddr": "30014AE9",
        "time": "2018-11-24 14:48:40",
        "payload": "rxekeQ5OPwY=",
        "sf": 7,
        "gwEui": "7276FF00390309F5",
        "gwName": "A02b",
        "gwRssi": -72,
        "devUplinkCounter": 164
      }
    ]
  },
  {
    "Floor": "A",
    "Number": 90,
    "UL1": 933,
    "UL2": 80,
    "Time": "11/24/2018 2:51:38 PM",
    "Measures": [
      {
        "devEui": "0018B200000023E6",
        "devAddr": "30014AE9",
        "time": "2018-11-24 14:50:31",
        "payload": "rxeleg5NRAY=",
        "sf": 7,
        "gwEui": "7276FF00390309F5",
        "gwName": "A02b",
        "gwRssi": -81,
        "devUplinkCounter": 165
      }
    ]
  },
  {
    "Floor": "A",
    "Number": 91,
    "UL1": 934,
    "UL2": 81,
    "Time": "11/24/2018 2:51:39 PM",
    "Measures": [
      {
        "devEui": "0018B200000023E6",
        "devAddr": "30014AE9",
        "time": "2018-11-24 14:49:20",
        "payload": "rxemew5MUwc=",
        "sf": 7,
        "gwEui": "7276FF00390309F5",
        "gwName": "A02b",
        "gwRssi": -89,
        "devUplinkCounter": 166
      }
    ]
  },
  {
    "Floor": "A",
    "Number": 92,
    "UL1": 935,
    "UL2": 82,
    "Time": "11/24/2018 2:54:12 PM",
    "Measures": [
      {
        "devEui": "0018B200000023E6",
        "devAddr": "30014AE9",
        "time": "2018-11-24 14:53:40",
        "payload": "rxanfA5LVAY=",
        "sf": 7,
        "gwEui": "7276FF00390309F5",
        "gwName": "A02b",
        "gwRssi": -112,
        "devUplinkCounter": 167
      }
    ]
  },
  {
    "Floor": "A",
    "Number": 93,
    "UL1": 936,
    "UL2": 83,
    "Time": "11/24/2018 2:54:13 PM",
    "Measures": [
      {
        "devEui": "0018B200000023E6",
        "devAddr": "30014AE9",
        "time": "2018-11-24 14:53:58",
        "payload": "rxaofQ5JbQQ=",
        "sf": 7,
        "gwEui": "7276FF00390309F5",
        "gwName": "A02b",
        "gwRssi": -104,
        "devUplinkCounter": 168
      }
    ]
  },
  {
    "Floor": "A",
    "Number": 94,
    "UL1": 937,
    "UL2": 84,
    "Time": "11/24/2018 2:55:25 PM",
    "Measures": [
      {
        "devEui": "0018B200000023E6",
        "devAddr": "30014AE9",
        "time": "2018-11-24 14:53:18",
        "payload": "rxapfg5IYgc=",
        "sf": 7,
        "gwEui": "7276FF00390309F5",
        "gwName": "A02b",
        "gwRssi": -118,
        "devUplinkCounter": 169
      },
      {
        "devEui": "0018B200000023E6",
        "devAddr": "30014AE9",
        "time": "2018-11-24 14:53:22",
        "payload": "rxapfg5IYgc=",
        "sf": 7,
        "gwEui": "7276FF00390309F5",
        "gwName": "A02b",
        "gwRssi": -114,
        "devUplinkCounter": 169
      }
    ]
  },
  {
    "Floor": "A",
    "Number": 95,
    "UL1": 938,
    "UL2": 85,
    "Time": "11/24/2018 2:55:25 PM",
    "Measures": []
  },
  {
    "Floor": "A",
    "Number": 96,
    "UL1": 940,
    "UL2": 86,
    "Time": "11/24/2018 2:57:05 PM",
    "Measures": []
  },
  {
    "Floor": "A",
    "Number": 97,
    "UL1": 943,
    "UL2": 87,
    "Time": "11/24/2018 2:57:11 PM",
    "Measures": [
      {
        "devEui": "0018B200000023E6",
        "devAddr": "30014AE9",
        "time": "2018-11-24 14:55:14",
        "payload": "rxavgg5EWgc=",
        "sf": 7,
        "gwEui": "7276FF00390309F5",
        "gwName": "A02b",
        "gwRssi": -118,
        "devUplinkCounter": 175
      },
      {
        "devEui": "0018B200000023E6",
        "devAddr": "30014AE9",
        "time": "2018-11-24 14:55:19",
        "payload": "rxavgg5EWgc=",
        "sf": 7,
        "gwEui": "7276FF00390309F5",
        "gwName": "A02b",
        "gwRssi": -116,
        "devUplinkCounter": 175
      }
    ]
  },
  {
    "Floor": "A",
    "Number": 98,
    "UL1": 944,
    "UL2": 88,
    "Time": "11/24/2018 2:57:34 PM",
    "Measures": []
  },
  {
    "Floor": "A",
    "Number": 118,
    "UL1": 945,
    "UL2": 89,
    "Time": "11/24/2018 3:00:04 PM",
    "Measures": []
  },
  {
    "Floor": "A",
    "Number": 119,
    "UL1": 946,
    "UL2": 90,
    "Time": "11/24/2018 3:00:05 PM",
    "Measures": []
  },
  {
    "Floor": "A",
    "Number": 120,
    "UL1": 947,
    "UL2": 91,
    "Time": "11/24/2018 3:00:23 PM",
    "Measures": []
  }
]