﻿[
  {
    "Floor": "E",
    "Number": 1,
    "UL1": 1571,
    "UL2": 9,
    "Time": "11/26/2018 3:10:53 PM",
    "Measures": [
      {
        "devEui": "0018B200000023D8",
        "devAddr": "30014ACC",
        "time": "2018-11-26 15:08:55",
        "payload": "rxwJARAYYAY=",
        "sf": 12,
        "gwEui": "7276FF003903094E",
        "gwName": "K01a",
        "gwRssi": -108,
        "devUplinkCounter": 9
      },
      {
        "devEui": "0018B200000023D8",
        "devAddr": "30014ACC",
        "time": "2018-11-26 15:08:55",
        "payload": "rxwJARAYYAY=",
        "sf": 12,
        "gwEui": "7276FF00390309F5",
        "gwName": "A02b",
        "gwRssi": -117,
        "devUplinkCounter": 9
      },
      {
        "devEui": "0018B200000023D8",
        "devAddr": "30014ACC",
        "time": "2018-11-26 15:08:55",
        "payload": "rxwJARAYYAY=",
        "sf": 12,
        "gwEui": "7276FF0039030A01",
        "gwName": "Loge",
        "gwRssi": -95,
        "devUplinkCounter": 9
      },
      {
        "devEui": "0018B200000023D8",
        "devAddr": "30014ACC",
        "time": "2018-11-26 15:08:55",
        "payload": "rxwJARAYYAY=",
        "sf": 12,
        "gwEui": "7276FF0039030977",
        "gwName": "H06",
        "gwRssi": -107,
        "devUplinkCounter": 9
      },
      {
        "devEui": "0018B200000023D8",
        "devAddr": "30014ACC",
        "time": "2018-11-26 15:08:55",
        "payload": "rxwJARAYYAY=",
        "sf": 12,
        "gwEui": "7276FF003903094F",
        "gwName": "F07",
        "gwRssi": -104,
        "devUplinkCounter": 9
      },
      {
        "devEui": "0018B200000023D8",
        "devAddr": "30014ACC",
        "time": "2018-11-26 15:08:55",
        "payload": "rxwJARAYYAY=",
        "sf": 12,
        "gwEui": "7276FF003903097D",
        "gwName": "D60",
        "gwRssi": -86,
        "devUplinkCounter": 9
      }
    ]
  },
  {
    "Floor": "E",
    "Number": 50,
    "UL1": 1572,
    "UL2": 10,
    "Time": "11/26/2018 3:11:53 PM",
    "Measures": [
      {
        "devEui": "0018B200000023D8",
        "devAddr": "30014ACC",
        "time": "2018-11-26 15:11:49",
        "payload": "rxsKAhAVVwM=",
        "sf": 12,
        "gwEui": "7276FF003903094E",
        "gwName": "K01a",
        "gwRssi": -101,
        "devUplinkCounter": 10
      },
      {
        "devEui": "0018B200000023D8",
        "devAddr": "30014ACC",
        "time": "2018-11-26 15:11:49",
        "payload": "rxsKAhAVVwM=",
        "sf": 12,
        "gwEui": "7276FF003903097D",
        "gwName": "D60",
        "gwRssi": -107,
        "devUplinkCounter": 10
      },
      {
        "devEui": "0018B200000023D8",
        "devAddr": "30014ACC",
        "time": "2018-11-26 15:11:49",
        "payload": "rxsKAhAVVwM=",
        "sf": 12,
        "gwEui": "7276FF0039030977",
        "gwName": "H06",
        "gwRssi": -105,
        "devUplinkCounter": 10
      }
    ]
  },
  {
    "Floor": "E",
    "Number": 51,
    "UL1": 1573,
    "UL2": 11,
    "Time": "11/26/2018 3:12:26 PM",
    "Measures": [
      {
        "devEui": "0018B200000023D8",
        "devAddr": "30014ACC",
        "time": "2018-11-26 15:12:22",
        "payload": "rxwLAxAUPwc=",
        "sf": 12,
        "gwEui": "7276FF003903094E",
        "gwName": "K01a",
        "gwRssi": -90,
        "devUplinkCounter": 11
      },
      {
        "devEui": "0018B200000023D8",
        "devAddr": "30014ACC",
        "time": "2018-11-26 15:12:22",
        "payload": "rxwLAxAUPwc=",
        "sf": 12,
        "gwEui": "7276FF0039030977",
        "gwName": "H06",
        "gwRssi": -100,
        "devUplinkCounter": 11
      },
      {
        "devEui": "0018B200000023D8",
        "devAddr": "30014ACC",
        "time": "2018-11-26 15:12:22",
        "payload": "rxwLAxAUPwc=",
        "sf": 12,
        "gwEui": "7276FF003903094F",
        "gwName": "F07",
        "gwRssi": -82,
        "devUplinkCounter": 11
      },
      {
        "devEui": "0018B200000023D8",
        "devAddr": "30014ACC",
        "time": "2018-11-26 15:12:22",
        "payload": "rxwLAxAUPwc=",
        "sf": 12,
        "gwEui": "7276FF003903097D",
        "gwName": "D60",
        "gwRssi": -111,
        "devUplinkCounter": 11
      }
    ]
  },
  {
    "Floor": "E",
    "Number": 52,
    "UL1": 1574,
    "UL2": 12,
    "Time": "11/26/2018 3:12:58 PM",
    "Measures": [
      {
        "devEui": "0018B200000023D8",
        "devAddr": "30014ACC",
        "time": "2018-11-26 15:12:43",
        "payload": "rxsMBBATSAc=",
        "sf": 12,
        "gwEui": "7276FF00390309F5",
        "gwName": "A02b",
        "gwRssi": -118,
        "devUplinkCounter": 12
      },
      {
        "devEui": "0018B200000023D8",
        "devAddr": "30014ACC",
        "time": "2018-11-26 15:12:43",
        "payload": "rxsMBBATSAc=",
        "sf": 12,
        "gwEui": "7276FF0039030977",
        "gwName": "H06",
        "gwRssi": -95,
        "devUplinkCounter": 12
      },
      {
        "devEui": "0018B200000023D8",
        "devAddr": "30014ACC",
        "time": "2018-11-26 15:12:43",
        "payload": "rxsMBBATSAc=",
        "sf": 12,
        "gwEui": "7276FF003903094E",
        "gwName": "K01a",
        "gwRssi": -95,
        "devUplinkCounter": 12
      },
      {
        "devEui": "0018B200000023D8",
        "devAddr": "30014ACC",
        "time": "2018-11-26 15:12:43",
        "payload": "rxsMBBATSAc=",
        "sf": 12,
        "gwEui": "7276FF003903097D",
        "gwName": "D60",
        "gwRssi": -111,
        "devUplinkCounter": 12
      },
      {
        "devEui": "0018B200000023D8",
        "devAddr": "30014ACC",
        "time": "2018-11-26 15:12:43",
        "payload": "rxsMBBATSAc=",
        "sf": 12,
        "gwEui": "7276FF003903094F",
        "gwName": "F07",
        "gwRssi": -90,
        "devUplinkCounter": 12
      }
    ]
  },
  {
    "Floor": "E",
    "Number": 53,
    "UL1": 1576,
    "UL2": 13,
    "Time": "11/26/2018 3:13:24 PM",
    "Measures": [
      {
        "devEui": "0018B200000023D8",
        "devAddr": "30014ACC",
        "time": "2018-11-26 15:13:17",
        "payload": "rxwNBRATQAc=",
        "sf": 12,
        "gwEui": "7276FF003903094E",
        "gwName": "K01a",
        "gwRssi": -100,
        "devUplinkCounter": 13
      },
      {
        "devEui": "0018B200000023D8",
        "devAddr": "30014ACC",
        "time": "2018-11-26 15:13:17",
        "payload": "rxwNBRATQAc=",
        "sf": 12,
        "gwEui": "7276FF0039030977",
        "gwName": "H06",
        "gwRssi": -107,
        "devUplinkCounter": 13
      },
      {
        "devEui": "0018B200000023D8",
        "devAddr": "30014ACC",
        "time": "2018-11-26 15:13:17",
        "payload": "rxwNBRATQAc=",
        "sf": 12,
        "gwEui": "7276FF003903097D",
        "gwName": "D60",
        "gwRssi": -112,
        "devUplinkCounter": 13
      },
      {
        "devEui": "0018B200000023D8",
        "devAddr": "30014ACC",
        "time": "2018-11-26 15:13:17",
        "payload": "rxwNBRATQAc=",
        "sf": 12,
        "gwEui": "7276FF003903094F",
        "gwName": "F07",
        "gwRssi": -105,
        "devUplinkCounter": 13
      },
      {
        "devEui": "0018B200000023D8",
        "devAddr": "30014ACC",
        "time": "2018-11-26 15:13:17",
        "payload": "rxwNBRATQAc=",
        "sf": 12,
        "gwEui": "7276FF0039030A01",
        "gwName": "Loge",
        "gwRssi": -93,
        "devUplinkCounter": 13
      }
    ]
  },
  {
    "Floor": "E",
    "Number": 54,
    "UL1": 1577,
    "UL2": 14,
    "Time": "11/26/2018 3:13:43 PM",
    "Measures": [
      {
        "devEui": "0018B200000023D8",
        "devAddr": "30014ACC",
        "time": "2018-11-26 15:13:38",
        "payload": "rxwOBhASTAY=",
        "sf": 12,
        "gwEui": "7276FF003903097D",
        "gwName": "D60",
        "gwRssi": -107,
        "devUplinkCounter": 14
      },
      {
        "devEui": "0018B200000023D8",
        "devAddr": "30014ACC",
        "time": "2018-11-26 15:13:38",
        "payload": "rxwOBhASTAY=",
        "sf": 12,
        "gwEui": "7276FF003903094E",
        "gwName": "K01a",
        "gwRssi": -88,
        "devUplinkCounter": 14
      },
      {
        "devEui": "0018B200000023D8",
        "devAddr": "30014ACC",
        "time": "2018-11-26 15:13:38",
        "payload": "rxwOBhASTAY=",
        "sf": 12,
        "gwEui": "7276FF0039030977",
        "gwName": "H06",
        "gwRssi": -110,
        "devUplinkCounter": 14
      },
      {
        "devEui": "0018B200000023D8",
        "devAddr": "30014ACC",
        "time": "2018-11-26 15:13:38",
        "payload": "rxwOBhASTAY=",
        "sf": 12,
        "gwEui": "7276FF003903094F",
        "gwName": "F07",
        "gwRssi": -103,
        "devUplinkCounter": 14
      }
    ]
  },
  {
    "Floor": "E",
    "Number": 55,
    "UL1": 1578,
    "UL2": 15,
    "Time": "11/26/2018 3:14:10 PM",
    "Measures": [
      {
        "devEui": "0018B200000023D8",
        "devAddr": "30014ACC",
        "time": "2018-11-26 15:14:03",
        "payload": "rxsPBxASTAY=",
        "sf": 12,
        "gwEui": "7276FF003903094E",
        "gwName": "K01a",
        "gwRssi": -104,
        "devUplinkCounter": 15
      },
      {
        "devEui": "0018B200000023D8",
        "devAddr": "30014ACC",
        "time": "2018-11-26 15:14:03",
        "payload": "rxsPBxASTAY=",
        "sf": 12,
        "gwEui": "7276FF003903094F",
        "gwName": "F07",
        "gwRssi": -97,
        "devUplinkCounter": 15
      },
      {
        "devEui": "0018B200000023D8",
        "devAddr": "30014ACC",
        "time": "2018-11-26 15:14:03",
        "payload": "rxsPBxASTAY=",
        "sf": 12,
        "gwEui": "7276FF0039030A01",
        "gwName": "Loge",
        "gwRssi": -97,
        "devUplinkCounter": 15
      },
      {
        "devEui": "0018B200000023D8",
        "devAddr": "30014ACC",
        "time": "2018-11-26 15:14:03",
        "payload": "rxsPBxASTAY=",
        "sf": 12,
        "gwEui": "7276FF0039030977",
        "gwName": "H06",
        "gwRssi": -107,
        "devUplinkCounter": 15
      },
      {
        "devEui": "0018B200000023D8",
        "devAddr": "30014ACC",
        "time": "2018-11-26 15:14:03",
        "payload": "rxsPBxASTAY=",
        "sf": 12,
        "gwEui": "7276FF003903097D",
        "gwName": "D60",
        "gwRssi": -114,
        "devUplinkCounter": 15
      }
    ]
  },
  {
    "Floor": "E",
    "Number": 56,
    "UL1": 1579,
    "UL2": 16,
    "Time": "11/26/2018 3:14:44 PM",
    "Measures": [
      {
        "devEui": "0018B200000023D8",
        "devAddr": "30014ACC",
        "time": "2018-11-26 15:14:31",
        "payload": "rxsQCBARVQU=",
        "sf": 12,
        "gwEui": "7276FF003903094E",
        "gwName": "K01a",
        "gwRssi": -100,
        "devUplinkCounter": 16
      },
      {
        "devEui": "0018B200000023D8",
        "devAddr": "30014ACC",
        "time": "2018-11-26 15:14:31",
        "payload": "rxsQCBARVQU=",
        "sf": 12,
        "gwEui": "7276FF003903094F",
        "gwName": "F07",
        "gwRssi": -111,
        "devUplinkCounter": 16
      },
      {
        "devEui": "0018B200000023D8",
        "devAddr": "30014ACC",
        "time": "2018-11-26 15:14:31",
        "payload": "rxsQCBARVQU=",
        "sf": 12,
        "gwEui": "7276FF0039030A01",
        "gwName": "Loge",
        "gwRssi": -102,
        "devUplinkCounter": 16
      }
    ]
  },
  {
    "Floor": "E",
    "Number": 57,
    "UL1": 1582,
    "UL2": 18,
    "Time": "11/26/2018 3:16:23 PM",
    "Measures": [
      {
        "devEui": "0018B200000023D8",
        "devAddr": "30014ACC",
        "time": "2018-11-26 15:16:13",
        "payload": "rxsSChAPWwc=",
        "sf": 12,
        "gwEui": "7276FF0039030977",
        "gwName": "H06",
        "gwRssi": -108,
        "devUplinkCounter": 18
      },
      {
        "devEui": "0018B200000023D8",
        "devAddr": "30014ACC",
        "time": "2018-11-26 15:16:13",
        "payload": "rxsSChAPWwc=",
        "sf": 12,
        "gwEui": "7276FF003903094F",
        "gwName": "F07",
        "gwRssi": -109,
        "devUplinkCounter": 18
      },
      {
        "devEui": "0018B200000023D8",
        "devAddr": "30014ACC",
        "time": "2018-11-26 15:16:13",
        "payload": "rxsSChAPWwc=",
        "sf": 12,
        "gwEui": "7276FF0039030A01",
        "gwName": "Loge",
        "gwRssi": -108,
        "devUplinkCounter": 18
      },
      {
        "devEui": "0018B200000023D8",
        "devAddr": "30014ACC",
        "time": "2018-11-26 15:16:13",
        "payload": "rxsSChAPWwc=",
        "sf": 12,
        "gwEui": "7276FF003903094E",
        "gwName": "K01a",
        "gwRssi": -107,
        "devUplinkCounter": 18
      }
    ]
  },
  {
    "Floor": "E",
    "Number": 58,
    "UL1": 1585,
    "UL2": 19,
    "Time": "11/26/2018 3:17:09 PM",
    "Measures": [
      {
        "devEui": "0018B200000023D8",
        "devAddr": "30014ACC",
        "time": "2018-11-26 15:16:58",
        "payload": "rxsTCxAOWgU=",
        "sf": 12,
        "gwEui": "7276FF003903097D",
        "gwName": "D60",
        "gwRssi": -111,
        "devUplinkCounter": 19
      },
      {
        "devEui": "0018B200000023D8",
        "devAddr": "30014ACC",
        "time": "2018-11-26 15:16:58",
        "payload": "rxsTCxAOWgU=",
        "sf": 12,
        "gwEui": "7276FF003903094E",
        "gwName": "K01a",
        "gwRssi": -105,
        "devUplinkCounter": 19
      }
    ]
  },
  {
    "Floor": "E",
    "Number": 59,
    "UL1": 1586,
    "UL2": 20,
    "Time": "11/26/2018 3:17:47 PM",
    "Measures": [
      {
        "devEui": "0018B200000023D8",
        "devAddr": "30014ACC",
        "time": "2018-11-26 15:17:32",
        "payload": "rxoUDBAMTAc=",
        "sf": 12,
        "gwEui": "7276FF0039030A01",
        "gwName": "Loge",
        "gwRssi": -95,
        "devUplinkCounter": 20
      },
      {
        "devEui": "0018B200000023D8",
        "devAddr": "30014ACC",
        "time": "2018-11-26 15:17:32",
        "payload": "rxoUDBAMTAc=",
        "sf": 12,
        "gwEui": "7276FF003903094F",
        "gwName": "F07",
        "gwRssi": -106,
        "devUplinkCounter": 20
      },
      {
        "devEui": "0018B200000023D8",
        "devAddr": "30014ACC",
        "time": "2018-11-26 15:17:32",
        "payload": "rxoUDBAMTAc=",
        "sf": 12,
        "gwEui": "7276FF0039030977",
        "gwName": "H06",
        "gwRssi": -109,
        "devUplinkCounter": 20
      },
      {
        "devEui": "0018B200000023D8",
        "devAddr": "30014ACC",
        "time": "2018-11-26 15:17:32",
        "payload": "rxoUDBAMTAc=",
        "sf": 12,
        "gwEui": "7276FF003903097D",
        "gwName": "D60",
        "gwRssi": -116,
        "devUplinkCounter": 20
      },
      {
        "devEui": "0018B200000023D8",
        "devAddr": "30014ACC",
        "time": "2018-11-26 15:17:32",
        "payload": "rxoUDBAMTAc=",
        "sf": 12,
        "gwEui": "7276FF003903094E",
        "gwName": "K01a",
        "gwRssi": -105,
        "devUplinkCounter": 20
      },
      {
        "devEui": "0018B200000023D8",
        "devAddr": "30014ACC",
        "time": "2018-11-26 15:17:38",
        "payload": "rxoUDBAMTAc=",
        "sf": 12,
        "gwEui": "7276FF003903097D",
        "gwName": "D60",
        "gwRssi": -114,
        "devUplinkCounter": 20
      },
      {
        "devEui": "0018B200000023D8",
        "devAddr": "30014ACC",
        "time": "2018-11-26 15:17:38",
        "payload": "rxoUDBAMTAc=",
        "sf": 12,
        "gwEui": "7276FF003903094E",
        "gwName": "K01a",
        "gwRssi": -95,
        "devUplinkCounter": 20
      }
    ]
  },
  {
    "Floor": "E",
    "Number": 60,
    "UL1": 1587,
    "UL2": 22,
    "Time": "11/26/2018 3:18:26 PM",
    "Measures": [
      {
        "devEui": "0018B200000023D8",
        "devAddr": "30014ACC",
        "time": "2018-11-26 15:18:18",
        "payload": "rxoWDRANWAc=",
        "sf": 12,
        "gwEui": "7276FF003903094E",
        "gwName": "K01a",
        "gwRssi": -84,
        "devUplinkCounter": 22
      },
      {
        "devEui": "0018B200000023D8",
        "devAddr": "30014ACC",
        "time": "2018-11-26 15:18:18",
        "payload": "rxoWDRANWAc=",
        "sf": 12,
        "gwEui": "7276FF003903097D",
        "gwName": "D60",
        "gwRssi": -110,
        "devUplinkCounter": 22
      },
      {
        "devEui": "0018B200000023D8",
        "devAddr": "30014ACC",
        "time": "2018-11-26 15:18:18",
        "payload": "rxoWDRANWAc=",
        "sf": 12,
        "gwEui": "7276FF003903094F",
        "gwName": "F07",
        "gwRssi": -95,
        "devUplinkCounter": 22
      },
      {
        "devEui": "0018B200000023D8",
        "devAddr": "30014ACC",
        "time": "2018-11-26 15:18:18",
        "payload": "rxoWDRANWAc=",
        "sf": 12,
        "gwEui": "7276FF0039030977",
        "gwName": "H06",
        "gwRssi": -106,
        "devUplinkCounter": 22
      }
    ]
  },
  {
    "Floor": "E",
    "Number": 61,
    "UL1": 1588,
    "UL2": 23,
    "Time": "11/26/2018 3:18:42 PM",
    "Measures": [
      {
        "devEui": "0018B200000023D8",
        "devAddr": "30014ACC",
        "time": "2018-11-26 15:18:42",
        "payload": "rxoXDhANRwY=",
        "sf": 12,
        "gwEui": "7276FF003903097D",
        "gwName": "D60",
        "gwRssi": -113,
        "devUplinkCounter": 23
      },
      {
        "devEui": "0018B200000023D8",
        "devAddr": "30014ACC",
        "time": "2018-11-26 15:18:42",
        "payload": "rxoXDhANRwY=",
        "sf": 12,
        "gwEui": "7276FF003903094F",
        "gwName": "F07",
        "gwRssi": -90,
        "devUplinkCounter": 23
      },
      {
        "devEui": "0018B200000023D8",
        "devAddr": "30014ACC",
        "time": "2018-11-26 15:18:42",
        "payload": "rxoXDhANRwY=",
        "sf": 12,
        "gwEui": "7276FF0039030977",
        "gwName": "H06",
        "gwRssi": -107,
        "devUplinkCounter": 23
      },
      {
        "devEui": "0018B200000023D8",
        "devAddr": "30014ACC",
        "time": "2018-11-26 15:18:42",
        "payload": "rxoXDhANRwY=",
        "sf": 12,
        "gwEui": "7276FF0039030A01",
        "gwName": "Loge",
        "gwRssi": -96,
        "devUplinkCounter": 23
      },
      {
        "devEui": "0018B200000023D8",
        "devAddr": "30014ACC",
        "time": "2018-11-26 15:18:42",
        "payload": "rxoXDhANRwY=",
        "sf": 12,
        "gwEui": "7276FF003903094E",
        "gwName": "K01a",
        "gwRssi": -80,
        "devUplinkCounter": 23
      }
    ]
  },
  {
    "Floor": "E",
    "Number": 46,
    "UL1": 1589,
    "UL2": 24,
    "Time": "11/26/2018 3:19:48 PM",
    "Measures": [
      {
        "devEui": "0018B200000023D8",
        "devAddr": "30014ACC",
        "time": "2018-11-26 15:19:44",
        "payload": "rxoYDxAMSgc=",
        "sf": 12,
        "gwEui": "7276FF003903094F",
        "gwName": "F07",
        "gwRssi": -84,
        "devUplinkCounter": 24
      },
      {
        "devEui": "0018B200000023D8",
        "devAddr": "30014ACC",
        "time": "2018-11-26 15:19:44",
        "payload": "rxoYDxAMSgc=",
        "sf": 12,
        "gwEui": "7276FF003903097D",
        "gwName": "D60",
        "gwRssi": -113,
        "devUplinkCounter": 24
      },
      {
        "devEui": "0018B200000023D8",
        "devAddr": "30014ACC",
        "time": "2018-11-26 15:19:44",
        "payload": "rxoYDxAMSgc=",
        "sf": 12,
        "gwEui": "7276FF003903094E",
        "gwName": "K01a",
        "gwRssi": -85,
        "devUplinkCounter": 24
      },
      {
        "devEui": "0018B200000023D8",
        "devAddr": "30014ACC",
        "time": "2018-11-26 15:19:44",
        "payload": "rxoYDxAMSgc=",
        "sf": 12,
        "gwEui": "7276FF0039030977",
        "gwName": "H06",
        "gwRssi": -86,
        "devUplinkCounter": 24
      }
    ]
  },
  {
    "Floor": "E",
    "Number": 47,
    "UL1": 1590,
    "UL2": 25,
    "Time": "11/26/2018 3:20:04 PM",
    "Measures": [
      {
        "devEui": "0018B200000023D8",
        "devAddr": "30014ACC",
        "time": "2018-11-26 15:19:58",
        "payload": "rxoZEBAKVAY=",
        "sf": 12,
        "gwEui": "7276FF003903094E",
        "gwName": "K01a",
        "gwRssi": -95,
        "devUplinkCounter": 25
      },
      {
        "devEui": "0018B200000023D8",
        "devAddr": "30014ACC",
        "time": "2018-11-26 15:19:58",
        "payload": "rxoZEBAKVAY=",
        "sf": 12,
        "gwEui": "7276FF003903094F",
        "gwName": "F07",
        "gwRssi": -88,
        "devUplinkCounter": 25
      },
      {
        "devEui": "0018B200000023D8",
        "devAddr": "30014ACC",
        "time": "2018-11-26 15:19:58",
        "payload": "rxoZEBAKVAY=",
        "sf": 12,
        "gwEui": "7276FF003903097D",
        "gwName": "D60",
        "gwRssi": -113,
        "devUplinkCounter": 25
      },
      {
        "devEui": "0018B200000023D8",
        "devAddr": "30014ACC",
        "time": "2018-11-26 15:19:58",
        "payload": "rxoZEBAKVAY=",
        "sf": 12,
        "gwEui": "7276FF0039030977",
        "gwName": "H06",
        "gwRssi": -95,
        "devUplinkCounter": 25
      }
    ]
  },
  {
    "Floor": "E",
    "Number": 48,
    "UL1": 1592,
    "UL2": 26,
    "Time": "11/26/2018 3:20:26 PM",
    "Measures": [
      {
        "devEui": "0018B200000023D8",
        "devAddr": "30014ACC",
        "time": "2018-11-26 15:20:22",
        "payload": "rxoaERAIQQc=",
        "sf": 12,
        "gwEui": "7276FF003903094E",
        "gwName": "K01a",
        "gwRssi": -100,
        "devUplinkCounter": 26
      },
      {
        "devEui": "0018B200000023D8",
        "devAddr": "30014ACC",
        "time": "2018-11-26 15:20:22",
        "payload": "rxoaERAIQQc=",
        "sf": 12,
        "gwEui": "7276FF0039030A01",
        "gwName": "Loge",
        "gwRssi": -92,
        "devUplinkCounter": 26
      },
      {
        "devEui": "0018B200000023D8",
        "devAddr": "30014ACC",
        "time": "2018-11-26 15:20:22",
        "payload": "rxoaERAIQQc=",
        "sf": 12,
        "gwEui": "7276FF003903097D",
        "gwName": "D60",
        "gwRssi": -116,
        "devUplinkCounter": 26
      },
      {
        "devEui": "0018B200000023D8",
        "devAddr": "30014ACC",
        "time": "2018-11-26 15:20:22",
        "payload": "rxoaERAIQQc=",
        "sf": 12,
        "gwEui": "7276FF0039030977",
        "gwName": "H06",
        "gwRssi": -94,
        "devUplinkCounter": 26
      },
      {
        "devEui": "0018B200000023D8",
        "devAddr": "30014ACC",
        "time": "2018-11-26 15:20:22",
        "payload": "rxoaERAIQQc=",
        "sf": 12,
        "gwEui": "7276FF003903094F",
        "gwName": "F07",
        "gwRssi": -90,
        "devUplinkCounter": 26
      }
    ]
  },
  {
    "Floor": "E",
    "Number": 49,
    "UL1": 1593,
    "UL2": 27,
    "Time": "11/26/2018 3:20:39 PM",
    "Measures": [
      {
        "devEui": "0018B200000023D8",
        "devAddr": "30014ACC",
        "time": "2018-11-26 15:20:37",
        "payload": "rxobEhAJRwc=",
        "sf": 12,
        "gwEui": "7276FF003903094F",
        "gwName": "F07",
        "gwRssi": -95,
        "devUplinkCounter": 27
      },
      {
        "devEui": "0018B200000023D8",
        "devAddr": "30014ACC",
        "time": "2018-11-26 15:20:37",
        "payload": "rxobEhAJRwc=",
        "sf": 12,
        "gwEui": "7276FF0039030A01",
        "gwName": "Loge",
        "gwRssi": -92,
        "devUplinkCounter": 27
      },
      {
        "devEui": "0018B200000023D8",
        "devAddr": "30014ACC",
        "time": "2018-11-26 15:20:37",
        "payload": "rxobEhAJRwc=",
        "sf": 12,
        "gwEui": "7276FF003903094E",
        "gwName": "K01a",
        "gwRssi": -94,
        "devUplinkCounter": 27
      },
      {
        "devEui": "0018B200000023D8",
        "devAddr": "30014ACC",
        "time": "2018-11-26 15:20:37",
        "payload": "rxobEhAJRwc=",
        "sf": 12,
        "gwEui": "7276FF0039030977",
        "gwName": "H06",
        "gwRssi": -97,
        "devUplinkCounter": 27
      }
    ]
  },
  {
    "Floor": "E",
    "Number": 68,
    "UL1": 1594,
    "UL2": 28,
    "Time": "11/26/2018 3:21:38 PM",
    "Measures": [
      {
        "devEui": "0018B200000023D8",
        "devAddr": "30014ACC",
        "time": "2018-11-26 15:21:29",
        "payload": "rxocExAKRwc=",
        "sf": 12,
        "gwEui": "7276FF0039030977",
        "gwName": "H06",
        "gwRssi": -96,
        "devUplinkCounter": 28
      },
      {
        "devEui": "0018B200000023D8",
        "devAddr": "30014ACC",
        "time": "2018-11-26 15:21:29",
        "payload": "rxocExAKRwc=",
        "sf": 12,
        "gwEui": "7276FF003903094E",
        "gwName": "K01a",
        "gwRssi": -101,
        "devUplinkCounter": 28
      },
      {
        "devEui": "0018B200000023D8",
        "devAddr": "30014ACC",
        "time": "2018-11-26 15:21:29",
        "payload": "rxocExAKRwc=",
        "sf": 12,
        "gwEui": "7276FF003903094F",
        "gwName": "F07",
        "gwRssi": -90,
        "devUplinkCounter": 28
      },
      {
        "devEui": "0018B200000023D8",
        "devAddr": "30014ACC",
        "time": "2018-11-26 15:21:29",
        "payload": "rxocExAKRwc=",
        "sf": 12,
        "gwEui": "7276FF003903097D",
        "gwName": "D60",
        "gwRssi": -89,
        "devUplinkCounter": 28
      }
    ]
  },
  {
    "Floor": "E",
    "Number": 69,
    "UL1": 1595,
    "UL2": 29,
    "Time": "11/26/2018 3:22:09 PM",
    "Measures": [
      {
        "devEui": "0018B200000023D8",
        "devAddr": "30014ACC",
        "time": "2018-11-26 15:21:52",
        "payload": "rxodFBAKRQc=",
        "sf": 12,
        "gwEui": "7276FF003903094E",
        "gwName": "K01a",
        "gwRssi": -78,
        "devUplinkCounter": 29
      },
      {
        "devEui": "0018B200000023D8",
        "devAddr": "30014ACC",
        "time": "2018-11-26 15:21:52",
        "payload": "rxodFBAKRQc=",
        "sf": 12,
        "gwEui": "7276FF003903097D",
        "gwName": "D60",
        "gwRssi": -101,
        "devUplinkCounter": 29
      },
      {
        "devEui": "0018B200000023D8",
        "devAddr": "30014ACC",
        "time": "2018-11-26 15:21:52",
        "payload": "rxodFBAKRQc=",
        "sf": 12,
        "gwEui": "7276FF003903094F",
        "gwName": "F07",
        "gwRssi": -84,
        "devUplinkCounter": 29
      },
      {
        "devEui": "0018B200000023D8",
        "devAddr": "30014ACC",
        "time": "2018-11-26 15:21:52",
        "payload": "rxodFBAKRQc=",
        "sf": 12,
        "gwEui": "7276FF0039030A01",
        "gwName": "Loge",
        "gwRssi": -83,
        "devUplinkCounter": 29
      },
      {
        "devEui": "0018B200000023D8",
        "devAddr": "30014ACC",
        "time": "2018-11-26 15:21:52",
        "payload": "rxodFBAKRQc=",
        "sf": 12,
        "gwEui": "7276FF0039030977",
        "gwName": "H06",
        "gwRssi": -95,
        "devUplinkCounter": 29
      }
    ]
  },
  {
    "Floor": "E",
    "Number": 70,
    "UL1": 1596,
    "UL2": 30,
    "Time": "11/26/2018 3:22:10 PM",
    "Measures": [
      {
        "devEui": "0018B200000023D8",
        "devAddr": "30014ACC",
        "time": "2018-11-26 15:22:00",
        "payload": "rxoeFRAKRAY=",
        "sf": 12,
        "gwEui": "7276FF003903094F",
        "gwName": "F07",
        "gwRssi": -85,
        "devUplinkCounter": 30
      },
      {
        "devEui": "0018B200000023D8",
        "devAddr": "30014ACC",
        "time": "2018-11-26 15:22:00",
        "payload": "rxoeFRAKRAY=",
        "sf": 12,
        "gwEui": "7276FF0039030A01",
        "gwName": "Loge",
        "gwRssi": -77,
        "devUplinkCounter": 30
      },
      {
        "devEui": "0018B200000023D8",
        "devAddr": "30014ACC",
        "time": "2018-11-26 15:22:00",
        "payload": "rxoeFRAKRAY=",
        "sf": 12,
        "gwEui": "7276FF003903094E",
        "gwName": "K01a",
        "gwRssi": -101,
        "devUplinkCounter": 30
      },
      {
        "devEui": "0018B200000023D8",
        "devAddr": "30014ACC",
        "time": "2018-11-26 15:22:00",
        "payload": "rxoeFRAKRAY=",
        "sf": 12,
        "gwEui": "7276FF003903097D",
        "gwName": "D60",
        "gwRssi": -94,
        "devUplinkCounter": 30
      },
      {
        "devEui": "0018B200000023D8",
        "devAddr": "30014ACC",
        "time": "2018-11-26 15:22:00",
        "payload": "rxoeFRAKRAY=",
        "sf": 12,
        "gwEui": "7276FF0039030977",
        "gwName": "H06",
        "gwRssi": -105,
        "devUplinkCounter": 30
      }
    ]
  },
  {
    "Floor": "E",
    "Number": 71,
    "UL1": 1603,
    "UL2": 37,
    "Time": "11/26/2018 3:23:58 PM",
    "Measures": [
      {
        "devEui": "0018B200000023D8",
        "devAddr": "30014ACC",
        "time": "2018-11-26 15:23:36",
        "payload": "rxklFxAKRgY=",
        "sf": 12,
        "gwEui": "7276FF003903097D",
        "gwName": "D60",
        "gwRssi": -112,
        "devUplinkCounter": 37
      },
      {
        "devEui": "0018B200000023D8",
        "devAddr": "30014ACC",
        "time": "2018-11-26 15:23:36",
        "payload": "rxklFxAKRgY=",
        "sf": 12,
        "gwEui": "7276FF003903094F",
        "gwName": "F07",
        "gwRssi": -87,
        "devUplinkCounter": 37
      },
      {
        "devEui": "0018B200000023D8",
        "devAddr": "30014ACC",
        "time": "2018-11-26 15:23:36",
        "payload": "rxklFxAKRgY=",
        "sf": 12,
        "gwEui": "7276FF003903094E",
        "gwName": "K01a",
        "gwRssi": -108,
        "devUplinkCounter": 37
      },
      {
        "devEui": "0018B200000023D8",
        "devAddr": "30014ACC",
        "time": "2018-11-26 15:23:36",
        "payload": "rxklFxAKRgY=",
        "sf": 12,
        "gwEui": "7276FF0039030977",
        "gwName": "H06",
        "gwRssi": -94,
        "devUplinkCounter": 37
      },
      {
        "devEui": "0018B200000023D8",
        "devAddr": "30014ACC",
        "time": "2018-11-26 15:23:36",
        "payload": "rxklFxAKRgY=",
        "sf": 12,
        "gwEui": "7276FF003903097C",
        "gwName": "C22",
        "gwRssi": -106,
        "devUplinkCounter": 37
      }
    ]
  },
  {
    "Floor": "E",
    "Number": 72,
    "UL1": 1604,
    "UL2": 38,
    "Time": "11/26/2018 3:24:23 PM",
    "Measures": [
      {
        "devEui": "0018B200000023D8",
        "devAddr": "30014ACC",
        "time": "2018-11-26 15:24:12",
        "payload": "rxomGBAITgU=",
        "sf": 12,
        "gwEui": "7276FF003903097D",
        "gwName": "D60",
        "gwRssi": -114,
        "devUplinkCounter": 38
      },
      {
        "devEui": "0018B200000023D8",
        "devAddr": "30014ACC",
        "time": "2018-11-26 15:24:12",
        "payload": "rxomGBAITgU=",
        "sf": 12,
        "gwEui": "7276FF0039030977",
        "gwName": "H06",
        "gwRssi": -97,
        "devUplinkCounter": 38
      },
      {
        "devEui": "0018B200000023D8",
        "devAddr": "30014ACC",
        "time": "2018-11-26 15:24:12",
        "payload": "rxomGBAITgU=",
        "sf": 12,
        "gwEui": "7276FF003903094E",
        "gwName": "K01a",
        "gwRssi": -99,
        "devUplinkCounter": 38
      },
      {
        "devEui": "0018B200000023D8",
        "devAddr": "30014ACC",
        "time": "2018-11-26 15:24:12",
        "payload": "rxomGBAITgU=",
        "sf": 12,
        "gwEui": "7276FF003903094F",
        "gwName": "F07",
        "gwRssi": -76,
        "devUplinkCounter": 38
      },
      {
        "devEui": "0018B200000023D8",
        "devAddr": "30014ACC",
        "time": "2018-11-26 15:24:12",
        "payload": "rxomGBAITgU=",
        "sf": 12,
        "gwEui": "7276FF003903097C",
        "gwName": "C22",
        "gwRssi": -109,
        "devUplinkCounter": 38
      }
    ]
  },
  {
    "Floor": "E",
    "Number": 73,
    "UL1": 1605,
    "UL2": 39,
    "Time": "11/26/2018 3:24:25 PM",
    "Measures": [
      {
        "devEui": "0018B200000023D8",
        "devAddr": "30014ACC",
        "time": "2018-11-26 15:31:15",
        "payload": "rxknGRAGTQc=",
        "sf": 12,
        "gwEui": "7276FF0039030977",
        "gwName": "H06",
        "gwRssi": -102,
        "devUplinkCounter": 39
      },
      {
        "devEui": "0018B200000023D8",
        "devAddr": "30014ACC",
        "time": "2018-11-26 15:31:15",
        "payload": "rxknGRAGTQc=",
        "sf": 12,
        "gwEui": "7276FF003903094F",
        "gwName": "F07",
        "gwRssi": -86,
        "devUplinkCounter": 39
      },
      {
        "devEui": "0018B200000023D8",
        "devAddr": "30014ACC",
        "time": "2018-11-26 15:31:15",
        "payload": "rxknGRAGTQc=",
        "sf": 12,
        "gwEui": "7276FF003903094E",
        "gwName": "K01a",
        "gwRssi": -108,
        "devUplinkCounter": 39
      }
    ]
  },
  {
    "Floor": "E",
    "Number": 74,
    "UL1": 1606,
    "UL2": 40,
    "Time": "11/26/2018 3:24:25 PM",
    "Measures": [
      {
        "devEui": "0018B200000023D8",
        "devAddr": "30014ACC",
        "time": "2018-11-26 15:31:35",
        "payload": "rxkoGhAFRQc=",
        "sf": 12,
        "gwEui": "7276FF003903097C",
        "gwName": "C22",
        "gwRssi": -106,
        "devUplinkCounter": 40
      },
      {
        "devEui": "0018B200000023D8",
        "devAddr": "30014ACC",
        "time": "2018-11-26 15:31:35",
        "payload": "rxkoGhAFRQc=",
        "sf": 12,
        "gwEui": "7276FF003903094E",
        "gwName": "K01a",
        "gwRssi": -106,
        "devUplinkCounter": 40
      },
      {
        "devEui": "0018B200000023D8",
        "devAddr": "30014ACC",
        "time": "2018-11-26 15:31:35",
        "payload": "rxkoGhAFRQc=",
        "sf": 12,
        "gwEui": "7276FF003903097D",
        "gwName": "D60",
        "gwRssi": -114,
        "devUplinkCounter": 40
      },
      {
        "devEui": "0018B200000023D8",
        "devAddr": "30014ACC",
        "time": "2018-11-26 15:31:35",
        "payload": "rxkoGhAFRQc=",
        "sf": 12,
        "gwEui": "7276FF003903094F",
        "gwName": "F07",
        "gwRssi": -89,
        "devUplinkCounter": 40
      },
      {
        "devEui": "0018B200000023D8",
        "devAddr": "30014ACC",
        "time": "2018-11-26 15:31:35",
        "payload": "rxkoGhAFRQc=",
        "sf": 12,
        "gwEui": "7276FF0039030977",
        "gwName": "H06",
        "gwRssi": -98,
        "devUplinkCounter": 40
      }
    ]
  }
]