﻿[
  {
    "Floor": "G",
    "Number": 1,
    "UL1": 1645,
    "UL2": 70,
    "Time": "11/26/2018 5:00:23 PM",
    "Measures": [
      {
        "devEui": "0018B200000023D8",
        "devAddr": "30014ACC",
        "time": "2018-11-26 17:00:02",
        "payload": "rxlGOBARNgY=",
        "sf": 12,
        "gwEui": "7276FF003903094F",
        "gwName": "F07",
        "gwRssi": -55,
        "devUplinkCounter": 70
      },
      {
        "devEui": "0018B200000023D8",
        "devAddr": "30014ACC",
        "time": "2018-11-26 17:00:02",
        "payload": "rxlGOBARNgY=",
        "sf": 12,
        "gwEui": "7276FF003903094E",
        "gwName": "K01a",
        "gwRssi": -98,
        "devUplinkCounter": 70
      },
      {
        "devEui": "0018B200000023D8",
        "devAddr": "30014ACC",
        "time": "2018-11-26 17:00:02",
        "payload": "rxlGOBARNgY=",
        "sf": 12,
        "gwEui": "7276FF0039030977",
        "gwName": "H06",
        "gwRssi": -83,
        "devUplinkCounter": 70
      },
      {
        "devEui": "0018B200000023D8",
        "devAddr": "30014ACC",
        "time": "2018-11-26 17:00:02",
        "payload": "rxlGOBARNgY=",
        "sf": 12,
        "gwEui": "7276FF003903097D",
        "gwName": "D60",
        "gwRssi": -113,
        "devUplinkCounter": 70
      }
    ]
  },
  {
    "Floor": "G",
    "Number": 2,
    "UL1": 1646,
    "UL2": 71,
    "Time": "11/26/2018 5:00:36 PM",
    "Measures": [
      {
        "devEui": "0018B200000023D8",
        "devAddr": "30014ACC",
        "time": "2018-11-26 17:00:32",
        "payload": "rxlHORAPJwc=",
        "sf": 12,
        "gwEui": "7276FF0039030977",
        "gwName": "H06",
        "gwRssi": -93,
        "devUplinkCounter": 71
      },
      {
        "devEui": "0018B200000023D8",
        "devAddr": "30014ACC",
        "time": "2018-11-26 17:00:32",
        "payload": "rxlHORAPJwc=",
        "sf": 12,
        "gwEui": "7276FF0039030A01",
        "gwName": "Loge",
        "gwRssi": -89,
        "devUplinkCounter": 71
      },
      {
        "devEui": "0018B200000023D8",
        "devAddr": "30014ACC",
        "time": "2018-11-26 17:00:32",
        "payload": "rxlHORAPJwc=",
        "sf": 12,
        "gwEui": "7276FF003903094F",
        "gwName": "F07",
        "gwRssi": -61,
        "devUplinkCounter": 71
      },
      {
        "devEui": "0018B200000023D8",
        "devAddr": "30014ACC",
        "time": "2018-11-26 17:00:32",
        "payload": "rxlHORAPJwc=",
        "sf": 12,
        "gwEui": "7276FF003903097D",
        "gwName": "D60",
        "gwRssi": -116,
        "devUplinkCounter": 71
      },
      {
        "devEui": "0018B200000023D8",
        "devAddr": "30014ACC",
        "time": "2018-11-26 17:00:32",
        "payload": "rxlHORAPJwc=",
        "sf": 12,
        "gwEui": "7276FF003903094E",
        "gwName": "K01a",
        "gwRssi": -98,
        "devUplinkCounter": 71
      }
    ]
  },
  {
    "Floor": "G",
    "Number": 3,
    "UL1": 1647,
    "UL2": 72,
    "Time": "11/26/2018 5:00:46 PM",
    "Measures": [
      {
        "devEui": "0018B200000023D8",
        "devAddr": "30014ACC",
        "time": "2018-11-26 17:00:44",
        "payload": "rxlIOhAPJgc=",
        "sf": 12,
        "gwEui": "7276FF003903094F",
        "gwName": "F07",
        "gwRssi": -80,
        "devUplinkCounter": 72
      },
      {
        "devEui": "0018B200000023D8",
        "devAddr": "30014ACC",
        "time": "2018-11-26 17:00:50",
        "payload": "rxlIOhAPJgc=",
        "sf": 12,
        "gwEui": "7276FF0039030A01",
        "gwName": "Loge",
        "gwRssi": -87,
        "devUplinkCounter": 72
      },
      {
        "devEui": "0018B200000023D8",
        "devAddr": "30014ACC",
        "time": "2018-11-26 17:00:50",
        "payload": "rxlIOhAPJgc=",
        "sf": 12,
        "gwEui": "7276FF003903094E",
        "gwName": "K01a",
        "gwRssi": -92,
        "devUplinkCounter": 72
      },
      {
        "devEui": "0018B200000023D8",
        "devAddr": "30014ACC",
        "time": "2018-11-26 17:00:50",
        "payload": "rxlIOhAPJgc=",
        "sf": 12,
        "gwEui": "7276FF0039030977",
        "gwName": "H06",
        "gwRssi": -79,
        "devUplinkCounter": 72
      },
      {
        "devEui": "0018B200000023D8",
        "devAddr": "30014ACC",
        "time": "2018-11-26 17:00:50",
        "payload": "rxlIOhAPJgc=",
        "sf": 12,
        "gwEui": "7276FF003903094F",
        "gwName": "F07",
        "gwRssi": -83,
        "devUplinkCounter": 72
      }
    ]
  },
  {
    "Floor": "G",
    "Number": 21,
    "UL1": 1648,
    "UL2": 74,
    "Time": "11/26/2018 5:02:37 PM",
    "Measures": [
      {
        "devEui": "0018B200000023D8",
        "devAddr": "30014ACC",
        "time": "2018-11-26 17:02:31",
        "payload": "rxlKOxAOKwY=",
        "sf": 12,
        "gwEui": "7276FF0039030977",
        "gwName": "H06",
        "gwRssi": -93,
        "devUplinkCounter": 74
      },
      {
        "devEui": "0018B200000023D8",
        "devAddr": "30014ACC",
        "time": "2018-11-26 17:02:31",
        "payload": "rxlKOxAOKwY=",
        "sf": 12,
        "gwEui": "7276FF003903097D",
        "gwName": "D60",
        "gwRssi": -108,
        "devUplinkCounter": 74
      },
      {
        "devEui": "0018B200000023D8",
        "devAddr": "30014ACC",
        "time": "2018-11-26 17:02:31",
        "payload": "rxlKOxAOKwY=",
        "sf": 12,
        "gwEui": "7276FF003903094F",
        "gwName": "F07",
        "gwRssi": -90,
        "devUplinkCounter": 74
      },
      {
        "devEui": "0018B200000023D8",
        "devAddr": "30014ACC",
        "time": "2018-11-26 17:02:31",
        "payload": "rxlKOxAOKwY=",
        "sf": 12,
        "gwEui": "7276FF003903094E",
        "gwName": "K01a",
        "gwRssi": -87,
        "devUplinkCounter": 74
      }
    ]
  },
  {
    "Floor": "G",
    "Number": 22,
    "UL1": 1649,
    "UL2": 75,
    "Time": "11/26/2018 5:02:55 PM",
    "Measures": [
      {
        "devEui": "0018B200000023D8",
        "devAddr": "30014ACC",
        "time": "2018-11-26 17:02:44",
        "payload": "rxpLPBAPSAY=",
        "sf": 12,
        "gwEui": "7276FF003903097D",
        "gwName": "D60",
        "gwRssi": -112,
        "devUplinkCounter": 75
      },
      {
        "devEui": "0018B200000023D8",
        "devAddr": "30014ACC",
        "time": "2018-11-26 17:02:44",
        "payload": "rxpLPBAPSAY=",
        "sf": 12,
        "gwEui": "7276FF003903094E",
        "gwName": "K01a",
        "gwRssi": -91,
        "devUplinkCounter": 75
      },
      {
        "devEui": "0018B200000023D8",
        "devAddr": "30014ACC",
        "time": "2018-11-26 17:02:44",
        "payload": "rxpLPBAPSAY=",
        "sf": 12,
        "gwEui": "7276FF0039030977",
        "gwName": "H06",
        "gwRssi": -98,
        "devUplinkCounter": 75
      },
      {
        "devEui": "0018B200000023D8",
        "devAddr": "30014ACC",
        "time": "2018-11-26 17:02:44",
        "payload": "rxpLPBAPSAY=",
        "sf": 12,
        "gwEui": "7276FF003903094F",
        "gwName": "F07",
        "gwRssi": -87,
        "devUplinkCounter": 75
      }
    ]
  },
  {
    "Floor": "G",
    "Number": 23,
    "UL1": 1650,
    "UL2": 76,
    "Time": "11/26/2018 5:03:27 PM",
    "Measures": [
      {
        "devEui": "0018B200000023D8",
        "devAddr": "30014ACC",
        "time": "2018-11-26 17:03:16",
        "payload": "rxlMPRAOTQc=",
        "sf": 12,
        "gwEui": "7276FF003903094F",
        "gwName": "F07",
        "gwRssi": -94,
        "devUplinkCounter": 76
      },
      {
        "devEui": "0018B200000023D8",
        "devAddr": "30014ACC",
        "time": "2018-11-26 17:03:16",
        "payload": "rxlMPRAOTQc=",
        "sf": 12,
        "gwEui": "7276FF003903097D",
        "gwName": "D60",
        "gwRssi": -105,
        "devUplinkCounter": 76
      },
      {
        "devEui": "0018B200000023D8",
        "devAddr": "30014ACC",
        "time": "2018-11-26 17:03:16",
        "payload": "rxlMPRAOTQc=",
        "sf": 12,
        "gwEui": "7276FF003903094E",
        "gwName": "K01a",
        "gwRssi": -82,
        "devUplinkCounter": 76
      },
      {
        "devEui": "0018B200000023D8",
        "devAddr": "30014ACC",
        "time": "2018-11-26 17:03:16",
        "payload": "rxlMPRAOTQc=",
        "sf": 12,
        "gwEui": "7276FF0039030A01",
        "gwName": "Loge",
        "gwRssi": -92,
        "devUplinkCounter": 76
      },
      {
        "devEui": "0018B200000023D8",
        "devAddr": "30014ACC",
        "time": "2018-11-26 17:03:16",
        "payload": "rxlMPRAOTQc=",
        "sf": 12,
        "gwEui": "7276FF0039030977",
        "gwName": "H06",
        "gwRssi": -87,
        "devUplinkCounter": 76
      }
    ]
  },
  {
    "Floor": "G",
    "Number": 24,
    "UL1": 1653,
    "UL2": 77,
    "Time": "11/26/2018 5:03:59 PM",
    "Measures": [
      {
        "devEui": "0018B200000023D8",
        "devAddr": "30014ACC",
        "time": "2018-11-26 17:02:01",
        "payload": "rxlNPhAOTQY=",
        "sf": 12,
        "gwEui": "7276FF00390309F5",
        "gwName": "A02b",
        "gwRssi": -118,
        "devUplinkCounter": 77
      },
      {
        "devEui": "0018B200000023D8",
        "devAddr": "30014ACC",
        "time": "2018-11-26 17:02:01",
        "payload": "rxlNPhAOTQY=",
        "sf": 12,
        "gwEui": "7276FF0039030977",
        "gwName": "H06",
        "gwRssi": -97,
        "devUplinkCounter": 77
      },
      {
        "devEui": "0018B200000023D8",
        "devAddr": "30014ACC",
        "time": "2018-11-26 17:02:01",
        "payload": "rxlNPhAOTQY=",
        "sf": 12,
        "gwEui": "7276FF003903097D",
        "gwName": "D60",
        "gwRssi": -108,
        "devUplinkCounter": 77
      },
      {
        "devEui": "0018B200000023D8",
        "devAddr": "30014ACC",
        "time": "2018-11-26 17:02:01",
        "payload": "rxlNPhAOTQY=",
        "sf": 12,
        "gwEui": "7276FF0039030A01",
        "gwName": "Loge",
        "gwRssi": -101,
        "devUplinkCounter": 77
      },
      {
        "devEui": "0018B200000023D8",
        "devAddr": "30014ACC",
        "time": "2018-11-26 17:02:01",
        "payload": "rxlNPhAOTQY=",
        "sf": 12,
        "gwEui": "7276FF003903094E",
        "gwName": "K01a",
        "gwRssi": -95,
        "devUplinkCounter": 77
      }
    ]
  },
  {
    "Floor": "G",
    "Number": 25,
    "UL1": 1655,
    "UL2": 78,
    "Time": "11/26/2018 5:04:23 PM",
    "Measures": [
      {
        "devEui": "0018B200000023D8",
        "devAddr": "30014ACC",
        "time": "2018-11-26 17:02:29",
        "payload": "rxpOPxAPTAc=",
        "sf": 12,
        "gwEui": "7276FF00390309F5",
        "gwName": "A02b",
        "gwRssi": -118,
        "devUplinkCounter": 78
      },
      {
        "devEui": "0018B200000023D8",
        "devAddr": "30014ACC",
        "time": "2018-11-26 17:02:29",
        "payload": "rxpOPxAPTAc=",
        "sf": 12,
        "gwEui": "7276FF003903097D",
        "gwName": "D60",
        "gwRssi": -103,
        "devUplinkCounter": 78
      },
      {
        "devEui": "0018B200000023D8",
        "devAddr": "30014ACC",
        "time": "2018-11-26 17:02:29",
        "payload": "rxpOPxAPTAc=",
        "sf": 12,
        "gwEui": "7276FF003903094E",
        "gwName": "K01a",
        "gwRssi": -86,
        "devUplinkCounter": 78
      }
    ]
  },
  {
    "Floor": "G",
    "Number": 28,
    "UL1": 1656,
    "UL2": 79,
    "Time": "11/26/2018 5:06:12 PM",
    "Measures": [
      {
        "devEui": "0018B200000023D8",
        "devAddr": "30014ACC",
        "time": "2018-11-26 17:06:04",
        "payload": "rxlPQBALTQY=",
        "sf": 12,
        "gwEui": "7276FF0039030977",
        "gwName": "H06",
        "gwRssi": -90,
        "devUplinkCounter": 79
      },
      {
        "devEui": "0018B200000023D8",
        "devAddr": "30014ACC",
        "time": "2018-11-26 17:06:04",
        "payload": "rxlPQBALTQY=",
        "sf": 12,
        "gwEui": "7276FF003903094E",
        "gwName": "K01a",
        "gwRssi": -104,
        "devUplinkCounter": 79
      },
      {
        "devEui": "0018B200000023D8",
        "devAddr": "30014ACC",
        "time": "2018-11-26 17:06:04",
        "payload": "rxlPQBALTQY=",
        "sf": 12,
        "gwEui": "7276FF003903097D",
        "gwName": "D60",
        "gwRssi": -114,
        "devUplinkCounter": 79
      },
      {
        "devEui": "0018B200000023D8",
        "devAddr": "30014ACC",
        "time": "2018-11-26 17:06:04",
        "payload": "rxlPQBALTQY=",
        "sf": 12,
        "gwEui": "7276FF003903094F",
        "gwName": "F07",
        "gwRssi": -85,
        "devUplinkCounter": 79
      },
      {
        "devEui": "0018B200000023D8",
        "devAddr": "30014ACC",
        "time": "2018-11-26 17:06:04",
        "payload": "rxlPQBALTQY=",
        "sf": 12,
        "gwEui": "7276FF0039030A01",
        "gwName": "Loge",
        "gwRssi": -80,
        "devUplinkCounter": 79
      },
      {
        "devEui": "0018B200000023D8",
        "devAddr": "30014ACC",
        "time": "2018-11-26 17:06:03",
        "payload": "rxlPQBALTQY=",
        "sf": 12,
        "gwEui": "7276FF003903097C",
        "gwName": "C22",
        "gwRssi": -107,
        "devUplinkCounter": 79
      }
    ]
  },
  {
    "Floor": "G",
    "Number": 29,
    "UL1": 1657,
    "UL2": 80,
    "Time": "11/26/2018 5:06:36 PM",
    "Measures": [
      {
        "devEui": "0018B200000023D8",
        "devAddr": "30014ACC",
        "time": "2018-11-26 17:04:41",
        "payload": "rxpQQRANSwc=",
        "sf": 12,
        "gwEui": "7276FF003903094E",
        "gwName": "K01a",
        "gwRssi": -101,
        "devUplinkCounter": 80
      },
      {
        "devEui": "0018B200000023D8",
        "devAddr": "30014ACC",
        "time": "2018-11-26 17:04:41",
        "payload": "rxpQQRANSwc=",
        "sf": 12,
        "gwEui": "7276FF003903094F",
        "gwName": "F07",
        "gwRssi": -84,
        "devUplinkCounter": 80
      },
      {
        "devEui": "0018B200000023D8",
        "devAddr": "30014ACC",
        "time": "2018-11-26 17:04:41",
        "payload": "rxpQQRANSwc=",
        "sf": 12,
        "gwEui": "7276FF00390309F5",
        "gwName": "A02b",
        "gwRssi": -117,
        "devUplinkCounter": 80
      },
      {
        "devEui": "0018B200000023D8",
        "devAddr": "30014ACC",
        "time": "2018-11-26 17:04:41",
        "payload": "rxpQQRANSwc=",
        "sf": 12,
        "gwEui": "7276FF003903097D",
        "gwName": "D60",
        "gwRssi": -111,
        "devUplinkCounter": 80
      },
      {
        "devEui": "0018B200000023D8",
        "devAddr": "30014ACC",
        "time": "2018-11-26 17:04:41",
        "payload": "rxpQQRANSwc=",
        "sf": 12,
        "gwEui": "7276FF0039030977",
        "gwName": "H06",
        "gwRssi": -76,
        "devUplinkCounter": 80
      },
      {
        "devEui": "0018B200000023D8",
        "devAddr": "30014ACC",
        "time": "2018-11-26 17:04:41",
        "payload": "rxpQQRANSwc=",
        "sf": 12,
        "gwEui": "7276FF003903097C",
        "gwName": "C22",
        "gwRssi": -111,
        "devUplinkCounter": 80
      }
    ]
  },
  {
    "Floor": "G",
    "Number": 30,
    "UL1": 1658,
    "UL2": 81,
    "Time": "11/26/2018 5:06:58 PM",
    "Measures": [
      {
        "devEui": "0018B200000023D8",
        "devAddr": "30014ACC",
        "time": "2018-11-26 17:06:51",
        "payload": "rxpRQhALSwg=",
        "sf": 12,
        "gwEui": "7276FF0039030977",
        "gwName": "H06",
        "gwRssi": -82,
        "devUplinkCounter": 81
      },
      {
        "devEui": "0018B200000023D8",
        "devAddr": "30014ACC",
        "time": "2018-11-26 17:06:51",
        "payload": "rxpRQhALSwg=",
        "sf": 12,
        "gwEui": "7276FF003903097D",
        "gwName": "D60",
        "gwRssi": -113,
        "devUplinkCounter": 81
      },
      {
        "devEui": "0018B200000023D8",
        "devAddr": "30014ACC",
        "time": "2018-11-26 17:06:51",
        "payload": "rxpRQhALSwg=",
        "sf": 12,
        "gwEui": "7276FF003903094E",
        "gwName": "K01a",
        "gwRssi": -102,
        "devUplinkCounter": 81
      },
      {
        "devEui": "0018B200000023D8",
        "devAddr": "30014ACC",
        "time": "2018-11-26 17:06:51",
        "payload": "rxpRQhALSwg=",
        "sf": 12,
        "gwEui": "7276FF0039030950",
        "gwName": "B40",
        "gwRssi": -106,
        "devUplinkCounter": 81
      },
      {
        "devEui": "0018B200000023D8",
        "devAddr": "30014ACC",
        "time": "2018-11-26 17:06:51",
        "payload": "rxpRQhALSwg=",
        "sf": 12,
        "gwEui": "7276FF003903094F",
        "gwName": "F07",
        "gwRssi": -87,
        "devUplinkCounter": 81
      },
      {
        "devEui": "0018B200000023D8",
        "devAddr": "30014ACC",
        "time": "2018-11-26 17:06:51",
        "payload": "rxpRQhALSwg=",
        "sf": 12,
        "gwEui": "7276FF003903097C",
        "gwName": "C22",
        "gwRssi": -105,
        "devUplinkCounter": 81
      },
      {
        "devEui": "0018B200000023D8",
        "devAddr": "30014ACC",
        "time": "2018-11-26 17:06:51",
        "payload": "rxpRQhALSwg=",
        "sf": 12,
        "gwEui": "7276FF0039030A01",
        "gwName": "Loge",
        "gwRssi": -83,
        "devUplinkCounter": 81
      }
    ]
  },
  {
    "Floor": "G",
    "Number": 31,
    "UL1": 1659,
    "UL2": 82,
    "Time": "11/26/2018 5:07:21 PM",
    "Measures": [
      {
        "devEui": "0018B200000023D8",
        "devAddr": "30014ACC",
        "time": "2018-11-26 17:05:22",
        "payload": "rxpSQxALTgY=",
        "sf": 12,
        "gwEui": "7276FF003903094F",
        "gwName": "F07",
        "gwRssi": -89,
        "devUplinkCounter": 82
      },
      {
        "devEui": "0018B200000023D8",
        "devAddr": "30014ACC",
        "time": "2018-11-26 17:05:22",
        "payload": "rxpSQxALTgY=",
        "sf": 12,
        "gwEui": "7276FF00390309F5",
        "gwName": "A02b",
        "gwRssi": -118,
        "devUplinkCounter": 82
      },
      {
        "devEui": "0018B200000023D8",
        "devAddr": "30014ACC",
        "time": "2018-11-26 17:05:22",
        "payload": "rxpSQxALTgY=",
        "sf": 12,
        "gwEui": "7276FF003903094E",
        "gwName": "K01a",
        "gwRssi": -100,
        "devUplinkCounter": 82
      },
      {
        "devEui": "0018B200000023D8",
        "devAddr": "30014ACC",
        "time": "2018-11-26 17:05:22",
        "payload": "rxpSQxALTgY=",
        "sf": 12,
        "gwEui": "7276FF003903097C",
        "gwName": "C22",
        "gwRssi": -112,
        "devUplinkCounter": 82
      },
      {
        "devEui": "0018B200000023D8",
        "devAddr": "30014ACC",
        "time": "2018-11-26 17:05:22",
        "payload": "rxpSQxALTgY=",
        "sf": 12,
        "gwEui": "7276FF003903097D",
        "gwName": "D60",
        "gwRssi": -112,
        "devUplinkCounter": 82
      }
    ]
  },
  {
    "Floor": "G",
    "Number": 32,
    "UL1": 1661,
    "UL2": 83,
    "Time": "11/26/2018 5:08:05 PM",
    "Measures": [
      {
        "devEui": "0018B200000023D8",
        "devAddr": "30014ACC",
        "time": "2018-11-26 17:06:04",
        "payload": "rxpTRBALTwg=",
        "sf": 12,
        "gwEui": "7276FF003903094F",
        "gwName": "F07",
        "gwRssi": -84,
        "devUplinkCounter": 83
      },
      {
        "devEui": "0018B200000023D8",
        "devAddr": "30014ACC",
        "time": "2018-11-26 17:06:04",
        "payload": "rxpTRBALTwg=",
        "sf": 12,
        "gwEui": "7276FF00390309F5",
        "gwName": "A02b",
        "gwRssi": -118,
        "devUplinkCounter": 83
      },
      {
        "devEui": "0018B200000023D8",
        "devAddr": "30014ACC",
        "time": "2018-11-26 17:06:04",
        "payload": "rxpTRBALTwg=",
        "sf": 12,
        "gwEui": "7276FF0039030977",
        "gwName": "H06",
        "gwRssi": -84,
        "devUplinkCounter": 83
      },
      {
        "devEui": "0018B200000023D8",
        "devAddr": "30014ACC",
        "time": "2018-11-26 17:06:04",
        "payload": "rxpTRBALTwg=",
        "sf": 12,
        "gwEui": "7276FF003903097D",
        "gwName": "D60",
        "gwRssi": -112,
        "devUplinkCounter": 83
      },
      {
        "devEui": "0018B200000023D8",
        "devAddr": "30014ACC",
        "time": "2018-11-26 17:06:04",
        "payload": "rxpTRBALTwg=",
        "sf": 12,
        "gwEui": "7276FF003903097C",
        "gwName": "C22",
        "gwRssi": -112,
        "devUplinkCounter": 83
      }
    ]
  },
  {
    "Floor": "G",
    "Number": 48,
    "UL1": 1664,
    "UL2": 84,
    "Time": "11/26/2018 5:10:06 PM",
    "Measures": [
      {
        "devEui": "0018B200000023D8",
        "devAddr": "30014ACC",
        "time": "2018-11-26 17:09:50",
        "payload": "rxpURRAMTAY=",
        "sf": 12,
        "gwEui": "7276FF003903094E",
        "gwName": "K01a",
        "gwRssi": -97,
        "devUplinkCounter": 84
      },
      {
        "devEui": "0018B200000023D8",
        "devAddr": "30014ACC",
        "time": "2018-11-26 17:09:50",
        "payload": "rxpURRAMTAY=",
        "sf": 12,
        "gwEui": "7276FF0039030977",
        "gwName": "H06",
        "gwRssi": -69,
        "devUplinkCounter": 84
      },
      {
        "devEui": "0018B200000023D8",
        "devAddr": "30014ACC",
        "time": "2018-11-26 17:09:50",
        "payload": "rxpURRAMTAY=",
        "sf": 12,
        "gwEui": "7276FF0039030A01",
        "gwName": "Loge",
        "gwRssi": -53,
        "devUplinkCounter": 84
      },
      {
        "devEui": "0018B200000023D8",
        "devAddr": "30014ACC",
        "time": "2018-11-26 17:09:50",
        "payload": "rxpURRAMTAY=",
        "sf": 12,
        "gwEui": "7276FF003903094F",
        "gwName": "F07",
        "gwRssi": -60,
        "devUplinkCounter": 84
      }
    ]
  },
  {
    "Floor": "G",
    "Number": 49,
    "UL1": 1665,
    "UL2": 85,
    "Time": "11/26/2018 5:10:06 PM",
    "Measures": [
      {
        "devEui": "0018B200000023D8",
        "devAddr": "30014ACC",
        "time": "2018-11-26 17:09:58",
        "payload": "rxpVRhALMQc=",
        "sf": 12,
        "gwEui": "7276FF003903094E",
        "gwName": "K01a",
        "gwRssi": -95,
        "devUplinkCounter": 85
      },
      {
        "devEui": "0018B200000023D8",
        "devAddr": "30014ACC",
        "time": "2018-11-26 17:09:58",
        "payload": "rxpVRhALMQc=",
        "sf": 12,
        "gwEui": "7276FF0039030977",
        "gwName": "H06",
        "gwRssi": -70,
        "devUplinkCounter": 85
      },
      {
        "devEui": "0018B200000023D8",
        "devAddr": "30014ACC",
        "time": "2018-11-26 17:09:58",
        "payload": "rxpVRhALMQc=",
        "sf": 12,
        "gwEui": "7276FF003903094F",
        "gwName": "F07",
        "gwRssi": -59,
        "devUplinkCounter": 85
      }
    ]
  },
  {
    "Floor": "G",
    "Number": 50,
    "UL1": 1666,
    "UL2": 86,
    "Time": "11/26/2018 5:10:47 PM",
    "Measures": [
      {
        "devEui": "0018B200000023D8",
        "devAddr": "30014ACC",
        "time": "2018-11-26 17:10:34",
        "payload": "rxpWRxAJMQc=",
        "sf": 12,
        "gwEui": "7276FF003903094F",
        "gwName": "F07",
        "gwRssi": -59,
        "devUplinkCounter": 86
      },
      {
        "devEui": "0018B200000023D8",
        "devAddr": "30014ACC",
        "time": "2018-11-26 17:10:34",
        "payload": "rxpWRxAJMQc=",
        "sf": 12,
        "gwEui": "7276FF003903094E",
        "gwName": "K01a",
        "gwRssi": -89,
        "devUplinkCounter": 86
      },
      {
        "devEui": "0018B200000023D8",
        "devAddr": "30014ACC",
        "time": "2018-11-26 17:10:34",
        "payload": "rxpWRxAJMQc=",
        "sf": 12,
        "gwEui": "7276FF0039030977",
        "gwName": "H06",
        "gwRssi": -70,
        "devUplinkCounter": 86
      },
      {
        "devEui": "0018B200000023D8",
        "devAddr": "30014ACC",
        "time": "2018-11-26 17:10:34",
        "payload": "rxpWRxAJMQc=",
        "sf": 12,
        "gwEui": "7276FF0039030A01",
        "gwName": "Loge",
        "gwRssi": -83,
        "devUplinkCounter": 86
      }
    ]
  },
  {
    "Floor": "G",
    "Number": 51,
    "UL1": 1667,
    "UL2": 87,
    "Time": "11/26/2018 5:11:31 PM",
    "Measures": [
      {
        "devEui": "0018B200000023D8",
        "devAddr": "30014ACC",
        "time": "2018-11-26 17:11:06",
        "payload": "rxpXSBAKOQc=",
        "sf": 12,
        "gwEui": "7276FF003903094E",
        "gwName": "K01a",
        "gwRssi": -98,
        "devUplinkCounter": 87
      },
      {
        "devEui": "0018B200000023D8",
        "devAddr": "30014ACC",
        "time": "2018-11-26 17:11:06",
        "payload": "rxpXSBAKOQc=",
        "sf": 12,
        "gwEui": "7276FF003903094F",
        "gwName": "F07",
        "gwRssi": -66,
        "devUplinkCounter": 87
      },
      {
        "devEui": "0018B200000023D8",
        "devAddr": "30014ACC",
        "time": "2018-11-26 17:11:06",
        "payload": "rxpXSBAKOQc=",
        "sf": 12,
        "gwEui": "7276FF0039030A01",
        "gwName": "Loge",
        "gwRssi": -69,
        "devUplinkCounter": 87
      }
    ]
  },
  {
    "Floor": "G",
    "Number": 52,
    "UL1": 1668,
    "UL2": 88,
    "Time": "11/26/2018 5:11:32 PM",
    "Measures": [
      {
        "devEui": "0018B200000023D8",
        "devAddr": "30014ACC",
        "time": "2018-11-26 17:11:15",
        "payload": "zxpYSRAKLwY=",
        "sf": 12,
        "gwEui": "7276FF0039030977",
        "gwName": "H06",
        "gwRssi": -66,
        "devUplinkCounter": 88
      },
      {
        "devEui": "0018B200000023D8",
        "devAddr": "30014ACC",
        "time": "2018-11-26 17:11:15",
        "payload": "zxpYSRAKLwY=",
        "sf": 12,
        "gwEui": "7276FF003903094E",
        "gwName": "K01a",
        "gwRssi": -98,
        "devUplinkCounter": 88
      },
      {
        "devEui": "0018B200000023D8",
        "devAddr": "30014ACC",
        "time": "2018-11-26 17:11:15",
        "payload": "zxpYSRAKLwY=",
        "sf": 12,
        "gwEui": "7276FF003903094F",
        "gwName": "F07",
        "gwRssi": -48,
        "devUplinkCounter": 88
      },
      {
        "devEui": "0018B200000023D8",
        "devAddr": "30014ACC",
        "time": "2018-11-26 17:11:15",
        "payload": "zxpYSRAKLwY=",
        "sf": 12,
        "gwEui": "7276FF0039030A01",
        "gwName": "Loge",
        "gwRssi": -60,
        "devUplinkCounter": 88
      }
    ]
  },
  {
    "Floor": "G",
    "Number": 53,
    "UL1": 1669,
    "UL2": 89,
    "Time": "11/26/2018 5:12:13 PM",
    "Measures": [
      {
        "devEui": "0018B200000023D8",
        "devAddr": "30014ACC",
        "time": "2018-11-26 17:11:46",
        "payload": "rxpZShAJIPs=",
        "sf": 12,
        "gwEui": "7276FF0039030977",
        "gwName": "H06",
        "gwRssi": -60,
        "devUplinkCounter": 89
      },
      {
        "devEui": "0018B200000023D8",
        "devAddr": "30014ACC",
        "time": "2018-11-26 17:11:46",
        "payload": "rxpZShAJIPs=",
        "sf": 12,
        "gwEui": "7276FF003903094F",
        "gwName": "F07",
        "gwRssi": -60,
        "devUplinkCounter": 89
      },
      {
        "devEui": "0018B200000023D8",
        "devAddr": "30014ACC",
        "time": "2018-11-26 17:11:46",
        "payload": "rxpZShAJIPs=",
        "sf": 12,
        "gwEui": "7276FF003903094E",
        "gwName": "K01a",
        "gwRssi": -99,
        "devUplinkCounter": 89
      }
    ]
  },
  {
    "Floor": "G",
    "Number": 54,
    "UL1": 1671,
    "UL2": 90,
    "Time": "11/26/2018 5:12:16 PM",
    "Measures": [
      {
        "devEui": "0018B200000023D8",
        "devAddr": "30014ACC",
        "time": "2018-11-26 17:11:57",
        "payload": "rxpaSxAKJwg=",
        "sf": 12,
        "gwEui": "7276FF003903094E",
        "gwName": "K01a",
        "gwRssi": -96,
        "devUplinkCounter": 90
      },
      {
        "devEui": "0018B200000023D8",
        "devAddr": "30014ACC",
        "time": "2018-11-26 17:11:57",
        "payload": "rxpaSxAKJwg=",
        "sf": 12,
        "gwEui": "7276FF003903094F",
        "gwName": "F07",
        "gwRssi": -55,
        "devUplinkCounter": 90
      },
      {
        "devEui": "0018B200000023D8",
        "devAddr": "30014ACC",
        "time": "2018-11-26 17:11:57",
        "payload": "rxpaSxAKJwg=",
        "sf": 12,
        "gwEui": "7276FF0039030977",
        "gwName": "H06",
        "gwRssi": -53,
        "devUplinkCounter": 90
      }
    ]
  },
  {
    "Floor": "G",
    "Number": 64,
    "UL1": 1673,
    "UL2": 91,
    "Time": "11/26/2018 5:13:40 PM",
    "Measures": [
      {
        "devEui": "0018B200000023D8",
        "devAddr": "30014ACC",
        "time": "2018-11-26 17:13:29",
        "payload": "rxpbTBAKMwU=",
        "sf": 12,
        "gwEui": "7276FF0039030977",
        "gwName": "H06",
        "gwRssi": -57,
        "devUplinkCounter": 91
      },
      {
        "devEui": "0018B200000023D8",
        "devAddr": "30014ACC",
        "time": "2018-11-26 17:13:29",
        "payload": "rxpbTBAKMwU=",
        "sf": 12,
        "gwEui": "7276FF003903094E",
        "gwName": "K01a",
        "gwRssi": -100,
        "devUplinkCounter": 91
      },
      {
        "devEui": "0018B200000023D8",
        "devAddr": "30014ACC",
        "time": "2018-11-26 17:13:29",
        "payload": "rxpbTBAKMwU=",
        "sf": 12,
        "gwEui": "7276FF003903097D",
        "gwName": "D60",
        "gwRssi": -113,
        "devUplinkCounter": 91
      },
      {
        "devEui": "0018B200000023D8",
        "devAddr": "30014ACC",
        "time": "2018-11-26 17:13:29",
        "payload": "rxpbTBAKMwU=",
        "sf": 12,
        "gwEui": "7276FF003903097C",
        "gwName": "C22",
        "gwRssi": -111,
        "devUplinkCounter": 91
      },
      {
        "devEui": "0018B200000023D8",
        "devAddr": "30014ACC",
        "time": "2018-11-26 17:13:29",
        "payload": "rxpbTBAKMwU=",
        "sf": 12,
        "gwEui": "7276FF003903094F",
        "gwName": "F07",
        "gwRssi": -63,
        "devUplinkCounter": 91
      }
    ]
  },
  {
    "Floor": "G",
    "Number": 65,
    "UL1": 1674,
    "UL2": 92,
    "Time": "11/26/2018 5:14:01 PM",
    "Measures": [
      {
        "devEui": "0018B200000023D8",
        "devAddr": "30014ACC",
        "time": "2018-11-26 17:13:49",
        "payload": "rxpcTRAIPgc=",
        "sf": 12,
        "gwEui": "7276FF003903097C",
        "gwName": "C22",
        "gwRssi": -110,
        "devUplinkCounter": 92
      },
      {
        "devEui": "0018B200000023D8",
        "devAddr": "30014ACC",
        "time": "2018-11-26 17:13:49",
        "payload": "rxpcTRAIPgc=",
        "sf": 12,
        "gwEui": "7276FF003903094E",
        "gwName": "K01a",
        "gwRssi": -105,
        "devUplinkCounter": 92
      },
      {
        "devEui": "0018B200000023D8",
        "devAddr": "30014ACC",
        "time": "2018-11-26 17:13:49",
        "payload": "rxpcTRAIPgc=",
        "sf": 12,
        "gwEui": "7276FF0039030977",
        "gwName": "H06",
        "gwRssi": -63,
        "devUplinkCounter": 92
      },
      {
        "devEui": "0018B200000023D8",
        "devAddr": "30014ACC",
        "time": "2018-11-26 17:13:49",
        "payload": "rxpcTRAIPgc=",
        "sf": 12,
        "gwEui": "7276FF003903094F",
        "gwName": "F07",
        "gwRssi": -71,
        "devUplinkCounter": 92
      },
      {
        "devEui": "0018B200000023D8",
        "devAddr": "30014ACC",
        "time": "2018-11-26 17:13:49",
        "payload": "rxpcTRAIPgc=",
        "sf": 12,
        "gwEui": "7276FF003903097D",
        "gwName": "D60",
        "gwRssi": -114,
        "devUplinkCounter": 92
      }
    ]
  },
  {
    "Floor": "G",
    "Number": 61,
    "UL1": 1675,
    "UL2": 93,
    "Time": "11/26/2018 5:14:39 PM",
    "Measures": [
      {
        "devEui": "0018B200000023D8",
        "devAddr": "30014ACC",
        "time": "2018-11-26 17:14:30",
        "payload": "rxpdThAJNwY=",
        "sf": 12,
        "gwEui": "7276FF003903094F",
        "gwName": "F07",
        "gwRssi": -75,
        "devUplinkCounter": 93
      },
      {
        "devEui": "0018B200000023D8",
        "devAddr": "30014ACC",
        "time": "2018-11-26 17:14:30",
        "payload": "rxpdThAJNwY=",
        "sf": 12,
        "gwEui": "7276FF0039030977",
        "gwName": "H06",
        "gwRssi": -68,
        "devUplinkCounter": 93
      },
      {
        "devEui": "0018B200000023D8",
        "devAddr": "30014ACC",
        "time": "2018-11-26 17:14:30",
        "payload": "rxpdThAJNwY=",
        "sf": 12,
        "gwEui": "7276FF003903094E",
        "gwName": "K01a",
        "gwRssi": -106,
        "devUplinkCounter": 93
      },
      {
        "devEui": "0018B200000023D8",
        "devAddr": "30014ACC",
        "time": "2018-11-26 17:14:30",
        "payload": "rxpdThAJNwY=",
        "sf": 12,
        "gwEui": "7276FF003903097D",
        "gwName": "D60",
        "gwRssi": -113,
        "devUplinkCounter": 93
      }
    ]
  },
  {
    "Floor": "G",
    "Number": 60,
    "UL1": 1676,
    "UL2": 94,
    "Time": "11/26/2018 5:15:23 PM",
    "Measures": [
      {
        "devEui": "0018B200000023D8",
        "devAddr": "30014ACC",
        "time": "2018-11-26 17:14:58",
        "payload": "rxpeTxAKQAc=",
        "sf": 12,
        "gwEui": "7276FF0039030977",
        "gwName": "H06",
        "gwRssi": -76,
        "devUplinkCounter": 94
      },
      {
        "devEui": "0018B200000023D8",
        "devAddr": "30014ACC",
        "time": "2018-11-26 17:14:58",
        "payload": "rxpeTxAKQAc=",
        "sf": 12,
        "gwEui": "7276FF003903094E",
        "gwName": "K01a",
        "gwRssi": -102,
        "devUplinkCounter": 94
      },
      {
        "devEui": "0018B200000023D8",
        "devAddr": "30014ACC",
        "time": "2018-11-26 17:14:58",
        "payload": "rxpeTxAKQAc=",
        "sf": 12,
        "gwEui": "7276FF003903097D",
        "gwName": "D60",
        "gwRssi": -112,
        "devUplinkCounter": 94
      },
      {
        "devEui": "0018B200000023D8",
        "devAddr": "30014ACC",
        "time": "2018-11-26 17:14:58",
        "payload": "rxpeTxAKQAc=",
        "sf": 12,
        "gwEui": "7276FF003903094F",
        "gwName": "F07",
        "gwRssi": -84,
        "devUplinkCounter": 94
      },
      {
        "devEui": "0018B200000023D8",
        "devAddr": "30014ACC",
        "time": "2018-11-26 17:14:58",
        "payload": "rxpeTxAKQAc=",
        "sf": 12,
        "gwEui": "7276FF0039030A01",
        "gwName": "Loge",
        "gwRssi": -61,
        "devUplinkCounter": 94
      }
    ]
  }
]