﻿[
  {
    "Floor": "D",
    "Number": 1,
    "UL1": 1494,
    "UL2": 0,
    "Time": "11/26/2018 1:49:18 PM",
    "Measures": [
      {
        "devEui": "0018B200000023E6",
        "devAddr": "30014AE9",
        "time": "2018-11-26 13:49:10",
        "payload": "rxjW1Q7QYAY=",
        "sf": 7,
        "gwEui": "7276FF003903097D",
        "gwName": "D60",
        "gwRssi": -90,
        "devUplinkCounter": 214
      }
    ]
  },
  {
    "Floor": "D",
    "Number": 2,
    "UL1": 1495,
    "UL2": 0,
    "Time": "11/26/2018 1:49:35 PM",
    "Measures": [
      {
        "devEui": "0018B200000023E6",
        "devAddr": "30014AE9",
        "time": "2018-11-26 13:49:29",
        "payload": "rxjX1g7QWAc=",
        "sf": 7,
        "gwEui": "7276FF003903097C",
        "gwName": "C22",
        "gwRssi": -106,
        "devUplinkCounter": 215
      },
      {
        "devEui": "0018B200000023E6",
        "devAddr": "30014AE9",
        "time": "2018-11-26 13:49:29",
        "payload": "rxjX1g7QWAc=",
        "sf": 7,
        "gwEui": "7276FF003903097D",
        "gwName": "D60",
        "gwRssi": -99,
        "devUplinkCounter": 215
      }
    ]
  },
  {
    "Floor": "D",
    "Number": 3,
    "UL1": 1496,
    "UL2": 0,
    "Time": "11/26/2018 1:49:48 PM",
    "Measures": [
      {
        "devEui": "0018B200000023E6",
        "devAddr": "30014AE9",
        "time": "2018-11-26 13:49:44",
        "payload": "rxjY1w7RXwY=",
        "sf": 7,
        "gwEui": "7276FF003903097C",
        "gwName": "C22",
        "gwRssi": -108,
        "devUplinkCounter": 216
      },
      {
        "devEui": "0018B200000023E6",
        "devAddr": "30014AE9",
        "time": "2018-11-26 13:49:44",
        "payload": "rxjY1w7RXwY=",
        "sf": 7,
        "gwEui": "7276FF003903097D",
        "gwName": "D60",
        "gwRssi": -99,
        "devUplinkCounter": 216
      }
    ]
  },
  {
    "Floor": "D",
    "Number": 4,
    "UL1": 1497,
    "UL2": 0,
    "Time": "11/26/2018 1:50:05 PM",
    "Measures": [
      {
        "devEui": "0018B200000023E6",
        "devAddr": "30014AE9",
        "time": "2018-11-26 13:50:00",
        "payload": "rxjZ2A7PXAY=",
        "sf": 7,
        "gwEui": "7276FF003903097D",
        "gwName": "D60",
        "gwRssi": -98,
        "devUplinkCounter": 217
      }
    ]
  },
  {
    "Floor": "D",
    "Number": 5,
    "UL1": 1498,
    "UL2": 0,
    "Time": "11/26/2018 1:50:15 PM",
    "Measures": [
      {
        "devEui": "0018B200000023E6",
        "devAddr": "30014AE9",
        "time": "2018-11-26 13:50:10",
        "payload": "rxja2Q7RWgY=",
        "sf": 7,
        "gwEui": "7276FF003903097D",
        "gwName": "D60",
        "gwRssi": -86,
        "devUplinkCounter": 218
      }
    ]
  },
  {
    "Floor": "D",
    "Number": 6,
    "UL1": 1499,
    "UL2": 0,
    "Time": "11/26/2018 1:50:29 PM",
    "Measures": [
      {
        "devEui": "0018B200000023E6",
        "devAddr": "30014AE9",
        "time": "2018-11-26 13:50:24",
        "payload": "rxjb2g7QTQY=",
        "sf": 7,
        "gwEui": "7276FF003903097C",
        "gwName": "C22",
        "gwRssi": -110,
        "devUplinkCounter": 219
      },
      {
        "devEui": "0018B200000023E6",
        "devAddr": "30014AE9",
        "time": "2018-11-26 13:50:24",
        "payload": "rxjb2g7QTQY=",
        "sf": 7,
        "gwEui": "7276FF003903097D",
        "gwName": "D60",
        "gwRssi": -102,
        "devUplinkCounter": 219
      }
    ]
  },
  {
    "Floor": "D",
    "Number": 9,
    "UL1": 1501,
    "UL2": 0,
    "Time": "11/26/2018 1:54:54 PM",
    "Measures": [
      {
        "devEui": "0018B200000023E6",
        "devAddr": "30014AE9",
        "time": "2018-11-26 13:53:59",
        "payload": "rxjd3A7PYgU=",
        "sf": 7,
        "gwEui": "7276FF0039030A01",
        "gwName": "Loge",
        "gwRssi": -108,
        "devUplinkCounter": 221
      },
      {
        "devEui": "0018B200000023E6",
        "devAddr": "30014AE9",
        "time": "2018-11-26 13:53:59",
        "payload": "rxjd3A7PYgU=",
        "sf": 7,
        "gwEui": "7276FF003903097C",
        "gwName": "C22",
        "gwRssi": -107,
        "devUplinkCounter": 221
      },
      {
        "devEui": "0018B200000023E6",
        "devAddr": "30014AE9",
        "time": "2018-11-26 13:54:25",
        "payload": "rxjd3A7PYgU=",
        "sf": 7,
        "gwEui": "7276FF003903097C",
        "gwName": "C22",
        "gwRssi": -108,
        "devUplinkCounter": 221
      },
      {
        "devEui": "0018B200000023E6",
        "devAddr": "30014AE9",
        "time": "2018-11-26 13:52:43",
        "payload": "rxjd3A7PYgU=",
        "sf": 8,
        "gwEui": "7276FF00390309F5",
        "gwName": "A02b",
        "gwRssi": -117,
        "devUplinkCounter": 221
      },
      {
        "devEui": "0018B200000023E6",
        "devAddr": "30014AE9",
        "time": "2018-11-26 13:52:43",
        "payload": "rxjd3A7PYgU=",
        "sf": 8,
        "gwEui": "7276FF003903097C",
        "gwName": "C22",
        "gwRssi": -107,
        "devUplinkCounter": 221
      },
      {
        "devEui": "0018B200000023E6",
        "devAddr": "30014AE9",
        "time": "2018-11-26 13:52:43",
        "payload": "rxjd3A7PYgU=",
        "sf": 8,
        "gwEui": "7276FF0039030A01",
        "gwName": "Loge",
        "gwRssi": -104,
        "devUplinkCounter": 221
      },
      {
        "devEui": "0018B200000023E6",
        "devAddr": "30014AE9",
        "time": "2018-11-26 13:52:52",
        "payload": "rxjd3A7PYgU=",
        "sf": 9,
        "gwEui": "7276FF003903097C",
        "gwName": "C22",
        "gwRssi": -104,
        "devUplinkCounter": 221
      },
      {
        "devEui": "0018B200000023E6",
        "devAddr": "30014AE9",
        "time": "2018-11-26 13:52:52",
        "payload": "rxjd3A7PYgU=",
        "sf": 9,
        "gwEui": "7276FF0039030A01",
        "gwName": "Loge",
        "gwRssi": -108,
        "devUplinkCounter": 221
      },
      {
        "devEui": "0018B200000023E6",
        "devAddr": "30014AE9",
        "time": "2018-11-26 13:52:52",
        "payload": "rxjd3A7PYgU=",
        "sf": 9,
        "gwEui": "7276FF00390309F5",
        "gwName": "A02b",
        "gwRssi": -118,
        "devUplinkCounter": 221
      },
      {
        "devEui": "0018B200000023E6",
        "devAddr": "30014AE9",
        "time": "2018-11-26 13:54:43",
        "payload": "rxjd3A7PYgU=",
        "sf": 9,
        "gwEui": "7276FF00390309F5",
        "gwName": "A02b",
        "gwRssi": -116,
        "devUplinkCounter": 221
      },
      {
        "devEui": "0018B200000023E6",
        "devAddr": "30014AE9",
        "time": "2018-11-26 13:54:43",
        "payload": "rxjd3A7PYgU=",
        "sf": 9,
        "gwEui": "7276FF003903097C",
        "gwName": "C22",
        "gwRssi": -101,
        "devUplinkCounter": 221
      }
    ]
  },
  {
    "Floor": "D",
    "Number": 10,
    "UL1": 1507,
    "UL2": 0,
    "Time": "11/26/2018 1:55:19 PM",
    "Measures": [
      {
        "devEui": "0018B200000023E6",
        "devAddr": "30014AE9",
        "time": "2018-11-26 13:55:09",
        "payload": "rxjj3Q7NYQY=",
        "sf": 7,
        "gwEui": "7276FF003903097C",
        "gwName": "C22",
        "gwRssi": -104,
        "devUplinkCounter": 227
      },
      {
        "devEui": "0018B200000023E6",
        "devAddr": "30014AE9",
        "time": "2018-11-26 13:55:09",
        "payload": "rxjj3Q7NYQY=",
        "sf": 7,
        "gwEui": "7276FF0039030A01",
        "gwName": "Loge",
        "gwRssi": -106,
        "devUplinkCounter": 227
      },
      {
        "devEui": "0018B200000023E6",
        "devAddr": "30014AE9",
        "time": "2018-11-26 13:55:09",
        "payload": "rxjj3Q7NYQY=",
        "sf": 7,
        "gwEui": "7276FF003903097D",
        "gwName": "D60",
        "gwRssi": -113,
        "devUplinkCounter": 227
      }
    ]
  },
  {
    "Floor": "D",
    "Number": 11,
    "UL1": 1508,
    "UL2": 0,
    "Time": "11/26/2018 1:55:28 PM",
    "Measures": [
      {
        "devEui": "0018B200000023E6",
        "devAddr": "30014AE9",
        "time": "2018-11-26 13:55:23",
        "payload": "rxfk3g7NXAY=",
        "sf": 7,
        "gwEui": "7276FF003903097D",
        "gwName": "D60",
        "gwRssi": -111,
        "devUplinkCounter": 228
      }
    ]
  },
  {
    "Floor": "D",
    "Number": 12,
    "UL1": 1509,
    "UL2": 0,
    "Time": "11/26/2018 1:56:38 PM",
    "Measures": [
      {
        "devEui": "0018B200000023E6",
        "devAddr": "30014AE9",
        "time": "2018-11-26 13:56:30",
        "payload": "rxjl3w7NYgM=",
        "sf": 7,
        "gwEui": "7276FF003903097D",
        "gwName": "D60",
        "gwRssi": -114,
        "devUplinkCounter": 229
      },
      {
        "devEui": "0018B200000023E6",
        "devAddr": "30014AE9",
        "time": "2018-11-26 13:56:30",
        "payload": "rxjl3w7NYgM=",
        "sf": 7,
        "gwEui": "7276FF003903097C",
        "gwName": "C22",
        "gwRssi": -106,
        "devUplinkCounter": 229
      }
    ]
  },
  {
    "Floor": "D",
    "Number": 13,
    "UL1": 1510,
    "UL2": 0,
    "Time": "11/26/2018 1:56:52 PM",
    "Measures": [
      {
        "devEui": "0018B200000023E6",
        "devAddr": "30014AE9",
        "time": "2018-11-26 13:56:47",
        "payload": "rxfm4A7MWwY=",
        "sf": 7,
        "gwEui": "7276FF0039030A01",
        "gwName": "Loge",
        "gwRssi": -104,
        "devUplinkCounter": 230
      },
      {
        "devEui": "0018B200000023E6",
        "devAddr": "30014AE9",
        "time": "2018-11-26 13:56:47",
        "payload": "rxfm4A7MWwY=",
        "sf": 7,
        "gwEui": "7276FF003903097C",
        "gwName": "C22",
        "gwRssi": -96,
        "devUplinkCounter": 230
      }
    ]
  },
  {
    "Floor": "D",
    "Number": 14,
    "UL1": 1511,
    "UL2": 0,
    "Time": "11/26/2018 1:57:13 PM",
    "Measures": [
      {
        "devEui": "0018B200000023E6",
        "devAddr": "30014AE9",
        "time": "2018-11-26 13:57:04",
        "payload": "rxfn4Q7NWAY=",
        "sf": 7,
        "gwEui": "7276FF003903097C",
        "gwName": "C22",
        "gwRssi": -105,
        "devUplinkCounter": 231
      },
      {
        "devEui": "0018B200000023E6",
        "devAddr": "30014AE9",
        "time": "2018-11-26 13:57:04",
        "payload": "rxfn4Q7NWAY=",
        "sf": 7,
        "gwEui": "7276FF003903097D",
        "gwName": "D60",
        "gwRssi": -108,
        "devUplinkCounter": 231
      },
      {
        "devEui": "0018B200000023E6",
        "devAddr": "30014AE9",
        "time": "2018-11-26 13:57:04",
        "payload": "rxfn4Q7NWAY=",
        "sf": 7,
        "gwEui": "7276FF0039030A01",
        "gwName": "Loge",
        "gwRssi": -106,
        "devUplinkCounter": 231
      },
      {
        "devEui": "0018B200000023E6",
        "devAddr": "30014AE9",
        "time": "2018-11-26 13:56:47",
        "payload": "rxfn4Q7NWAY=",
        "sf": 7,
        "gwEui": "7276FF0039030A01",
        "gwName": "Loge",
        "gwRssi": -106,
        "devUplinkCounter": 231
      },
      {
        "devEui": "0018B200000023E6",
        "devAddr": "30014AE9",
        "time": "2018-11-26 13:56:47",
        "payload": "rxfn4Q7NWAY=",
        "sf": 7,
        "gwEui": "7276FF003903097D",
        "gwName": "D60",
        "gwRssi": -107,
        "devUplinkCounter": 231
      },
      {
        "devEui": "0018B200000023E6",
        "devAddr": "30014AE9",
        "time": "2018-11-26 13:56:47",
        "payload": "rxfn4Q7NWAY=",
        "sf": 7,
        "gwEui": "7276FF003903097C",
        "gwName": "C22",
        "gwRssi": -105,
        "devUplinkCounter": 231
      }
    ]
  },
  {
    "Floor": "D",
    "Number": 15,
    "UL1": 1513,
    "UL2": 0,
    "Time": "11/26/2018 1:57:59 PM",
    "Measures": [
      {
        "devEui": "0018B200000023E6",
        "devAddr": "30014AE9",
        "time": "2018-11-26 13:57:27",
        "payload": "rxfp4g7NXAc=",
        "sf": 7,
        "gwEui": "7276FF003903097C",
        "gwName": "C22",
        "gwRssi": -86,
        "devUplinkCounter": 233
      },
      {
        "devEui": "0018B200000023E6",
        "devAddr": "30014AE9",
        "time": "2018-11-26 13:57:27",
        "payload": "rxfp4g7NXAc=",
        "sf": 7,
        "gwEui": "7276FF0039030A01",
        "gwName": "Loge",
        "gwRssi": -98,
        "devUplinkCounter": 233
      }
    ]
  },
  {
    "Floor": "D",
    "Number": 16,
    "UL1": 1514,
    "UL2": 0,
    "Time": "11/26/2018 1:58:08 PM",
    "Measures": [
      {
        "devEui": "0018B200000023E6",
        "devAddr": "30014AE9",
        "time": "2018-11-26 13:58:02",
        "payload": "rxfq4w7NTwY=",
        "sf": 7,
        "gwEui": "7276FF0039030977",
        "gwName": "H06",
        "gwRssi": -108,
        "devUplinkCounter": 234
      },
      {
        "devEui": "0018B200000023E6",
        "devAddr": "30014AE9",
        "time": "2018-11-26 13:58:02",
        "payload": "rxfq4w7NTwY=",
        "sf": 7,
        "gwEui": "7276FF003903097D",
        "gwName": "D60",
        "gwRssi": -113,
        "devUplinkCounter": 234
      },
      {
        "devEui": "0018B200000023E6",
        "devAddr": "30014AE9",
        "time": "2018-11-26 13:58:02",
        "payload": "rxfq4w7NTwY=",
        "sf": 7,
        "gwEui": "7276FF003903094F",
        "gwName": "F07",
        "gwRssi": -107,
        "devUplinkCounter": 234
      },
      {
        "devEui": "0018B200000023E6",
        "devAddr": "30014AE9",
        "time": "2018-11-26 13:58:02",
        "payload": "rxfq4w7NTwY=",
        "sf": 7,
        "gwEui": "7276FF003903097C",
        "gwName": "C22",
        "gwRssi": -92,
        "devUplinkCounter": 234
      }
    ]
  },
  {
    "Floor": "D",
    "Number": 17,
    "UL1": 1515,
    "UL2": 0,
    "Time": "11/26/2018 1:58:27 PM",
    "Measures": [
      {
        "devEui": "0018B200000023E6",
        "devAddr": "30014AE9",
        "time": "2018-11-26 13:58:13",
        "payload": "rxfr5A7LUQc=",
        "sf": 7,
        "gwEui": "7276FF003903094F",
        "gwName": "F07",
        "gwRssi": -107,
        "devUplinkCounter": 235
      },
      {
        "devEui": "0018B200000023E6",
        "devAddr": "30014AE9",
        "time": "2018-11-26 13:58:13",
        "payload": "rxfr5A7LUQc=",
        "sf": 7,
        "gwEui": "7276FF003903097C",
        "gwName": "C22",
        "gwRssi": -100,
        "devUplinkCounter": 235
      },
      {
        "devEui": "0018B200000023E6",
        "devAddr": "30014AE9",
        "time": "2018-11-26 13:58:13",
        "payload": "rxfr5A7LUQc=",
        "sf": 7,
        "gwEui": "7276FF0039030A01",
        "gwName": "Loge",
        "gwRssi": -98,
        "devUplinkCounter": 235
      },
      {
        "devEui": "0018B200000023E6",
        "devAddr": "30014AE9",
        "time": "2018-11-26 13:58:17",
        "payload": "rxfr5A7LUQc=",
        "sf": 7,
        "gwEui": "7276FF0039030A01",
        "gwName": "Loge",
        "gwRssi": -96,
        "devUplinkCounter": 235
      },
      {
        "devEui": "0018B200000023E6",
        "devAddr": "30014AE9",
        "time": "2018-11-26 13:58:17",
        "payload": "rxfr5A7LUQc=",
        "sf": 7,
        "gwEui": "7276FF003903094F",
        "gwName": "F07",
        "gwRssi": -108,
        "devUplinkCounter": 235
      },
      {
        "devEui": "0018B200000023E6",
        "devAddr": "30014AE9",
        "time": "2018-11-26 13:58:21",
        "payload": "rxfr5A7LUQc=",
        "sf": 8,
        "gwEui": "7276FF0039030A01",
        "gwName": "Loge",
        "gwRssi": -99,
        "devUplinkCounter": 235
      },
      {
        "devEui": "0018B200000023E6",
        "devAddr": "30014AE9",
        "time": "2018-11-26 13:58:21",
        "payload": "rxfr5A7LUQc=",
        "sf": 8,
        "gwEui": "7276FF003903097C",
        "gwName": "C22",
        "gwRssi": -89,
        "devUplinkCounter": 235
      },
      {
        "devEui": "0018B200000023E6",
        "devAddr": "30014AE9",
        "time": "2018-11-26 13:58:21",
        "payload": "rxfr5A7LUQc=",
        "sf": 8,
        "gwEui": "7276FF003903094F",
        "gwName": "F07",
        "gwRssi": -107,
        "devUplinkCounter": 235
      }
    ]
  },
  {
    "Floor": "D",
    "Number": 18,
    "UL1": 1518,
    "UL2": 0,
    "Time": "11/26/2018 1:58:41 PM",
    "Measures": [
      {
        "devEui": "0018B200000023E6",
        "devAddr": "30014AE9",
        "time": "2018-11-26 13:58:35",
        "payload": "rxfu5Q7MUwY=",
        "sf": 7,
        "gwEui": "7276FF003903097D",
        "gwName": "D60",
        "gwRssi": -114,
        "devUplinkCounter": 238
      },
      {
        "devEui": "0018B200000023E6",
        "devAddr": "30014AE9",
        "time": "2018-11-26 13:58:35",
        "payload": "rxfu5Q7MUwY=",
        "sf": 7,
        "gwEui": "7276FF003903094F",
        "gwName": "F07",
        "gwRssi": -107,
        "devUplinkCounter": 238
      },
      {
        "devEui": "0018B200000023E6",
        "devAddr": "30014AE9",
        "time": "2018-11-26 13:58:35",
        "payload": "rxfu5Q7MUwY=",
        "sf": 7,
        "gwEui": "7276FF003903097C",
        "gwName": "C22",
        "gwRssi": -96,
        "devUplinkCounter": 238
      }
    ]
  },
  {
    "Floor": "D",
    "Number": 19,
    "UL1": 1520,
    "UL2": 0,
    "Time": "11/26/2018 2:00:01 PM",
    "Measures": []
  },
  {
    "Floor": "D",
    "Number": 20,
    "UL1": 1522,
    "UL2": 0,
    "Time": "11/26/2018 2:00:30 PM",
    "Measures": [
      {
        "devEui": "0018B200000023E6",
        "devAddr": "30014AE9",
        "time": "2018-11-26 14:00:15",
        "payload": "rxfy6A7MVwc=",
        "sf": 7,
        "gwEui": "7276FF0039030977",
        "gwName": "H06",
        "gwRssi": -107,
        "devUplinkCounter": 242
      },
      {
        "devEui": "0018B200000023E6",
        "devAddr": "30014AE9",
        "time": "2018-11-26 14:00:15",
        "payload": "rxfy6A7MVwc=",
        "sf": 7,
        "gwEui": "7276FF003903097C",
        "gwName": "C22",
        "gwRssi": -102,
        "devUplinkCounter": 242
      },
      {
        "devEui": "0018B200000023E6",
        "devAddr": "30014AE9",
        "time": "2018-11-26 14:00:15",
        "payload": "rxfy6A7MVwc=",
        "sf": 7,
        "gwEui": "7276FF0039030A01",
        "gwName": "Loge",
        "gwRssi": -94,
        "devUplinkCounter": 242
      },
      {
        "devEui": "0018B200000023E6",
        "devAddr": "30014AE9",
        "time": "2018-11-26 14:00:19",
        "payload": "rxfy6A7MVwc=",
        "sf": 7,
        "gwEui": "7276FF0039030A01",
        "gwName": "Loge",
        "gwRssi": -90,
        "devUplinkCounter": 242
      },
      {
        "devEui": "0018B200000023E6",
        "devAddr": "30014AE9",
        "time": "2018-11-26 14:00:19",
        "payload": "rxfy6A7MVwc=",
        "sf": 7,
        "gwEui": "7276FF0039030977",
        "gwName": "H06",
        "gwRssi": -110,
        "devUplinkCounter": 242
      },
      {
        "devEui": "0018B200000023E6",
        "devAddr": "30014AE9",
        "time": "2018-11-26 14:00:19",
        "payload": "rxfy6A7MVwc=",
        "sf": 7,
        "gwEui": "7276FF003903097C",
        "gwName": "C22",
        "gwRssi": -102,
        "devUplinkCounter": 242
      },
      {
        "devEui": "0018B200000023E6",
        "devAddr": "30014AE9",
        "time": "2018-11-26 14:00:19",
        "payload": "rxfy6A7MVwc=",
        "sf": 7,
        "gwEui": "7276FF003903097D",
        "gwName": "D60",
        "gwRssi": -113,
        "devUplinkCounter": 242
      },
      {
        "devEui": "0018B200000023E6",
        "devAddr": "30014AE9",
        "time": "2018-11-26 14:00:23",
        "payload": "rxfy6A7MVwc=",
        "sf": 8,
        "gwEui": "7276FF0039030977",
        "gwName": "H06",
        "gwRssi": -108,
        "devUplinkCounter": 242
      },
      {
        "devEui": "0018B200000023E6",
        "devAddr": "30014AE9",
        "time": "2018-11-26 14:00:23",
        "payload": "rxfy6A7MVwc=",
        "sf": 8,
        "gwEui": "7276FF003903097C",
        "gwName": "C22",
        "gwRssi": -100,
        "devUplinkCounter": 242
      },
      {
        "devEui": "0018B200000023E6",
        "devAddr": "30014AE9",
        "time": "2018-11-26 14:00:23",
        "payload": "rxfy6A7MVwc=",
        "sf": 8,
        "gwEui": "7276FF003903094F",
        "gwName": "F07",
        "gwRssi": -105,
        "devUplinkCounter": 242
      },
      {
        "devEui": "0018B200000023E6",
        "devAddr": "30014AE9",
        "time": "2018-11-26 14:00:23",
        "payload": "rxfy6A7MVwc=",
        "sf": 8,
        "gwEui": "7276FF0039030A01",
        "gwName": "Loge",
        "gwRssi": -87,
        "devUplinkCounter": 242
      },
      {
        "devEui": "0018B200000023E6",
        "devAddr": "30014AE9",
        "time": "2018-11-26 14:00:28",
        "payload": "rxfy6A7MVwc=",
        "sf": 8,
        "gwEui": "7276FF0039030977",
        "gwName": "H06",
        "gwRssi": -106,
        "devUplinkCounter": 242
      },
      {
        "devEui": "0018B200000023E6",
        "devAddr": "30014AE9",
        "time": "2018-11-26 14:00:28",
        "payload": "rxfy6A7MVwc=",
        "sf": 8,
        "gwEui": "7276FF003903097C",
        "gwName": "C22",
        "gwRssi": -96,
        "devUplinkCounter": 242
      },
      {
        "devEui": "0018B200000023E6",
        "devAddr": "30014AE9",
        "time": "2018-11-26 14:00:28",
        "payload": "rxfy6A7MVwc=",
        "sf": 8,
        "gwEui": "7276FF0039030A01",
        "gwName": "Loge",
        "gwRssi": -94,
        "devUplinkCounter": 242
      },
      {
        "devEui": "0018B200000023E6",
        "devAddr": "30014AE9",
        "time": "2018-11-26 14:00:28",
        "payload": "rxfy6A7MVwc=",
        "sf": 8,
        "gwEui": "7276FF003903094F",
        "gwName": "F07",
        "gwRssi": -106,
        "devUplinkCounter": 242
      }
    ]
  },
  {
    "Floor": "D",
    "Number": 21,
    "UL1": 1526,
    "UL2": 0,
    "Time": "11/26/2018 2:00:53 PM",
    "Measures": [
      {
        "devEui": "0018B200000023E6",
        "devAddr": "30014AE9",
        "time": "2018-11-26 14:00:47",
        "payload": "rxf26Q7KVAc=",
        "sf": 7,
        "gwEui": "7276FF003903097C",
        "gwName": "C22",
        "gwRssi": -101,
        "devUplinkCounter": 246
      },
      {
        "devEui": "0018B200000023E6",
        "devAddr": "30014AE9",
        "time": "2018-11-26 14:00:47",
        "payload": "rxf26Q7KVAc=",
        "sf": 7,
        "gwEui": "7276FF003903097D",
        "gwName": "D60",
        "gwRssi": -113,
        "devUplinkCounter": 246
      },
      {
        "devEui": "0018B200000023E6",
        "devAddr": "30014AE9",
        "time": "2018-11-26 14:00:47",
        "payload": "rxf26Q7KVAc=",
        "sf": 7,
        "gwEui": "7276FF003903094F",
        "gwName": "F07",
        "gwRssi": -101,
        "devUplinkCounter": 246
      },
      {
        "devEui": "0018B200000023E6",
        "devAddr": "30014AE9",
        "time": "2018-11-26 14:00:47",
        "payload": "rxf26Q7KVAc=",
        "sf": 7,
        "gwEui": "7276FF0039030977",
        "gwName": "H06",
        "gwRssi": -106,
        "devUplinkCounter": 246
      }
    ]
  },
  {
    "Floor": "D",
    "Number": 27,
    "UL1": 1527,
    "UL2": 0,
    "Time": "11/26/2018 2:03:05 PM",
    "Measures": [
      {
        "devEui": "0018B200000023E6",
        "devAddr": "30014AE9",
        "time": "2018-11-26 14:02:58",
        "payload": "rxf36g7LTwY=",
        "sf": 7,
        "gwEui": "7276FF003903097C",
        "gwName": "C22",
        "gwRssi": -109,
        "devUplinkCounter": 247
      },
      {
        "devEui": "0018B200000023E6",
        "devAddr": "30014AE9",
        "time": "2018-11-26 14:02:58",
        "payload": "rxf36g7LTwY=",
        "sf": 7,
        "gwEui": "7276FF003903097D",
        "gwName": "D60",
        "gwRssi": -95,
        "devUplinkCounter": 247
      },
      {
        "devEui": "0018B200000023E6",
        "devAddr": "30014AE9",
        "time": "2018-11-26 14:02:58",
        "payload": "rxf36g7LTwY=",
        "sf": 7,
        "gwEui": "7276FF003903094F",
        "gwName": "F07",
        "gwRssi": -109,
        "devUplinkCounter": 247
      },
      {
        "devEui": "0018B200000023E6",
        "devAddr": "30014AE9",
        "time": "2018-11-26 14:02:58",
        "payload": "rxf36g7LTwY=",
        "sf": 7,
        "gwEui": "7276FF0039030977",
        "gwName": "H06",
        "gwRssi": -108,
        "devUplinkCounter": 247
      }
    ]
  },
  {
    "Floor": "D",
    "Number": 28,
    "UL1": 1528,
    "UL2": 0,
    "Time": "11/26/2018 2:03:17 PM",
    "Measures": [
      {
        "devEui": "0018B200000023E6",
        "devAddr": "30014AE9",
        "time": "2018-11-26 14:03:13",
        "payload": "rxf46w7KVwc=",
        "sf": 7,
        "gwEui": "7276FF003903094E",
        "gwName": "K01a",
        "gwRssi": -110,
        "devUplinkCounter": 248
      },
      {
        "devEui": "0018B200000023E6",
        "devAddr": "30014AE9",
        "time": "2018-11-26 14:03:13",
        "payload": "rxf46w7KVwc=",
        "sf": 7,
        "gwEui": "7276FF003903097D",
        "gwName": "D60",
        "gwRssi": -106,
        "devUplinkCounter": 248
      }
    ]
  },
  {
    "Floor": "D",
    "Number": 29,
    "UL1": 1529,
    "UL2": 0,
    "Time": "11/26/2018 2:03:30 PM",
    "Measures": [
      {
        "devEui": "0018B200000023E6",
        "devAddr": "30014AE9",
        "time": "2018-11-26 14:03:26",
        "payload": "rxf57A7IVwc=",
        "sf": 7,
        "gwEui": "7276FF0039030977",
        "gwName": "H06",
        "gwRssi": -108,
        "devUplinkCounter": 249
      },
      {
        "devEui": "0018B200000023E6",
        "devAddr": "30014AE9",
        "time": "2018-11-26 14:03:26",
        "payload": "rxf57A7IVwc=",
        "sf": 7,
        "gwEui": "7276FF003903094F",
        "gwName": "F07",
        "gwRssi": -102,
        "devUplinkCounter": 249
      },
      {
        "devEui": "0018B200000023E6",
        "devAddr": "30014AE9",
        "time": "2018-11-26 14:03:26",
        "payload": "rxf57A7IVwc=",
        "sf": 7,
        "gwEui": "7276FF003903094E",
        "gwName": "K01a",
        "gwRssi": -108,
        "devUplinkCounter": 249
      },
      {
        "devEui": "0018B200000023E6",
        "devAddr": "30014AE9",
        "time": "2018-11-26 14:03:26",
        "payload": "rxf57A7IVwc=",
        "sf": 7,
        "gwEui": "7276FF003903097D",
        "gwName": "D60",
        "gwRssi": -112,
        "devUplinkCounter": 249
      }
    ]
  },
  {
    "Floor": "D",
    "Number": 30,
    "UL1": 1530,
    "UL2": 0,
    "Time": "11/26/2018 2:03:43 PM",
    "Measures": [
      {
        "devEui": "0018B200000023E6",
        "devAddr": "30014AE9",
        "time": "2018-11-26 14:03:39",
        "payload": "rxf67Q7KUAU=",
        "sf": 7,
        "gwEui": "7276FF003903097D",
        "gwName": "D60",
        "gwRssi": -90,
        "devUplinkCounter": 250
      },
      {
        "devEui": "0018B200000023E6",
        "devAddr": "30014AE9",
        "time": "2018-11-26 14:03:39",
        "payload": "rxf67Q7KUAU=",
        "sf": 7,
        "gwEui": "7276FF0039030A01",
        "gwName": "Loge",
        "gwRssi": -95,
        "devUplinkCounter": 250
      },
      {
        "devEui": "0018B200000023E6",
        "devAddr": "30014AE9",
        "time": "2018-11-26 14:03:39",
        "payload": "rxf67Q7KUAU=",
        "sf": 7,
        "gwEui": "7276FF003903094F",
        "gwName": "F07",
        "gwRssi": -103,
        "devUplinkCounter": 250
      }
    ]
  },
  {
    "Floor": "D",
    "Number": 31,
    "UL1": 1531,
    "UL2": 0,
    "Time": "11/26/2018 2:03:53 PM",
    "Measures": [
      {
        "devEui": "0018B200000023E6",
        "devAddr": "30014AE9",
        "time": "2018-11-26 14:03:50",
        "payload": "rxb77g7LSwY=",
        "sf": 7,
        "gwEui": "7276FF003903094E",
        "gwName": "K01a",
        "gwRssi": -106,
        "devUplinkCounter": 251
      },
      {
        "devEui": "0018B200000023E6",
        "devAddr": "30014AE9",
        "time": "2018-11-26 14:03:50",
        "payload": "rxb77g7LSwY=",
        "sf": 7,
        "gwEui": "7276FF003903094F",
        "gwName": "F07",
        "gwRssi": -106,
        "devUplinkCounter": 251
      },
      {
        "devEui": "0018B200000023E6",
        "devAddr": "30014AE9",
        "time": "2018-11-26 14:03:50",
        "payload": "rxb77g7LSwY=",
        "sf": 7,
        "gwEui": "7276FF003903097D",
        "gwName": "D60",
        "gwRssi": -100,
        "devUplinkCounter": 251
      },
      {
        "devEui": "0018B200000023E6",
        "devAddr": "30014AE9",
        "time": "2018-11-26 14:03:50",
        "payload": "rxb77g7LSwY=",
        "sf": 7,
        "gwEui": "7276FF0039030977",
        "gwName": "H06",
        "gwRssi": -106,
        "devUplinkCounter": 251
      },
      {
        "devEui": "0018B200000023E6",
        "devAddr": "30014AE9",
        "time": "2018-11-26 14:03:50",
        "payload": "rxb77g7LSwY=",
        "sf": 7,
        "gwEui": "7276FF0039030A01",
        "gwName": "Loge",
        "gwRssi": -100,
        "devUplinkCounter": 251
      }
    ]
  },
  {
    "Floor": "D",
    "Number": 58,
    "UL1": 1532,
    "UL2": 0,
    "Time": "11/26/2018 2:05:07 PM",
    "Measures": [
      {
        "devEui": "0018B200000023E6",
        "devAddr": "30014AE9",
        "time": "2018-11-26 14:04:56",
        "payload": "rxf87w7LUAY=",
        "sf": 7,
        "gwEui": "7276FF003903094E",
        "gwName": "K01a",
        "gwRssi": -98,
        "devUplinkCounter": 252
      },
      {
        "devEui": "0018B200000023E6",
        "devAddr": "30014AE9",
        "time": "2018-11-26 14:04:56",
        "payload": "rxf87w7LUAY=",
        "sf": 7,
        "gwEui": "7276FF003903094F",
        "gwName": "F07",
        "gwRssi": -107,
        "devUplinkCounter": 252
      }
    ]
  },
  {
    "Floor": "D",
    "Number": 62,
    "UL1": 1533,
    "UL2": 0,
    "Time": "11/26/2018 2:05:51 PM",
    "Measures": [
      {
        "devEui": "0018B200000023E6",
        "devAddr": "30014AE9",
        "time": "2018-11-26 14:04:32",
        "payload": "rxb98A7KXAQ=",
        "sf": 7,
        "gwEui": "7276FF0039030A01",
        "gwName": "Loge",
        "gwRssi": -89,
        "devUplinkCounter": 253
      },
      {
        "devEui": "0018B200000023E6",
        "devAddr": "30014AE9",
        "time": "2018-11-26 14:04:32",
        "payload": "rxb98A7KXAQ=",
        "sf": 7,
        "gwEui": "7276FF003903094E",
        "gwName": "K01a",
        "gwRssi": -106,
        "devUplinkCounter": 253
      },
      {
        "devEui": "0018B200000023E6",
        "devAddr": "30014AE9",
        "time": "2018-11-26 14:04:32",
        "payload": "rxb98A7KXAQ=",
        "sf": 7,
        "gwEui": "7276FF0039030977",
        "gwName": "H06",
        "gwRssi": -101,
        "devUplinkCounter": 253
      },
      {
        "devEui": "0018B200000023E6",
        "devAddr": "30014AE9",
        "time": "2018-11-26 14:04:32",
        "payload": "rxb98A7KXAQ=",
        "sf": 7,
        "gwEui": "7276FF003903094F",
        "gwName": "F07",
        "gwRssi": -97,
        "devUplinkCounter": 253
      }
    ]
  },
  {
    "Floor": "D",
    "Number": 117,
    "UL1": 1534,
    "UL2": 0,
    "Time": "11/26/2018 2:07:49 PM",
    "Measures": [
      {
        "devEui": "0018B200000023E6",
        "devAddr": "30014AE9",
        "time": "2018-11-26 14:07:38",
        "payload": "rxb+8Q7IQgU=",
        "sf": 7,
        "gwEui": "7276FF003903097C",
        "gwName": "C22",
        "gwRssi": -111,
        "devUplinkCounter": 254
      },
      {
        "devEui": "0018B200000023E6",
        "devAddr": "30014AE9",
        "time": "2018-11-26 14:07:38",
        "payload": "rxb+8Q7IQgU=",
        "sf": 7,
        "gwEui": "7276FF003903097D",
        "gwName": "D60",
        "gwRssi": -96,
        "devUplinkCounter": 254
      }
    ]
  },
  {
    "Floor": "D",
    "Number": 118,
    "UL1": 1535,
    "UL2": 0,
    "Time": "11/26/2018 2:08:03 PM",
    "Measures": [
      {
        "devEui": "0018B200000023E6",
        "devAddr": "30014AE9",
        "time": "2018-11-26 14:07:54",
        "payload": "rxb/8g7HVwc=",
        "sf": 7,
        "gwEui": "7276FF003903097D",
        "gwName": "D60",
        "gwRssi": -98,
        "devUplinkCounter": 255
      }
    ]
  },
  {
    "Floor": "D",
    "Number": 120,
    "UL1": 1536,
    "UL2": 0,
    "Time": "11/26/2018 2:08:43 PM",
    "Measures": [
      {
        "devEui": "0018B200000023E6",
        "devAddr": "30014AE9",
        "time": "2018-11-26 14:08:36",
        "payload": "vxZGRncwAGOVYBMAAQ7JXAc=",
        "sf": 7,
        "gwEui": "7276FF003903094F",
        "gwName": "F07",
        "gwRssi": -108,
        "devUplinkCounter": 0
      },
      {
        "devEui": "0018B200000023E6",
        "devAddr": "30014AE9",
        "time": "2018-11-26 14:08:36",
        "payload": "vxZGRncwAGOVYBMAAQ7JXAc=",
        "sf": 7,
        "gwEui": "7276FF003903097D",
        "gwName": "D60",
        "gwRssi": -83,
        "devUplinkCounter": 0
      }
    ]
  },
  {
    "Floor": "D",
    "Number": 113,
    "UL1": 1537,
    "UL2": 0,
    "Time": "11/26/2018 2:09:29 PM",
    "Measures": [
      {
        "devEui": "0018B200000023E6",
        "devAddr": "30014AE9",
        "time": "2018-11-26 14:09:24",
        "payload": "vxZGRncgAGOVUBQBAg7KTQY=",
        "sf": 7,
        "gwEui": "7276FF003903097C",
        "gwName": "C22",
        "gwRssi": -89,
        "devUplinkCounter": 1
      },
      {
        "devEui": "0018B200000023E6",
        "devAddr": "30014AE9",
        "time": "2018-11-26 14:09:24",
        "payload": "vxZGRncgAGOVUBQBAg7KTQY=",
        "sf": 7,
        "gwEui": "7276FF003903094F",
        "gwName": "F07",
        "gwRssi": -102,
        "devUplinkCounter": 1
      },
      {
        "devEui": "0018B200000023E6",
        "devAddr": "30014AE9",
        "time": "2018-11-26 14:09:24",
        "payload": "vxZGRncgAGOVUBQBAg7KTQY=",
        "sf": 7,
        "gwEui": "7276FF0039030977",
        "gwName": "H06",
        "gwRssi": -110,
        "devUplinkCounter": 1
      },
      {
        "devEui": "0018B200000023E6",
        "devAddr": "30014AE9",
        "time": "2018-11-26 14:09:24",
        "payload": "vxZGRncgAGOVUBQBAg7KTQY=",
        "sf": 7,
        "gwEui": "7276FF003903097D",
        "gwName": "D60",
        "gwRssi": -102,
        "devUplinkCounter": 1
      }
    ]
  },
  {
    "Floor": "D",
    "Number": 114,
    "UL1": 1538,
    "UL2": 0,
    "Time": "11/26/2018 2:09:50 PM",
    "Measures": [
      {
        "devEui": "0018B200000023E6",
        "devAddr": "30014AE9",
        "time": "2018-11-26 14:09:47",
        "payload": "rxYCAw7IUAY=",
        "sf": 7,
        "gwEui": "7276FF0039030977",
        "gwName": "H06",
        "gwRssi": -110,
        "devUplinkCounter": 2
      },
      {
        "devEui": "0018B200000023E6",
        "devAddr": "30014AE9",
        "time": "2018-11-26 14:09:47",
        "payload": "rxYCAw7IUAY=",
        "sf": 7,
        "gwEui": "7276FF0039030A01",
        "gwName": "Loge",
        "gwRssi": -106,
        "devUplinkCounter": 2
      },
      {
        "devEui": "0018B200000023E6",
        "devAddr": "30014AE9",
        "time": "2018-11-26 14:09:47",
        "payload": "rxYCAw7IUAY=",
        "sf": 7,
        "gwEui": "7276FF003903094F",
        "gwName": "F07",
        "gwRssi": -105,
        "devUplinkCounter": 2
      },
      {
        "devEui": "0018B200000023E6",
        "devAddr": "30014AE9",
        "time": "2018-11-26 14:09:47",
        "payload": "rxYCAw7IUAY=",
        "sf": 7,
        "gwEui": "7276FF003903097D",
        "gwName": "D60",
        "gwRssi": -99,
        "devUplinkCounter": 2
      },
      {
        "devEui": "0018B200000023E6",
        "devAddr": "30014AE9",
        "time": "2018-11-26 14:09:47",
        "payload": "rxYCAw7IUAY=",
        "sf": 7,
        "gwEui": "7276FF003903094E",
        "gwName": "K01a",
        "gwRssi": -108,
        "devUplinkCounter": 2
      },
      {
        "devEui": "0018B200000023E6",
        "devAddr": "30014AE9",
        "time": "2018-11-26 14:09:47",
        "payload": "rxYCAw7IUAY=",
        "sf": 7,
        "gwEui": "7276FF003903097C",
        "gwName": "C22",
        "gwRssi": -104,
        "devUplinkCounter": 2
      }
    ]
  },
  {
    "Floor": "D",
    "Number": 115,
    "UL1": 1539,
    "UL2": 0,
    "Time": "11/26/2018 2:10:07 PM",
    "Measures": [
      {
        "devEui": "0018B200000023E6",
        "devAddr": "30014AE9",
        "time": "2018-11-26 14:10:01",
        "payload": "rxYDBA7IVwc=",
        "sf": 7,
        "gwEui": "7276FF003903094F",
        "gwName": "F07",
        "gwRssi": -108,
        "devUplinkCounter": 3
      },
      {
        "devEui": "0018B200000023E6",
        "devAddr": "30014AE9",
        "time": "2018-11-26 14:10:01",
        "payload": "rxYDBA7IVwc=",
        "sf": 7,
        "gwEui": "7276FF003903097C",
        "gwName": "C22",
        "gwRssi": -107,
        "devUplinkCounter": 3
      },
      {
        "devEui": "0018B200000023E6",
        "devAddr": "30014AE9",
        "time": "2018-11-26 14:10:01",
        "payload": "rxYDBA7IVwc=",
        "sf": 7,
        "gwEui": "7276FF0039030977",
        "gwName": "H06",
        "gwRssi": -110,
        "devUplinkCounter": 3
      },
      {
        "devEui": "0018B200000023E6",
        "devAddr": "30014AE9",
        "time": "2018-11-26 14:10:01",
        "payload": "rxYDBA7IVwc=",
        "sf": 7,
        "gwEui": "7276FF003903097D",
        "gwName": "D60",
        "gwRssi": -90,
        "devUplinkCounter": 3
      }
    ]
  },
  {
    "Floor": "D",
    "Number": 122,
    "UL1": 1540,
    "UL2": 0,
    "Time": "11/26/2018 2:10:34 PM",
    "Measures": [
      {
        "devEui": "0018B200000023E6",
        "devAddr": "30014AE9",
        "time": "2018-11-26 14:10:28",
        "payload": "rxYEBQ7HUgY=",
        "sf": 7,
        "gwEui": "7276FF003903094F",
        "gwName": "F07",
        "gwRssi": -108,
        "devUplinkCounter": 4
      },
      {
        "devEui": "0018B200000023E6",
        "devAddr": "30014AE9",
        "time": "2018-11-26 14:10:28",
        "payload": "rxYEBQ7HUgY=",
        "sf": 7,
        "gwEui": "7276FF003903097D",
        "gwName": "D60",
        "gwRssi": -89,
        "devUplinkCounter": 4
      }
    ]
  },
  {
    "Floor": "D",
    "Number": 91,
    "UL1": 1543,
    "UL2": 0,
    "Time": "11/26/2018 2:13:25 PM",
    "Measures": [
      {
        "devEui": "0018B200000023E6",
        "devAddr": "30014AE9",
        "time": "2018-11-26 14:12:06",
        "payload": "rxYHCA7GNwY=",
        "sf": 7,
        "gwEui": "7276FF003903094E",
        "gwName": "K01a",
        "gwRssi": -106,
        "devUplinkCounter": 7
      },
      {
        "devEui": "0018B200000023E6",
        "devAddr": "30014AE9",
        "time": "2018-11-26 14:12:06",
        "payload": "rxYHCA7GNwY=",
        "sf": 7,
        "gwEui": "7276FF003903097D",
        "gwName": "D60",
        "gwRssi": -62,
        "devUplinkCounter": 7
      }
    ]
  },
  {
    "Floor": "D",
    "Number": 88,
    "UL1": 1545,
    "UL2": 0,
    "Time": "11/26/2018 2:15:09 PM",
    "Measures": [
      {
        "devEui": "0018B200000023E6",
        "devAddr": "30014AE9",
        "time": "2018-11-26 14:15:03",
        "payload": "rxYJCg7FMwc=",
        "sf": 7,
        "gwEui": "7276FF003903097D",
        "gwName": "D60",
        "gwRssi": -64,
        "devUplinkCounter": 9
      },
      {
        "devEui": "0018B200000023E6",
        "devAddr": "30014AE9",
        "time": "2018-11-26 14:15:03",
        "payload": "rxYJCg7FMwc=",
        "sf": 7,
        "gwEui": "7276FF003903094E",
        "gwName": "K01a",
        "gwRssi": -105,
        "devUplinkCounter": 9
      }
    ]
  },
  {
    "Floor": "D",
    "Number": 89,
    "UL1": 1546,
    "UL2": 0,
    "Time": "11/26/2018 2:15:25 PM",
    "Measures": [
      {
        "devEui": "0018B200000023E6",
        "devAddr": "30014AE9",
        "time": "2018-11-26 14:14:07",
        "payload": "rxYKCw7GQQY=",
        "sf": 7,
        "gwEui": "7276FF003903097D",
        "gwName": "D60",
        "gwRssi": -63,
        "devUplinkCounter": 10
      },
      {
        "devEui": "0018B200000023E6",
        "devAddr": "30014AE9",
        "time": "2018-11-26 14:14:07",
        "payload": "rxYKCw7GQQY=",
        "sf": 7,
        "gwEui": "7276FF003903094E",
        "gwName": "K01a",
        "gwRssi": -108,
        "devUplinkCounter": 10
      }
    ]
  },
  {
    "Floor": "D",
    "Number": 90,
    "UL1": 1547,
    "UL2": 0,
    "Time": "11/26/2018 2:15:46 PM",
    "Measures": [
      {
        "devEui": "0018B200000023E6",
        "devAddr": "30014AE9",
        "time": "2018-11-26 14:15:41",
        "payload": "rxYLDA7COwY=",
        "sf": 7,
        "gwEui": "7276FF003903097D",
        "gwName": "D60",
        "gwRssi": -44,
        "devUplinkCounter": 11
      }
    ]
  },
  {
    "Floor": "D",
    "Number": 92,
    "UL1": 1548,
    "UL2": 0,
    "Time": "11/26/2018 2:17:09 PM",
    "Measures": [
      {
        "devEui": "0018B200000023E6",
        "devAddr": "30014AE9",
        "time": "2018-11-26 14:15:49",
        "payload": "rxYMDQ7FJgY=",
        "sf": 7,
        "gwEui": "7276FF003903094E",
        "gwName": "K01a",
        "gwRssi": -106,
        "devUplinkCounter": 12
      },
      {
        "devEui": "0018B200000023E6",
        "devAddr": "30014AE9",
        "time": "2018-11-26 14:15:49",
        "payload": "rxYMDQ7FJgY=",
        "sf": 7,
        "gwEui": "7276FF003903097D",
        "gwName": "D60",
        "gwRssi": -66,
        "devUplinkCounter": 12
      }
    ]
  },
  {
    "Floor": "D",
    "Number": 93,
    "UL1": 1549,
    "UL2": 0,
    "Time": "11/26/2018 2:17:21 PM",
    "Measures": [
      {
        "devEui": "0018B200000023E6",
        "devAddr": "30014AE9",
        "time": "2018-11-26 14:17:15",
        "payload": "rxYNDg7GMQY=",
        "sf": 7,
        "gwEui": "7276FF003903097D",
        "gwName": "D60",
        "gwRssi": -42,
        "devUplinkCounter": 13
      }
    ]
  },
  {
    "Floor": "D",
    "Number": 94,
    "UL1": 1551,
    "UL2": 0,
    "Time": "11/26/2018 2:17:43 PM",
    "Measures": [
      {
        "devEui": "0018B200000023E6",
        "devAddr": "30014AE9",
        "time": "2018-11-26 14:16:23",
        "payload": "rxYPEA7EEgU=",
        "sf": 7,
        "gwEui": "7276FF003903094E",
        "gwName": "K01a",
        "gwRssi": -106,
        "devUplinkCounter": 15
      },
      {
        "devEui": "0018B200000023E6",
        "devAddr": "30014AE9",
        "time": "2018-11-26 14:16:23",
        "payload": "rxYPEA7EEgU=",
        "sf": 7,
        "gwEui": "7276FF003903097D",
        "gwName": "D60",
        "gwRssi": -42,
        "devUplinkCounter": 15
      }
    ]
  },
  {
    "Floor": "D",
    "Number": 102,
    "UL1": 1552,
    "UL2": 0,
    "Time": "11/26/2018 2:19:30 PM",
    "Measures": [
      {
        "devEui": "0018B200000023E6",
        "devAddr": "30014AE9",
        "time": "2018-11-26 14:19:23",
        "payload": "rxYQEQ7CJgY=",
        "sf": 7,
        "gwEui": "7276FF003903097D",
        "gwName": "D60",
        "gwRssi": -42,
        "devUplinkCounter": 16
      },
      {
        "devEui": "0018B200000023E6",
        "devAddr": "30014AE9",
        "time": "2018-11-26 14:19:23",
        "payload": "rxYQEQ7CJgY=",
        "sf": 7,
        "gwEui": "7276FF003903094E",
        "gwName": "K01a",
        "gwRssi": -105,
        "devUplinkCounter": 16
      }
    ]
  },
  {
    "Floor": "D",
    "Number": 103,
    "UL1": 1553,
    "UL2": 0,
    "Time": "11/26/2018 2:19:52 PM",
    "Measures": [
      {
        "devEui": "0018B200000023E6",
        "devAddr": "30014AE9",
        "time": "2018-11-26 14:19:37",
        "payload": "rxYREg7DJwY=",
        "sf": 7,
        "gwEui": "7276FF003903097D",
        "gwName": "D60",
        "gwRssi": -48,
        "devUplinkCounter": 17
      }
    ]
  },
  {
    "Floor": "D",
    "Number": 123,
    "UL1": 1554,
    "UL2": 0,
    "Time": "11/26/2018 2:21:16 PM",
    "Measures": [
      {
        "devEui": "0018B200000023E6",
        "devAddr": "30014AE9",
        "time": "2018-11-26 14:21:10",
        "payload": "rxYSEw7ENAY=",
        "sf": 7,
        "gwEui": "7276FF0039030A01",
        "gwName": "Loge",
        "gwRssi": -107,
        "devUplinkCounter": 18
      },
      {
        "devEui": "0018B200000023E6",
        "devAddr": "30014AE9",
        "time": "2018-11-26 14:21:10",
        "payload": "rxYSEw7ENAY=",
        "sf": 7,
        "gwEui": "7276FF003903097D",
        "gwName": "D60",
        "gwRssi": -47,
        "devUplinkCounter": 18
      },
      {
        "devEui": "0018B200000023E6",
        "devAddr": "30014AE9",
        "time": "2018-11-26 14:21:10",
        "payload": "rxYSEw7ENAY=",
        "sf": 7,
        "gwEui": "7276FF003903094F",
        "gwName": "F07",
        "gwRssi": -109,
        "devUplinkCounter": 18
      }
    ]
  },
  {
    "Floor": "D",
    "Number": 124,
    "UL1": 1555,
    "UL2": 0,
    "Time": "11/26/2018 2:21:34 PM",
    "Measures": [
      {
        "devEui": "0018B200000023E6",
        "devAddr": "30014AE9",
        "time": "2018-11-26 14:21:28",
        "payload": "rxYTFA7EKgU=",
        "sf": 7,
        "gwEui": "7276FF003903097D",
        "gwName": "D60",
        "gwRssi": -50,
        "devUplinkCounter": 19
      },
      {
        "devEui": "0018B200000023E6",
        "devAddr": "30014AE9",
        "time": "2018-11-26 14:21:28",
        "payload": "rxYTFA7EKgU=",
        "sf": 7,
        "gwEui": "7276FF003903094E",
        "gwName": "K01a",
        "gwRssi": -104,
        "devUplinkCounter": 19
      }
    ]
  },
  {
    "Floor": "D",
    "Number": 125,
    "UL1": 1556,
    "UL2": 0,
    "Time": "11/26/2018 2:21:54 PM",
    "Measures": [
      {
        "devEui": "0018B200000023E6",
        "devAddr": "30014AE9",
        "time": "2018-11-26 14:21:47",
        "payload": "rxYUFQ7BQQY=",
        "sf": 7,
        "gwEui": "7276FF003903094E",
        "gwName": "K01a",
        "gwRssi": -108,
        "devUplinkCounter": 20
      },
      {
        "devEui": "0018B200000023E6",
        "devAddr": "30014AE9",
        "time": "2018-11-26 14:21:47",
        "payload": "rxYUFQ7BQQY=",
        "sf": 7,
        "gwEui": "7276FF003903097D",
        "gwName": "D60",
        "gwRssi": -41,
        "devUplinkCounter": 20
      }
    ]
  },
  {
    "Floor": "D",
    "Number": 126,
    "UL1": 1557,
    "UL2": 0,
    "Time": "11/26/2018 2:22:19 PM",
    "Measures": [
      {
        "devEui": "0018B200000023E6",
        "devAddr": "30014AE9",
        "time": "2018-11-26 14:22:07",
        "payload": "rxUVFg7BJgY=",
        "sf": 7,
        "gwEui": "7276FF003903094E",
        "gwName": "K01a",
        "gwRssi": -108,
        "devUplinkCounter": 21
      },
      {
        "devEui": "0018B200000023E6",
        "devAddr": "30014AE9",
        "time": "2018-11-26 14:22:07",
        "payload": "rxUVFg7BJgY=",
        "sf": 7,
        "gwEui": "7276FF003903097D",
        "gwName": "D60",
        "gwRssi": -29,
        "devUplinkCounter": 21
      }
    ]
  },
  {
    "Floor": "D",
    "Number": 127,
    "UL1": 1558,
    "UL2": 0,
    "Time": "11/26/2018 2:25:41 PM",
    "Measures": []
  },
  {
    "Floor": "D",
    "Number": 128,
    "UL1": 1559,
    "UL2": 0,
    "Time": "11/26/2018 2:25:56 PM",
    "Measures": []
  },
  {
    "Floor": "D",
    "Number": 129,
    "UL1": 1560,
    "UL2": 0,
    "Time": "11/26/2018 2:26:16 PM",
    "Measures": [
      {
        "devEui": "0018B200000023E6",
        "devAddr": "30014AE9",
        "time": "2018-11-26 14:26:07",
        "payload": "rxYYGQ7AZQM=",
        "sf": 7,
        "gwEui": "7276FF003903094F",
        "gwName": "F07",
        "gwRssi": -108,
        "devUplinkCounter": 24
      },
      {
        "devEui": "0018B200000023E6",
        "devAddr": "30014AE9",
        "time": "2018-11-26 14:26:07",
        "payload": "rxYYGQ7AZQM=",
        "sf": 7,
        "gwEui": "7276FF0039030A01",
        "gwName": "Loge",
        "gwRssi": -107,
        "devUplinkCounter": 24
      },
      {
        "devEui": "0018B200000023E6",
        "devAddr": "30014AE9",
        "time": "2018-11-26 14:26:07",
        "payload": "rxYYGQ7AZQM=",
        "sf": 7,
        "gwEui": "7276FF003903097C",
        "gwName": "C22",
        "gwRssi": -106,
        "devUplinkCounter": 24
      },
      {
        "devEui": "0018B200000023E6",
        "devAddr": "30014AE9",
        "time": "2018-11-26 14:26:12",
        "payload": "rxYYGQ7AZQM=",
        "sf": 7,
        "gwEui": "7276FF003903094F",
        "gwName": "F07",
        "gwRssi": -108,
        "devUplinkCounter": 24
      },
      {
        "devEui": "0018B200000023E6",
        "devAddr": "30014AE9",
        "time": "2018-11-26 14:26:12",
        "payload": "rxYYGQ7AZQM=",
        "sf": 7,
        "gwEui": "7276FF003903097C",
        "gwName": "C22",
        "gwRssi": -106,
        "devUplinkCounter": 24
      }
    ]
  },
  {
    "Floor": "D",
    "Number": 130,
    "UL1": 1562,
    "UL2": 0,
    "Time": "11/26/2018 2:26:43 PM",
    "Measures": [
      {
        "devEui": "0018B200000023E6",
        "devAddr": "30014AE9",
        "time": "2018-11-26 14:26:32",
        "payload": "rxYaGg7AZAM=",
        "sf": 7,
        "gwEui": "7276FF003903094F",
        "gwName": "F07",
        "gwRssi": -109,
        "devUplinkCounter": 26
      },
      {
        "devEui": "0018B200000023E6",
        "devAddr": "30014AE9",
        "time": "2018-11-26 14:26:32",
        "payload": "rxYaGg7AZAM=",
        "sf": 7,
        "gwEui": "7276FF0039030977",
        "gwName": "H06",
        "gwRssi": -105,
        "devUplinkCounter": 26
      },
      {
        "devEui": "0018B200000023E6",
        "devAddr": "30014AE9",
        "time": "2018-11-26 14:26:32",
        "payload": "rxYaGg7AZAM=",
        "sf": 7,
        "gwEui": "7276FF003903097C",
        "gwName": "C22",
        "gwRssi": -101,
        "devUplinkCounter": 26
      }
    ]
  },
  {
    "Floor": "D",
    "Number": 131,
    "UL1": 1563,
    "UL2": 0,
    "Time": "11/26/2018 2:27:06 PM",
    "Measures": [
      {
        "devEui": "0018B200000023E6",
        "devAddr": "30014AE9",
        "time": "2018-11-26 14:26:54",
        "payload": "rxUbGw7AXgY=",
        "sf": 7,
        "gwEui": "7276FF0039030A01",
        "gwName": "Loge",
        "gwRssi": -95,
        "devUplinkCounter": 27
      },
      {
        "devEui": "0018B200000023E6",
        "devAddr": "30014AE9",
        "time": "2018-11-26 14:26:54",
        "payload": "rxUbGw7AXgY=",
        "sf": 7,
        "gwEui": "7276FF003903097C",
        "gwName": "C22",
        "gwRssi": -99,
        "devUplinkCounter": 27
      },
      {
        "devEui": "0018B200000023E6",
        "devAddr": "30014AE9",
        "time": "2018-11-26 14:26:54",
        "payload": "rxUbGw7AXgY=",
        "sf": 7,
        "gwEui": "7276FF003903094F",
        "gwName": "F07",
        "gwRssi": -108,
        "devUplinkCounter": 27
      },
      {
        "devEui": "0018B200000023E6",
        "devAddr": "30014AE9",
        "time": "2018-11-26 14:26:54",
        "payload": "rxUbGw7AXgY=",
        "sf": 7,
        "gwEui": "7276FF0039030977",
        "gwName": "H06",
        "gwRssi": -110,
        "devUplinkCounter": 27
      },
      {
        "devEui": "0018B200000023E6",
        "devAddr": "30014AE9",
        "time": "2018-11-26 14:26:58",
        "payload": "rxUbGw7AXgY=",
        "sf": 7,
        "gwEui": "7276FF003903097C",
        "gwName": "C22",
        "gwRssi": -98,
        "devUplinkCounter": 27
      },
      {
        "devEui": "0018B200000023E6",
        "devAddr": "30014AE9",
        "time": "2018-11-26 14:26:58",
        "payload": "rxUbGw7AXgY=",
        "sf": 7,
        "gwEui": "7276FF003903094F",
        "gwName": "F07",
        "gwRssi": -106,
        "devUplinkCounter": 27
      },
      {
        "devEui": "0018B200000023E6",
        "devAddr": "30014AE9",
        "time": "2018-11-26 14:26:58",
        "payload": "rxUbGw7AXgY=",
        "sf": 7,
        "gwEui": "7276FF0039030A01",
        "gwName": "Loge",
        "gwRssi": -94,
        "devUplinkCounter": 27
      },
      {
        "devEui": "0018B200000023E6",
        "devAddr": "30014AE9",
        "time": "2018-11-26 14:27:04",
        "payload": "rxUbGw7AXgY=",
        "sf": 8,
        "gwEui": "7276FF0039030A01",
        "gwName": "Loge",
        "gwRssi": -105,
        "devUplinkCounter": 27
      },
      {
        "devEui": "0018B200000023E6",
        "devAddr": "30014AE9",
        "time": "2018-11-26 14:27:04",
        "payload": "rxUbGw7AXgY=",
        "sf": 8,
        "gwEui": "7276FF003903094F",
        "gwName": "F07",
        "gwRssi": -103,
        "devUplinkCounter": 27
      },
      {
        "devEui": "0018B200000023E6",
        "devAddr": "30014AE9",
        "time": "2018-11-26 14:27:04",
        "payload": "rxUbGw7AXgY=",
        "sf": 8,
        "gwEui": "7276FF0039030977",
        "gwName": "H06",
        "gwRssi": -111,
        "devUplinkCounter": 27
      },
      {
        "devEui": "0018B200000023E6",
        "devAddr": "30014AE9",
        "time": "2018-11-26 14:27:04",
        "payload": "rxUbGw7AXgY=",
        "sf": 8,
        "gwEui": "7276FF003903097C",
        "gwName": "C22",
        "gwRssi": -101,
        "devUplinkCounter": 27
      }
    ]
  },
  {
    "Floor": "D",
    "Number": 132,
    "UL1": 1566,
    "UL2": 0,
    "Time": "11/26/2018 2:27:26 PM",
    "Measures": [
      {
        "devEui": "0018B200000023E6",
        "devAddr": "30014AE9",
        "time": "2018-11-26 14:27:21",
        "payload": "rxYeHA7AWwQ=",
        "sf": 7,
        "gwEui": "7276FF003903097C",
        "gwName": "C22",
        "gwRssi": -101,
        "devUplinkCounter": 30
      },
      {
        "devEui": "0018B200000023E6",
        "devAddr": "30014AE9",
        "time": "2018-11-26 14:27:21",
        "payload": "rxYeHA7AWwQ=",
        "sf": 7,
        "gwEui": "7276FF003903094F",
        "gwName": "F07",
        "gwRssi": -100,
        "devUplinkCounter": 30
      },
      {
        "devEui": "0018B200000023E6",
        "devAddr": "30014AE9",
        "time": "2018-11-26 14:27:21",
        "payload": "rxYeHA7AWwQ=",
        "sf": 7,
        "gwEui": "7276FF0039030977",
        "gwName": "H06",
        "gwRssi": -102,
        "devUplinkCounter": 30
      }
    ]
  },
  {
    "Floor": "D",
    "Number": 133,
    "UL1": 1567,
    "UL2": 0,
    "Time": "11/26/2018 2:27:41 PM",
    "Measures": [
      {
        "devEui": "0018B200000023E6",
        "devAddr": "30014AE9",
        "time": "2018-11-26 14:27:36",
        "payload": "rxYfHQ7BYQE=",
        "sf": 7,
        "gwEui": "7276FF003903097C",
        "gwName": "C22",
        "gwRssi": -86,
        "devUplinkCounter": 31
      },
      {
        "devEui": "0018B200000023E6",
        "devAddr": "30014AE9",
        "time": "2018-11-26 14:27:36",
        "payload": "rxYfHQ7BYQE=",
        "sf": 7,
        "gwEui": "7276FF0039030977",
        "gwName": "H06",
        "gwRssi": -104,
        "devUplinkCounter": 31
      },
      {
        "devEui": "0018B200000023E6",
        "devAddr": "30014AE9",
        "time": "2018-11-26 14:27:36",
        "payload": "rxYfHQ7BYQE=",
        "sf": 7,
        "gwEui": "7276FF003903094F",
        "gwName": "F07",
        "gwRssi": -105,
        "devUplinkCounter": 31
      },
      {
        "devEui": "0018B200000023E6",
        "devAddr": "30014AE9",
        "time": "2018-11-26 14:27:36",
        "payload": "rxYfHQ7BYQE=",
        "sf": 7,
        "gwEui": "7276FF003903097D",
        "gwName": "D60",
        "gwRssi": -113,
        "devUplinkCounter": 31
      }
    ]
  },
  {
    "Floor": "D",
    "Number": 134,
    "UL1": 1568,
    "UL2": 0,
    "Time": "11/26/2018 2:27:56 PM",
    "Measures": [
      {
        "devEui": "0018B200000023E6",
        "devAddr": "30014AE9",
        "time": "2018-11-26 14:27:49",
        "payload": "rxUgHg7ATgU=",
        "sf": 7,
        "gwEui": "7276FF003903094F",
        "gwName": "F07",
        "gwRssi": -85,
        "devUplinkCounter": 32
      },
      {
        "devEui": "0018B200000023E6",
        "devAddr": "30014AE9",
        "time": "2018-11-26 14:27:49",
        "payload": "rxUgHg7ATgU=",
        "sf": 7,
        "gwEui": "7276FF003903097C",
        "gwName": "C22",
        "gwRssi": -90,
        "devUplinkCounter": 32
      },
      {
        "devEui": "0018B200000023E6",
        "devAddr": "30014AE9",
        "time": "2018-11-26 14:27:49",
        "payload": "rxUgHg7ATgU=",
        "sf": 7,
        "gwEui": "7276FF0039030977",
        "gwName": "H06",
        "gwRssi": -100,
        "devUplinkCounter": 32
      },
      {
        "devEui": "0018B200000023E6",
        "devAddr": "30014AE9",
        "time": "2018-11-26 14:27:49",
        "payload": "rxUgHg7ATgU=",
        "sf": 7,
        "gwEui": "7276FF003903097D",
        "gwName": "D60",
        "gwRssi": -108,
        "devUplinkCounter": 32
      },
      {
        "devEui": "0018B200000023E6",
        "devAddr": "30014AE9",
        "time": "2018-11-26 14:27:54",
        "payload": "rxUgHg7ATgU=",
        "sf": 7,
        "gwEui": "7276FF003903094F",
        "gwName": "F07",
        "gwRssi": -89,
        "devUplinkCounter": 32
      },
      {
        "devEui": "0018B200000023E6",
        "devAddr": "30014AE9",
        "time": "2018-11-26 14:27:54",
        "payload": "rxUgHg7ATgU=",
        "sf": 7,
        "gwEui": "7276FF0039030977",
        "gwName": "H06",
        "gwRssi": -104,
        "devUplinkCounter": 32
      },
      {
        "devEui": "0018B200000023E6",
        "devAddr": "30014AE9",
        "time": "2018-11-26 14:27:54",
        "payload": "rxUgHg7ATgU=",
        "sf": 7,
        "gwEui": "7276FF003903097C",
        "gwName": "C22",
        "gwRssi": -88,
        "devUplinkCounter": 32
      },
      {
        "devEui": "0018B200000023E6",
        "devAddr": "30014AE9",
        "time": "2018-11-26 14:27:54",
        "payload": "rxUgHg7ATgU=",
        "sf": 7,
        "gwEui": "7276FF003903097D",
        "gwName": "D60",
        "gwRssi": -111,
        "devUplinkCounter": 32
      }
    ]
  },
  {
    "Floor": "D",
    "Number": 135,
    "UL1": 1570,
    "UL2": 0,
    "Time": "11/26/2018 2:28:30 PM",
    "Measures": [
      {
        "devEui": "0018B200000023E6",
        "devAddr": "30014AE9",
        "time": "2018-11-26 14:28:22",
        "payload": "rxYiHw7AUQc=",
        "sf": 7,
        "gwEui": "7276FF003903094F",
        "gwName": "F07",
        "gwRssi": -103,
        "devUplinkCounter": 34
      },
      {
        "devEui": "0018B200000023E6",
        "devAddr": "30014AE9",
        "time": "2018-11-26 14:28:22",
        "payload": "rxYiHw7AUQc=",
        "sf": 7,
        "gwEui": "7276FF003903097C",
        "gwName": "C22",
        "gwRssi": -82,
        "devUplinkCounter": 34
      }
    ]
  }
]