﻿[
  {
    "Floor": "J",
    "Number": 1,
    "UL1": 1707,
    "UL2": 126,
    "Time": "11/27/2018 3:38:59 PM",
    "Measures": [
      {
        "devEui": "0018B200000023D8",
        "devAddr": "30014ACC",
        "time": "2018-11-27 15:38:56",
        "payload": "rxl+axBNMAc=",
        "sf": 12,
        "gwEui": "7276FF0039030A01",
        "gwName": "Loge",
        "gwRssi": -82,
        "devUplinkCounter": 126
      },
      {
        "devEui": "0018B200000023D8",
        "devAddr": "30014ACC",
        "time": "2018-11-27 15:38:56",
        "payload": "rxl+axBNMAc=",
        "sf": 12,
        "gwEui": "7276FF003903094E",
        "gwName": "K01a",
        "gwRssi": -77,
        "devUplinkCounter": 126
      }
    ]
  },
  {
    "Floor": "J",
    "Number": 2,
    "UL1": 1708,
    "UL2": 127,
    "Time": "11/27/2018 3:39:13 PM",
    "Measures": [
      {
        "devEui": "0018B200000023D8",
        "devAddr": "30014ACC",
        "time": "2018-11-27 15:39:12",
        "payload": "rxl/bBBJSgg=",
        "sf": 12,
        "gwEui": "7276FF0039030A01",
        "gwName": "Loge",
        "gwRssi": -88,
        "devUplinkCounter": 127
      },
      {
        "devEui": "0018B200000023D8",
        "devAddr": "30014ACC",
        "time": "2018-11-27 15:39:12",
        "payload": "rxl/bBBJSgg=",
        "sf": 12,
        "gwEui": "7276FF003903094E",
        "gwName": "K01a",
        "gwRssi": -79,
        "devUplinkCounter": 127
      },
      {
        "devEui": "0018B200000023D8",
        "devAddr": "30014ACC",
        "time": "2018-11-27 15:39:12",
        "payload": "rxl/bBBJSgg=",
        "sf": 12,
        "gwEui": "7276FF0039030977",
        "gwName": "H06",
        "gwRssi": -71,
        "devUplinkCounter": 127
      }
    ]
  },
  {
    "Floor": "J",
    "Number": 3,
    "UL1": 1709,
    "UL2": 128,
    "Time": "11/27/2018 3:39:26 PM",
    "Measures": [
      {
        "devEui": "0018B200000023D8",
        "devAddr": "30014ACC",
        "time": "2018-11-27 15:39:26",
        "payload": "rxmAbRBLRQc=",
        "sf": 12,
        "gwEui": "7276FF0039030977",
        "gwName": "H06",
        "gwRssi": -71,
        "devUplinkCounter": 128
      }
    ]
  },
  {
    "Floor": "J",
    "Number": 44,
    "UL1": 1710,
    "UL2": 129,
    "Time": "11/27/2018 3:43:18 PM",
    "Measures": [
      {
        "devEui": "0018B200000023D8",
        "devAddr": "30014ACC",
        "time": "2018-11-27 15:42:58",
        "payload": "rxqBbhBJQQY=",
        "sf": 12,
        "gwEui": "7276FF0039030977",
        "gwName": "H06",
        "gwRssi": -66,
        "devUplinkCounter": 129
      },
      {
        "devEui": "0018B200000023D8",
        "devAddr": "30014ACC",
        "time": "2018-11-27 15:42:58",
        "payload": "rxqBbhBJQQY=",
        "sf": 12,
        "gwEui": "7276FF003903094F",
        "gwName": "F07",
        "gwRssi": -74,
        "devUplinkCounter": 129
      },
      {
        "devEui": "0018B200000023D8",
        "devAddr": "30014ACC",
        "time": "2018-11-27 15:42:58",
        "payload": "rxqBbhBJQQY=",
        "sf": 12,
        "gwEui": "7276FF0039030A01",
        "gwName": "Loge",
        "gwRssi": -85,
        "devUplinkCounter": 129
      },
      {
        "devEui": "0018B200000023D8",
        "devAddr": "30014ACC",
        "time": "2018-11-27 15:42:58",
        "payload": "rxqBbhBJQQY=",
        "sf": 12,
        "gwEui": "7276FF003903094E",
        "gwName": "K01a",
        "gwRssi": -84,
        "devUplinkCounter": 129
      }
    ]
  },
  {
    "Floor": "J",
    "Number": 45,
    "UL1": 1711,
    "UL2": 130,
    "Time": "11/27/2018 3:43:19 PM",
    "Measures": [
      {
        "devEui": "0018B200000023D8",
        "devAddr": "30014ACC",
        "time": "2018-11-27 15:43:07",
        "payload": "rxqCbxBKPgY=",
        "sf": 12,
        "gwEui": "7276FF003903094E",
        "gwName": "K01a",
        "gwRssi": -83,
        "devUplinkCounter": 130
      },
      {
        "devEui": "0018B200000023D8",
        "devAddr": "30014ACC",
        "time": "2018-11-27 15:43:07",
        "payload": "rxqCbxBKPgY=",
        "sf": 12,
        "gwEui": "7276FF0039030977",
        "gwName": "H06",
        "gwRssi": -52,
        "devUplinkCounter": 130
      },
      {
        "devEui": "0018B200000023D8",
        "devAddr": "30014ACC",
        "time": "2018-11-27 15:43:07",
        "payload": "rxqCbxBKPgY=",
        "sf": 12,
        "gwEui": "7276FF003903094F",
        "gwName": "F07",
        "gwRssi": -72,
        "devUplinkCounter": 130
      },
      {
        "devEui": "0018B200000023D8",
        "devAddr": "30014ACC",
        "time": "2018-11-27 15:43:07",
        "payload": "rxqCbxBKPgY=",
        "sf": 12,
        "gwEui": "7276FF0039030A01",
        "gwName": "Loge",
        "gwRssi": -75,
        "devUplinkCounter": 130
      }
    ]
  },
  {
    "Floor": "J",
    "Number": 46,
    "UL1": 1712,
    "UL2": 131,
    "Time": "11/27/2018 3:43:44 PM",
    "Measures": [
      {
        "devEui": "0018B200000023D8",
        "devAddr": "30014ACC",
        "time": "2018-11-27 15:43:32",
        "payload": "rxqDcBBILQc=",
        "sf": 12,
        "gwEui": "7276FF003903094E",
        "gwName": "K01a",
        "gwRssi": -74,
        "devUplinkCounter": 131
      },
      {
        "devEui": "0018B200000023D8",
        "devAddr": "30014ACC",
        "time": "2018-11-27 15:43:32",
        "payload": "rxqDcBBILQc=",
        "sf": 12,
        "gwEui": "7276FF0039030977",
        "gwName": "H06",
        "gwRssi": -53,
        "devUplinkCounter": 131
      },
      {
        "devEui": "0018B200000023D8",
        "devAddr": "30014ACC",
        "time": "2018-11-27 15:43:32",
        "payload": "rxqDcBBILQc=",
        "sf": 12,
        "gwEui": "7276FF0039030A01",
        "gwName": "Loge",
        "gwRssi": -86,
        "devUplinkCounter": 131
      },
      {
        "devEui": "0018B200000023D8",
        "devAddr": "30014ACC",
        "time": "2018-11-27 15:43:32",
        "payload": "rxqDcBBILQc=",
        "sf": 12,
        "gwEui": "7276FF003903094F",
        "gwName": "F07",
        "gwRssi": -79,
        "devUplinkCounter": 131
      }
    ]
  },
  {
    "Floor": "J",
    "Number": 47,
    "UL1": 1713,
    "UL2": 132,
    "Time": "11/27/2018 3:44:28 PM",
    "Measures": [
      {
        "devEui": "0018B200000023D8",
        "devAddr": "30014ACC",
        "time": "2018-11-27 15:44:02",
        "payload": "rxqEcRBIOAY=",
        "sf": 12,
        "gwEui": "7276FF003903094F",
        "gwName": "F07",
        "gwRssi": -86,
        "devUplinkCounter": 132
      },
      {
        "devEui": "0018B200000023D8",
        "devAddr": "30014ACC",
        "time": "2018-11-27 15:44:02",
        "payload": "rxqEcRBIOAY=",
        "sf": 12,
        "gwEui": "7276FF0039030977",
        "gwName": "H06",
        "gwRssi": -65,
        "devUplinkCounter": 132
      },
      {
        "devEui": "0018B200000023D8",
        "devAddr": "30014ACC",
        "time": "2018-11-27 15:44:02",
        "payload": "rxqEcRBIOAY=",
        "sf": 12,
        "gwEui": "7276FF003903094E",
        "gwName": "K01a",
        "gwRssi": -90,
        "devUplinkCounter": 132
      }
    ]
  },
  {
    "Floor": "J",
    "Number": 48,
    "UL1": 1714,
    "UL2": 133,
    "Time": "11/27/2018 3:44:29 PM",
    "Measures": [
      {
        "devEui": "0018B200000023D8",
        "devAddr": "30014ACC",
        "time": "2018-11-27 15:42:54",
        "payload": "rxqFchBHOwY=",
        "sf": 12,
        "gwEui": "7276FF0039030977",
        "gwName": "H06",
        "gwRssi": -57,
        "devUplinkCounter": 133
      },
      {
        "devEui": "0018B200000023D8",
        "devAddr": "30014ACC",
        "time": "2018-11-27 15:42:54",
        "payload": "rxqFchBHOwY=",
        "sf": 12,
        "gwEui": "7276FF003903094E",
        "gwName": "K01a",
        "gwRssi": -88,
        "devUplinkCounter": 133
      },
      {
        "devEui": "0018B200000023D8",
        "devAddr": "30014ACC",
        "time": "2018-11-27 15:42:54",
        "payload": "rxqFchBHOwY=",
        "sf": 12,
        "gwEui": "7276FF003903094F",
        "gwName": "F07",
        "gwRssi": -83,
        "devUplinkCounter": 133
      }
    ]
  },
  {
    "Floor": "J",
    "Number": 49,
    "UL1": 1715,
    "UL2": 134,
    "Time": "11/27/2018 3:45:02 PM",
    "Measures": [
      {
        "devEui": "0018B200000023D8",
        "devAddr": "30014ACC",
        "time": "2018-11-27 15:44:47",
        "payload": "rxqGcxBGNAY=",
        "sf": 12,
        "gwEui": "7276FF003903094F",
        "gwName": "F07",
        "gwRssi": -75,
        "devUplinkCounter": 134
      },
      {
        "devEui": "0018B200000023D8",
        "devAddr": "30014ACC",
        "time": "2018-11-27 15:44:47",
        "payload": "rxqGcxBGNAY=",
        "sf": 12,
        "gwEui": "7276FF0039030A01",
        "gwName": "Loge",
        "gwRssi": -77,
        "devUplinkCounter": 134
      },
      {
        "devEui": "0018B200000023D8",
        "devAddr": "30014ACC",
        "time": "2018-11-27 15:44:47",
        "payload": "rxqGcxBGNAY=",
        "sf": 12,
        "gwEui": "7276FF0039030977",
        "gwName": "H06",
        "gwRssi": -52,
        "devUplinkCounter": 134
      },
      {
        "devEui": "0018B200000023D8",
        "devAddr": "30014ACC",
        "time": "2018-11-27 15:44:47",
        "payload": "rxqGcxBGNAY=",
        "sf": 12,
        "gwEui": "7276FF003903094E",
        "gwName": "K01a",
        "gwRssi": -82,
        "devUplinkCounter": 134
      }
    ]
  },
  {
    "Floor": "J",
    "Number": 50,
    "UL1": 1716,
    "UL2": 135,
    "Time": "11/27/2018 3:45:18 PM",
    "Measures": [
      {
        "devEui": "0018B200000023D8",
        "devAddr": "30014ACC",
        "time": "2018-11-27 15:45:10",
        "payload": "rxqHdBBGMgY=",
        "sf": 12,
        "gwEui": "7276FF003903094E",
        "gwName": "K01a",
        "gwRssi": -77,
        "devUplinkCounter": 135
      },
      {
        "devEui": "0018B200000023D8",
        "devAddr": "30014ACC",
        "time": "2018-11-27 15:45:10",
        "payload": "rxqHdBBGMgY=",
        "sf": 12,
        "gwEui": "7276FF0039030977",
        "gwName": "H06",
        "gwRssi": -45,
        "devUplinkCounter": 135
      },
      {
        "devEui": "0018B200000023D8",
        "devAddr": "30014ACC",
        "time": "2018-11-27 15:45:10",
        "payload": "rxqHdBBGMgY=",
        "sf": 12,
        "gwEui": "7276FF003903094F",
        "gwName": "F07",
        "gwRssi": -70,
        "devUplinkCounter": 135
      }
    ]
  },
  {
    "Floor": "J",
    "Number": 51,
    "UL1": 1717,
    "UL2": 136,
    "Time": "11/27/2018 3:46:29 PM",
    "Measures": [
      {
        "devEui": "0018B200000023D8",
        "devAddr": "30014ACC",
        "time": "2018-11-27 15:44:24",
        "payload": "rxqIdRBGKgY=",
        "sf": 12,
        "gwEui": "7276FF0039030A01",
        "gwName": "Loge",
        "gwRssi": -81,
        "devUplinkCounter": 136
      },
      {
        "devEui": "0018B200000023D8",
        "devAddr": "30014ACC",
        "time": "2018-11-27 15:44:24",
        "payload": "rxqIdRBGKgY=",
        "sf": 12,
        "gwEui": "7276FF0039030977",
        "gwName": "H06",
        "gwRssi": -83,
        "devUplinkCounter": 136
      },
      {
        "devEui": "0018B200000023D8",
        "devAddr": "30014ACC",
        "time": "2018-11-27 15:44:24",
        "payload": "rxqIdRBGKgY=",
        "sf": 12,
        "gwEui": "7276FF00390309F5",
        "gwName": "A02b",
        "gwRssi": -118,
        "devUplinkCounter": 136
      },
      {
        "devEui": "0018B200000023D8",
        "devAddr": "30014ACC",
        "time": "2018-11-27 15:44:24",
        "payload": "rxqIdRBGKgY=",
        "sf": 12,
        "gwEui": "7276FF003903097C",
        "gwName": "C22",
        "gwRssi": -111,
        "devUplinkCounter": 136
      },
      {
        "devEui": "0018B200000023D8",
        "devAddr": "30014ACC",
        "time": "2018-11-27 15:44:24",
        "payload": "rxqIdRBGKgY=",
        "sf": 12,
        "gwEui": "7276FF003903094F",
        "gwName": "F07",
        "gwRssi": -101,
        "devUplinkCounter": 136
      },
      {
        "devEui": "0018B200000023D8",
        "devAddr": "30014ACC",
        "time": "2018-11-27 15:44:24",
        "payload": "rxqIdRBGKgY=",
        "sf": 12,
        "gwEui": "7276FF003903094E",
        "gwName": "K01a",
        "gwRssi": -84,
        "devUplinkCounter": 136
      },
      {
        "devEui": "0018B200000023D8",
        "devAddr": "30014ACC",
        "time": "2018-11-27 15:46:24",
        "payload": "rxqIdRBGKgY=",
        "sf": 12,
        "gwEui": "7276FF003903094E",
        "gwName": "K01a",
        "gwRssi": -83,
        "devUplinkCounter": 136
      },
      {
        "devEui": "0018B200000023D8",
        "devAddr": "30014ACC",
        "time": "2018-11-27 15:46:24",
        "payload": "rxqIdRBGKgY=",
        "sf": 12,
        "gwEui": "7276FF0039030A01",
        "gwName": "Loge",
        "gwRssi": -87,
        "devUplinkCounter": 136
      },
      {
        "devEui": "0018B200000023D8",
        "devAddr": "30014ACC",
        "time": "2018-11-27 15:46:24",
        "payload": "rxqIdRBGKgY=",
        "sf": 12,
        "gwEui": "7276FF003903094F",
        "gwName": "F07",
        "gwRssi": -99,
        "devUplinkCounter": 136
      }
    ]
  },
  {
    "Floor": "J",
    "Number": 52,
    "UL1": 1718,
    "UL2": 138,
    "Time": "11/27/2018 3:46:59 PM",
    "Measures": [
      {
        "devEui": "0018B200000023D8",
        "devAddr": "30014ACC",
        "time": "2018-11-27 15:46:48",
        "payload": "rxqKdhBHTAU=",
        "sf": 12,
        "gwEui": "7276FF003903094F",
        "gwName": "F07",
        "gwRssi": -79,
        "devUplinkCounter": 138
      },
      {
        "devEui": "0018B200000023D8",
        "devAddr": "30014ACC",
        "time": "2018-11-27 15:46:48",
        "payload": "rxqKdhBHTAU=",
        "sf": 12,
        "gwEui": "7276FF0039030977",
        "gwName": "H06",
        "gwRssi": -71,
        "devUplinkCounter": 138
      },
      {
        "devEui": "0018B200000023D8",
        "devAddr": "30014ACC",
        "time": "2018-11-27 15:46:48",
        "payload": "rxqKdhBHTAU=",
        "sf": 12,
        "gwEui": "7276FF003903094E",
        "gwName": "K01a",
        "gwRssi": -75,
        "devUplinkCounter": 138
      }
    ]
  },
  {
    "Floor": "J",
    "Number": 53,
    "UL1": 1719,
    "UL2": 139,
    "Time": "11/27/2018 3:47:16 PM",
    "Measures": [
      {
        "devEui": "0018B200000023D8",
        "devAddr": "30014ACC",
        "time": "2018-11-27 15:47:15",
        "payload": "rxqLdxBEPgY=",
        "sf": 12,
        "gwEui": "7276FF003903094F",
        "gwName": "F07",
        "gwRssi": -94,
        "devUplinkCounter": 139
      },
      {
        "devEui": "0018B200000023D8",
        "devAddr": "30014ACC",
        "time": "2018-11-27 15:47:15",
        "payload": "rxqLdxBEPgY=",
        "sf": 12,
        "gwEui": "7276FF0039030977",
        "gwName": "H06",
        "gwRssi": -56,
        "devUplinkCounter": 139
      },
      {
        "devEui": "0018B200000023D8",
        "devAddr": "30014ACC",
        "time": "2018-11-27 15:47:15",
        "payload": "rxqLdxBEPgY=",
        "sf": 12,
        "gwEui": "7276FF003903094E",
        "gwName": "K01a",
        "gwRssi": -88,
        "devUplinkCounter": 139
      }
    ]
  },
  {
    "Floor": "J",
    "Number": 54,
    "UL1": 1720,
    "UL2": 140,
    "Time": "11/27/2018 3:47:52 PM",
    "Measures": [
      {
        "devEui": "0018B200000023D8",
        "devAddr": "30014ACC",
        "time": "2018-11-27 15:47:51",
        "payload": "rxqMeBBGNAU=",
        "sf": 12,
        "gwEui": "7276FF003903094F",
        "gwName": "F07",
        "gwRssi": -97,
        "devUplinkCounter": 140
      },
      {
        "devEui": "0018B200000023D8",
        "devAddr": "30014ACC",
        "time": "2018-11-27 15:47:51",
        "payload": "rxqMeBBGNAU=",
        "sf": 12,
        "gwEui": "7276FF003903094E",
        "gwName": "K01a",
        "gwRssi": -69,
        "devUplinkCounter": 140
      }
    ]
  },
  {
    "Floor": "J",
    "Number": 55,
    "UL1": 1721,
    "UL2": 141,
    "Time": "11/27/2018 3:48:08 PM",
    "Measures": [
      {
        "devEui": "0018B200000023D8",
        "devAddr": "30014ACC",
        "time": "2018-11-27 15:48:10",
        "payload": "rxqNeRBETAY=",
        "sf": 12,
        "gwEui": "7276FF0039030977",
        "gwName": "H06",
        "gwRssi": -74,
        "devUplinkCounter": 141
      },
      {
        "devEui": "0018B200000023D8",
        "devAddr": "30014ACC",
        "time": "2018-11-27 15:48:10",
        "payload": "rxqNeRBETAY=",
        "sf": 12,
        "gwEui": "7276FF003903094F",
        "gwName": "F07",
        "gwRssi": -87,
        "devUplinkCounter": 141
      }
    ]
  },
  {
    "Floor": "J",
    "Number": 56,
    "UL1": 1722,
    "UL2": 142,
    "Time": "11/27/2018 3:48:09 PM",
    "Measures": [
      {
        "devEui": "0018B200000023D8",
        "devAddr": "30014ACC",
        "time": "2018-11-27 15:48:39",
        "payload": "rxqOehBFQwY=",
        "sf": 12,
        "gwEui": "7276FF0039030977",
        "gwName": "H06",
        "gwRssi": -83,
        "devUplinkCounter": 142
      },
      {
        "devEui": "0018B200000023D8",
        "devAddr": "30014ACC",
        "time": "2018-11-27 15:48:39",
        "payload": "rxqOehBFQwY=",
        "sf": 12,
        "gwEui": "7276FF003903094F",
        "gwName": "F07",
        "gwRssi": -83,
        "devUplinkCounter": 142
      },
      {
        "devEui": "0018B200000023D8",
        "devAddr": "30014ACC",
        "time": "2018-11-27 15:48:39",
        "payload": "rxqOehBFQwY=",
        "sf": 12,
        "gwEui": "7276FF003903094E",
        "gwName": "K01a",
        "gwRssi": -71,
        "devUplinkCounter": 142
      }
    ]
  },
  {
    "Floor": "J",
    "Number": 57,
    "UL1": 1723,
    "UL2": 143,
    "Time": "11/27/2018 3:48:48 PM",
    "Measures": [
      {
        "devEui": "0018B200000023D8",
        "devAddr": "30014ACC",
        "time": "2018-11-27 15:49:12",
        "payload": "rxqPexBFRgY=",
        "sf": 12,
        "gwEui": "7276FF003903094E",
        "gwName": "K01a",
        "gwRssi": -59,
        "devUplinkCounter": 143
      },
      {
        "devEui": "0018B200000023D8",
        "devAddr": "30014ACC",
        "time": "2018-11-27 15:49:12",
        "payload": "rxqPexBFRgY=",
        "sf": 12,
        "gwEui": "7276FF0039030A01",
        "gwName": "Loge",
        "gwRssi": -82,
        "devUplinkCounter": 143
      },
      {
        "devEui": "0018B200000023D8",
        "devAddr": "30014ACC",
        "time": "2018-11-27 15:49:12",
        "payload": "rxqPexBFRgY=",
        "sf": 12,
        "gwEui": "7276FF003903097D",
        "gwName": "D60",
        "gwRssi": -110,
        "devUplinkCounter": 143
      },
      {
        "devEui": "0018B200000023D8",
        "devAddr": "30014ACC",
        "time": "2018-11-27 15:49:12",
        "payload": "rxqPexBFRgY=",
        "sf": 12,
        "gwEui": "7276FF0039030977",
        "gwName": "H06",
        "gwRssi": -75,
        "devUplinkCounter": 143
      }
    ]
  },
  {
    "Floor": "J",
    "Number": 58,
    "UL1": 1724,
    "UL2": 144,
    "Time": "11/27/2018 3:49:18 PM",
    "Measures": [
      {
        "devEui": "0018B200000023D8",
        "devAddr": "30014ACC",
        "time": "2018-11-27 15:49:44",
        "payload": "rxqQfBBGNwY=",
        "sf": 12,
        "gwEui": "7276FF003903094F",
        "gwName": "F07",
        "gwRssi": -91,
        "devUplinkCounter": 144
      },
      {
        "devEui": "0018B200000023D8",
        "devAddr": "30014ACC",
        "time": "2018-11-27 15:49:44",
        "payload": "rxqQfBBGNwY=",
        "sf": 12,
        "gwEui": "7276FF0039030A01",
        "gwName": "Loge",
        "gwRssi": -98,
        "devUplinkCounter": 144
      },
      {
        "devEui": "0018B200000023D8",
        "devAddr": "30014ACC",
        "time": "2018-11-27 15:49:44",
        "payload": "rxqQfBBGNwY=",
        "sf": 12,
        "gwEui": "7276FF003903094E",
        "gwName": "K01a",
        "gwRssi": -66,
        "devUplinkCounter": 144
      },
      {
        "devEui": "0018B200000023D8",
        "devAddr": "30014ACC",
        "time": "2018-11-27 15:49:44",
        "payload": "rxqQfBBGNwY=",
        "sf": 12,
        "gwEui": "7276FF0039030977",
        "gwName": "H06",
        "gwRssi": -75,
        "devUplinkCounter": 144
      },
      {
        "devEui": "0018B200000023D8",
        "devAddr": "30014ACC",
        "time": "2018-11-27 15:49:44",
        "payload": "rxqQfBBGNwY=",
        "sf": 12,
        "gwEui": "7276FF003903097D",
        "gwName": "D60",
        "gwRssi": -108,
        "devUplinkCounter": 144
      }
    ]
  },
  {
    "Floor": "J",
    "Number": 59,
    "UL1": 1725,
    "UL2": 145,
    "Time": "11/27/2018 3:50:26 PM",
    "Measures": [
      {
        "devEui": "0018B200000023D8",
        "devAddr": "30014ACC",
        "time": "2018-11-27 15:50:17",
        "payload": "rxqRfRBFNAY=",
        "sf": 12,
        "gwEui": "7276FF003903094E",
        "gwName": "K01a",
        "gwRssi": -44,
        "devUplinkCounter": 145
      },
      {
        "devEui": "0018B200000023D8",
        "devAddr": "30014ACC",
        "time": "2018-11-27 15:50:17",
        "payload": "rxqRfRBFNAY=",
        "sf": 12,
        "gwEui": "7276FF0039030A01",
        "gwName": "Loge",
        "gwRssi": -89,
        "devUplinkCounter": 145
      },
      {
        "devEui": "0018B200000023D8",
        "devAddr": "30014ACC",
        "time": "2018-11-27 15:50:17",
        "payload": "rxqRfRBFNAY=",
        "sf": 12,
        "gwEui": "7276FF003903094F",
        "gwName": "F07",
        "gwRssi": -91,
        "devUplinkCounter": 145
      },
      {
        "devEui": "0018B200000023D8",
        "devAddr": "30014ACC",
        "time": "2018-11-27 15:50:17",
        "payload": "rxqRfRBFNAY=",
        "sf": 12,
        "gwEui": "7276FF0039030977",
        "gwName": "H06",
        "gwRssi": -74,
        "devUplinkCounter": 145
      },
      {
        "devEui": "0018B200000023D8",
        "devAddr": "30014ACC",
        "time": "2018-11-27 15:50:17",
        "payload": "rxqRfRBFNAY=",
        "sf": 12,
        "gwEui": "7276FF003903097D",
        "gwName": "D60",
        "gwRssi": -110,
        "devUplinkCounter": 145
      }
    ]
  },
  {
    "Floor": "J",
    "Number": 60,
    "UL1": 1726,
    "UL2": 146,
    "Time": "11/27/2018 3:51:09 PM",
    "Measures": [
      {
        "devEui": "0018B200000023D8",
        "devAddr": "30014ACC",
        "time": "2018-11-27 15:50:41",
        "payload": "rxqSfhBEMAY=",
        "sf": 12,
        "gwEui": "7276FF003903094E",
        "gwName": "K01a",
        "gwRssi": -69,
        "devUplinkCounter": 146
      },
      {
        "devEui": "0018B200000023D8",
        "devAddr": "30014ACC",
        "time": "2018-11-27 15:50:41",
        "payload": "rxqSfhBEMAY=",
        "sf": 12,
        "gwEui": "7276FF0039030977",
        "gwName": "H06",
        "gwRssi": -95,
        "devUplinkCounter": 146
      }
    ]
  },
  {
    "Floor": "J",
    "Number": 61,
    "UL1": 1727,
    "UL2": 147,
    "Time": "11/27/2018 3:51:10 PM",
    "Measures": [
      {
        "devEui": "0018B200000023D8",
        "devAddr": "30014ACC",
        "time": "2018-11-27 15:50:50",
        "payload": "rxqTfxBDSAY=",
        "sf": 12,
        "gwEui": "7276FF0039030977",
        "gwName": "H06",
        "gwRssi": -93,
        "devUplinkCounter": 147
      },
      {
        "devEui": "0018B200000023D8",
        "devAddr": "30014ACC",
        "time": "2018-11-27 15:50:50",
        "payload": "rxqTfxBDSAY=",
        "sf": 12,
        "gwEui": "7276FF0039030A01",
        "gwName": "Loge",
        "gwRssi": -101,
        "devUplinkCounter": 147
      },
      {
        "devEui": "0018B200000023D8",
        "devAddr": "30014ACC",
        "time": "2018-11-27 15:50:50",
        "payload": "rxqTfxBDSAY=",
        "sf": 12,
        "gwEui": "7276FF003903094F",
        "gwName": "F07",
        "gwRssi": -92,
        "devUplinkCounter": 147
      },
      {
        "devEui": "0018B200000023D8",
        "devAddr": "30014ACC",
        "time": "2018-11-27 15:50:50",
        "payload": "rxqTfxBDSAY=",
        "sf": 12,
        "gwEui": "7276FF003903094E",
        "gwName": "K01a",
        "gwRssi": -87,
        "devUplinkCounter": 147
      }
    ]
  }
]