﻿[
  {
    "Floor": "H",
    "Number": 1,
    "UL1": 1678,
    "UL2": 95,
    "Time": "11/27/2018 3:11:15 PM",
    "Measures": [
      {
        "devEui": "0018B200000023E6",
        "devAddr": "30014AE9",
        "time": "2018-11-27 15:11:02",
        "payload": "rxeOag/PMQc=",
        "sf": 7,
        "gwEui": "7276FF0039030977",
        "gwName": "H06",
        "gwRssi": -72,
        "devUplinkCounter": 142
      },
      {
        "devEui": "0018B200000023E6",
        "devAddr": "30014AE9",
        "time": "2018-11-27 15:11:02",
        "payload": "rxeOag/PMQc=",
        "sf": 7,
        "gwEui": "7276FF003903094E",
        "gwName": "K01a",
        "gwRssi": -96,
        "devUplinkCounter": 142
      },
      {
        "devEui": "0018B200000023E6",
        "devAddr": "30014AE9",
        "time": "2018-11-27 15:11:02",
        "payload": "rxeOag/PMQc=",
        "sf": 7,
        "gwEui": "7276FF003903094F",
        "gwName": "F07",
        "gwRssi": -75,
        "devUplinkCounter": 142
      },
      {
        "devEui": "0018B200000023E6",
        "devAddr": "30014AE9",
        "time": "2018-11-27 15:11:07",
        "payload": "rxeOag/PMQc=",
        "sf": 7,
        "gwEui": "7276FF0039030977",
        "gwName": "H06",
        "gwRssi": -75,
        "devUplinkCounter": 142
      },
      {
        "devEui": "0018B200000023E6",
        "devAddr": "30014AE9",
        "time": "2018-11-27 15:11:07",
        "payload": "rxeOag/PMQc=",
        "sf": 7,
        "gwEui": "7276FF003903094E",
        "gwName": "K01a",
        "gwRssi": -95,
        "devUplinkCounter": 142
      },
      {
        "devEui": "0018B200000023E6",
        "devAddr": "30014AE9",
        "time": "2018-11-27 15:11:07",
        "payload": "rxeOag/PMQc=",
        "sf": 7,
        "gwEui": "7276FF003903094F",
        "gwName": "F07",
        "gwRssi": -82,
        "devUplinkCounter": 142
      }
    ]
  },
  {
    "Floor": "H",
    "Number": 2,
    "UL1": 1680,
    "UL2": 96,
    "Time": "11/27/2018 3:11:44 PM",
    "Measures": [
      {
        "devEui": "0018B200000023E6",
        "devAddr": "30014AE9",
        "time": "2018-11-27 15:11:39",
        "payload": "rxeQaw/NRAc=",
        "sf": 7,
        "gwEui": "7276FF003903094F",
        "gwName": "F07",
        "gwRssi": -75,
        "devUplinkCounter": 144
      },
      {
        "devEui": "0018B200000023E6",
        "devAddr": "30014AE9",
        "time": "2018-11-27 15:11:39",
        "payload": "rxeQaw/NRAc=",
        "sf": 7,
        "gwEui": "7276FF0039030977",
        "gwName": "H06",
        "gwRssi": -68,
        "devUplinkCounter": 144
      },
      {
        "devEui": "0018B200000023E6",
        "devAddr": "30014AE9",
        "time": "2018-11-27 15:11:39",
        "payload": "rxeQaw/NRAc=",
        "sf": 7,
        "gwEui": "7276FF0039030A01",
        "gwName": "Loge",
        "gwRssi": -86,
        "devUplinkCounter": 144
      },
      {
        "devEui": "0018B200000023E6",
        "devAddr": "30014AE9",
        "time": "2018-11-27 15:11:39",
        "payload": "rxeQaw/NRAc=",
        "sf": 7,
        "gwEui": "7276FF003903094E",
        "gwName": "K01a",
        "gwRssi": -84,
        "devUplinkCounter": 144
      },
      {
        "devEui": "0018B200000023E6",
        "devAddr": "30014AE9",
        "time": "2018-11-27 15:11:43",
        "payload": "rxeQaw/NRAc=",
        "sf": 7,
        "gwEui": "7276FF003903094F",
        "gwName": "F07",
        "gwRssi": -78,
        "devUplinkCounter": 144
      },
      {
        "devEui": "0018B200000023E6",
        "devAddr": "30014AE9",
        "time": "2018-11-27 15:11:43",
        "payload": "rxeQaw/NRAc=",
        "sf": 7,
        "gwEui": "7276FF0039030977",
        "gwName": "H06",
        "gwRssi": -76,
        "devUplinkCounter": 144
      },
      {
        "devEui": "0018B200000023E6",
        "devAddr": "30014AE9",
        "time": "2018-11-27 15:11:43",
        "payload": "rxeQaw/NRAc=",
        "sf": 7,
        "gwEui": "7276FF003903094E",
        "gwName": "K01a",
        "gwRssi": -94,
        "devUplinkCounter": 144
      }
    ]
  },
  {
    "Floor": "H",
    "Number": 3,
    "UL1": 1682,
    "UL2": 97,
    "Time": "11/27/2018 3:12:12 PM",
    "Measures": [
      {
        "devEui": "0018B200000023E6",
        "devAddr": "30014AE9",
        "time": "2018-11-27 15:12:03",
        "payload": "rxiSbA/PRAc=",
        "sf": 7,
        "gwEui": "7276FF003903094F",
        "gwName": "F07",
        "gwRssi": -71,
        "devUplinkCounter": 146
      },
      {
        "devEui": "0018B200000023E6",
        "devAddr": "30014AE9",
        "time": "2018-11-27 15:12:03",
        "payload": "rxiSbA/PRAc=",
        "sf": 7,
        "gwEui": "7276FF003903094E",
        "gwName": "K01a",
        "gwRssi": -74,
        "devUplinkCounter": 146
      },
      {
        "devEui": "0018B200000023E6",
        "devAddr": "30014AE9",
        "time": "2018-11-27 15:12:03",
        "payload": "rxiSbA/PRAc=",
        "sf": 7,
        "gwEui": "7276FF0039030977",
        "gwName": "H06",
        "gwRssi": -65,
        "devUplinkCounter": 146
      }
    ]
  },
  {
    "Floor": "H",
    "Number": 50,
    "UL1": 1683,
    "UL2": 98,
    "Time": "11/27/2018 3:23:04 PM",
    "Measures": [
      {
        "devEui": "0018B200000023E6",
        "devAddr": "30014AE9",
        "time": "2018-11-27 15:22:51",
        "payload": "rxaTbQ/LOwY=",
        "sf": 7,
        "gwEui": "7276FF0039030A01",
        "gwName": "Loge",
        "gwRssi": -62,
        "devUplinkCounter": 147
      },
      {
        "devEui": "0018B200000023E6",
        "devAddr": "30014AE9",
        "time": "2018-11-27 15:22:51",
        "payload": "rxaTbQ/LOwY=",
        "sf": 7,
        "gwEui": "7276FF0039030977",
        "gwName": "H06",
        "gwRssi": -59,
        "devUplinkCounter": 147
      },
      {
        "devEui": "0018B200000023E6",
        "devAddr": "30014AE9",
        "time": "2018-11-27 15:22:51",
        "payload": "rxaTbQ/LOwY=",
        "sf": 7,
        "gwEui": "7276FF003903094F",
        "gwName": "F07",
        "gwRssi": -79,
        "devUplinkCounter": 147
      },
      {
        "devEui": "0018B200000023E6",
        "devAddr": "30014AE9",
        "time": "2018-11-27 15:22:51",
        "payload": "rxaTbQ/LOwY=",
        "sf": 7,
        "gwEui": "7276FF003903094E",
        "gwName": "K01a",
        "gwRssi": -94,
        "devUplinkCounter": 147
      }
    ]
  },
  {
    "Floor": "H",
    "Number": 51,
    "UL1": 1684,
    "UL2": 100,
    "Time": "11/27/2018 3:23:29 PM",
    "Measures": [
      {
        "devEui": "0018B200000023E6",
        "devAddr": "30014AE9",
        "time": "2018-11-27 15:23:15",
        "payload": "rxeUbg/KOQU=",
        "sf": 7,
        "gwEui": "7276FF0039030977",
        "gwName": "H06",
        "gwRssi": -59,
        "devUplinkCounter": 148
      },
      {
        "devEui": "0018B200000023E6",
        "devAddr": "30014AE9",
        "time": "2018-11-27 15:23:15",
        "payload": "rxeUbg/KOQU=",
        "sf": 7,
        "gwEui": "7276FF003903094E",
        "gwName": "K01a",
        "gwRssi": -82,
        "devUplinkCounter": 148
      },
      {
        "devEui": "0018B200000023E6",
        "devAddr": "30014AE9",
        "time": "2018-11-27 15:23:15",
        "payload": "rxeUbg/KOQU=",
        "sf": 7,
        "gwEui": "7276FF003903094F",
        "gwName": "F07",
        "gwRssi": -86,
        "devUplinkCounter": 148
      }
    ]
  },
  {
    "Floor": "H",
    "Number": 52,
    "UL1": 1685,
    "UL2": 101,
    "Time": "11/27/2018 3:24:23 PM",
    "Measures": [
      {
        "devEui": "0018B200000023E6",
        "devAddr": "30014AE9",
        "time": "2018-11-27 15:24:02",
        "payload": "rxeVbw/JNwY=",
        "sf": 7,
        "gwEui": "7276FF003903094F",
        "gwName": "F07",
        "gwRssi": -87,
        "devUplinkCounter": 149
      },
      {
        "devEui": "0018B200000023E6",
        "devAddr": "30014AE9",
        "time": "2018-11-27 15:24:02",
        "payload": "rxeVbw/JNwY=",
        "sf": 7,
        "gwEui": "7276FF003903094E",
        "gwName": "K01a",
        "gwRssi": -93,
        "devUplinkCounter": 149
      },
      {
        "devEui": "0018B200000023E6",
        "devAddr": "30014AE9",
        "time": "2018-11-27 15:24:02",
        "payload": "rxeVbw/JNwY=",
        "sf": 7,
        "gwEui": "7276FF0039030977",
        "gwName": "H06",
        "gwRssi": -59,
        "devUplinkCounter": 149
      }
    ]
  },
  {
    "Floor": "H",
    "Number": 53,
    "UL1": 1686,
    "UL2": 103,
    "Time": "11/27/2018 3:25:04 PM",
    "Measures": [
      {
        "devEui": "0018B200000023E6",
        "devAddr": "30014AE9",
        "time": "2018-11-27 15:24:48",
        "payload": "rxeWcA/IOQc=",
        "sf": 7,
        "gwEui": "7276FF003903094E",
        "gwName": "K01a",
        "gwRssi": -96,
        "devUplinkCounter": 150
      },
      {
        "devEui": "0018B200000023E6",
        "devAddr": "30014AE9",
        "time": "2018-11-27 15:24:48",
        "payload": "rxeWcA/IOQc=",
        "sf": 7,
        "gwEui": "7276FF0039030A01",
        "gwName": "Loge",
        "gwRssi": -66,
        "devUplinkCounter": 150
      },
      {
        "devEui": "0018B200000023E6",
        "devAddr": "30014AE9",
        "time": "2018-11-27 15:24:48",
        "payload": "rxeWcA/IOQc=",
        "sf": 7,
        "gwEui": "7276FF003903094F",
        "gwName": "F07",
        "gwRssi": -82,
        "devUplinkCounter": 150
      },
      {
        "devEui": "0018B200000023E6",
        "devAddr": "30014AE9",
        "time": "2018-11-27 15:24:48",
        "payload": "rxeWcA/IOQc=",
        "sf": 7,
        "gwEui": "7276FF0039030977",
        "gwName": "H06",
        "gwRssi": -58,
        "devUplinkCounter": 150
      }
    ]
  },
  {
    "Floor": "H",
    "Number": 54,
    "UL1": 1687,
    "UL2": 104,
    "Time": "11/27/2018 3:25:38 PM",
    "Measures": [
      {
        "devEui": "0018B200000023E6",
        "devAddr": "30014AE9",
        "time": "2018-11-27 15:25:26",
        "payload": "rxeXcQ/HNAc=",
        "sf": 7,
        "gwEui": "7276FF003903094E",
        "gwName": "K01a",
        "gwRssi": -76,
        "devUplinkCounter": 151
      },
      {
        "devEui": "0018B200000023E6",
        "devAddr": "30014AE9",
        "time": "2018-11-27 15:25:26",
        "payload": "rxeXcQ/HNAc=",
        "sf": 7,
        "gwEui": "7276FF003903094F",
        "gwName": "F07",
        "gwRssi": -75,
        "devUplinkCounter": 151
      },
      {
        "devEui": "0018B200000023E6",
        "devAddr": "30014AE9",
        "time": "2018-11-27 15:25:26",
        "payload": "rxeXcQ/HNAc=",
        "sf": 7,
        "gwEui": "7276FF0039030977",
        "gwName": "H06",
        "gwRssi": -59,
        "devUplinkCounter": 151
      },
      {
        "devEui": "0018B200000023E6",
        "devAddr": "30014AE9",
        "time": "2018-11-27 15:25:26",
        "payload": "rxeXcQ/HNAc=",
        "sf": 7,
        "gwEui": "7276FF0039030A01",
        "gwName": "Loge",
        "gwRssi": -66,
        "devUplinkCounter": 151
      }
    ]
  },
  {
    "Floor": "H",
    "Number": 56,
    "UL1": 1688,
    "UL2": 105,
    "Time": "11/27/2018 3:26:45 PM",
    "Measures": [
      {
        "devEui": "0018B200000023E6",
        "devAddr": "30014AE9",
        "time": "2018-11-27 15:26:28",
        "payload": "rxeYcg/KNgc=",
        "sf": 7,
        "gwEui": "7276FF003903094F",
        "gwName": "F07",
        "gwRssi": -69,
        "devUplinkCounter": 152
      },
      {
        "devEui": "0018B200000023E6",
        "devAddr": "30014AE9",
        "time": "2018-11-27 15:26:28",
        "payload": "rxeYcg/KNgc=",
        "sf": 7,
        "gwEui": "7276FF003903094E",
        "gwName": "K01a",
        "gwRssi": -68,
        "devUplinkCounter": 152
      }
    ]
  },
  {
    "Floor": "H",
    "Number": 57,
    "UL1": 1689,
    "UL2": 106,
    "Time": "11/27/2018 3:27:25 PM",
    "Measures": [
      {
        "devEui": "0018B200000023E6",
        "devAddr": "30014AE9",
        "time": "2018-11-27 15:27:13",
        "payload": "rxeZcw/JTgY=",
        "sf": 7,
        "gwEui": "7276FF003903094E",
        "gwName": "K01a",
        "gwRssi": -67,
        "devUplinkCounter": 153
      },
      {
        "devEui": "0018B200000023E6",
        "devAddr": "30014AE9",
        "time": "2018-11-27 15:27:13",
        "payload": "rxeZcw/JTgY=",
        "sf": 7,
        "gwEui": "7276FF003903094F",
        "gwName": "F07",
        "gwRssi": -83,
        "devUplinkCounter": 153
      },
      {
        "devEui": "0018B200000023E6",
        "devAddr": "30014AE9",
        "time": "2018-11-27 15:27:13",
        "payload": "rxeZcw/JTgY=",
        "sf": 7,
        "gwEui": "7276FF0039030A01",
        "gwName": "Loge",
        "gwRssi": -75,
        "devUplinkCounter": 153
      }
    ]
  },
  {
    "Floor": "H",
    "Number": 58,
    "UL1": 1690,
    "UL2": 107,
    "Time": "11/27/2018 3:28:00 PM",
    "Measures": [
      {
        "devEui": "0018B200000023E6",
        "devAddr": "30014AE9",
        "time": "2018-11-27 15:27:49",
        "payload": "rxeadA/GRQc=",
        "sf": 7,
        "gwEui": "7276FF0039030977",
        "gwName": "H06",
        "gwRssi": -76,
        "devUplinkCounter": 154
      },
      {
        "devEui": "0018B200000023E6",
        "devAddr": "30014AE9",
        "time": "2018-11-27 15:27:49",
        "payload": "rxeadA/GRQc=",
        "sf": 7,
        "gwEui": "7276FF003903094F",
        "gwName": "F07",
        "gwRssi": -91,
        "devUplinkCounter": 154
      },
      {
        "devEui": "0018B200000023E6",
        "devAddr": "30014AE9",
        "time": "2018-11-27 15:27:49",
        "payload": "rxeadA/GRQc=",
        "sf": 7,
        "gwEui": "7276FF003903094E",
        "gwName": "K01a",
        "gwRssi": -74,
        "devUplinkCounter": 154
      }
    ]
  },
  {
    "Floor": "H",
    "Number": 59,
    "UL1": 1691,
    "UL2": 108,
    "Time": "11/27/2018 3:28:17 PM",
    "Measures": [
      {
        "devEui": "0018B200000023E6",
        "devAddr": "30014AE9",
        "time": "2018-11-27 15:28:06",
        "payload": "rxebdQ/IRgc=",
        "sf": 7,
        "gwEui": "7276FF003903094E",
        "gwName": "K01a",
        "gwRssi": -64,
        "devUplinkCounter": 155
      },
      {
        "devEui": "0018B200000023E6",
        "devAddr": "30014AE9",
        "time": "2018-11-27 15:28:06",
        "payload": "rxebdQ/IRgc=",
        "sf": 7,
        "gwEui": "7276FF003903094F",
        "gwName": "F07",
        "gwRssi": -85,
        "devUplinkCounter": 155
      },
      {
        "devEui": "0018B200000023E6",
        "devAddr": "30014AE9",
        "time": "2018-11-27 15:28:06",
        "payload": "rxebdQ/IRgc=",
        "sf": 7,
        "gwEui": "7276FF0039030977",
        "gwName": "H06",
        "gwRssi": -73,
        "devUplinkCounter": 155
      }
    ]
  },
  {
    "Floor": "H",
    "Number": 60,
    "UL1": 1692,
    "UL2": 109,
    "Time": "11/27/2018 3:29:07 PM",
    "Measures": [
      {
        "devEui": "0018B200000023E6",
        "devAddr": "30014AE9",
        "time": "2018-11-27 15:28:39",
        "payload": "rxecdg/IQQc=",
        "sf": 7,
        "gwEui": "7276FF003903094F",
        "gwName": "F07",
        "gwRssi": -89,
        "devUplinkCounter": 156
      },
      {
        "devEui": "0018B200000023E6",
        "devAddr": "30014AE9",
        "time": "2018-11-27 15:28:39",
        "payload": "rxecdg/IQQc=",
        "sf": 7,
        "gwEui": "7276FF0039030977",
        "gwName": "H06",
        "gwRssi": -100,
        "devUplinkCounter": 156
      },
      {
        "devEui": "0018B200000023E6",
        "devAddr": "30014AE9",
        "time": "2018-11-27 15:28:39",
        "payload": "rxecdg/IQQc=",
        "sf": 7,
        "gwEui": "7276FF0039030A01",
        "gwName": "Loge",
        "gwRssi": -102,
        "devUplinkCounter": 156
      },
      {
        "devEui": "0018B200000023E6",
        "devAddr": "30014AE9",
        "time": "2018-11-27 15:28:39",
        "payload": "rxecdg/IQQc=",
        "sf": 7,
        "gwEui": "7276FF003903094E",
        "gwName": "K01a",
        "gwRssi": -76,
        "devUplinkCounter": 156
      }
    ]
  },
  {
    "Floor": "H",
    "Number": 61,
    "UL1": 1693,
    "UL2": 110,
    "Time": "11/27/2018 3:29:08 PM",
    "Measures": [
      {
        "devEui": "0018B200000023E6",
        "devAddr": "30014AE9",
        "time": "2018-11-27 15:28:49",
        "payload": "rxeddw/ITQc=",
        "sf": 7,
        "gwEui": "7276FF003903094E",
        "gwName": "K01a",
        "gwRssi": -76,
        "devUplinkCounter": 157
      },
      {
        "devEui": "0018B200000023E6",
        "devAddr": "30014AE9",
        "time": "2018-11-27 15:28:49",
        "payload": "rxeddw/ITQc=",
        "sf": 7,
        "gwEui": "7276FF003903094F",
        "gwName": "F07",
        "gwRssi": -87,
        "devUplinkCounter": 157
      },
      {
        "devEui": "0018B200000023E6",
        "devAddr": "30014AE9",
        "time": "2018-11-27 15:28:49",
        "payload": "rxeddw/ITQc=",
        "sf": 7,
        "gwEui": "7276FF0039030977",
        "gwName": "H06",
        "gwRssi": -88,
        "devUplinkCounter": 157
      },
      {
        "devEui": "0018B200000023E6",
        "devAddr": "30014AE9",
        "time": "2018-11-27 15:28:49",
        "payload": "rxeddw/ITQc=",
        "sf": 7,
        "gwEui": "7276FF0039030A01",
        "gwName": "Loge",
        "gwRssi": -96,
        "devUplinkCounter": 157
      }
    ]
  },
  {
    "Floor": "H",
    "Number": 38,
    "UL1": 1694,
    "UL2": 111,
    "Time": "11/27/2018 3:30:59 PM",
    "Measures": [
      {
        "devEui": "0018B200000023E6",
        "devAddr": "30014AE9",
        "time": "2018-11-27 15:30:50",
        "payload": "rxeeeA/JRwY=",
        "sf": 7,
        "gwEui": "7276FF0039030977",
        "gwName": "H06",
        "gwRssi": -51,
        "devUplinkCounter": 158
      },
      {
        "devEui": "0018B200000023E6",
        "devAddr": "30014AE9",
        "time": "2018-11-27 15:30:50",
        "payload": "rxeeeA/JRwY=",
        "sf": 7,
        "gwEui": "7276FF0039030A01",
        "gwName": "Loge",
        "gwRssi": -62,
        "devUplinkCounter": 158
      },
      {
        "devEui": "0018B200000023E6",
        "devAddr": "30014AE9",
        "time": "2018-11-27 15:30:50",
        "payload": "rxeeeA/JRwY=",
        "sf": 7,
        "gwEui": "7276FF003903094E",
        "gwName": "K01a",
        "gwRssi": -98,
        "devUplinkCounter": 158
      },
      {
        "devEui": "0018B200000023E6",
        "devAddr": "30014AE9",
        "time": "2018-11-27 15:30:50",
        "payload": "rxeeeA/JRwY=",
        "sf": 7,
        "gwEui": "7276FF003903094F",
        "gwName": "F07",
        "gwRssi": -84,
        "devUplinkCounter": 158
      }
    ]
  },
  {
    "Floor": "H",
    "Number": 39,
    "UL1": 1695,
    "UL2": 112,
    "Time": "11/27/2018 3:31:23 PM",
    "Measures": [
      {
        "devEui": "0018B200000023E6",
        "devAddr": "30014AE9",
        "time": "2018-11-27 15:31:16",
        "payload": "rxifeQ/ILQU=",
        "sf": 7,
        "gwEui": "7276FF0039030977",
        "gwName": "H06",
        "gwRssi": -52,
        "devUplinkCounter": 159
      },
      {
        "devEui": "0018B200000023E6",
        "devAddr": "30014AE9",
        "time": "2018-11-27 15:31:16",
        "payload": "rxifeQ/ILQU=",
        "sf": 7,
        "gwEui": "7276FF0039030A01",
        "gwName": "Loge",
        "gwRssi": -70,
        "devUplinkCounter": 159
      },
      {
        "devEui": "0018B200000023E6",
        "devAddr": "30014AE9",
        "time": "2018-11-27 15:31:16",
        "payload": "rxifeQ/ILQU=",
        "sf": 7,
        "gwEui": "7276FF003903094F",
        "gwName": "F07",
        "gwRssi": -88,
        "devUplinkCounter": 159
      },
      {
        "devEui": "0018B200000023E6",
        "devAddr": "30014AE9",
        "time": "2018-11-27 15:31:16",
        "payload": "rxifeQ/ILQU=",
        "sf": 7,
        "gwEui": "7276FF003903094E",
        "gwName": "K01a",
        "gwRssi": -92,
        "devUplinkCounter": 159
      }
    ]
  },
  {
    "Floor": "H",
    "Number": 40,
    "UL1": 1696,
    "UL2": 113,
    "Time": "11/27/2018 3:31:49 PM",
    "Measures": [
      {
        "devEui": "0018B200000023E6",
        "devAddr": "30014AE9",
        "time": "2018-11-27 15:30:19",
        "payload": "rxegeg/GLwY=",
        "sf": 7,
        "gwEui": "7276FF003903094E",
        "gwName": "K01a",
        "gwRssi": -107,
        "devUplinkCounter": 160
      },
      {
        "devEui": "0018B200000023E6",
        "devAddr": "30014AE9",
        "time": "2018-11-27 15:30:19",
        "payload": "rxegeg/GLwY=",
        "sf": 7,
        "gwEui": "7276FF003903094F",
        "gwName": "F07",
        "gwRssi": -75,
        "devUplinkCounter": 160
      },
      {
        "devEui": "0018B200000023E6",
        "devAddr": "30014AE9",
        "time": "2018-11-27 15:30:19",
        "payload": "rxegeg/GLwY=",
        "sf": 7,
        "gwEui": "7276FF0039030977",
        "gwName": "H06",
        "gwRssi": -50,
        "devUplinkCounter": 160
      }
    ]
  },
  {
    "Floor": "H",
    "Number": 41,
    "UL1": 1697,
    "UL2": 114,
    "Time": "11/27/2018 3:32:10 PM",
    "Measures": [
      {
        "devEui": "0018B200000023E6",
        "devAddr": "30014AE9",
        "time": "2018-11-27 15:32:01",
        "payload": "rxehew/FLQQ=",
        "sf": 7,
        "gwEui": "7276FF003903094E",
        "gwName": "K01a",
        "gwRssi": -93,
        "devUplinkCounter": 161
      },
      {
        "devEui": "0018B200000023E6",
        "devAddr": "30014AE9",
        "time": "2018-11-27 15:32:01",
        "payload": "rxehew/FLQQ=",
        "sf": 7,
        "gwEui": "7276FF0039030977",
        "gwName": "H06",
        "gwRssi": -45,
        "devUplinkCounter": 161
      },
      {
        "devEui": "0018B200000023E6",
        "devAddr": "30014AE9",
        "time": "2018-11-27 15:32:01",
        "payload": "rxehew/FLQQ=",
        "sf": 7,
        "gwEui": "7276FF003903094F",
        "gwName": "F07",
        "gwRssi": -70,
        "devUplinkCounter": 161
      }
    ]
  },
  {
    "Floor": "H",
    "Number": 42,
    "UL1": 1698,
    "UL2": 115,
    "Time": "11/27/2018 3:32:41 PM",
    "Measures": [
      {
        "devEui": "0018B200000023E6",
        "devAddr": "30014AE9",
        "time": "2018-11-27 15:31:14",
        "payload": "rxiifA/IKQc=",
        "sf": 7,
        "gwEui": "7276FF0039030977",
        "gwName": "H06",
        "gwRssi": -48,
        "devUplinkCounter": 162
      },
      {
        "devEui": "0018B200000023E6",
        "devAddr": "30014AE9",
        "time": "2018-11-27 15:31:14",
        "payload": "rxiifA/IKQc=",
        "sf": 7,
        "gwEui": "7276FF0039030A01",
        "gwName": "Loge",
        "gwRssi": -80,
        "devUplinkCounter": 162
      },
      {
        "devEui": "0018B200000023E6",
        "devAddr": "30014AE9",
        "time": "2018-11-27 15:31:14",
        "payload": "rxiifA/IKQc=",
        "sf": 7,
        "gwEui": "7276FF003903094E",
        "gwName": "K01a",
        "gwRssi": -107,
        "devUplinkCounter": 162
      },
      {
        "devEui": "0018B200000023E6",
        "devAddr": "30014AE9",
        "time": "2018-11-27 15:31:14",
        "payload": "rxiifA/IKQc=",
        "sf": 7,
        "gwEui": "7276FF003903094F",
        "gwName": "F07",
        "gwRssi": -88,
        "devUplinkCounter": 162
      }
    ]
  },
  {
    "Floor": "H",
    "Number": 43,
    "UL1": 1699,
    "UL2": 116,
    "Time": "11/27/2018 3:33:00 PM",
    "Measures": [
      {
        "devEui": "0018B200000023E6",
        "devAddr": "30014AE9",
        "time": "2018-11-27 15:32:54",
        "payload": "rxejfQ/FLAQ=",
        "sf": 7,
        "gwEui": "7276FF003903094F",
        "gwName": "F07",
        "gwRssi": -89,
        "devUplinkCounter": 163
      },
      {
        "devEui": "0018B200000023E6",
        "devAddr": "30014AE9",
        "time": "2018-11-27 15:32:54",
        "payload": "rxejfQ/FLAQ=",
        "sf": 7,
        "gwEui": "7276FF003903094E",
        "gwName": "K01a",
        "gwRssi": -96,
        "devUplinkCounter": 163
      },
      {
        "devEui": "0018B200000023E6",
        "devAddr": "30014AE9",
        "time": "2018-11-27 15:32:54",
        "payload": "rxejfQ/FLAQ=",
        "sf": 7,
        "gwEui": "7276FF0039030977",
        "gwName": "H06",
        "gwRssi": -47,
        "devUplinkCounter": 163
      }
    ]
  },
  {
    "Floor": "H",
    "Number": 44,
    "UL1": 1700,
    "UL2": 117,
    "Time": "11/27/2018 3:35:17 PM",
    "Measures": [
      {
        "devEui": "0018B200000023E6",
        "devAddr": "30014AE9",
        "time": "2018-11-27 15:34:59",
        "payload": "rxekfg/ELAU=",
        "sf": 7,
        "gwEui": "7276FF0039030977",
        "gwName": "H06",
        "gwRssi": -68,
        "devUplinkCounter": 164
      },
      {
        "devEui": "0018B200000023E6",
        "devAddr": "30014AE9",
        "time": "2018-11-27 15:34:59",
        "payload": "rxekfg/ELAU=",
        "sf": 7,
        "gwEui": "7276FF003903094F",
        "gwName": "F07",
        "gwRssi": -75,
        "devUplinkCounter": 164
      },
      {
        "devEui": "0018B200000023E6",
        "devAddr": "30014AE9",
        "time": "2018-11-27 15:34:59",
        "payload": "rxekfg/ELAU=",
        "sf": 7,
        "gwEui": "7276FF003903094E",
        "gwName": "K01a",
        "gwRssi": -86,
        "devUplinkCounter": 164
      }
    ]
  },
  {
    "Floor": "H",
    "Number": 45,
    "UL1": 1701,
    "UL2": 118,
    "Time": "11/27/2018 3:35:18 PM",
    "Measures": [
      {
        "devEui": "0018B200000023E6",
        "devAddr": "30014AE9",
        "time": "2018-11-27 15:35:07",
        "payload": "rxilfw/EPgY=",
        "sf": 7,
        "gwEui": "7276FF003903094E",
        "gwName": "K01a",
        "gwRssi": -94,
        "devUplinkCounter": 165
      },
      {
        "devEui": "0018B200000023E6",
        "devAddr": "30014AE9",
        "time": "2018-11-27 15:35:07",
        "payload": "rxilfw/EPgY=",
        "sf": 7,
        "gwEui": "7276FF0039030977",
        "gwName": "H06",
        "gwRssi": -54,
        "devUplinkCounter": 165
      },
      {
        "devEui": "0018B200000023E6",
        "devAddr": "30014AE9",
        "time": "2018-11-27 15:35:07",
        "payload": "rxilfw/EPgY=",
        "sf": 7,
        "gwEui": "7276FF0039030A01",
        "gwName": "Loge",
        "gwRssi": -74,
        "devUplinkCounter": 165
      },
      {
        "devEui": "0018B200000023E6",
        "devAddr": "30014AE9",
        "time": "2018-11-27 15:35:07",
        "payload": "rxilfw/EPgY=",
        "sf": 7,
        "gwEui": "7276FF003903094F",
        "gwName": "F07",
        "gwRssi": -71,
        "devUplinkCounter": 165
      }
    ]
  },
  {
    "Floor": "H",
    "Number": 46,
    "UL1": 1702,
    "UL2": 119,
    "Time": "11/27/2018 3:35:48 PM",
    "Measures": [
      {
        "devEui": "0018B200000023E6",
        "devAddr": "30014AE9",
        "time": "2018-11-27 15:35:33",
        "payload": "rxemgA/FMwg=",
        "sf": 7,
        "gwEui": "7276FF003903094F",
        "gwName": "F07",
        "gwRssi": -67,
        "devUplinkCounter": 166
      },
      {
        "devEui": "0018B200000023E6",
        "devAddr": "30014AE9",
        "time": "2018-11-27 15:35:33",
        "payload": "rxemgA/FMwg=",
        "sf": 7,
        "gwEui": "7276FF003903094E",
        "gwName": "K01a",
        "gwRssi": -83,
        "devUplinkCounter": 166
      },
      {
        "devEui": "0018B200000023E6",
        "devAddr": "30014AE9",
        "time": "2018-11-27 15:35:33",
        "payload": "rxemgA/FMwg=",
        "sf": 7,
        "gwEui": "7276FF0039030977",
        "gwName": "H06",
        "gwRssi": -44,
        "devUplinkCounter": 166
      },
      {
        "devEui": "0018B200000023E6",
        "devAddr": "30014AE9",
        "time": "2018-11-27 15:35:38",
        "payload": "rxemgA/FMwg=",
        "sf": 7,
        "gwEui": "7276FF003903094F",
        "gwName": "F07",
        "gwRssi": -73,
        "devUplinkCounter": 166
      },
      {
        "devEui": "0018B200000023E6",
        "devAddr": "30014AE9",
        "time": "2018-11-27 15:35:38",
        "payload": "rxemgA/FMwg=",
        "sf": 7,
        "gwEui": "7276FF003903094E",
        "gwName": "K01a",
        "gwRssi": -81,
        "devUplinkCounter": 166
      },
      {
        "devEui": "0018B200000023E6",
        "devAddr": "30014AE9",
        "time": "2018-11-27 15:35:38",
        "payload": "rxemgA/FMwg=",
        "sf": 7,
        "gwEui": "7276FF0039030977",
        "gwName": "H06",
        "gwRssi": -47,
        "devUplinkCounter": 166
      }
    ]
  },
  {
    "Floor": "H",
    "Number": 47,
    "UL1": 1704,
    "UL2": 120,
    "Time": "11/27/2018 3:36:57 PM",
    "Measures": [
      {
        "devEui": "0018B200000023E6",
        "devAddr": "30014AE9",
        "time": "2018-11-27 15:36:10",
        "payload": "rxiogQ/HLAY=",
        "sf": 7,
        "gwEui": "7276FF003903094F",
        "gwName": "F07",
        "gwRssi": -72,
        "devUplinkCounter": 168
      },
      {
        "devEui": "0018B200000023E6",
        "devAddr": "30014AE9",
        "time": "2018-11-27 15:36:10",
        "payload": "rxiogQ/HLAY=",
        "sf": 7,
        "gwEui": "7276FF0039030A01",
        "gwName": "Loge",
        "gwRssi": -79,
        "devUplinkCounter": 168
      },
      {
        "devEui": "0018B200000023E6",
        "devAddr": "30014AE9",
        "time": "2018-11-27 15:36:10",
        "payload": "rxiogQ/HLAY=",
        "sf": 7,
        "gwEui": "7276FF003903094E",
        "gwName": "K01a",
        "gwRssi": -96,
        "devUplinkCounter": 168
      },
      {
        "devEui": "0018B200000023E6",
        "devAddr": "30014AE9",
        "time": "2018-11-27 15:36:10",
        "payload": "rxiogQ/HLAY=",
        "sf": 7,
        "gwEui": "7276FF0039030977",
        "gwName": "H06",
        "gwRssi": -47,
        "devUplinkCounter": 168
      }
    ]
  },
  {
    "Floor": "H",
    "Number": 48,
    "UL1": 1705,
    "UL2": 121,
    "Time": "11/27/2018 3:36:58 PM",
    "Measures": [
      {
        "devEui": "0018B200000023E6",
        "devAddr": "30014AE9",
        "time": "2018-11-27 15:36:22",
        "payload": "rxipgg/ELAY=",
        "sf": 7,
        "gwEui": "7276FF003903094F",
        "gwName": "F07",
        "gwRssi": -64,
        "devUplinkCounter": 169
      },
      {
        "devEui": "0018B200000023E6",
        "devAddr": "30014AE9",
        "time": "2018-11-27 15:36:22",
        "payload": "rxipgg/ELAY=",
        "sf": 7,
        "gwEui": "7276FF0039030A01",
        "gwName": "Loge",
        "gwRssi": -70,
        "devUplinkCounter": 169
      },
      {
        "devEui": "0018B200000023E6",
        "devAddr": "30014AE9",
        "time": "2018-11-27 15:36:22",
        "payload": "rxipgg/ELAY=",
        "sf": 7,
        "gwEui": "7276FF0039030977",
        "gwName": "H06",
        "gwRssi": -46,
        "devUplinkCounter": 169
      },
      {
        "devEui": "0018B200000023E6",
        "devAddr": "30014AE9",
        "time": "2018-11-27 15:36:22",
        "payload": "rxipgg/ELAY=",
        "sf": 7,
        "gwEui": "7276FF003903094E",
        "gwName": "K01a",
        "gwRssi": -90,
        "devUplinkCounter": 169
      }
    ]
  },
  {
    "Floor": "H",
    "Number": 49,
    "UL1": 1706,
    "UL2": 125,
    "Time": "11/27/2018 3:37:20 PM",
    "Measures": [
      {
        "devEui": "0018B200000023E6",
        "devAddr": "30014AE9",
        "time": "2018-11-27 15:37:10",
        "payload": "rxiqgw/EJwg=",
        "sf": 7,
        "gwEui": "7276FF003903094F",
        "gwName": "F07",
        "gwRssi": -54,
        "devUplinkCounter": 170
      },
      {
        "devEui": "0018B200000023E6",
        "devAddr": "30014AE9",
        "time": "2018-11-27 15:37:10",
        "payload": "rxiqgw/EJwg=",
        "sf": 7,
        "gwEui": "7276FF0039030977",
        "gwName": "H06",
        "gwRssi": -44,
        "devUplinkCounter": 170
      },
      {
        "devEui": "0018B200000023E6",
        "devAddr": "30014AE9",
        "time": "2018-11-27 15:37:10",
        "payload": "rxiqgw/EJwg=",
        "sf": 7,
        "gwEui": "7276FF003903094E",
        "gwName": "K01a",
        "gwRssi": -96,
        "devUplinkCounter": 170
      }
    ]
  }
]