﻿[
  {
    "Floor": "A",
    "Number": 1,
    "UL1": 835,
    "UL2": 4,
    "Time": "11/24/2018 1:51:30 PM",
    "Measures": [
      {
        "devEui": "0018B200000023D8",
        "devAddr": "30014ACC",
        "time": "2018-11-24 13:50:17",
        "payload": "rxcEAw6HYAI=",
        "sf": 12,
        "gwEui": "7276FF003903094E",
        "gwName": "K01a",
        "gwRssi": -108,
        "devUplinkCounter": 4
      },
      {
        "devEui": "0018B200000023D8",
        "devAddr": "30014ACC",
        "time": "2018-11-24 13:50:17",
        "payload": "rxcEAw6HYAI=",
        "sf": 12,
        "gwEui": "7276FF00390309F5",
        "gwName": "A02b",
        "gwRssi": -99,
        "devUplinkCounter": 4
      },
      {
        "devEui": "0018B200000023D8",
        "devAddr": "30014ACC",
        "time": "2018-11-24 13:50:17",
        "payload": "rxcEAw6HYAI=",
        "sf": 12,
        "gwEui": "7276FF003903097D",
        "gwName": "D60",
        "gwRssi": -112,
        "devUplinkCounter": 4
      }
    ]
  },
  {
    "Floor": "A",
    "Number": 2,
    "UL1": 836,
    "UL2": 5,
    "Time": "11/24/2018 1:51:51 PM",
    "Measures": [
      {
        "devEui": "0018B200000023D8",
        "devAddr": "30014ACC",
        "time": "2018-11-24 13:50:45",
        "payload": "rxcFBA6GTwU=",
        "sf": 12,
        "gwEui": "7276FF00390309F5",
        "gwName": "A02b",
        "gwRssi": -82,
        "devUplinkCounter": 5
      },
      {
        "devEui": "0018B200000023D8",
        "devAddr": "30014ACC",
        "time": "2018-11-24 13:50:45",
        "payload": "rxcFBA6GTwU=",
        "sf": 12,
        "gwEui": "7276FF003903097D",
        "gwName": "D60",
        "gwRssi": -109,
        "devUplinkCounter": 5
      },
      {
        "devEui": "0018B200000023D8",
        "devAddr": "30014ACC",
        "time": "2018-11-24 13:50:45",
        "payload": "rxcFBA6GTwU=",
        "sf": 12,
        "gwEui": "7276FF003903094E",
        "gwName": "K01a",
        "gwRssi": -108,
        "devUplinkCounter": 5
      }
    ]
  },
  {
    "Floor": "A",
    "Number": 6,
    "UL1": 837,
    "UL2": 6,
    "Time": "11/24/2018 1:54:10 PM",
    "Measures": [
      {
        "devEui": "0018B200000023D8",
        "devAddr": "30014ACC",
        "time": "2018-11-24 13:53:19",
        "payload": "rxgGBQ6FTwY=",
        "sf": 12,
        "gwEui": "7276FF00390309F5",
        "gwName": "A02b",
        "gwRssi": -71,
        "devUplinkCounter": 6
      }
    ]
  },
  {
    "Floor": "A",
    "Number": 7,
    "UL1": 838,
    "UL2": 7,
    "Time": "11/24/2018 1:54:11 PM",
    "Measures": [
      {
        "devEui": "0018B200000023D8",
        "devAddr": "30014ACC",
        "time": "2018-11-24 13:52:36",
        "payload": "rxgHBg6FQwY=",
        "sf": 12,
        "gwEui": "7276FF003903094E",
        "gwName": "K01a",
        "gwRssi": -107,
        "devUplinkCounter": 7
      },
      {
        "devEui": "0018B200000023D8",
        "devAddr": "30014ACC",
        "time": "2018-11-24 13:52:36",
        "payload": "rxgHBg6FQwY=",
        "sf": 12,
        "gwEui": "7276FF003903097D",
        "gwName": "D60",
        "gwRssi": -113,
        "devUplinkCounter": 7
      },
      {
        "devEui": "0018B200000023D8",
        "devAddr": "30014ACC",
        "time": "2018-11-24 13:52:36",
        "payload": "rxgHBg6FQwY=",
        "sf": 12,
        "gwEui": "7276FF00390309F5",
        "gwName": "A02b",
        "gwRssi": -64,
        "devUplinkCounter": 7
      }
    ]
  },
  {
    "Floor": "A",
    "Number": 8,
    "UL1": 839,
    "UL2": 8,
    "Time": "11/24/2018 1:55:01 PM",
    "Measures": [
      {
        "devEui": "0018B200000023D8",
        "devAddr": "30014ACC",
        "time": "2018-11-24 13:54:50",
        "payload": "rxcIBw6FPQY=",
        "sf": 12,
        "gwEui": "7276FF003903097D",
        "gwName": "D60",
        "gwRssi": -114,
        "devUplinkCounter": 8
      },
      {
        "devEui": "0018B200000023D8",
        "devAddr": "30014ACC",
        "time": "2018-11-24 13:54:50",
        "payload": "rxcIBw6FPQY=",
        "sf": 12,
        "gwEui": "7276FF00390309F5",
        "gwName": "A02b",
        "gwRssi": -59,
        "devUplinkCounter": 8
      }
    ]
  },
  {
    "Floor": "A",
    "Number": 9,
    "UL1": 840,
    "UL2": 9,
    "Time": "11/24/2018 1:55:16 PM",
    "Measures": [
      {
        "devEui": "0018B200000023D8",
        "devAddr": "30014ACC",
        "time": "2018-11-24 13:55:02",
        "payload": "zxgJCA6EOAY=",
        "sf": 12,
        "gwEui": "7276FF00390309F5",
        "gwName": "A02b",
        "gwRssi": -62,
        "devUplinkCounter": 9
      }
    ]
  },
  {
    "Floor": "A",
    "Number": 10,
    "UL1": 841,
    "UL2": 11,
    "Time": "11/24/2018 1:56:44 PM",
    "Measures": [
      {
        "devEui": "0018B200000023D8",
        "devAddr": "30014ACC",
        "time": "2018-11-24 13:55:38",
        "payload": "rxgLCg6DSgU=",
        "sf": 12,
        "gwEui": "7276FF00390309F5",
        "gwName": "A02b",
        "gwRssi": -63,
        "devUplinkCounter": 11
      },
      {
        "devEui": "0018B200000023D8",
        "devAddr": "30014ACC",
        "time": "2018-11-24 13:55:38",
        "payload": "rxgLCg6DSgU=",
        "sf": 12,
        "gwEui": "7276FF003903097D",
        "gwName": "D60",
        "gwRssi": -113,
        "devUplinkCounter": 11
      }
    ]
  },
  {
    "Floor": "A",
    "Number": 11,
    "UL1": 842,
    "UL2": 12,
    "Time": "11/24/2018 1:58:35 PM",
    "Measures": [
      {
        "devEui": "0018B200000023D8",
        "devAddr": "30014ACC",
        "time": "2018-11-24 13:58:08",
        "payload": "rxgMCw6CPwY=",
        "sf": 12,
        "gwEui": "7276FF00390309F5",
        "gwName": "A02b",
        "gwRssi": -74,
        "devUplinkCounter": 12
      },
      {
        "devEui": "0018B200000023D8",
        "devAddr": "30014ACC",
        "time": "2018-11-24 13:58:08",
        "payload": "rxgMCw6CPwY=",
        "sf": 12,
        "gwEui": "7276FF003903097D",
        "gwName": "D60",
        "gwRssi": -113,
        "devUplinkCounter": 12
      }
    ]
  },
  {
    "Floor": "A",
    "Number": 12,
    "UL1": 843,
    "UL2": 13,
    "Time": "11/24/2018 1:58:38 PM",
    "Measures": [
      {
        "devEui": "0018B200000023D8",
        "devAddr": "30014ACC",
        "time": "2018-11-24 13:58:21",
        "payload": "rxgNDA6DRgY=",
        "sf": 12,
        "gwEui": "7276FF00390309F5",
        "gwName": "A02b",
        "gwRssi": -82,
        "devUplinkCounter": 13
      },
      {
        "devEui": "0018B200000023D8",
        "devAddr": "30014ACC",
        "time": "2018-11-24 13:58:21",
        "payload": "rxgNDA6DRgY=",
        "sf": 12,
        "gwEui": "7276FF003903097D",
        "gwName": "D60",
        "gwRssi": -113,
        "devUplinkCounter": 13
      }
    ]
  },
  {
    "Floor": "A",
    "Number": 13,
    "UL1": 844,
    "UL2": 14,
    "Time": "11/24/2018 1:58:56 PM",
    "Measures": [
      {
        "devEui": "0018B200000023D8",
        "devAddr": "30014ACC",
        "time": "2018-11-24 13:58:48",
        "payload": "rxgODQ6CTwU=",
        "sf": 12,
        "gwEui": "7276FF003903097D",
        "gwName": "D60",
        "gwRssi": -114,
        "devUplinkCounter": 14
      },
      {
        "devEui": "0018B200000023D8",
        "devAddr": "30014ACC",
        "time": "2018-11-24 13:58:48",
        "payload": "rxgODQ6CTwU=",
        "sf": 12,
        "gwEui": "7276FF00390309F5",
        "gwName": "A02b",
        "gwRssi": -59,
        "devUplinkCounter": 14
      }
    ]
  },
  {
    "Floor": "A",
    "Number": 14,
    "UL1": 845,
    "UL2": 15,
    "Time": "11/24/2018 1:59:13 PM",
    "Measures": [
      {
        "devEui": "0018B200000023D8",
        "devAddr": "30014ACC",
        "time": "2018-11-24 13:59:05",
        "payload": "rxgPDg6COgY=",
        "sf": 12,
        "gwEui": "7276FF003903097D",
        "gwName": "D60",
        "gwRssi": -114,
        "devUplinkCounter": 15
      },
      {
        "devEui": "0018B200000023D8",
        "devAddr": "30014ACC",
        "time": "2018-11-24 13:59:05",
        "payload": "rxgPDg6COgY=",
        "sf": 12,
        "gwEui": "7276FF00390309F5",
        "gwName": "A02b",
        "gwRssi": -68,
        "devUplinkCounter": 15
      }
    ]
  },
  {
    "Floor": "A",
    "Number": 15,
    "UL1": 846,
    "UL2": 16,
    "Time": "11/24/2018 1:59:35 PM",
    "Measures": [
      {
        "devEui": "0018B200000023D8",
        "devAddr": "30014ACC",
        "time": "2018-11-24 13:59:25",
        "payload": "rxgQDw6ARQc=",
        "sf": 12,
        "gwEui": "7276FF003903097D",
        "gwName": "D60",
        "gwRssi": -114,
        "devUplinkCounter": 16
      },
      {
        "devEui": "0018B200000023D8",
        "devAddr": "30014ACC",
        "time": "2018-11-24 13:59:25",
        "payload": "rxgQDw6ARQc=",
        "sf": 12,
        "gwEui": "7276FF00390309F5",
        "gwName": "A02b",
        "gwRssi": -80,
        "devUplinkCounter": 16
      }
    ]
  },
  {
    "Floor": "A",
    "Number": 16,
    "UL1": 855,
    "UL2": 22,
    "Time": "11/24/2018 2:05:31 PM",
    "Measures": [
      {
        "devEui": "0018B200000023D8",
        "devAddr": "30014ACC",
        "time": "2018-11-24 14:05:05",
        "payload": "rxgWFQ6BTwg=",
        "sf": 12,
        "gwEui": "7276FF00390309F5",
        "gwName": "A02b",
        "gwRssi": -89,
        "devUplinkCounter": 22
      },
      {
        "devEui": "0018B200000023D8",
        "devAddr": "30014ACC",
        "time": "2018-11-24 14:05:05",
        "payload": "rxgWFQ6BTwg=",
        "sf": 12,
        "gwEui": "7276FF003903097D",
        "gwName": "D60",
        "gwRssi": -113,
        "devUplinkCounter": 22
      }
    ]
  },
  {
    "Floor": "A",
    "Number": 17,
    "UL1": 856,
    "UL2": 23,
    "Time": "11/24/2018 2:05:32 PM",
    "Measures": [
      {
        "devEui": "0018B200000023D8",
        "devAddr": "30014ACC",
        "time": "2018-11-24 14:05:21",
        "payload": "rxgXFg6BWQc=",
        "sf": 12,
        "gwEui": "7276FF003903097D",
        "gwName": "D60",
        "gwRssi": -114,
        "devUplinkCounter": 23
      },
      {
        "devEui": "0018B200000023D8",
        "devAddr": "30014ACC",
        "time": "2018-11-24 14:05:21",
        "payload": "rxgXFg6BWQc=",
        "sf": 12,
        "gwEui": "7276FF00390309F5",
        "gwName": "A02b",
        "gwRssi": -89,
        "devUplinkCounter": 23
      }
    ]
  },
  {
    "Floor": "A",
    "Number": 18,
    "UL1": 857,
    "UL2": 24,
    "Time": "11/24/2018 2:06:09 PM",
    "Measures": [
      {
        "devEui": "0018B200000023D8",
        "devAddr": "30014ACC",
        "time": "2018-11-24 14:05:48",
        "payload": "rxkYFw5/WgY=",
        "sf": 12,
        "gwEui": "7276FF00390309F5",
        "gwName": "A02b",
        "gwRssi": -72,
        "devUplinkCounter": 24
      }
    ]
  },
  {
    "Floor": "A",
    "Number": 19,
    "UL1": 858,
    "UL2": 25,
    "Time": "11/24/2018 2:06:10 PM",
    "Measures": [
      {
        "devEui": "0018B200000023D8",
        "devAddr": "30014ACC",
        "time": "2018-11-24 14:06:02",
        "payload": "rxgZGA6AQQY=",
        "sf": 12,
        "gwEui": "7276FF00390309F5",
        "gwName": "A02b",
        "gwRssi": -77,
        "devUplinkCounter": 25
      }
    ]
  },
  {
    "Floor": "A",
    "Number": 20,
    "UL1": 859,
    "UL2": 26,
    "Time": "11/24/2018 2:06:31 PM",
    "Measures": [
      {
        "devEui": "0018B200000023D8",
        "devAddr": "30014ACC",
        "time": "2018-11-24 14:06:21",
        "payload": "rxgaGQ5+TQY=",
        "sf": 12,
        "gwEui": "7276FF00390309F5",
        "gwName": "A02b",
        "gwRssi": -77,
        "devUplinkCounter": 26
      }
    ]
  },
  {
    "Floor": "A",
    "Number": 21,
    "UL1": 860,
    "UL2": 27,
    "Time": "11/24/2018 2:07:17 PM",
    "Measures": [
      {
        "devEui": "0018B200000023D8",
        "devAddr": "30014ACC",
        "time": "2018-11-24 14:06:58",
        "payload": "rxkbGg5/SgY=",
        "sf": 12,
        "gwEui": "7276FF00390309F5",
        "gwName": "A02b",
        "gwRssi": -93,
        "devUplinkCounter": 27
      }
    ]
  },
  {
    "Floor": "A",
    "Number": 22,
    "UL1": 862,
    "UL2": 28,
    "Time": "11/24/2018 2:08:50 PM",
    "Measures": [
      {
        "devEui": "0018B200000023D8",
        "devAddr": "30014ACC",
        "time": "2018-11-24 14:08:38",
        "payload": "rxgcGw6BVwc=",
        "sf": 12,
        "gwEui": "7276FF00390309F5",
        "gwName": "A02b",
        "gwRssi": -106,
        "devUplinkCounter": 28
      }
    ]
  },
  {
    "Floor": "A",
    "Number": 23,
    "UL1": 864,
    "UL2": 29,
    "Time": "11/24/2018 2:09:24 PM",
    "Measures": [
      {
        "devEui": "0018B200000023D8",
        "devAddr": "30014ACC",
        "time": "2018-11-24 14:09:13",
        "payload": "rxkdHA59YQc=",
        "sf": 12,
        "gwEui": "7276FF00390309F5",
        "gwName": "A02b",
        "gwRssi": -95,
        "devUplinkCounter": 29
      }
    ]
  },
  {
    "Floor": "A",
    "Number": 24,
    "UL1": 865,
    "UL2": 30,
    "Time": "11/24/2018 2:09:59 PM",
    "Measures": [
      {
        "devEui": "0018B200000023D8",
        "devAddr": "30014ACC",
        "time": "2018-11-24 14:09:38",
        "payload": "rxgeHQ5/Vwg=",
        "sf": 12,
        "gwEui": "7276FF00390309F5",
        "gwName": "A02b",
        "gwRssi": -82,
        "devUplinkCounter": 30
      }
    ]
  },
  {
    "Floor": "A",
    "Number": 25,
    "UL1": 867,
    "UL2": 32,
    "Time": "11/24/2018 2:10:33 PM",
    "Measures": [
      {
        "devEui": "0018B200000023D8",
        "devAddr": "30014ACC",
        "time": "2018-11-24 14:10:29",
        "payload": "rxggHw5/VAY=",
        "sf": 12,
        "gwEui": "7276FF003903097D",
        "gwName": "D60",
        "gwRssi": -113,
        "devUplinkCounter": 32
      },
      {
        "devEui": "0018B200000023D8",
        "devAddr": "30014ACC",
        "time": "2018-11-24 14:10:29",
        "payload": "rxggHw5/VAY=",
        "sf": 12,
        "gwEui": "7276FF00390309F5",
        "gwName": "A02b",
        "gwRssi": -93,
        "devUplinkCounter": 32
      }
    ]
  },
  {
    "Floor": "A",
    "Number": 26,
    "UL1": 869,
    "UL2": 33,
    "Time": "11/24/2018 2:12:48 PM",
    "Measures": [
      {
        "devEui": "0018B200000023D8",
        "devAddr": "30014ACC",
        "time": "2018-11-24 14:10:40",
        "payload": "rxghIA5/WAY=",
        "sf": 12,
        "gwEui": "7276FF00390309F5",
        "gwName": "A02b",
        "gwRssi": -116,
        "devUplinkCounter": 33
      }
    ]
  },
  {
    "Floor": "A",
    "Number": 27,
    "UL1": 871,
    "UL2": 34,
    "Time": "11/24/2018 2:12:54 PM",
    "Measures": [
      {
        "devEui": "0018B200000023D8",
        "devAddr": "30014ACC",
        "time": "2018-11-24 14:12:29",
        "payload": "rxgiIQ59VQg=",
        "sf": 12,
        "gwEui": "7276FF003903097D",
        "gwName": "D60",
        "gwRssi": -116,
        "devUplinkCounter": 34
      },
      {
        "devEui": "0018B200000023D8",
        "devAddr": "30014ACC",
        "time": "2018-11-24 14:12:29",
        "payload": "rxgiIQ59VQg=",
        "sf": 12,
        "gwEui": "7276FF00390309F5",
        "gwName": "A02b",
        "gwRssi": -116,
        "devUplinkCounter": 34
      }
    ]
  },
  {
    "Floor": "A",
    "Number": 28,
    "UL1": 873,
    "UL2": 35,
    "Time": "11/24/2018 2:13:16 PM",
    "Measures": [
      {
        "devEui": "0018B200000023D8",
        "devAddr": "30014ACC",
        "time": "2018-11-24 14:13:05",
        "payload": "rxgjIg5+Wgc=",
        "sf": 12,
        "gwEui": "7276FF00390309F5",
        "gwName": "A02b",
        "gwRssi": -105,
        "devUplinkCounter": 35
      }
    ]
  },
  {
    "Floor": "A",
    "Number": 29,
    "UL1": 875,
    "UL2": 36,
    "Time": "11/24/2018 2:13:45 PM",
    "Measures": [
      {
        "devEui": "0018B200000023D8",
        "devAddr": "30014ACC",
        "time": "2018-11-24 14:13:33",
        "payload": "rxkkIw59WQY=",
        "sf": 12,
        "gwEui": "7276FF00390309F5",
        "gwName": "A02b",
        "gwRssi": -93,
        "devUplinkCounter": 36
      }
    ]
  },
  {
    "Floor": "A",
    "Number": 30,
    "UL1": 876,
    "UL2": 37,
    "Time": "11/24/2018 2:14:13 PM",
    "Measures": [
      {
        "devEui": "0018B200000023D8",
        "devAddr": "30014ACC",
        "time": "2018-11-24 14:14:03",
        "payload": "rxglJA58WAc=",
        "sf": 12,
        "gwEui": "7276FF00390309F5",
        "gwName": "A02b",
        "gwRssi": -100,
        "devUplinkCounter": 37
      }
    ]
  },
  {
    "Floor": "A",
    "Number": 31,
    "UL1": 878,
    "UL2": 38,
    "Time": "11/24/2018 2:15:44 PM",
    "Measures": [
      {
        "devEui": "0018B200000023D8",
        "devAddr": "30014ACC",
        "time": "2018-11-24 14:15:28",
        "payload": "rxgmJQ5/VAc=",
        "sf": 12,
        "gwEui": "7276FF003903097D",
        "gwName": "D60",
        "gwRssi": -114,
        "devUplinkCounter": 38
      },
      {
        "devEui": "0018B200000023D8",
        "devAddr": "30014ACC",
        "time": "2018-11-24 14:15:28",
        "payload": "rxgmJQ5/VAc=",
        "sf": 12,
        "gwEui": "7276FF00390309F5",
        "gwName": "A02b",
        "gwRssi": -112,
        "devUplinkCounter": 38
      }
    ]
  },
  {
    "Floor": "A",
    "Number": 32,
    "UL1": 880,
    "UL2": 39,
    "Time": "11/24/2018 2:16:05 PM",
    "Measures": [
      {
        "devEui": "0018B200000023D8",
        "devAddr": "30014ACC",
        "time": "2018-11-24 14:15:53",
        "payload": "rxknJg5+VQY=",
        "sf": 12,
        "gwEui": "7276FF00390309F5",
        "gwName": "A02b",
        "gwRssi": -96,
        "devUplinkCounter": 39
      }
    ]
  },
  {
    "Floor": "A",
    "Number": 33,
    "UL1": 884,
    "UL2": 40,
    "Time": "11/24/2018 2:17:32 PM",
    "Measures": [
      {
        "devEui": "0018B200000023D8",
        "devAddr": "30014ACC",
        "time": "2018-11-24 14:17:14",
        "payload": "rxgoJw5/YwU=",
        "sf": 12,
        "gwEui": "7276FF00390309F5",
        "gwName": "A02b",
        "gwRssi": -111,
        "devUplinkCounter": 40
      }
    ]
  },
  {
    "Floor": "A",
    "Number": 34,
    "UL1": 885,
    "UL2": 41,
    "Time": "11/24/2018 2:17:47 PM",
    "Measures": [
      {
        "devEui": "0018B200000023D8",
        "devAddr": "30014ACC",
        "time": "2018-11-24 14:17:39",
        "payload": "rxgpKA59YQY=",
        "sf": 12,
        "gwEui": "7276FF00390309F5",
        "gwName": "A02b",
        "gwRssi": -104,
        "devUplinkCounter": 41
      }
    ]
  },
  {
    "Floor": "A",
    "Number": 35,
    "UL1": 888,
    "UL2": 42,
    "Time": "11/24/2018 2:18:14 PM",
    "Measures": [
      {
        "devEui": "0018B200000023D8",
        "devAddr": "30014ACC",
        "time": "2018-11-24 14:17:56",
        "payload": "rxgqKQ59ZgU=",
        "sf": 12,
        "gwEui": "7276FF00390309F5",
        "gwName": "A02b",
        "gwRssi": -107,
        "devUplinkCounter": 42
      }
    ]
  },
  {
    "Floor": "A",
    "Number": 36,
    "UL1": 889,
    "UL2": 43,
    "Time": "11/24/2018 2:19:29 PM",
    "Measures": [
      {
        "devEui": "0018B200000023D8",
        "devAddr": "30014ACC",
        "time": "2018-11-24 14:17:48",
        "payload": "rxkrKg5+WQY=",
        "sf": 12,
        "gwEui": "7276FF00390309F5",
        "gwName": "A02b",
        "gwRssi": -115,
        "devUplinkCounter": 43
      }
    ]
  },
  {
    "Floor": "A",
    "Number": 37,
    "UL1": 892,
    "UL2": 44,
    "Time": "11/24/2018 2:20:07 PM",
    "Measures": [
      {
        "devEui": "0018B200000023D8",
        "devAddr": "30014ACC",
        "time": "2018-11-24 14:19:43",
        "payload": "rxksKw59Wgc=",
        "sf": 12,
        "gwEui": "7276FF00390309F5",
        "gwName": "A02b",
        "gwRssi": -118,
        "devUplinkCounter": 44
      },
      {
        "devEui": "0018B200000023D8",
        "devAddr": "30014ACC",
        "time": "2018-11-24 14:19:43",
        "payload": "rxksKw59Wgc=",
        "sf": 12,
        "gwEui": "7276FF003903097D",
        "gwName": "D60",
        "gwRssi": -114,
        "devUplinkCounter": 44
      }
    ]
  },
  {
    "Floor": "A",
    "Number": 38,
    "UL1": 893,
    "UL2": 45,
    "Time": "11/24/2018 2:20:27 PM",
    "Measures": [
      {
        "devEui": "0018B200000023D8",
        "devAddr": "30014ACC",
        "time": "2018-11-24 14:20:19",
        "payload": "rxgtLA57WQQ=",
        "sf": 12,
        "gwEui": "7276FF00390309F5",
        "gwName": "A02b",
        "gwRssi": -117,
        "devUplinkCounter": 45
      }
    ]
  },
  {
    "Floor": "A",
    "Number": 39,
    "UL1": 894,
    "UL2": 46,
    "Time": "11/24/2018 2:20:49 PM",
    "Measures": [
      {
        "devEui": "0018B200000023D8",
        "devAddr": "30014ACC",
        "time": "2018-11-24 14:20:38",
        "payload": "rxkuLQ57YwY=",
        "sf": 12,
        "gwEui": "7276FF00390309F5",
        "gwName": "A02b",
        "gwRssi": -94,
        "devUplinkCounter": 46
      }
    ]
  },
  {
    "Floor": "A",
    "Number": 40,
    "UL1": 895,
    "UL2": 47,
    "Time": "11/24/2018 2:21:07 PM",
    "Measures": [
      {
        "devEui": "0018B200000023D8",
        "devAddr": "30014ACC",
        "time": "2018-11-24 14:21:00",
        "payload": "rxkvLg58XwY=",
        "sf": 12,
        "gwEui": "7276FF00390309F5",
        "gwName": "A02b",
        "gwRssi": -116,
        "devUplinkCounter": 47
      }
    ]
  },
  {
    "Floor": "A",
    "Number": 46,
    "UL1": 897,
    "UL2": 48,
    "Time": "11/24/2018 2:23:07 PM",
    "Measures": [
      {
        "devEui": "0018B200000023D8",
        "devAddr": "30014ACC",
        "time": "2018-11-24 14:22:20",
        "payload": "rxkwLw5/YwU=",
        "sf": 12,
        "gwEui": "7276FF00390309F5",
        "gwName": "A02b",
        "gwRssi": -102,
        "devUplinkCounter": 48
      },
      {
        "devEui": "0018B200000023D8",
        "devAddr": "30014ACC",
        "time": "2018-11-24 14:22:20",
        "payload": "rxkwLw5/YwU=",
        "sf": 12,
        "gwEui": "7276FF0039030950",
        "gwName": "B40",
        "gwRssi": -105,
        "devUplinkCounter": 48
      }
    ]
  },
  {
    "Floor": "A",
    "Number": 47,
    "UL1": 898,
    "UL2": 49,
    "Time": "11/24/2018 2:23:21 PM",
    "Measures": [
      {
        "devEui": "0018B200000023D8",
        "devAddr": "30014ACC",
        "time": "2018-11-24 14:22:37",
        "payload": "rxkxMA58XAc=",
        "sf": 12,
        "gwEui": "7276FF00390309F5",
        "gwName": "A02b",
        "gwRssi": -105,
        "devUplinkCounter": 49
      },
      {
        "devEui": "0018B200000023D8",
        "devAddr": "30014ACC",
        "time": "2018-11-24 14:22:37",
        "payload": "rxkxMA58XAc=",
        "sf": 12,
        "gwEui": "7276FF0039030950",
        "gwName": "B40",
        "gwRssi": -107,
        "devUplinkCounter": 49
      }
    ]
  },
  {
    "Floor": "A",
    "Number": 48,
    "UL1": 899,
    "UL2": 50,
    "Time": "11/24/2018 2:24:11 PM",
    "Measures": [
      {
        "devEui": "0018B200000023D8",
        "devAddr": "30014ACC",
        "time": "2018-11-24 14:23:06",
        "payload": "rxkyMQ59YwU=",
        "sf": 12,
        "gwEui": "7276FF0039030950",
        "gwName": "B40",
        "gwRssi": -107,
        "devUplinkCounter": 50
      },
      {
        "devEui": "0018B200000023D8",
        "devAddr": "30014ACC",
        "time": "2018-11-24 14:23:06",
        "payload": "rxkyMQ59YwU=",
        "sf": 12,
        "gwEui": "7276FF00390309F5",
        "gwName": "A02b",
        "gwRssi": -103,
        "devUplinkCounter": 50
      }
    ]
  },
  {
    "Floor": "A",
    "Number": 49,
    "UL1": 900,
    "UL2": 51,
    "Time": "11/24/2018 2:24:13 PM",
    "Measures": [
      {
        "devEui": "0018B200000023D8",
        "devAddr": "30014ACC",
        "time": "2018-11-24 14:23:17",
        "payload": "rxkzMg58aAY=",
        "sf": 12,
        "gwEui": "7276FF00390309F5",
        "gwName": "A02b",
        "gwRssi": -116,
        "devUplinkCounter": 51
      },
      {
        "devEui": "0018B200000023D8",
        "devAddr": "30014ACC",
        "time": "2018-11-24 14:23:17",
        "payload": "rxkzMg58aAY=",
        "sf": 12,
        "gwEui": "7276FF0039030950",
        "gwName": "B40",
        "gwRssi": -106,
        "devUplinkCounter": 51
      }
    ]
  },
  {
    "Floor": "A",
    "Number": 50,
    "UL1": 901,
    "UL2": 52,
    "Time": "11/24/2018 2:24:37 PM",
    "Measures": [
      {
        "devEui": "0018B200000023D8",
        "devAddr": "30014ACC",
        "time": "2018-11-24 14:24:27",
        "payload": "rxk0Mw58cwM=",
        "sf": 12,
        "gwEui": "7276FF00390309F5",
        "gwName": "A02b",
        "gwRssi": -112,
        "devUplinkCounter": 52
      },
      {
        "devEui": "0018B200000023D8",
        "devAddr": "30014ACC",
        "time": "2018-11-24 14:24:27",
        "payload": "rxk0Mw58cwM=",
        "sf": 12,
        "gwEui": "7276FF0039030950",
        "gwName": "B40",
        "gwRssi": -107,
        "devUplinkCounter": 52
      }
    ]
  },
  {
    "Floor": "A",
    "Number": 51,
    "UL1": 902,
    "UL2": 53,
    "Time": "11/24/2018 2:30:26 PM",
    "Measures": [
      {
        "devEui": "0018B200000023D8",
        "devAddr": "30014ACC",
        "time": "2018-11-24 14:29:41",
        "payload": "rxk1NA58cAE=",
        "sf": 12,
        "gwEui": "7276FF00390309F5",
        "gwName": "A02b",
        "gwRssi": -94,
        "devUplinkCounter": 53
      },
      {
        "devEui": "0018B200000023D8",
        "devAddr": "30014ACC",
        "time": "2018-11-24 14:29:41",
        "payload": "rxk1NA58cAE=",
        "sf": 12,
        "gwEui": "7276FF0039030950",
        "gwName": "B40",
        "gwRssi": -106,
        "devUplinkCounter": 53
      }
    ]
  },
  {
    "Floor": "A",
    "Number": 52,
    "UL1": 903,
    "UL2": 54,
    "Time": "11/24/2018 2:30:53 PM",
    "Measures": [
      {
        "devEui": "0018B200000023D8",
        "devAddr": "30014ACC",
        "time": "2018-11-24 14:30:41",
        "payload": "rxo2NQ58YAY=",
        "sf": 12,
        "gwEui": "7276FF00390309F5",
        "gwName": "A02b",
        "gwRssi": -102,
        "devUplinkCounter": 54
      }
    ]
  },
  {
    "Floor": "A",
    "Number": 53,
    "UL1": 906,
    "UL2": 55,
    "Time": "11/24/2018 2:32:23 PM",
    "Measures": [
      {
        "devEui": "0018B200000023D8",
        "devAddr": "30014ACC",
        "time": "2018-11-24 14:31:59",
        "payload": "rxo3Ng59YAY=",
        "sf": 12,
        "gwEui": "7276FF00390309F5",
        "gwName": "A02b",
        "gwRssi": -83,
        "devUplinkCounter": 55
      }
    ]
  },
  {
    "Floor": "A",
    "Number": 54,
    "UL1": 907,
    "UL2": 56,
    "Time": "11/24/2018 2:32:52 PM",
    "Measures": [
      {
        "devEui": "0018B200000023D8",
        "devAddr": "30014ACC",
        "time": "2018-11-24 14:32:38",
        "payload": "rxo4Nw59UgU=",
        "sf": 12,
        "gwEui": "7276FF00390309F5",
        "gwName": "A02b",
        "gwRssi": -113,
        "devUplinkCounter": 56
      }
    ]
  },
  {
    "Floor": "A",
    "Number": 55,
    "UL1": 909,
    "UL2": 57,
    "Time": "11/24/2018 2:33:30 PM",
    "Measures": [
      {
        "devEui": "0018B200000023D8",
        "devAddr": "30014ACC",
        "time": "2018-11-24 14:33:09",
        "payload": "rxo5OA59bAU=",
        "sf": 12,
        "gwEui": "7276FF00390309F5",
        "gwName": "A02b",
        "gwRssi": -92,
        "devUplinkCounter": 57
      }
    ]
  },
  {
    "Floor": "A",
    "Number": 56,
    "UL1": 911,
    "UL2": 58,
    "Time": "11/24/2018 2:34:56 PM",
    "Measures": [
      {
        "devEui": "0018B200000023D8",
        "devAddr": "30014ACC",
        "time": "2018-11-24 14:34:49",
        "payload": "rxk6OQ57VAY=",
        "sf": 12,
        "gwEui": "7276FF00390309F5",
        "gwName": "A02b",
        "gwRssi": -83,
        "devUplinkCounter": 58
      }
    ]
  },
  {
    "Floor": "A",
    "Number": 57,
    "UL1": 912,
    "UL2": 59,
    "Time": "11/24/2018 2:35:22 PM",
    "Measures": [
      {
        "devEui": "0018B200000023D8",
        "devAddr": "30014ACC",
        "time": "2018-11-24 14:35:11",
        "payload": "rxo7Og59Uwc=",
        "sf": 12,
        "gwEui": "7276FF00390309F5",
        "gwName": "A02b",
        "gwRssi": -90,
        "devUplinkCounter": 59
      }
    ]
  },
  {
    "Floor": "A",
    "Number": 58,
    "UL1": 913,
    "UL2": 60,
    "Time": "11/24/2018 2:35:54 PM",
    "Measures": [
      {
        "devEui": "0018B200000023D8",
        "devAddr": "30014ACC",
        "time": "2018-11-24 14:35:40",
        "payload": "rxk8Ow59Ugc=",
        "sf": 12,
        "gwEui": "7276FF00390309F5",
        "gwName": "A02b",
        "gwRssi": -88,
        "devUplinkCounter": 60
      }
    ]
  },
  {
    "Floor": "A",
    "Number": 60,
    "UL1": 914,
    "UL2": 61,
    "Time": "11/24/2018 2:36:48 PM",
    "Measures": [
      {
        "devEui": "0018B200000023D8",
        "devAddr": "30014ACC",
        "time": "2018-11-24 14:36:40",
        "payload": "rxk9PA58VQc=",
        "sf": 12,
        "gwEui": "7276FF00390309F5",
        "gwName": "A02b",
        "gwRssi": -96,
        "devUplinkCounter": 61
      }
    ]
  },
  {
    "Floor": "A",
    "Number": 66,
    "UL1": 915,
    "UL2": 62,
    "Time": "11/24/2018 2:38:58 PM",
    "Measures": [
      {
        "devEui": "0018B200000023D8",
        "devAddr": "30014ACC",
        "time": "2018-11-24 14:38:40",
        "payload": "rxk+PQ58WgU=",
        "sf": 12,
        "gwEui": "7276FF00390309F5",
        "gwName": "A02b",
        "gwRssi": -93,
        "devUplinkCounter": 62
      }
    ]
  },
  {
    "Floor": "A",
    "Number": 67,
    "UL1": 916,
    "UL2": 63,
    "Time": "11/24/2018 2:39:18 PM",
    "Measures": [
      {
        "devEui": "0018B200000023D8",
        "devAddr": "30014ACC",
        "time": "2018-11-24 14:39:11",
        "payload": "rxk/Pg57VQc=",
        "sf": 12,
        "gwEui": "7276FF00390309F5",
        "gwName": "A02b",
        "gwRssi": -75,
        "devUplinkCounter": 63
      }
    ]
  },
  {
    "Floor": "A",
    "Number": 70,
    "UL1": 917,
    "UL2": 64,
    "Time": "11/24/2018 2:40:22 PM",
    "Measures": [
      {
        "devEui": "0018B200000023D8",
        "devAddr": "30014ACC",
        "time": "2018-11-24 14:39:44",
        "payload": "rxlAPw59Rgc=",
        "sf": 12,
        "gwEui": "7276FF00390309F5",
        "gwName": "A02b",
        "gwRssi": -76,
        "devUplinkCounter": 64
      }
    ]
  },
  {
    "Floor": "A",
    "Number": 71,
    "UL1": 918,
    "UL2": 65,
    "Time": "11/24/2018 2:42:22 PM",
    "Measures": [
      {
        "devEui": "0018B200000023D8",
        "devAddr": "30014ACC",
        "time": "2018-11-24 14:41:53",
        "payload": "rxlBQA58Sgg=",
        "sf": 12,
        "gwEui": "7276FF00390309F5",
        "gwName": "A02b",
        "gwRssi": -72,
        "devUplinkCounter": 65
      }
    ]
  },
  {
    "Floor": "A",
    "Number": 72,
    "UL1": 919,
    "UL2": 66,
    "Time": "11/24/2018 2:42:22 PM",
    "Measures": [
      {
        "devEui": "0018B200000023D8",
        "devAddr": "30014ACC",
        "time": "2018-11-24 14:42:04",
        "payload": "rxpCQQ58QQY=",
        "sf": 12,
        "gwEui": "7276FF00390309F5",
        "gwName": "A02b",
        "gwRssi": -71,
        "devUplinkCounter": 66
      }
    ]
  },
  {
    "Floor": "A",
    "Number": 73,
    "UL1": 920,
    "UL2": 67,
    "Time": "11/24/2018 2:43:02 PM",
    "Measures": [
      {
        "devEui": "0018B200000023D8",
        "devAddr": "30014ACC",
        "time": "2018-11-24 14:42:49",
        "payload": "rxlDQg58RgY=",
        "sf": 12,
        "gwEui": "7276FF003903097D",
        "gwName": "D60",
        "gwRssi": -116,
        "devUplinkCounter": 67
      },
      {
        "devEui": "0018B200000023D8",
        "devAddr": "30014ACC",
        "time": "2018-11-24 14:42:49",
        "payload": "rxlDQg58RgY=",
        "sf": 12,
        "gwEui": "7276FF00390309F5",
        "gwName": "A02b",
        "gwRssi": -47,
        "devUplinkCounter": 67
      }
    ]
  },
  {
    "Floor": "A",
    "Number": 74,
    "UL1": 921,
    "UL2": 68,
    "Time": "11/24/2018 2:44:46 PM",
    "Measures": [
      {
        "devEui": "0018B200000023D8",
        "devAddr": "30014ACC",
        "time": "2018-11-24 14:44:17",
        "payload": "rxlEQw58MAc=",
        "sf": 12,
        "gwEui": "7276FF00390309F5",
        "gwName": "A02b",
        "gwRssi": -59,
        "devUplinkCounter": 68
      }
    ]
  },
  {
    "Floor": "A",
    "Number": 75,
    "UL1": 922,
    "UL2": 69,
    "Time": "11/24/2018 2:45:18 PM",
    "Measures": [
      {
        "devEui": "0018B200000023D8",
        "devAddr": "30014ACC",
        "time": "2018-11-24 14:44:30",
        "payload": "rxlFRA55OgY=",
        "sf": 12,
        "gwEui": "7276FF00390309F5",
        "gwName": "A02b",
        "gwRssi": -62,
        "devUplinkCounter": 69
      }
    ]
  },
  {
    "Floor": "A",
    "Number": 76,
    "UL1": 923,
    "UL2": 70,
    "Time": "11/24/2018 2:46:01 PM",
    "Measures": [
      {
        "devEui": "0018B200000023D8",
        "devAddr": "30014ACC",
        "time": "2018-11-24 14:45:40",
        "payload": "rxlGRQ58QAU=",
        "sf": 12,
        "gwEui": "7276FF003903097D",
        "gwName": "D60",
        "gwRssi": -106,
        "devUplinkCounter": 70
      },
      {
        "devEui": "0018B200000023D8",
        "devAddr": "30014ACC",
        "time": "2018-11-24 14:45:40",
        "payload": "rxlGRQ58QAU=",
        "sf": 12,
        "gwEui": "7276FF00390309F5",
        "gwName": "A02b",
        "gwRssi": -70,
        "devUplinkCounter": 70
      }
    ]
  },
  {
    "Floor": "A",
    "Number": 77,
    "UL1": 924,
    "UL2": 71,
    "Time": "11/24/2018 2:46:01 PM",
    "Measures": [
      {
        "devEui": "0018B200000023D8",
        "devAddr": "30014ACC",
        "time": "2018-11-24 14:45:53",
        "payload": "rxlHRg56QAY=",
        "sf": 12,
        "gwEui": "7276FF003903097D",
        "gwName": "D60",
        "gwRssi": -113,
        "devUplinkCounter": 71
      },
      {
        "devEui": "0018B200000023D8",
        "devAddr": "30014ACC",
        "time": "2018-11-24 14:45:53",
        "payload": "rxlHRg56QAY=",
        "sf": 12,
        "gwEui": "7276FF00390309F5",
        "gwName": "A02b",
        "gwRssi": -42,
        "devUplinkCounter": 71
      }
    ]
  },
  {
    "Floor": "A",
    "Number": 78,
    "UL1": 925,
    "UL2": 72,
    "Time": "11/24/2018 2:46:40 PM",
    "Measures": [
      {
        "devEui": "0018B200000023D8",
        "devAddr": "30014ACC",
        "time": "2018-11-24 14:46:19",
        "payload": "rxlIRw58LAY=",
        "sf": 12,
        "gwEui": "7276FF00390309F5",
        "gwName": "A02b",
        "gwRssi": -32,
        "devUplinkCounter": 72
      },
      {
        "devEui": "0018B200000023D8",
        "devAddr": "30014ACC",
        "time": "2018-11-24 14:46:19",
        "payload": "rxlIRw58LAY=",
        "sf": 12,
        "gwEui": "7276FF003903097D",
        "gwName": "D60",
        "gwRssi": -112,
        "devUplinkCounter": 72
      }
    ]
  },
  {
    "Floor": "A",
    "Number": 79,
    "UL1": 926,
    "UL2": 73,
    "Time": "11/24/2018 2:46:40 PM",
    "Measures": [
      {
        "devEui": "0018B200000023D8",
        "devAddr": "30014ACC",
        "time": "2018-11-24 14:46:31",
        "payload": "rxlJSA55IwM=",
        "sf": 12,
        "gwEui": "7276FF00390309F5",
        "gwName": "A02b",
        "gwRssi": -43,
        "devUplinkCounter": 73
      }
    ]
  },
  {
    "Floor": "A",
    "Number": 80,
    "UL1": 927,
    "UL2": 74,
    "Time": "11/24/2018 2:47:06 PM",
    "Measures": [
      {
        "devEui": "0018B200000023D8",
        "devAddr": "30014ACC",
        "time": "2018-11-24 14:46:57",
        "payload": "rxlKSQ58MQY=",
        "sf": 12,
        "gwEui": "7276FF00390309F5",
        "gwName": "A02b",
        "gwRssi": -47,
        "devUplinkCounter": 74
      }
    ]
  },
  {
    "Floor": "A",
    "Number": 85,
    "UL1": 928,
    "UL2": 75,
    "Time": "11/24/2018 2:48:11 PM",
    "Measures": [
      {
        "devEui": "0018B200000023D8",
        "devAddr": "30014ACC",
        "time": "2018-11-24 14:47:53",
        "payload": "rxlLSg57LwY=",
        "sf": 12,
        "gwEui": "7276FF003903097D",
        "gwName": "D60",
        "gwRssi": -114,
        "devUplinkCounter": 75
      },
      {
        "devEui": "0018B200000023D8",
        "devAddr": "30014ACC",
        "time": "2018-11-24 14:47:53",
        "payload": "rxlLSg57LwY=",
        "sf": 12,
        "gwEui": "7276FF00390309F5",
        "gwName": "A02b",
        "gwRssi": -8,
        "devUplinkCounter": 75
      }
    ]
  },
  {
    "Floor": "A",
    "Number": 86,
    "UL1": 929,
    "UL2": 76,
    "Time": "11/24/2018 2:49:03 PM",
    "Measures": [
      {
        "devEui": "0018B200000023D8",
        "devAddr": "30014ACC",
        "time": "2018-11-24 14:48:54",
        "payload": "rxlMSw57KAU=",
        "sf": 12,
        "gwEui": "7276FF00390309F5",
        "gwName": "A02b",
        "gwRssi": -54,
        "devUplinkCounter": 76
      }
    ]
  },
  {
    "Floor": "A",
    "Number": 87,
    "UL1": 930,
    "UL2": 77,
    "Time": "11/24/2018 2:49:22 PM",
    "Measures": [
      {
        "devEui": "0018B200000023D8",
        "devAddr": "30014ACC",
        "time": "2018-11-24 14:49:17",
        "payload": "rxlNTA57Ngc=",
        "sf": 12,
        "gwEui": "7276FF003903097D",
        "gwName": "D60",
        "gwRssi": -114,
        "devUplinkCounter": 77
      },
      {
        "devEui": "0018B200000023D8",
        "devAddr": "30014ACC",
        "time": "2018-11-24 14:49:17",
        "payload": "rxlNTA57Ngc=",
        "sf": 12,
        "gwEui": "7276FF00390309F5",
        "gwName": "A02b",
        "gwRssi": -57,
        "devUplinkCounter": 77
      }
    ]
  },
  {
    "Floor": "A",
    "Number": 88,
    "UL1": 931,
    "UL2": 78,
    "Time": "11/24/2018 2:51:36 PM",
    "Measures": [
      {
        "devEui": "0018B200000023D8",
        "devAddr": "30014ACC",
        "time": "2018-11-24 14:48:22",
        "payload": "rxhOTQ57NAc=",
        "sf": 12,
        "gwEui": "7276FF00390309F5",
        "gwName": "A02b",
        "gwRssi": -61,
        "devUplinkCounter": 78
      }
    ]
  },
  {
    "Floor": "A",
    "Number": 89,
    "UL1": 932,
    "UL2": 79,
    "Time": "11/24/2018 2:51:37 PM",
    "Measures": [
      {
        "devEui": "0018B200000023D8",
        "devAddr": "30014ACC",
        "time": "2018-11-24 14:50:14",
        "payload": "rxhPTg55PQY=",
        "sf": 12,
        "gwEui": "7276FF00390309F5",
        "gwName": "A02b",
        "gwRssi": -78,
        "devUplinkCounter": 79
      },
      {
        "devEui": "0018B200000023D8",
        "devAddr": "30014ACC",
        "time": "2018-11-24 14:50:14",
        "payload": "rxhPTg55PQY=",
        "sf": 12,
        "gwEui": "7276FF003903097D",
        "gwName": "D60",
        "gwRssi": -114,
        "devUplinkCounter": 79
      }
    ]
  },
  {
    "Floor": "A",
    "Number": 90,
    "UL1": 933,
    "UL2": 80,
    "Time": "11/24/2018 2:51:38 PM",
    "Measures": [
      {
        "devEui": "0018B200000023D8",
        "devAddr": "30014ACC",
        "time": "2018-11-24 14:50:33",
        "payload": "rxlQTw58TQc=",
        "sf": 12,
        "gwEui": "7276FF00390309F5",
        "gwName": "A02b",
        "gwRssi": -83,
        "devUplinkCounter": 80
      }
    ]
  },
  {
    "Floor": "A",
    "Number": 91,
    "UL1": 934,
    "UL2": 81,
    "Time": "11/24/2018 2:51:39 PM",
    "Measures": [
      {
        "devEui": "0018B200000023D8",
        "devAddr": "30014ACC",
        "time": "2018-11-24 14:49:21",
        "payload": "rxlRUA56UgY=",
        "sf": 12,
        "gwEui": "7276FF00390309F5",
        "gwName": "A02b",
        "gwRssi": -85,
        "devUplinkCounter": 81
      }
    ]
  },
  {
    "Floor": "A",
    "Number": 92,
    "UL1": 935,
    "UL2": 82,
    "Time": "11/24/2018 2:54:12 PM",
    "Measures": [
      {
        "devEui": "0018B200000023D8",
        "devAddr": "30014ACC",
        "time": "2018-11-24 14:52:44",
        "payload": "rxlSUQ56WAc=",
        "sf": 12,
        "gwEui": "7276FF00390309F5",
        "gwName": "A02b",
        "gwRssi": -104,
        "devUplinkCounter": 82
      },
      {
        "devEui": "0018B200000023D8",
        "devAddr": "30014ACC",
        "time": "2018-11-24 14:52:44",
        "payload": "rxlSUQ56WAc=",
        "sf": 12,
        "gwEui": "7276FF003903094E",
        "gwName": "K01a",
        "gwRssi": -108,
        "devUplinkCounter": 82
      }
    ]
  },
  {
    "Floor": "A",
    "Number": 93,
    "UL1": 936,
    "UL2": 83,
    "Time": "11/24/2018 2:54:13 PM",
    "Measures": [
      {
        "devEui": "0018B200000023D8",
        "devAddr": "30014ACC",
        "time": "2018-11-24 14:53:59",
        "payload": "rxlTUg57WAY=",
        "sf": 12,
        "gwEui": "7276FF003903097C",
        "gwName": "C22",
        "gwRssi": -112,
        "devUplinkCounter": 83
      },
      {
        "devEui": "0018B200000023D8",
        "devAddr": "30014ACC",
        "time": "2018-11-24 14:53:59",
        "payload": "rxlTUg57WAY=",
        "sf": 12,
        "gwEui": "7276FF0039030950",
        "gwName": "B40",
        "gwRssi": -106,
        "devUplinkCounter": 83
      },
      {
        "devEui": "0018B200000023D8",
        "devAddr": "30014ACC",
        "time": "2018-11-24 14:53:59",
        "payload": "rxlTUg57WAY=",
        "sf": 12,
        "gwEui": "7276FF00390309F5",
        "gwName": "A02b",
        "gwRssi": -106,
        "devUplinkCounter": 83
      }
    ]
  },
  {
    "Floor": "A",
    "Number": 94,
    "UL1": 937,
    "UL2": 84,
    "Time": "11/24/2018 2:55:25 PM",
    "Measures": [
      {
        "devEui": "0018B200000023D8",
        "devAddr": "30014ACC",
        "time": "2018-11-24 14:53:19",
        "payload": "rxhUUw58bAU=",
        "sf": 12,
        "gwEui": "7276FF00390309F5",
        "gwName": "A02b",
        "gwRssi": -116,
        "devUplinkCounter": 84
      }
    ]
  },
  {
    "Floor": "A",
    "Number": 95,
    "UL1": 938,
    "UL2": 85,
    "Time": "11/24/2018 2:55:25 PM",
    "Measures": [
      {
        "devEui": "0018B200000023D8",
        "devAddr": "30014ACC",
        "time": "2018-11-24 14:55:07",
        "payload": "rxhVVA56YQc=",
        "sf": 12,
        "gwEui": "7276FF003903097D",
        "gwName": "D60",
        "gwRssi": -114,
        "devUplinkCounter": 85
      },
      {
        "devEui": "0018B200000023D8",
        "devAddr": "30014ACC",
        "time": "2018-11-24 14:55:07",
        "payload": "rxhVVA56YQc=",
        "sf": 12,
        "gwEui": "7276FF00390309F5",
        "gwName": "A02b",
        "gwRssi": -117,
        "devUplinkCounter": 85
      }
    ]
  },
  {
    "Floor": "A",
    "Number": 96,
    "UL1": 940,
    "UL2": 86,
    "Time": "11/24/2018 2:57:05 PM",
    "Measures": [
      {
        "devEui": "0018B200000023D8",
        "devAddr": "30014ACC",
        "time": "2018-11-24 14:54:43",
        "payload": "rxhWVQ58YAc=",
        "sf": 12,
        "gwEui": "7276FF00390309F5",
        "gwName": "A02b",
        "gwRssi": -117,
        "devUplinkCounter": 86
      }
    ]
  },
  {
    "Floor": "A",
    "Number": 97,
    "UL1": 943,
    "UL2": 87,
    "Time": "11/24/2018 2:57:11 PM",
    "Measures": [
      {
        "devEui": "0018B200000023D8",
        "devAddr": "30014ACC",
        "time": "2018-11-24 14:56:35",
        "payload": "rxhXVg56cv8=",
        "sf": 12,
        "gwEui": "7276FF00390309F5",
        "gwName": "A02b",
        "gwRssi": -112,
        "devUplinkCounter": 87
      },
      {
        "devEui": "0018B200000023D8",
        "devAddr": "30014ACC",
        "time": "2018-11-24 14:56:35",
        "payload": "rxhXVg56cv8=",
        "sf": 12,
        "gwEui": "7276FF0039030950",
        "gwName": "B40",
        "gwRssi": -106,
        "devUplinkCounter": 87
      },
      {
        "devEui": "0018B200000023D8",
        "devAddr": "30014ACC",
        "time": "2018-11-24 14:56:35",
        "payload": "rxhXVg56cv8=",
        "sf": 12,
        "gwEui": "7276FF0039030977",
        "gwName": "H06",
        "gwRssi": -113,
        "devUplinkCounter": 87
      }
    ]
  },
  {
    "Floor": "A",
    "Number": 98,
    "UL1": 944,
    "UL2": 88,
    "Time": "11/24/2018 2:57:34 PM",
    "Measures": [
      {
        "devEui": "0018B200000023D8",
        "devAddr": "30014ACC",
        "time": "2018-11-24 14:56:48",
        "payload": "rxhYVw58Wgg=",
        "sf": 12,
        "gwEui": "7276FF00390309F5",
        "gwName": "A02b",
        "gwRssi": -117,
        "devUplinkCounter": 88
      }
    ]
  },
  {
    "Floor": "A",
    "Number": 118,
    "UL1": 945,
    "UL2": 89,
    "Time": "11/24/2018 3:00:04 PM",
    "Measures": []
  },
  {
    "Floor": "A",
    "Number": 119,
    "UL1": 946,
    "UL2": 90,
    "Time": "11/24/2018 3:00:05 PM",
    "Measures": []
  },
  {
    "Floor": "A",
    "Number": 120,
    "UL1": 947,
    "UL2": 91,
    "Time": "11/24/2018 3:00:23 PM",
    "Measures": [
      {
        "devEui": "0018B200000023D8",
        "devAddr": "30014ACC",
        "time": "2018-11-24 15:00:18",
        "payload": "rxhbWg58Zgc=",
        "sf": 12,
        "gwEui": "7276FF00390309F5",
        "gwName": "A02b",
        "gwRssi": -98,
        "devUplinkCounter": 91
      },
      {
        "devEui": "0018B200000023D8",
        "devAddr": "30014ACC",
        "time": "2018-11-24 15:00:18",
        "payload": "rxhbWg58Zgc=",
        "sf": 12,
        "gwEui": "7276FF0039030950",
        "gwName": "B40",
        "gwRssi": -107,
        "devUplinkCounter": 91
      }
    ]
  }
]