﻿[
  {
    "Floor": "E",
    "Number": 1,
    "UL1": 1571,
    "UL2": 9,
    "Time": "11/26/2018 3:10:53 PM",
    "Measures": [
      {
        "devEui": "0018B200000023E6",
        "devAddr": "30014AE9",
        "time": "2018-11-26 15:10:40",
        "payload": "rxYjIA63RQc=",
        "sf": 7,
        "gwEui": "7276FF0039030977",
        "gwName": "H06",
        "gwRssi": -110,
        "devUplinkCounter": 35
      },
      {
        "devEui": "0018B200000023E6",
        "devAddr": "30014AE9",
        "time": "2018-11-26 15:10:40",
        "payload": "rxYjIA63RQc=",
        "sf": 7,
        "gwEui": "7276FF003903097D",
        "gwName": "D60",
        "gwRssi": -92,
        "devUplinkCounter": 35
      },
      {
        "devEui": "0018B200000023E6",
        "devAddr": "30014AE9",
        "time": "2018-11-26 15:10:40",
        "payload": "rxYjIA63RQc=",
        "sf": 7,
        "gwEui": "7276FF003903094F",
        "gwName": "F07",
        "gwRssi": -105,
        "devUplinkCounter": 35
      },
      {
        "devEui": "0018B200000023E6",
        "devAddr": "30014AE9",
        "time": "2018-11-26 15:10:40",
        "payload": "rxYjIA63RQc=",
        "sf": 7,
        "gwEui": "7276FF0039030A01",
        "gwName": "Loge",
        "gwRssi": -106,
        "devUplinkCounter": 35
      }
    ]
  },
  {
    "Floor": "E",
    "Number": 50,
    "UL1": 1572,
    "UL2": 10,
    "Time": "11/26/2018 3:11:53 PM",
    "Measures": [
      {
        "devEui": "0018B200000023E6",
        "devAddr": "30014AE9",
        "time": "2018-11-26 15:11:45",
        "payload": "rxYkIQ61Sgc=",
        "sf": 7,
        "gwEui": "7276FF0039030977",
        "gwName": "H06",
        "gwRssi": -102,
        "devUplinkCounter": 36
      },
      {
        "devEui": "0018B200000023E6",
        "devAddr": "30014AE9",
        "time": "2018-11-26 15:11:45",
        "payload": "rxYkIQ61Sgc=",
        "sf": 7,
        "gwEui": "7276FF003903094F",
        "gwName": "F07",
        "gwRssi": -87,
        "devUplinkCounter": 36
      },
      {
        "devEui": "0018B200000023E6",
        "devAddr": "30014AE9",
        "time": "2018-11-26 15:11:45",
        "payload": "rxYkIQ61Sgc=",
        "sf": 7,
        "gwEui": "7276FF003903094E",
        "gwName": "K01a",
        "gwRssi": -104,
        "devUplinkCounter": 36
      },
      {
        "devEui": "0018B200000023E6",
        "devAddr": "30014AE9",
        "time": "2018-11-26 15:11:45",
        "payload": "rxYkIQ61Sgc=",
        "sf": 7,
        "gwEui": "7276FF003903097D",
        "gwName": "D60",
        "gwRssi": -110,
        "devUplinkCounter": 36
      }
    ]
  },
  {
    "Floor": "E",
    "Number": 51,
    "UL1": 1573,
    "UL2": 11,
    "Time": "11/26/2018 3:12:26 PM",
    "Measures": [
      {
        "devEui": "0018B200000023E6",
        "devAddr": "30014AE9",
        "time": "2018-11-26 15:12:15",
        "payload": "rxclIg60RgU=",
        "sf": 7,
        "gwEui": "7276FF003903094E",
        "gwName": "K01a",
        "gwRssi": -101,
        "devUplinkCounter": 37
      },
      {
        "devEui": "0018B200000023E6",
        "devAddr": "30014AE9",
        "time": "2018-11-26 15:12:15",
        "payload": "rxclIg60RgU=",
        "sf": 7,
        "gwEui": "7276FF003903097D",
        "gwName": "D60",
        "gwRssi": -108,
        "devUplinkCounter": 37
      },
      {
        "devEui": "0018B200000023E6",
        "devAddr": "30014AE9",
        "time": "2018-11-26 15:12:15",
        "payload": "rxclIg60RgU=",
        "sf": 7,
        "gwEui": "7276FF0039030A01",
        "gwName": "Loge",
        "gwRssi": -88,
        "devUplinkCounter": 37
      },
      {
        "devEui": "0018B200000023E6",
        "devAddr": "30014AE9",
        "time": "2018-11-26 15:12:15",
        "payload": "rxclIg60RgU=",
        "sf": 7,
        "gwEui": "7276FF003903094F",
        "gwName": "F07",
        "gwRssi": -87,
        "devUplinkCounter": 37
      },
      {
        "devEui": "0018B200000023E6",
        "devAddr": "30014AE9",
        "time": "2018-11-26 15:12:15",
        "payload": "rxclIg60RgU=",
        "sf": 7,
        "gwEui": "7276FF0039030977",
        "gwName": "H06",
        "gwRssi": -102,
        "devUplinkCounter": 37
      }
    ]
  },
  {
    "Floor": "E",
    "Number": 52,
    "UL1": 1574,
    "UL2": 12,
    "Time": "11/26/2018 3:12:58 PM",
    "Measures": [
      {
        "devEui": "0018B200000023E6",
        "devAddr": "30014AE9",
        "time": "2018-11-26 15:12:42",
        "payload": "rxcmIw63PQc=",
        "sf": 7,
        "gwEui": "7276FF003903094F",
        "gwName": "F07",
        "gwRssi": -96,
        "devUplinkCounter": 38
      },
      {
        "devEui": "0018B200000023E6",
        "devAddr": "30014AE9",
        "time": "2018-11-26 15:12:42",
        "payload": "rxcmIw63PQc=",
        "sf": 7,
        "gwEui": "7276FF003903094E",
        "gwName": "K01a",
        "gwRssi": -95,
        "devUplinkCounter": 38
      },
      {
        "devEui": "0018B200000023E6",
        "devAddr": "30014AE9",
        "time": "2018-11-26 15:12:42",
        "payload": "rxcmIw63PQc=",
        "sf": 7,
        "gwEui": "7276FF003903097D",
        "gwName": "D60",
        "gwRssi": -107,
        "devUplinkCounter": 38
      },
      {
        "devEui": "0018B200000023E6",
        "devAddr": "30014AE9",
        "time": "2018-11-26 15:12:42",
        "payload": "rxcmIw63PQc=",
        "sf": 7,
        "gwEui": "7276FF0039030977",
        "gwName": "H06",
        "gwRssi": -101,
        "devUplinkCounter": 38
      },
      {
        "devEui": "0018B200000023E6",
        "devAddr": "30014AE9",
        "time": "2018-11-26 15:12:47",
        "payload": "rxcmIw63PQc=",
        "sf": 7,
        "gwEui": "7276FF0039030977",
        "gwName": "H06",
        "gwRssi": -108,
        "devUplinkCounter": 38
      },
      {
        "devEui": "0018B200000023E6",
        "devAddr": "30014AE9",
        "time": "2018-11-26 15:12:47",
        "payload": "rxcmIw63PQc=",
        "sf": 7,
        "gwEui": "7276FF003903094E",
        "gwName": "K01a",
        "gwRssi": -94,
        "devUplinkCounter": 38
      },
      {
        "devEui": "0018B200000023E6",
        "devAddr": "30014AE9",
        "time": "2018-11-26 15:12:47",
        "payload": "rxcmIw63PQc=",
        "sf": 7,
        "gwEui": "7276FF003903094F",
        "gwName": "F07",
        "gwRssi": -93,
        "devUplinkCounter": 38
      },
      {
        "devEui": "0018B200000023E6",
        "devAddr": "30014AE9",
        "time": "2018-11-26 15:12:47",
        "payload": "rxcmIw63PQc=",
        "sf": 7,
        "gwEui": "7276FF003903097D",
        "gwName": "D60",
        "gwRssi": -108,
        "devUplinkCounter": 38
      }
    ]
  },
  {
    "Floor": "E",
    "Number": 53,
    "UL1": 1576,
    "UL2": 13,
    "Time": "11/26/2018 3:13:24 PM",
    "Measures": [
      {
        "devEui": "0018B200000023E6",
        "devAddr": "30014AE9",
        "time": "2018-11-26 15:13:13",
        "payload": "rxcoJA62QQY=",
        "sf": 7,
        "gwEui": "7276FF003903094F",
        "gwName": "F07",
        "gwRssi": -94,
        "devUplinkCounter": 40
      },
      {
        "devEui": "0018B200000023E6",
        "devAddr": "30014AE9",
        "time": "2018-11-26 15:13:13",
        "payload": "rxcoJA62QQY=",
        "sf": 7,
        "gwEui": "7276FF003903097D",
        "gwName": "D60",
        "gwRssi": -108,
        "devUplinkCounter": 40
      },
      {
        "devEui": "0018B200000023E6",
        "devAddr": "30014AE9",
        "time": "2018-11-26 15:13:13",
        "payload": "rxcoJA62QQY=",
        "sf": 7,
        "gwEui": "7276FF0039030A01",
        "gwName": "Loge",
        "gwRssi": -90,
        "devUplinkCounter": 40
      },
      {
        "devEui": "0018B200000023E6",
        "devAddr": "30014AE9",
        "time": "2018-11-26 15:13:13",
        "payload": "rxcoJA62QQY=",
        "sf": 7,
        "gwEui": "7276FF0039030977",
        "gwName": "H06",
        "gwRssi": -106,
        "devUplinkCounter": 40
      }
    ]
  },
  {
    "Floor": "E",
    "Number": 54,
    "UL1": 1577,
    "UL2": 14,
    "Time": "11/26/2018 3:13:43 PM",
    "Measures": [
      {
        "devEui": "0018B200000023E6",
        "devAddr": "30014AE9",
        "time": "2018-11-26 15:13:36",
        "payload": "rxYpJQ6zSQY=",
        "sf": 7,
        "gwEui": "7276FF003903097D",
        "gwName": "D60",
        "gwRssi": -112,
        "devUplinkCounter": 41
      },
      {
        "devEui": "0018B200000023E6",
        "devAddr": "30014AE9",
        "time": "2018-11-26 15:13:36",
        "payload": "rxYpJQ6zSQY=",
        "sf": 7,
        "gwEui": "7276FF003903094E",
        "gwName": "K01a",
        "gwRssi": -94,
        "devUplinkCounter": 41
      },
      {
        "devEui": "0018B200000023E6",
        "devAddr": "30014AE9",
        "time": "2018-11-26 15:13:36",
        "payload": "rxYpJQ6zSQY=",
        "sf": 7,
        "gwEui": "7276FF003903094F",
        "gwName": "F07",
        "gwRssi": -105,
        "devUplinkCounter": 41
      }
    ]
  },
  {
    "Floor": "E",
    "Number": 55,
    "UL1": 1578,
    "UL2": 15,
    "Time": "11/26/2018 3:14:10 PM",
    "Measures": [
      {
        "devEui": "0018B200000023E6",
        "devAddr": "30014AE9",
        "time": "2018-11-26 15:14:01",
        "payload": "rxcqJg60VQc=",
        "sf": 7,
        "gwEui": "7276FF0039030977",
        "gwName": "H06",
        "gwRssi": -111,
        "devUplinkCounter": 42
      },
      {
        "devEui": "0018B200000023E6",
        "devAddr": "30014AE9",
        "time": "2018-11-26 15:14:01",
        "payload": "rxcqJg60VQc=",
        "sf": 7,
        "gwEui": "7276FF0039030A01",
        "gwName": "Loge",
        "gwRssi": -96,
        "devUplinkCounter": 42
      },
      {
        "devEui": "0018B200000023E6",
        "devAddr": "30014AE9",
        "time": "2018-11-26 15:14:01",
        "payload": "rxcqJg60VQc=",
        "sf": 7,
        "gwEui": "7276FF003903094F",
        "gwName": "F07",
        "gwRssi": -96,
        "devUplinkCounter": 42
      },
      {
        "devEui": "0018B200000023E6",
        "devAddr": "30014AE9",
        "time": "2018-11-26 15:14:01",
        "payload": "rxcqJg60VQc=",
        "sf": 7,
        "gwEui": "7276FF003903094E",
        "gwName": "K01a",
        "gwRssi": -94,
        "devUplinkCounter": 42
      }
    ]
  },
  {
    "Floor": "E",
    "Number": 56,
    "UL1": 1579,
    "UL2": 16,
    "Time": "11/26/2018 3:14:44 PM",
    "Measures": [
      {
        "devEui": "0018B200000023E6",
        "devAddr": "30014AE9",
        "time": "2018-11-26 15:14:29",
        "payload": "rxcrJw63WQY=",
        "sf": 7,
        "gwEui": "7276FF003903094E",
        "gwName": "K01a",
        "gwRssi": -101,
        "devUplinkCounter": 43
      },
      {
        "devEui": "0018B200000023E6",
        "devAddr": "30014AE9",
        "time": "2018-11-26 15:14:29",
        "payload": "rxcrJw63WQY=",
        "sf": 7,
        "gwEui": "7276FF0039030977",
        "gwName": "H06",
        "gwRssi": -107,
        "devUplinkCounter": 43
      },
      {
        "devEui": "0018B200000023E6",
        "devAddr": "30014AE9",
        "time": "2018-11-26 15:14:29",
        "payload": "rxcrJw63WQY=",
        "sf": 7,
        "gwEui": "7276FF0039030A01",
        "gwName": "Loge",
        "gwRssi": -99,
        "devUplinkCounter": 43
      },
      {
        "devEui": "0018B200000023E6",
        "devAddr": "30014AE9",
        "time": "2018-11-26 15:14:34",
        "payload": "rxcrJw63WQY=",
        "sf": 7,
        "gwEui": "7276FF003903094E",
        "gwName": "K01a",
        "gwRssi": -105,
        "devUplinkCounter": 43
      },
      {
        "devEui": "0018B200000023E6",
        "devAddr": "30014AE9",
        "time": "2018-11-26 15:14:34",
        "payload": "rxcrJw63WQY=",
        "sf": 7,
        "gwEui": "7276FF003903094F",
        "gwName": "F07",
        "gwRssi": -108,
        "devUplinkCounter": 43
      },
      {
        "devEui": "0018B200000023E6",
        "devAddr": "30014AE9",
        "time": "2018-11-26 15:14:34",
        "payload": "rxcrJw63WQY=",
        "sf": 7,
        "gwEui": "7276FF0039030977",
        "gwName": "H06",
        "gwRssi": -107,
        "devUplinkCounter": 43
      },
      {
        "devEui": "0018B200000023E6",
        "devAddr": "30014AE9",
        "time": "2018-11-26 15:14:34",
        "payload": "rxcrJw63WQY=",
        "sf": 7,
        "gwEui": "7276FF0039030A01",
        "gwName": "Loge",
        "gwRssi": -107,
        "devUplinkCounter": 43
      }
    ]
  },
  {
    "Floor": "E",
    "Number": 57,
    "UL1": 1582,
    "UL2": 18,
    "Time": "11/26/2018 3:16:23 PM",
    "Measures": []
  },
  {
    "Floor": "E",
    "Number": 58,
    "UL1": 1585,
    "UL2": 19,
    "Time": "11/26/2018 3:17:09 PM",
    "Measures": [
      {
        "devEui": "0018B200000023E6",
        "devAddr": "30014AE9",
        "time": "2018-11-26 15:16:56",
        "payload": "rxcxKg60VgU=",
        "sf": 7,
        "gwEui": "7276FF003903094E",
        "gwName": "K01a",
        "gwRssi": -94,
        "devUplinkCounter": 49
      },
      {
        "devEui": "0018B200000023E6",
        "devAddr": "30014AE9",
        "time": "2018-11-26 15:16:56",
        "payload": "rxcxKg60VgU=",
        "sf": 7,
        "gwEui": "7276FF003903097D",
        "gwName": "D60",
        "gwRssi": -113,
        "devUplinkCounter": 49
      },
      {
        "devEui": "0018B200000023E6",
        "devAddr": "30014AE9",
        "time": "2018-11-26 15:16:56",
        "payload": "rxcxKg60VgU=",
        "sf": 7,
        "gwEui": "7276FF003903094F",
        "gwName": "F07",
        "gwRssi": -94,
        "devUplinkCounter": 49
      },
      {
        "devEui": "0018B200000023E6",
        "devAddr": "30014AE9",
        "time": "2018-11-26 15:16:56",
        "payload": "rxcxKg60VgU=",
        "sf": 7,
        "gwEui": "7276FF0039030977",
        "gwName": "H06",
        "gwRssi": -107,
        "devUplinkCounter": 49
      },
      {
        "devEui": "0018B200000023E6",
        "devAddr": "30014AE9",
        "time": "2018-11-26 15:16:56",
        "payload": "rxcxKg60VgU=",
        "sf": 7,
        "gwEui": "7276FF0039030A01",
        "gwName": "Loge",
        "gwRssi": -99,
        "devUplinkCounter": 49
      },
      {
        "devEui": "0018B200000023E6",
        "devAddr": "30014AE9",
        "time": "2018-11-26 15:17:00",
        "payload": "rxcxKg60VgU=",
        "sf": 7,
        "gwEui": "7276FF003903097D",
        "gwName": "D60",
        "gwRssi": -114,
        "devUplinkCounter": 49
      },
      {
        "devEui": "0018B200000023E6",
        "devAddr": "30014AE9",
        "time": "2018-11-26 15:17:00",
        "payload": "rxcxKg60VgU=",
        "sf": 7,
        "gwEui": "7276FF003903094F",
        "gwName": "F07",
        "gwRssi": -95,
        "devUplinkCounter": 49
      },
      {
        "devEui": "0018B200000023E6",
        "devAddr": "30014AE9",
        "time": "2018-11-26 15:17:00",
        "payload": "rxcxKg60VgU=",
        "sf": 7,
        "gwEui": "7276FF0039030A01",
        "gwName": "Loge",
        "gwRssi": -102,
        "devUplinkCounter": 49
      },
      {
        "devEui": "0018B200000023E6",
        "devAddr": "30014AE9",
        "time": "2018-11-26 15:17:00",
        "payload": "rxcxKg60VgU=",
        "sf": 7,
        "gwEui": "7276FF0039030977",
        "gwName": "H06",
        "gwRssi": -108,
        "devUplinkCounter": 49
      },
      {
        "devEui": "0018B200000023E6",
        "devAddr": "30014AE9",
        "time": "2018-11-26 15:17:00",
        "payload": "rxcxKg60VgU=",
        "sf": 7,
        "gwEui": "7276FF003903094E",
        "gwName": "K01a",
        "gwRssi": -96,
        "devUplinkCounter": 49
      }
    ]
  },
  {
    "Floor": "E",
    "Number": 59,
    "UL1": 1586,
    "UL2": 20,
    "Time": "11/26/2018 3:17:47 PM",
    "Measures": []
  },
  {
    "Floor": "E",
    "Number": 60,
    "UL1": 1587,
    "UL2": 22,
    "Time": "11/26/2018 3:18:26 PM",
    "Measures": [
      {
        "devEui": "0018B200000023E6",
        "devAddr": "30014AE9",
        "time": "2018-11-26 15:16:17",
        "payload": "rxczKw60RgY=",
        "sf": 7,
        "gwEui": "7276FF003903094E",
        "gwName": "K01a",
        "gwRssi": -92,
        "devUplinkCounter": 51
      }
    ]
  },
  {
    "Floor": "E",
    "Number": 61,
    "UL1": 1588,
    "UL2": 23,
    "Time": "11/26/2018 3:18:42 PM",
    "Measures": [
      {
        "devEui": "0018B200000023E6",
        "devAddr": "30014AE9",
        "time": "2018-11-26 15:18:19",
        "payload": "rxc0LA60WQY=",
        "sf": 7,
        "gwEui": "7276FF0039030977",
        "gwName": "H06",
        "gwRssi": -107,
        "devUplinkCounter": 52
      },
      {
        "devEui": "0018B200000023E6",
        "devAddr": "30014AE9",
        "time": "2018-11-26 15:18:19",
        "payload": "rxc0LA60WQY=",
        "sf": 7,
        "gwEui": "7276FF003903094F",
        "gwName": "F07",
        "gwRssi": -96,
        "devUplinkCounter": 52
      },
      {
        "devEui": "0018B200000023E6",
        "devAddr": "30014AE9",
        "time": "2018-11-26 15:18:19",
        "payload": "rxc0LA60WQY=",
        "sf": 7,
        "gwEui": "7276FF003903094E",
        "gwName": "K01a",
        "gwRssi": -89,
        "devUplinkCounter": 52
      }
    ]
  },
  {
    "Floor": "E",
    "Number": 46,
    "UL1": 1589,
    "UL2": 24,
    "Time": "11/26/2018 3:19:48 PM",
    "Measures": [
      {
        "devEui": "0018B200000023E6",
        "devAddr": "30014AE9",
        "time": "2018-11-26 15:18:41",
        "payload": "rxc1LQ61QgE=",
        "sf": 7,
        "gwEui": "7276FF0039030A01",
        "gwName": "Loge",
        "gwRssi": -94,
        "devUplinkCounter": 53
      },
      {
        "devEui": "0018B200000023E6",
        "devAddr": "30014AE9",
        "time": "2018-11-26 15:18:41",
        "payload": "rxc1LQ61QgE=",
        "sf": 7,
        "gwEui": "7276FF003903094E",
        "gwName": "K01a",
        "gwRssi": -88,
        "devUplinkCounter": 53
      },
      {
        "devEui": "0018B200000023E6",
        "devAddr": "30014AE9",
        "time": "2018-11-26 15:18:41",
        "payload": "rxc1LQ61QgE=",
        "sf": 7,
        "gwEui": "7276FF0039030977",
        "gwName": "H06",
        "gwRssi": -106,
        "devUplinkCounter": 53
      },
      {
        "devEui": "0018B200000023E6",
        "devAddr": "30014AE9",
        "time": "2018-11-26 15:18:41",
        "payload": "rxc1LQ61QgE=",
        "sf": 7,
        "gwEui": "7276FF003903097D",
        "gwName": "D60",
        "gwRssi": -114,
        "devUplinkCounter": 53
      },
      {
        "devEui": "0018B200000023E6",
        "devAddr": "30014AE9",
        "time": "2018-11-26 15:18:41",
        "payload": "rxc1LQ61QgE=",
        "sf": 7,
        "gwEui": "7276FF003903094F",
        "gwName": "F07",
        "gwRssi": -102,
        "devUplinkCounter": 53
      }
    ]
  },
  {
    "Floor": "E",
    "Number": 47,
    "UL1": 1590,
    "UL2": 25,
    "Time": "11/26/2018 3:20:04 PM",
    "Measures": [
      {
        "devEui": "0018B200000023E6",
        "devAddr": "30014AE9",
        "time": "2018-11-26 15:19:45",
        "payload": "rxc2Lg60RwY=",
        "sf": 7,
        "gwEui": "7276FF003903094E",
        "gwName": "K01a",
        "gwRssi": -93,
        "devUplinkCounter": 54
      },
      {
        "devEui": "0018B200000023E6",
        "devAddr": "30014AE9",
        "time": "2018-11-26 15:19:45",
        "payload": "rxc2Lg60RwY=",
        "sf": 7,
        "gwEui": "7276FF003903094F",
        "gwName": "F07",
        "gwRssi": -95,
        "devUplinkCounter": 54
      },
      {
        "devEui": "0018B200000023E6",
        "devAddr": "30014AE9",
        "time": "2018-11-26 15:19:45",
        "payload": "rxc2Lg60RwY=",
        "sf": 7,
        "gwEui": "7276FF0039030977",
        "gwName": "H06",
        "gwRssi": -89,
        "devUplinkCounter": 54
      }
    ]
  },
  {
    "Floor": "E",
    "Number": 48,
    "UL1": 1592,
    "UL2": 26,
    "Time": "11/26/2018 3:20:26 PM",
    "Measures": [
      {
        "devEui": "0018B200000023E6",
        "devAddr": "30014AE9",
        "time": "2018-11-26 15:20:22",
        "payload": "rxc4MA61OQc=",
        "sf": 7,
        "gwEui": "7276FF003903094E",
        "gwName": "K01a",
        "gwRssi": -106,
        "devUplinkCounter": 56
      },
      {
        "devEui": "0018B200000023E6",
        "devAddr": "30014AE9",
        "time": "2018-11-26 15:20:22",
        "payload": "rxc4MA61OQc=",
        "sf": 7,
        "gwEui": "7276FF003903097D",
        "gwName": "D60",
        "gwRssi": -113,
        "devUplinkCounter": 56
      },
      {
        "devEui": "0018B200000023E6",
        "devAddr": "30014AE9",
        "time": "2018-11-26 15:20:22",
        "payload": "rxc4MA61OQc=",
        "sf": 7,
        "gwEui": "7276FF003903094F",
        "gwName": "F07",
        "gwRssi": -96,
        "devUplinkCounter": 56
      },
      {
        "devEui": "0018B200000023E6",
        "devAddr": "30014AE9",
        "time": "2018-11-26 15:20:22",
        "payload": "rxc4MA61OQc=",
        "sf": 7,
        "gwEui": "7276FF0039030A01",
        "gwName": "Loge",
        "gwRssi": -89,
        "devUplinkCounter": 56
      }
    ]
  },
  {
    "Floor": "E",
    "Number": 49,
    "UL1": 1593,
    "UL2": 27,
    "Time": "11/26/2018 3:20:39 PM",
    "Measures": [
      {
        "devEui": "0018B200000023E6",
        "devAddr": "30014AE9",
        "time": "2018-11-26 15:20:37",
        "payload": "rxc5MQ6xQAc=",
        "sf": 7,
        "gwEui": "7276FF0039030A01",
        "gwName": "Loge",
        "gwRssi": -102,
        "devUplinkCounter": 57
      },
      {
        "devEui": "0018B200000023E6",
        "devAddr": "30014AE9",
        "time": "2018-11-26 15:20:37",
        "payload": "rxc5MQ6xQAc=",
        "sf": 7,
        "gwEui": "7276FF003903094E",
        "gwName": "K01a",
        "gwRssi": -89,
        "devUplinkCounter": 57
      },
      {
        "devEui": "0018B200000023E6",
        "devAddr": "30014AE9",
        "time": "2018-11-26 15:20:37",
        "payload": "rxc5MQ6xQAc=",
        "sf": 7,
        "gwEui": "7276FF0039030977",
        "gwName": "H06",
        "gwRssi": -104,
        "devUplinkCounter": 57
      },
      {
        "devEui": "0018B200000023E6",
        "devAddr": "30014AE9",
        "time": "2018-11-26 15:20:37",
        "payload": "rxc5MQ6xQAc=",
        "sf": 7,
        "gwEui": "7276FF003903097D",
        "gwName": "D60",
        "gwRssi": -114,
        "devUplinkCounter": 57
      },
      {
        "devEui": "0018B200000023E6",
        "devAddr": "30014AE9",
        "time": "2018-11-26 15:20:37",
        "payload": "rxc5MQ6xQAc=",
        "sf": 7,
        "gwEui": "7276FF003903094F",
        "gwName": "F07",
        "gwRssi": -99,
        "devUplinkCounter": 57
      }
    ]
  },
  {
    "Floor": "E",
    "Number": 68,
    "UL1": 1594,
    "UL2": 28,
    "Time": "11/26/2018 3:21:38 PM",
    "Measures": [
      {
        "devEui": "0018B200000023E6",
        "devAddr": "30014AE9",
        "time": "2018-11-26 15:21:28",
        "payload": "rxc6Mg6yRgY=",
        "sf": 7,
        "gwEui": "7276FF003903097D",
        "gwName": "D60",
        "gwRssi": -102,
        "devUplinkCounter": 58
      },
      {
        "devEui": "0018B200000023E6",
        "devAddr": "30014AE9",
        "time": "2018-11-26 15:21:28",
        "payload": "rxc6Mg6yRgY=",
        "sf": 7,
        "gwEui": "7276FF003903094F",
        "gwName": "F07",
        "gwRssi": -89,
        "devUplinkCounter": 58
      },
      {
        "devEui": "0018B200000023E6",
        "devAddr": "30014AE9",
        "time": "2018-11-26 15:21:28",
        "payload": "rxc6Mg6yRgY=",
        "sf": 7,
        "gwEui": "7276FF0039030977",
        "gwName": "H06",
        "gwRssi": -107,
        "devUplinkCounter": 58
      },
      {
        "devEui": "0018B200000023E6",
        "devAddr": "30014AE9",
        "time": "2018-11-26 15:21:28",
        "payload": "rxc6Mg6yRgY=",
        "sf": 7,
        "gwEui": "7276FF003903094E",
        "gwName": "K01a",
        "gwRssi": -90,
        "devUplinkCounter": 58
      },
      {
        "devEui": "0018B200000023E6",
        "devAddr": "30014AE9",
        "time": "2018-11-26 15:21:28",
        "payload": "rxc6Mg6yRgY=",
        "sf": 7,
        "gwEui": "7276FF0039030A01",
        "gwName": "Loge",
        "gwRssi": -101,
        "devUplinkCounter": 58
      }
    ]
  },
  {
    "Floor": "E",
    "Number": 69,
    "UL1": 1595,
    "UL2": 29,
    "Time": "11/26/2018 3:22:09 PM",
    "Measures": [
      {
        "devEui": "0018B200000023E6",
        "devAddr": "30014AE9",
        "time": "2018-11-26 15:21:51",
        "payload": "rxc7Mw6zRv0=",
        "sf": 7,
        "gwEui": "7276FF0039030A01",
        "gwName": "Loge",
        "gwRssi": -88,
        "devUplinkCounter": 59
      },
      {
        "devEui": "0018B200000023E6",
        "devAddr": "30014AE9",
        "time": "2018-11-26 15:21:51",
        "payload": "rxc7Mw6zRv0=",
        "sf": 7,
        "gwEui": "7276FF003903094E",
        "gwName": "K01a",
        "gwRssi": -101,
        "devUplinkCounter": 59
      },
      {
        "devEui": "0018B200000023E6",
        "devAddr": "30014AE9",
        "time": "2018-11-26 15:21:51",
        "payload": "rxc7Mw6zRv0=",
        "sf": 7,
        "gwEui": "7276FF003903094F",
        "gwName": "F07",
        "gwRssi": -89,
        "devUplinkCounter": 59
      },
      {
        "devEui": "0018B200000023E6",
        "devAddr": "30014AE9",
        "time": "2018-11-26 15:21:51",
        "payload": "rxc7Mw6zRv0=",
        "sf": 7,
        "gwEui": "7276FF0039030977",
        "gwName": "H06",
        "gwRssi": -107,
        "devUplinkCounter": 59
      },
      {
        "devEui": "0018B200000023E6",
        "devAddr": "30014AE9",
        "time": "2018-11-26 15:21:51",
        "payload": "rxc7Mw6zRv0=",
        "sf": 7,
        "gwEui": "7276FF003903097D",
        "gwName": "D60",
        "gwRssi": -106,
        "devUplinkCounter": 59
      }
    ]
  },
  {
    "Floor": "E",
    "Number": 70,
    "UL1": 1596,
    "UL2": 30,
    "Time": "11/26/2018 3:22:10 PM",
    "Measures": [
      {
        "devEui": "0018B200000023E6",
        "devAddr": "30014AE9",
        "time": "2018-11-26 15:21:58",
        "payload": "rxc8NA6yR/w=",
        "sf": 7,
        "gwEui": "7276FF003903097D",
        "gwName": "D60",
        "gwRssi": -96,
        "devUplinkCounter": 60
      },
      {
        "devEui": "0018B200000023E6",
        "devAddr": "30014AE9",
        "time": "2018-11-26 15:21:58",
        "payload": "rxc8NA6yR/w=",
        "sf": 7,
        "gwEui": "7276FF003903094F",
        "gwName": "F07",
        "gwRssi": -95,
        "devUplinkCounter": 60
      },
      {
        "devEui": "0018B200000023E6",
        "devAddr": "30014AE9",
        "time": "2018-11-26 15:21:58",
        "payload": "rxc8NA6yR/w=",
        "sf": 7,
        "gwEui": "7276FF0039030A01",
        "gwName": "Loge",
        "gwRssi": -77,
        "devUplinkCounter": 60
      },
      {
        "devEui": "0018B200000023E6",
        "devAddr": "30014AE9",
        "time": "2018-11-26 15:21:58",
        "payload": "rxc8NA6yR/w=",
        "sf": 7,
        "gwEui": "7276FF003903094E",
        "gwName": "K01a",
        "gwRssi": -105,
        "devUplinkCounter": 60
      },
      {
        "devEui": "0018B200000023E6",
        "devAddr": "30014AE9",
        "time": "2018-11-26 15:21:58",
        "payload": "rxc8NA6yR/w=",
        "sf": 7,
        "gwEui": "7276FF0039030977",
        "gwName": "H06",
        "gwRssi": -108,
        "devUplinkCounter": 60
      }
    ]
  },
  {
    "Floor": "E",
    "Number": 71,
    "UL1": 1603,
    "UL2": 37,
    "Time": "11/26/2018 3:23:58 PM",
    "Measures": [
      {
        "devEui": "0018B200000023E6",
        "devAddr": "30014AE9",
        "time": "2018-11-26 15:23:35",
        "payload": "rxdDNg6zRQU=",
        "sf": 7,
        "gwEui": "7276FF003903094F",
        "gwName": "F07",
        "gwRssi": -89,
        "devUplinkCounter": 67
      },
      {
        "devEui": "0018B200000023E6",
        "devAddr": "30014AE9",
        "time": "2018-11-26 15:23:35",
        "payload": "rxdDNg6zRQU=",
        "sf": 7,
        "gwEui": "7276FF0039030977",
        "gwName": "H06",
        "gwRssi": -96,
        "devUplinkCounter": 67
      },
      {
        "devEui": "0018B200000023E6",
        "devAddr": "30014AE9",
        "time": "2018-11-26 15:23:35",
        "payload": "rxdDNg6zRQU=",
        "sf": 7,
        "gwEui": "7276FF003903097D",
        "gwName": "D60",
        "gwRssi": -108,
        "devUplinkCounter": 67
      },
      {
        "devEui": "0018B200000023E6",
        "devAddr": "30014AE9",
        "time": "2018-11-26 15:23:35",
        "payload": "rxdDNg6zRQU=",
        "sf": 7,
        "gwEui": "7276FF003903094E",
        "gwName": "K01a",
        "gwRssi": -101,
        "devUplinkCounter": 67
      }
    ]
  },
  {
    "Floor": "E",
    "Number": 72,
    "UL1": 1604,
    "UL2": 38,
    "Time": "11/26/2018 3:24:23 PM",
    "Measures": [
      {
        "devEui": "0018B200000023E6",
        "devAddr": "30014AE9",
        "time": "2018-11-26 15:24:10",
        "payload": "rxdENw6zSPs=",
        "sf": 7,
        "gwEui": "7276FF0039030977",
        "gwName": "H06",
        "gwRssi": -92,
        "devUplinkCounter": 68
      },
      {
        "devEui": "0018B200000023E6",
        "devAddr": "30014AE9",
        "time": "2018-11-26 15:24:10",
        "payload": "rxdENw6zSPs=",
        "sf": 7,
        "gwEui": "7276FF003903094E",
        "gwName": "K01a",
        "gwRssi": -101,
        "devUplinkCounter": 68
      },
      {
        "devEui": "0018B200000023E6",
        "devAddr": "30014AE9",
        "time": "2018-11-26 15:24:10",
        "payload": "rxdENw6zSPs=",
        "sf": 7,
        "gwEui": "7276FF003903097D",
        "gwName": "D60",
        "gwRssi": -114,
        "devUplinkCounter": 68
      },
      {
        "devEui": "0018B200000023E6",
        "devAddr": "30014AE9",
        "time": "2018-11-26 15:24:10",
        "payload": "rxdENw6zSPs=",
        "sf": 7,
        "gwEui": "7276FF003903097C",
        "gwName": "C22",
        "gwRssi": -106,
        "devUplinkCounter": 68
      },
      {
        "devEui": "0018B200000023E6",
        "devAddr": "30014AE9",
        "time": "2018-11-26 15:24:10",
        "payload": "rxdENw6zSPs=",
        "sf": 7,
        "gwEui": "7276FF003903094F",
        "gwName": "F07",
        "gwRssi": -83,
        "devUplinkCounter": 68
      }
    ]
  },
  {
    "Floor": "E",
    "Number": 73,
    "UL1": 1605,
    "UL2": 39,
    "Time": "11/26/2018 3:24:25 PM",
    "Measures": [
      {
        "devEui": "0018B200000023E6",
        "devAddr": "30014AE9",
        "time": "2018-11-26 15:31:13",
        "payload": "rxdFOA6xSPs=",
        "sf": 7,
        "gwEui": "7276FF003903094F",
        "gwName": "F07",
        "gwRssi": -95,
        "devUplinkCounter": 69
      },
      {
        "devEui": "0018B200000023E6",
        "devAddr": "30014AE9",
        "time": "2018-11-26 15:31:13",
        "payload": "rxdFOA6xSPs=",
        "sf": 7,
        "gwEui": "7276FF003903094E",
        "gwName": "K01a",
        "gwRssi": -110,
        "devUplinkCounter": 69
      },
      {
        "devEui": "0018B200000023E6",
        "devAddr": "30014AE9",
        "time": "2018-11-26 15:31:13",
        "payload": "rxdFOA6xSPs=",
        "sf": 7,
        "gwEui": "7276FF0039030977",
        "gwName": "H06",
        "gwRssi": -95,
        "devUplinkCounter": 69
      },
      {
        "devEui": "0018B200000023E6",
        "devAddr": "30014AE9",
        "time": "2018-11-26 15:31:17",
        "payload": "rxdFOA6xSPs=",
        "sf": 7,
        "gwEui": "7276FF0039030977",
        "gwName": "H06",
        "gwRssi": -96,
        "devUplinkCounter": 69
      },
      {
        "devEui": "0018B200000023E6",
        "devAddr": "30014AE9",
        "time": "2018-11-26 15:31:17",
        "payload": "rxdFOA6xSPs=",
        "sf": 7,
        "gwEui": "7276FF003903094E",
        "gwName": "K01a",
        "gwRssi": -107,
        "devUplinkCounter": 69
      },
      {
        "devEui": "0018B200000023E6",
        "devAddr": "30014AE9",
        "time": "2018-11-26 15:31:17",
        "payload": "rxdFOA6xSPs=",
        "sf": 7,
        "gwEui": "7276FF003903094F",
        "gwName": "F07",
        "gwRssi": -95,
        "devUplinkCounter": 69
      }
    ]
  },
  {
    "Floor": "E",
    "Number": 74,
    "UL1": 1606,
    "UL2": 40,
    "Time": "11/26/2018 3:24:25 PM",
    "Measures": []
  }
]