﻿{
  "type": "FeatureCollection",
  "name": "E_Point de mesures",
  "crs": {
    "type": "name",
    "properties": {
      "name": "urn:ogc:def:crs:EPSG::2056"
    }
  },
  "features": [
    {
      "type": "Feature",
      "properties": {
        "id": 1,
        "value": 44.0
      },
      "geometry": {
        "type": "Point",
        "coordinates": [
          2540500.5581950024,
          1181214.121400791
        ]
      }
    },
    {
      "type": "Feature",
      "properties": {
        "id": 2,
        "value": -1
      },
      "geometry": {
        "type": "Point",
        "coordinates": [
          2540499.7630210873,
          1181218.1856230239
        ]
      }
    },
    {
      "type": "Feature",
      "properties": {
        "id": 3,
        "value": -1
      },
      "geometry": {
        "type": "Point",
        "coordinates": [
          2540503.6505380054,
          1181217.5671544233
        ]
      }
    },
    {
      "type": "Feature",
      "properties": {
        "id": 4,
        "value": -1
      },
      "geometry": {
        "type": "Point",
        "coordinates": [
          2540503.6505380054,
          1181213.5912848476
        ]
      }
    },
    {
      "type": "Feature",
      "properties": {
        "id": 5,
        "value": -1
      },
      "geometry": {
        "type": "Point",
        "coordinates": [
          2540504.6224172353,
          1181221.18961337
        ]
      }
    },
    {
      "type": "Feature",
      "properties": {
        "id": 7,
        "value": -1
      },
      "geometry": {
        "type": "Point",
        "coordinates": [
          2540507.97981821,
          1181216.9486858225
        ]
      }
    },
    {
      "type": "Feature",
      "properties": {
        "id": 8,
        "value": -1
      },
      "geometry": {
        "type": "Point",
        "coordinates": [
          2540507.6264075814,
          1181224.4586616876
        ]
      }
    },
    {
      "type": "Feature",
      "properties": {
        "id": 9,
        "value": -1
      },
      "geometry": {
        "type": "Point",
        "coordinates": [
          2540508.6866394682,
          1181220.6594974266
        ]
      }
    },
    {
      "type": "Feature",
      "properties": {
        "id": 12,
        "value": -1
      },
      "geometry": {
        "type": "Point",
        "coordinates": [
          2540513.4576829588,
          1181221.8964346277
        ]
      }
    },
    {
      "type": "Feature",
      "properties": {
        "id": 10,
        "value": -1
      },
      "geometry": {
        "type": "Point",
        "coordinates": [
          2540510.8071032418,
          1181226.6674781186
        ]
      }
    },
    {
      "type": "Feature",
      "properties": {
        "id": 13,
        "value": -1
      },
      "geometry": {
        "type": "Point",
        "coordinates": [
          2540512.6625090437,
          1181228.1694732916
        ]
      }
    },
    {
      "type": "Feature",
      "properties": {
        "id": 14,
        "value": -1
      },
      "geometry": {
        "type": "Point",
        "coordinates": [
          2540515.9315573615,
          1181227.0208887474
        ]
      }
    },
    {
      "type": "Feature",
      "properties": {
        "id": 15,
        "value": -1
      },
      "geometry": {
        "type": "Point",
        "coordinates": [
          2540516.0199100184,
          1181223.1333718291
        ]
      }
    },
    {
      "type": "Feature",
      "properties": {
        "id": 16,
        "value": -1
      },
      "geometry": {
        "type": "Point",
        "coordinates": [
          2540516.5500259618,
          1181231.7035795809
        ]
      }
    },
    {
      "type": "Feature",
      "properties": {
        "id": 17,
        "value": -1
      },
      "geometry": {
        "type": "Point",
        "coordinates": [
          2540520.6142481947,
          1181227.0208887474
        ]
      }
    },
    {
      "type": "Feature",
      "properties": {
        "id": 18,
        "value": -1
      },
      "geometry": {
        "type": "Point",
        "coordinates": [
          2540518.2287264494,
          1181232.7638114679
        ]
      }
    },
    {
      "type": "Feature",
      "properties": {
        "id": 19,
        "value": -1
      },
      "geometry": {
        "type": "Point",
        "coordinates": [
          2540521.9395380532,
          1181228.0811206342
        ]
      }
    },
    {
      "type": "Feature",
      "properties": {
        "id": 21,
        "value": -1
      },
      "geometry": {
        "type": "Point",
        "coordinates": [
          2540523.4415332265,
          1181232.1453428671
        ]
      }
    },
    {
      "type": "Feature",
      "properties": {
        "id": 20,
        "value": -1
      },
      "geometry": {
        "type": "Point",
        "coordinates": [
          2540522.7347119688,
          1181236.6513283863
        ]
      }
    },
    {
      "type": "Feature",
      "properties": {
        "id": 22,
        "value": -1
      },
      "geometry": {
        "type": "Point",
        "coordinates": [
          2540526.7989342017,
          1181231.615226924
        ]
      }
    },
    {
      "type": "Feature",
      "properties": {
        "id": 23,
        "value": -1
      },
      "geometry": {
        "type": "Point",
        "coordinates": [
          2540528.12422406,
          1181235.6794491569
        ]
      }
    },
    {
      "type": "Feature",
      "properties": {
        "id": 24,
        "value": -1
      },
      "geometry": {
        "type": "Point",
        "coordinates": [
          2540527.2406974877,
          1181240.0970820186
        ]
      }
    },
    {
      "type": "Feature",
      "properties": {
        "id": 26,
        "value": -1
      },
      "geometry": {
        "type": "Point",
        "coordinates": [
          2540530.9515090915,
          1181238.9484974744
        ]
      }
    },
    {
      "type": "Feature",
      "properties": {
        "id": 25,
        "value": -1
      },
      "geometry": {
        "type": "Point",
        "coordinates": [
          2540531.2165670632,
          1181235.3260385278
        ]
      }
    },
    {
      "type": "Feature",
      "properties": {
        "id": 27,
        "value": -1
      },
      "geometry": {
        "type": "Point",
        "coordinates": [
          2540531.9233883214,
          1181243.8962462798
        ]
      }
    },
    {
      "type": "Feature",
      "properties": {
        "id": 28,
        "value": -1
      },
      "geometry": {
        "type": "Point",
        "coordinates": [
          2540535.8992578969,
          1181239.0368501318
        ]
      }
    },
    {
      "type": "Feature",
      "properties": {
        "id": 29,
        "value": -1
      },
      "geometry": {
        "type": "Point",
        "coordinates": [
          2540533.6904414659,
          1181244.7797728521
        ]
      }
    },
    {
      "type": "Feature",
      "properties": {
        "id": 30,
        "value": -1
      },
      "geometry": {
        "type": "Point",
        "coordinates": [
          2540537.4012530698,
          1181240.3621399903
        ]
      }
    },
    {
      "type": "Feature",
      "properties": {
        "id": 31,
        "value": -1
      },
      "geometry": {
        "type": "Point",
        "coordinates": [
          2540538.0197216705,
          1181248.6672897704
        ]
      }
    },
    {
      "type": "Feature",
      "properties": {
        "id": 32,
        "value": -1
      },
      "geometry": {
        "type": "Point",
        "coordinates": [
          2540542.3490018751,
          1181243.7195409653
        ]
      }
    },
    {
      "type": "Feature",
      "properties": {
        "id": 33,
        "value": -1
      },
      "geometry": {
        "type": "Point",
        "coordinates": [
          2540537.9313690132,
          1181244.4263622232
        ]
      }
    },
    {
      "type": "Feature",
      "properties": {
        "id": 34,
        "value": -1
      },
      "geometry": {
        "type": "Point",
        "coordinates": [
          2540537.5779583845,
          1181233.2055747542
        ]
      }
    },
    {
      "type": "Feature",
      "properties": {
        "id": 35,
        "value": -1
      },
      "geometry": {
        "type": "Point",
        "coordinates": [
          2540540.6703013876,
          1181234.3541592984
        ]
      }
    },
    {
      "type": "Feature",
      "properties": {
        "id": 36,
        "value": -1
      },
      "geometry": {
        "type": "Point",
        "coordinates": [
          2540545.6180501929,
          1181239.0368501318
        ]
      }
    },
    {
      "type": "Feature",
      "properties": {
        "id": 37,
        "value": -1
      },
      "geometry": {
        "type": "Point",
        "coordinates": [
          2540551.1842675987,
          1181231.8802848957
        ]
      }
    },
    {
      "type": "Feature",
      "properties": {
        "id": 38,
        "value": -1
      },
      "geometry": {
        "type": "Point",
        "coordinates": [
          2540546.6782820798,
          1181227.9044153201
        ]
      }
    },
    {
      "type": "Feature",
      "properties": {
        "id": 39,
        "value": -1
      },
      "geometry": {
        "type": "Point",
        "coordinates": [
          2540546.2365187933,
          1181232.9405167825
        ]
      }
    },
    {
      "type": "Feature",
      "properties": {
        "id": 40,
        "value": -1
      },
      "geometry": {
        "type": "Point",
        "coordinates": [
          2540538.7265429283,
          1181228.8762945496
        ]
      }
    },
    {
      "type": "Feature",
      "properties": {
        "id": 41,
        "value": -1
      },
      "geometry": {
        "type": "Point",
        "coordinates": [
          2540542.4373545325,
          1181230.7317003515
        ]
      }
    },
    {
      "type": "Feature",
      "properties": {
        "id": 42,
        "value": -1
      },
      "geometry": {
        "type": "Point",
        "coordinates": [
          2540537.6663110415,
          1181227.2859467193
        ]
      }
    },
    {
      "type": "Feature",
      "properties": {
        "id": 43,
        "value": -1
      },
      "geometry": {
        "type": "Point",
        "coordinates": [
          2540532.5418569217,
          1181224.1052510589
        ]
      }
    },
    {
      "type": "Feature",
      "properties": {
        "id": 44,
        "value": -1
      },
      "geometry": {
        "type": "Point",
        "coordinates": [
          2540535.5458472678,
          1181225.5188935746
        ]
      }
    },
    {
      "type": "Feature",
      "properties": {
        "id": 45,
        "value": -1
      },
      "geometry": {
        "type": "Point",
        "coordinates": [
          2540531.6583303497,
          1181221.9847872853
        ]
      }
    },
    {
      "type": "Feature",
      "properties": {
        "id": 46,
        "value": 44.0
      },
      "geometry": {
        "type": "Point",
        "coordinates": [
          2540523.4415332265,
          1181214.3864587629
        ]
      }
    },
    {
      "type": "Feature",
      "properties": {
        "id": 47,
        "value": 42.666666666666671
      },
      "geometry": {
        "type": "Point",
        "coordinates": [
          2540528.0358714028,
          1181209.0852993289
        ]
      }
    },
    {
      "type": "Feature",
      "properties": {
        "id": 48,
        "value": 45.333333333333336
      },
      "geometry": {
        "type": "Point",
        "coordinates": [
          2540519.7307216227,
          1181211.9125843602
        ]
      }
    },
    {
      "type": "Feature",
      "properties": {
        "id": 49,
        "value": 44.666666666666671
      },
      "geometry": {
        "type": "Point",
        "coordinates": [
          2540525.6503496575,
          1181204.6676664669
        ]
      }
    },
    {
      "type": "Feature",
      "properties": {
        "id": 50,
        "value": 43.333333333333336
      },
      "geometry": {
        "type": "Point",
        "coordinates": [
          2540508.6866394687,
          1181202.4588500359
        ]
      }
    },
    {
      "type": "Feature",
      "properties": {
        "id": 51,
        "value": 45.333333333333336
      },
      "geometry": {
        "type": "Point",
        "coordinates": [
          2540512.7508617016,
          1181196.9809852873
        ]
      }
    },
    {
      "type": "Feature",
      "properties": {
        "id": 52,
        "value": 40.0
      },
      "geometry": {
        "type": "Point",
        "coordinates": [
          2540520.7026008526,
          1181187.4388983059
        ]
      }
    },
    {
      "type": "Feature",
      "properties": {
        "id": 53,
        "value": 37.333333333333336
      },
      "geometry": {
        "type": "Point",
        "coordinates": [
          2540525.0318810572,
          1181181.6076229285
        ]
      }
    },
    {
      "type": "Feature",
      "properties": {
        "id": 54,
        "value": 41.333333333333336
      },
      "geometry": {
        "type": "Point",
        "coordinates": [
          2540529.4495139192,
          1181175.2462316074
        ]
      }
    },
    {
      "type": "Feature",
      "properties": {
        "id": 55,
        "value": 37.333333333333336
      },
      "geometry": {
        "type": "Point",
        "coordinates": [
          2540537.7546636993,
          1181180.9891543277
        ]
      }
    },
    {
      "type": "Feature",
      "properties": {
        "id": 56,
        "value": 33.333333333333343
      },
      "geometry": {
        "type": "Point",
        "coordinates": [
          2540546.2365187937,
          1181187.6156036204
        ]
      }
    },
    {
      "type": "Feature",
      "properties": {
        "id": 57,
        "value": 28.666666666666671
      },
      "geometry": {
        "type": "Point",
        "coordinates": [
          2540535.7225525826,
          1181201.4869708065
        ]
      }
    },
    {
      "type": "Feature",
      "properties": {
        "id": 58,
        "value": 36.666666666666671
      },
      "geometry": {
        "type": "Point",
        "coordinates": [
          2540532.2767989505,
          1181182.5795021579
        ]
      }
    },
    {
      "type": "Feature",
      "properties": {
        "id": 59,
        "value": 36.666666666666671
      },
      "geometry": {
        "type": "Point",
        "coordinates": [
          2540537.9313690136,
          1181187.7039562776
        ]
      }
    },
    {
      "type": "Feature",
      "properties": {
        "id": 60,
        "value": 44.0
      },
      "geometry": {
        "type": "Point",
        "coordinates": [
          2540540.5819487306,
          1181193.7119369695
        ]
      }
    },
    {
      "type": "Feature",
      "properties": {
        "id": 61,
        "value": 46.666666666666671
      },
      "geometry": {
        "type": "Point",
        "coordinates": [
          2540527.4174028025,
          1181188.8525408218
        ]
      }
    },
    {
      "type": "Feature",
      "properties": {
        "id": 62,
        "value": 0.0
      },
      "geometry": {
        "type": "Point",
        "coordinates": [
          2540534.8390260106,
          1181193.7119369695
        ]
      }
    },
    {
      "type": "Feature",
      "properties": {
        "id": 63,
        "value": 0.0
      },
      "geometry": {
        "type": "Point",
        "coordinates": [
          2540532.4535042648,
          1181203.960845209
        ]
      }
    },
    {
      "type": "Feature",
      "properties": {
        "id": 64,
        "value": 50.666666666666671
      },
      "geometry": {
        "type": "Point",
        "coordinates": [
          2540528.300929375,
          1181199.3665070327
        ]
      }
    },
    {
      "type": "Feature",
      "properties": {
        "id": 65,
        "value": 58.666666666666671
      },
      "geometry": {
        "type": "Point",
        "coordinates": [
          2540520.2608375666,
          1181197.7761592024
        ]
      }
    },
    {
      "type": "Feature",
      "properties": {
        "id": 67,
        "value": 45.333333333333336
      },
      "geometry": {
        "type": "Point",
        "coordinates": [
          2540517.2568472205,
          1181203.3423766084
        ]
      }
    },
    {
      "type": "Feature",
      "properties": {
        "id": 68,
        "value": 40.666666666666671
      },
      "geometry": {
        "type": "Point",
        "coordinates": [
          2540507.0079389811,
          1181207.5833041556
        ]
      }
    },
    {
      "type": "Feature",
      "properties": {
        "id": 69,
        "value": 48.0
      },
      "geometry": {
        "type": "Point",
        "coordinates": [
          2540515.0480307895,
          1181214.3864587629
        ]
      }
    },
    {
      "type": "Feature",
      "properties": {
        "id": 70,
        "value": 44.666666666666671
      },
      "geometry": {
        "type": "Point",
        "coordinates": [
          2540509.1284027547,
          1181214.0330481338
        ]
      }
    },
    {
      "type": "Feature",
      "properties": {
        "id": 71,
        "value": 44.666666666666671
      },
      "geometry": {
        "type": "Point",
        "coordinates": [
          2540523.2648279131,
          1181222.6916085433
        ]
      }
    },
    {
      "type": "Feature",
      "properties": {
        "id": 72,
        "value": 49.333333333333336
      },
      "geometry": {
        "type": "Point",
        "coordinates": [
          2540530.7748037782,
          1181228.6995892355
        ]
      }
    },
    {
      "type": "Feature",
      "properties": {
        "id": 73,
        "value": 51.333333333333336
      },
      "geometry": {
        "type": "Point",
        "coordinates": [
          2540536.0759632122,
          1181235.2376858708
        ]
      }
    },
    {
      "type": "Feature",
      "properties": {
        "id": 74,
        "value": 46.0
      },
      "geometry": {
        "type": "Point",
        "coordinates": [
          2540543.9393497063,
          1181241.5990771919
        ]
      }
    }
  ]
}