﻿{
  "type": "FeatureCollection",
  "name": "A_Point de mesures",
  "crs": {
    "type": "name",
    "properties": {
      "name": "urn:ogc:def:crs:EPSG::2056"
    }
  },
  "features": [
    {
      "type": "Feature",
      "properties": {
        "id": 1,
        "value": 34.0
      },
      "geometry": {
        "type": "Point",
        "coordinates": [
          2540427.234223491,
          1181240.6205123996
        ]
      }
    },
    {
      "type": "Feature",
      "properties": {
        "id": 2,
        "value": 48.666666666666671
      },
      "geometry": {
        "type": "Point",
        "coordinates": [
          2540433.5448704152,
          1181232.8097936651
        ]
      }
    },
    {
      "type": "Feature",
      "properties": {
        "id": 3,
        "value": 38.666666666666671
      },
      "geometry": {
        "type": "Point",
        "coordinates": [
          2540435.8725680513,
          1181241.7584979106
        ]
      }
    },
    {
      "type": "Feature",
      "properties": {
        "id": 4,
        "value": 42.666666666666671
      },
      "geometry": {
        "type": "Point",
        "coordinates": [
          2540435.303575296,
          1181247.0346125523
        ]
      }
    },
    {
      "type": "Feature",
      "properties": {
        "id": 5,
        "value": 50.0
      },
      "geometry": {
        "type": "Point",
        "coordinates": [
          2540440.4245100953,
          1181240.5687857855
        ]
      }
    },
    {
      "type": "Feature",
      "properties": {
        "id": 6,
        "value": 52.666666666666671
      },
      "geometry": {
        "type": "Point",
        "coordinates": [
          2540436.3898341926,
          1181247.7587851502
        ]
      }
    },
    {
      "type": "Feature",
      "properties": {
        "id": 7,
        "value": 57.333333333333336
      },
      "geometry": {
        "type": "Point",
        "coordinates": [
          2540441.5107689924,
          1181251.7934610527
        ]
      }
    },
    {
      "type": "Feature",
      "properties": {
        "id": 8,
        "value": 60.666666666666671
      },
      "geometry": {
        "type": "Point",
        "coordinates": [
          2540442.7522077314,
          1181239.6894333451
        ]
      }
    },
    {
      "type": "Feature",
      "properties": {
        "id": 9,
        "value": 61.333333333333336
      },
      "geometry": {
        "type": "Point",
        "coordinates": [
          2540447.8214159166,
          1181243.7241092478
        ]
      }
    },
    {
      "type": "Feature",
      "properties": {
        "id": 10,
        "value": 58.0
      },
      "geometry": {
        "type": "Point",
        "coordinates": [
          2540442.3901214325,
          1181245.8966270413
        ]
      }
    },
    {
      "type": "Feature",
      "properties": {
        "id": 11,
        "value": 50.666666666666671
      },
      "geometry": {
        "type": "Point",
        "coordinates": [
          2540442.4935746607,
          1181252.4141804224
        ]
      }
    },
    {
      "type": "Feature",
      "properties": {
        "id": 12,
        "value": 50.666666666666671
      },
      "geometry": {
        "type": "Point",
        "coordinates": [
          2540447.61450946,
          1181256.7074893957
        ]
      }
    },
    {
      "type": "Feature",
      "properties": {
        "id": 13,
        "value": 60.666666666666671
      },
      "geometry": {
        "type": "Point",
        "coordinates": [
          2540448.9594014278,
          1181244.6034616879
        ]
      }
    },
    {
      "type": "Feature",
      "properties": {
        "id": 14,
        "value": 54.666666666666671
      },
      "geometry": {
        "type": "Point",
        "coordinates": [
          2540454.028609613,
          1181248.4829577482
        ]
      }
    },
    {
      "type": "Feature",
      "properties": {
        "id": 15,
        "value": 50.666666666666671
      },
      "geometry": {
        "type": "Point",
        "coordinates": [
          2540447.9248691448,
          1181250.5002956993
        ]
      }
    },
    {
      "type": "Feature",
      "properties": {
        "id": 16,
        "value": 41.333333333333336
      },
      "geometry": {
        "type": "Point",
        "coordinates": [
          2540448.9594014282,
          1181257.4316619937
        ]
      }
    },
    {
      "type": "Feature",
      "properties": {
        "id": 17,
        "value": 41.333333333333336
      },
      "geometry": {
        "type": "Point",
        "coordinates": [
          2540456.7183935484,
          1181263.9492153747
        ]
      }
    },
    {
      "type": "Feature",
      "properties": {
        "id": 18,
        "value": 55.333333333333336
      },
      "geometry": {
        "type": "Point",
        "coordinates": [
          2540454.9596886681,
          1181249.517490031
        ]
      }
    },
    {
      "type": "Feature",
      "properties": {
        "id": 19,
        "value": 48.666666666666671
      },
      "geometry": {
        "type": "Point",
        "coordinates": [
          2540462.9773138589,
          1181255.7246837274
        ]
      }
    },
    {
      "type": "Feature",
      "properties": {
        "id": 20,
        "value": 48.666666666666671
      },
      "geometry": {
        "type": "Point",
        "coordinates": [
          2540456.0459475648,
          1181256.5005829392
        ]
      }
    },
    {
      "type": "Feature",
      "properties": {
        "id": 21,
        "value": 38.666666666666671
      },
      "geometry": {
        "type": "Point",
        "coordinates": [
          2540457.8563790596,
          1181264.9320210433
        ]
      }
    },
    {
      "type": "Feature",
      "properties": {
        "id": 22,
        "value": 30.0
      },
      "geometry": {
        "type": "Point",
        "coordinates": [
          2540462.8221340165,
          1181268.6046106468
        ]
      }
    },
    {
      "type": "Feature",
      "properties": {
        "id": 23,
        "value": 44.666666666666671
      },
      "geometry": {
        "type": "Point",
        "coordinates": [
          2540464.0635727555,
          1181256.810942624
        ]
      }
    },
    {
      "type": "Feature",
      "properties": {
        "id": 24,
        "value": 45.333333333333336
      },
      "geometry": {
        "type": "Point",
        "coordinates": [
          2540469.0810543266,
          1181260.6904386843
        ]
      }
    },
    {
      "type": "Feature",
      "properties": {
        "id": 25,
        "value": 38.666666666666671
      },
      "geometry": {
        "type": "Point",
        "coordinates": [
          2540463.8049396849,
          1181262.4491435648
        ]
      }
    },
    {
      "type": "Feature",
      "properties": {
        "id": 26,
        "value": 28.0
      },
      "geometry": {
        "type": "Point",
        "coordinates": [
          2540464.1152993697,
          1181269.4322364733
        ]
      }
    },
    {
      "type": "Feature",
      "properties": {
        "id": 27,
        "value": 30.0
      },
      "geometry": {
        "type": "Point",
        "coordinates": [
          2540472.0294713327,
          1181275.7946100119
        ]
      }
    },
    {
      "type": "Feature",
      "properties": {
        "id": 28,
        "value": 30.0
      },
      "geometry": {
        "type": "Point",
        "coordinates": [
          2540470.2190398378,
          1181261.7766975812
        ]
      }
    },
    {
      "type": "Feature",
      "properties": {
        "id": 29,
        "value": 40.666666666666671
      },
      "geometry": {
        "type": "Point",
        "coordinates": [
          2540478.2366650286,
          1181268.0356178917
        ]
      }
    },
    {
      "type": "Feature",
      "properties": {
        "id": 30,
        "value": 34.0
      },
      "geometry": {
        "type": "Point",
        "coordinates": [
          2540470.9432124356,
          1181268.8632437177
        ]
      }
    },
    {
      "type": "Feature",
      "properties": {
        "id": 31,
        "value": 25.333333333333343
      },
      "geometry": {
        "type": "Point",
        "coordinates": [
          2540473.1157302293,
          1181276.8291422946
        ]
      }
    },
    {
      "type": "Feature",
      "properties": {
        "id": 32,
        "value": 36.0
      },
      "geometry": {
        "type": "Point",
        "coordinates": [
          2540479.7367368387,
          1181269.0184235603
        ]
      }
    },
    {
      "type": "Feature",
      "properties": {
        "id": 33,
        "value": 33.333333333333343
      },
      "geometry": {
        "type": "Point",
        "coordinates": [
          2540481.7023481759,
          1181276.570509224
        ]
      }
    },
    {
      "type": "Feature",
      "properties": {
        "id": 34,
        "value": 33.333333333333343
      },
      "geometry": {
        "type": "Point",
        "coordinates": [
          2540484.5473119533,
          1181272.8461930063
        ]
      }
    },
    {
      "type": "Feature",
      "properties": {
        "id": 35,
        "value": 36.0
      },
      "geometry": {
        "type": "Point",
        "coordinates": [
          2540479.6332836105,
          1181273.7772720607
        ]
      }
    },
    {
      "type": "Feature",
      "properties": {
        "id": 36,
        "value": 23.333333333333343
      },
      "geometry": {
        "type": "Point",
        "coordinates": [
          2540478.9091110122,
          1181281.587990795
        ]
      }
    },
    {
      "type": "Feature",
      "properties": {
        "id": 37,
        "value": 25.333333333333343
      },
      "geometry": {
        "type": "Point",
        "coordinates": [
          2540484.1334990403,
          1181285.8295731542
        ]
      }
    },
    {
      "type": "Feature",
      "properties": {
        "id": 38,
        "value": 32.666666666666671
      },
      "geometry": {
        "type": "Point",
        "coordinates": [
          2540485.685297464,
          1181273.6738188323
        ]
      }
    },
    {
      "type": "Feature",
      "properties": {
        "id": 39,
        "value": 37.333333333333336
      },
      "geometry": {
        "type": "Point",
        "coordinates": [
          2540490.3924193503,
          1181277.5015882785
        ]
      }
    },
    {
      "type": "Feature",
      "properties": {
        "id": 40,
        "value": 34.666666666666671
      },
      "geometry": {
        "type": "Point",
        "coordinates": [
          2540485.0645780945,
          1181278.7430270177
        ]
      }
    },
    {
      "type": "Feature",
      "properties": {
        "id": 41,
        "value": -1
      },
      "geometry": {
        "type": "Point",
        "coordinates": [
          2540488.581987856,
          1181269.5356897016
        ]
      }
    },
    {
      "type": "Feature",
      "properties": {
        "id": 42,
        "value": -1
      },
      "geometry": {
        "type": "Point",
        "coordinates": [
          2540493.5994694275,
          1181273.51863899
        ]
      }
    },
    {
      "type": "Feature",
      "properties": {
        "id": 43,
        "value": -1
      },
      "geometry": {
        "type": "Point",
        "coordinates": [
          2540495.4099009219,
          1181261.4663378964
        ]
      }
    },
    {
      "type": "Feature",
      "properties": {
        "id": 44,
        "value": -1
      },
      "geometry": {
        "type": "Point",
        "coordinates": [
          2540500.0652961941,
          1181265.5010137989
        ]
      }
    },
    {
      "type": "Feature",
      "properties": {
        "id": 45,
        "value": -1
      },
      "geometry": {
        "type": "Point",
        "coordinates": [
          2540493.7029226557,
          1181268.2942509621
        ]
      }
    },
    {
      "type": "Feature",
      "properties": {
        "id": 46,
        "value": 36.666666666666671
      },
      "geometry": {
        "type": "Point",
        "coordinates": [
          2540482.5299740024,
          1181264.6733879726
        ]
      }
    },
    {
      "type": "Feature",
      "properties": {
        "id": 47,
        "value": 32.0
      },
      "geometry": {
        "type": "Point",
        "coordinates": [
          2540487.6509088017,
          1181268.6563372612
        ]
      }
    },
    {
      "type": "Feature",
      "properties": {
        "id": 48,
        "value": 31.333333333333343
      },
      "geometry": {
        "type": "Point",
        "coordinates": [
          2540489.0475273835,
          1181256.6557627819
        ]
      }
    },
    {
      "type": "Feature",
      "properties": {
        "id": 49,
        "value": 30.0
      },
      "geometry": {
        "type": "Point",
        "coordinates": [
          2540494.220188797,
          1181260.6904386843
        ]
      }
    },
    {
      "type": "Feature",
      "properties": {
        "id": 50,
        "value": 36.0
      },
      "geometry": {
        "type": "Point",
        "coordinates": [
          2540488.168174943,
          1181262.6560500215
        ]
      }
    },
    {
      "type": "Feature",
      "properties": {
        "id": 51,
        "value": 38.0
      },
      "geometry": {
        "type": "Point",
        "coordinates": [
          2540481.7540747905,
          1181263.8974887608
        ]
      }
    },
    {
      "type": "Feature",
      "properties": {
        "id": 52,
        "value": 32.666666666666671
      },
      "geometry": {
        "type": "Point",
        "coordinates": [
          2540488.0647217147,
          1181255.8798635697
        ]
      }
    },
    {
      "type": "Feature",
      "properties": {
        "id": 53,
        "value": 44.666666666666671
      },
      "geometry": {
        "type": "Point",
        "coordinates": [
          2540473.3226366863,
          1181257.4833886079
        ]
      }
    },
    {
      "type": "Feature",
      "properties": {
        "id": 54,
        "value": 29.333333333333343
      },
      "geometry": {
        "type": "Point",
        "coordinates": [
          2540479.8919166815,
          1181249.6209432594
        ]
      }
    },
    {
      "type": "Feature",
      "properties": {
        "id": 55,
        "value": 38.666666666666671
      },
      "geometry": {
        "type": "Point",
        "coordinates": [
          2540480.87472235,
          1181256.9143958525
        ]
      }
    },
    {
      "type": "Feature",
      "properties": {
        "id": 56,
        "value": 44.666666666666671
      },
      "geometry": {
        "type": "Point",
        "coordinates": [
          2540467.2706228327,
          1181252.6728134933
        ]
      }
    },
    {
      "type": "Feature",
      "properties": {
        "id": 57,
        "value": 40.0
      },
      "geometry": {
        "type": "Point",
        "coordinates": [
          2540478.598751328,
          1181261.25943144
        ]
      }
    },
    {
      "type": "Feature",
      "properties": {
        "id": 57,
        "value": 40.0
      },
      "geometry": {
        "type": "Point",
        "coordinates": [
          2540472.4432842461,
          1181256.6040361677
        ]
      }
    },
    {
      "type": "Feature",
      "properties": {
        "id": 58,
        "value": 41.333333333333336
      },
      "geometry": {
        "type": "Point",
        "coordinates": [
          2540473.6847229851,
          1181244.5517350743
        ]
      }
    },
    {
      "type": "Feature",
      "properties": {
        "id": 59,
        "value": 36.0
      },
      "geometry": {
        "type": "Point",
        "coordinates": [
          2540476.5296867625,
          1181251.1727416834
        ]
      }
    },
    {
      "type": "Feature",
      "properties": {
        "id": 60,
        "value": 41.333333333333336
      },
      "geometry": {
        "type": "Point",
        "coordinates": [
          2540472.2881044038,
          1181251.4831013682
        ]
      }
    },
    {
      "type": "Feature",
      "properties": {
        "id": 62,
        "value": -1
      },
      "geometry": {
        "type": "Point",
        "coordinates": [
          2540466.2878171639,
          1181251.9486408953
        ]
      }
    },
    {
      "type": "Feature",
      "properties": {
        "id": 61,
        "value": -1
      },
      "geometry": {
        "type": "Point",
        "coordinates": [
          2540461.0634291363,
          1181247.8105117646
        ]
      }
    },
    {
      "type": "Feature",
      "properties": {
        "id": 63,
        "value": -1
      },
      "geometry": {
        "type": "Point",
        "coordinates": [
          2540467.787888974,
          1181239.7411599595
        ]
      }
    },
    {
      "type": "Feature",
      "properties": {
        "id": 64,
        "value": -1
      },
      "geometry": {
        "type": "Point",
        "coordinates": [
          2540472.5984640885,
          1181243.7241092478
        ]
      }
    },
    {
      "type": "Feature",
      "properties": {
        "id": 65,
        "value": -1
      },
      "geometry": {
        "type": "Point",
        "coordinates": [
          2540466.5464502345,
          1181246.2587133406
        ]
      }
    },
    {
      "type": "Feature",
      "properties": {
        "id": 66,
        "value": 49.333333333333336
      },
      "geometry": {
        "type": "Point",
        "coordinates": [
          2540455.2700483529,
          1181242.7413035794
        ]
      }
    },
    {
      "type": "Feature",
      "properties": {
        "id": 67,
        "value": 52.0
      },
      "geometry": {
        "type": "Point",
        "coordinates": [
          2540460.0288968533,
          1181246.9828859384
        ]
      }
    },
    {
      "type": "Feature",
      "properties": {
        "id": 68,
        "value": 38.666666666666671
      },
      "geometry": {
        "type": "Point",
        "coordinates": [
          2540461.73587512,
          1181235.1374913014
        ]
      }
    },
    {
      "type": "Feature",
      "properties": {
        "id": 69,
        "value": 38.666666666666671
      },
      "geometry": {
        "type": "Point",
        "coordinates": [
          2540462.6152275605,
          1181238.2928147637
        ]
      }
    },
    {
      "type": "Feature",
      "properties": {
        "id": 70,
        "value": 49.333333333333336
      },
      "geometry": {
        "type": "Point",
        "coordinates": [
          2540460.3392565385,
          1181241.4998648402
        ]
      }
    },
    {
      "type": "Feature",
      "properties": {
        "id": 71,
        "value": 57.333333333333336
      },
      "geometry": {
        "type": "Point",
        "coordinates": [
          2540452.0112716625,
          1181240.4136059433
        ]
      }
    },
    {
      "type": "Feature",
      "properties": {
        "id": 72,
        "value": 52.666666666666671
      },
      "geometry": {
        "type": "Point",
        "coordinates": [
          2540455.8907677229,
          1181239.3790736606
        ]
      }
    },
    {
      "type": "Feature",
      "properties": {
        "id": 73,
        "value": 68.666666666666671
      },
      "geometry": {
        "type": "Point",
        "coordinates": [
          2540451.1836458365,
          1181236.1720235841
        ]
      }
    },
    {
      "type": "Feature",
      "properties": {
        "id": 74,
        "value": 60.666666666666671
      },
      "geometry": {
        "type": "Point",
        "coordinates": [
          2540455.4252281957,
          1181230.1200097303
        ]
      }
    },
    {
      "type": "Feature",
      "properties": {
        "id": 75,
        "value": 58.666666666666671
      },
      "geometry": {
        "type": "Point",
        "coordinates": [
          2540460.2358033103,
          1181233.9477791763
        ]
      }
    },
    {
      "type": "Feature",
      "properties": {
        "id": 76,
        "value": 61.333333333333336
      },
      "geometry": {
        "type": "Point",
        "coordinates": [
          2540442.9591141888,
          1181233.1201533503
        ]
      }
    },
    {
      "type": "Feature",
      "properties": {
        "id": 77,
        "value": 72.0
      },
      "geometry": {
        "type": "Point",
        "coordinates": [
          2540448.028322374,
          1181237.258282481
        ]
      }
    },
    {
      "type": "Feature",
      "properties": {
        "id": 78,
        "value": 78.666666666666671
      },
      "geometry": {
        "type": "Point",
        "coordinates": [
          2540449.0628546569,
          1181225.1025281593
        ]
      }
    },
    {
      "type": "Feature",
      "properties": {
        "id": 79,
        "value": 71.333333333333343
      },
      "geometry": {
        "type": "Point",
        "coordinates": [
          2540454.1837894563,
          1181229.0854774476
        ]
      }
    },
    {
      "type": "Feature",
      "properties": {
        "id": 80,
        "value": 70.0
      },
      "geometry": {
        "type": "Point",
        "coordinates": [
          2540448.4938619016,
          1181231.2579952413
        ]
      }
    },
    {
      "type": "Feature",
      "properties": {
        "id": 81,
        "value": -1
      },
      "geometry": {
        "type": "Point",
        "coordinates": [
          2540437.8899060036,
          1181227.1715927252
        ]
      }
    },
    {
      "type": "Feature",
      "properties": {
        "id": 82,
        "value": -1
      },
      "geometry": {
        "type": "Point",
        "coordinates": [
          2540442.9073875747,
          1181230.9993621712
        ]
      }
    },
    {
      "type": "Feature",
      "properties": {
        "id": 83,
        "value": -1
      },
      "geometry": {
        "type": "Point",
        "coordinates": [
          2540443.0108408029,
          1181220.4471328876
        ]
      }
    },
    {
      "type": "Feature",
      "properties": {
        "id": 84,
        "value": 74.666666666666671
      },
      "geometry": {
        "type": "Point",
        "coordinates": [
          2540448.2869554451,
          1181224.4300821759
        ]
      }
    },
    {
      "type": "Feature",
      "properties": {
        "id": 85,
        "value": 94.666666666666671
      },
      "geometry": {
        "type": "Point",
        "coordinates": [
          2540443.3212004877,
          1181225.7232475292
        ]
      }
    },
    {
      "type": "Feature",
      "properties": {
        "id": 86,
        "value": 64.0
      },
      "geometry": {
        "type": "Point",
        "coordinates": [
          2540441.5107689933,
          1181235.499577601
        ]
      }
    },
    {
      "type": "Feature",
      "properties": {
        "id": 87,
        "value": 62.0
      },
      "geometry": {
        "type": "Point",
        "coordinates": [
          2540448.442135287,
          1181240.5687857859
        ]
      }
    },
    {
      "type": "Feature",
      "properties": {
        "id": 89,
        "value": 52.0
      },
      "geometry": {
        "type": "Point",
        "coordinates": [
          2540465.4084647233,
          1181254.0694320754
        ]
      }
    },
    {
      "type": "Feature",
      "properties": {
        "id": 88,
        "value": 59.333333333333336
      },
      "geometry": {
        "type": "Point",
        "coordinates": [
          2540458.8909113421,
          1181249.4657634173
        ]
      }
    },
    {
      "type": "Feature",
      "properties": {
        "id": 90,
        "value": 46.0
      },
      "geometry": {
        "type": "Point",
        "coordinates": [
          2540474.87443511,
          1181261.9318774238
        ]
      }
    },
    {
      "type": "Feature",
      "properties": {
        "id": 91,
        "value": 43.333333333333336
      },
      "geometry": {
        "type": "Point",
        "coordinates": [
          2540486.9784628176,
          1181271.8116607238
        ]
      }
    },
    {
      "type": "Feature",
      "properties": {
        "id": 92,
        "value": 30.666666666666671
      },
      "geometry": {
        "type": "Point",
        "coordinates": [
          2540488.1164483284,
          1181286.1916594533
        ]
      }
    },
    {
      "type": "Feature",
      "properties": {
        "id": 93,
        "value": 30.666666666666671
      },
      "geometry": {
        "type": "Point",
        "coordinates": [
          2540496.289253362,
          1181274.0359051314
        ]
      }
    },
    {
      "type": "Feature",
      "properties": {
        "id": 94,
        "value": 24.0
      },
      "geometry": {
        "type": "Point",
        "coordinates": [
          2540502.1860873732,
          1181268.6563372614
        ]
      }
    },
    {
      "type": "Feature",
      "properties": {
        "id": 95,
        "value": 24.0
      },
      "geometry": {
        "type": "Point",
        "coordinates": [
          2540488.7371676983,
          1181289.0883498448
        ]
      }
    },
    {
      "type": "Feature",
      "properties": {
        "id": 96,
        "value": 22.0
      },
      "geometry": {
        "type": "Point",
        "coordinates": [
          2540494.1684621824,
          1181282.0535303224
        ]
      }
    },
    {
      "type": "Feature",
      "properties": {
        "id": 97,
        "value": 29.333333333333343
      },
      "geometry": {
        "type": "Point",
        "coordinates": [
          2540496.289253362,
          1181295.1920903127
        ]
      }
    },
    {
      "type": "Feature",
      "properties": {
        "id": 98,
        "value": 24.0
      },
      "geometry": {
        "type": "Point",
        "coordinates": [
          2540502.5481736721,
          1181287.3296449643
        ]
      }
    },
    {
      "type": "Feature",
      "properties": {
        "id": 99,
        "value": 0.0
      },
      "geometry": {
        "type": "Point",
        "coordinates": [
          2540495.5650807638,
          1181288.0020909479
        ]
      }
    },
    {
      "type": "Feature",
      "properties": {
        "id": 100,
        "value": -1
      },
      "geometry": {
        "type": "Point",
        "coordinates": [
          2540497.530692101,
          1181296.1748959813
        ]
      }
    },
    {
      "type": "Feature",
      "properties": {
        "id": 101,
        "value": -1
      },
      "geometry": {
        "type": "Point",
        "coordinates": [
          2540502.3929938297,
          1181300.0026654273
        ]
      }
    },
    {
      "type": "Feature",
      "properties": {
        "id": 102,
        "value": -1
      },
      "geometry": {
        "type": "Point",
        "coordinates": [
          2540503.8413390256,
          1181288.4159038609
        ]
      }
    },
    {
      "type": "Feature",
      "properties": {
        "id": 103,
        "value": -1
      },
      "geometry": {
        "type": "Point",
        "coordinates": [
          2540508.548460912,
          1181291.9850402363
        ]
      }
    },
    {
      "type": "Feature",
      "properties": {
        "id": 104,
        "value": -1
      },
      "geometry": {
        "type": "Point",
        "coordinates": [
          2540503.8413390256,
          1181293.4851120464
        ]
      }
    },
    {
      "type": "Feature",
      "properties": {
        "id": 105,
        "value": -1
      },
      "geometry": {
        "type": "Point",
        "coordinates": [
          2540507.2035689442,
          1181284.0708682737
        ]
      }
    },
    {
      "type": "Feature",
      "properties": {
        "id": 106,
        "value": -1
      },
      "geometry": {
        "type": "Point",
        "coordinates": [
          2540516.2039998039,
          1181290.4332418123
        ]
      }
    },
    {
      "type": "Feature",
      "properties": {
        "id": 107,
        "value": -1
      },
      "geometry": {
        "type": "Point",
        "coordinates": [
          2540524.1181717664,
          1181297.4163347206
        ]
      }
    },
    {
      "type": "Feature",
      "properties": {
        "id": 108,
        "value": -1
      },
      "geometry": {
        "type": "Point",
        "coordinates": [
          2540513.565942483,
          1181276.1049696968
        ]
      }
    },
    {
      "type": "Feature",
      "properties": {
        "id": 109,
        "value": -1
      },
      "geometry": {
        "type": "Point",
        "coordinates": [
          2540521.8422007444,
          1181282.8294295345
        ]
      }
    },
    {
      "type": "Feature",
      "properties": {
        "id": 110,
        "value": -1
      },
      "geometry": {
        "type": "Point",
        "coordinates": [
          2540530.583998533,
          1181289.4504361439
        ]
      }
    },
    {
      "type": "Feature",
      "properties": {
        "id": 111,
        "value": -1
      },
      "geometry": {
        "type": "Point",
        "coordinates": [
          2540515.0142876785,
          1181284.1225948881
        ]
      }
    },
    {
      "type": "Feature",
      "properties": {
        "id": 112,
        "value": -1
      },
      "geometry": {
        "type": "Point",
        "coordinates": [
          2540522.7215531846,
          1181289.9677022854
        ]
      }
    },
    {
      "type": "Feature",
      "properties": {
        "id": 113,
        "value": 22.666666666666671
      },
      "geometry": {
        "type": "Point",
        "coordinates": [
          2540498.0479582422,
          1181276.7256890666
        ]
      }
    },
    {
      "type": "Feature",
      "properties": {
        "id": 114,
        "value": -1
      },
      "geometry": {
        "type": "Point",
        "coordinates": [
          2540506.1173100471,
          1181283.1397892195
        ]
      }
    },
    {
      "type": "Feature",
      "properties": {
        "id": 115,
        "value": -1
      },
      "geometry": {
        "type": "Point",
        "coordinates": [
          2540503.7378857969,
          1181270.2598622998
        ]
      }
    },
    {
      "type": "Feature",
      "properties": {
        "id": 116,
        "value": -1
      },
      "geometry": {
        "type": "Point",
        "coordinates": [
          2540512.0141440588,
          1181275.0187108002
        ]
      }
    },
    {
      "type": "Feature",
      "properties": {
        "id": 117,
        "value": -1
      },
      "geometry": {
        "type": "Point",
        "coordinates": [
          2540502.0826341445,
          1181273.8807252892
        ]
      }
    },
    {
      "type": "Feature",
      "properties": {
        "id": 118,
        "value": 22.0
      },
      "geometry": {
        "type": "Point",
        "coordinates": [
          2540510.15198595,
          1181289.8125224428
        ]
      }
    },
    {
      "type": "Feature",
      "properties": {
        "id": 119,
        "value": 25.333333333333343
      },
      "geometry": {
        "type": "Point",
        "coordinates": [
          2540504.9793245364,
          1181285.6743933121
        ]
      }
    },
    {
      "type": "Feature",
      "properties": {
        "id": 120,
        "value": 34.666666666666671
      },
      "geometry": {
        "type": "Point",
        "coordinates": [
          2540499.1342171389,
          1181280.9155448116
        ]
      }
    }
  ]
}