﻿{
  "type": "FeatureCollection",
  "name": "C_Point de mesures",
  "crs": {
    "type": "name",
    "properties": {
      "name": "urn:ogc:def:crs:EPSG::2056"
    }
  },
  "features": [
    {
      "type": "Feature",
      "properties": {
        "id": 1,
        "value": 33.333333333333343
      },
      "geometry": {
        "type": "Point",
        "coordinates": [
          2540468.0107861,
          1181233.0154894162
        ]
      }
    },
    {
      "type": "Feature",
      "properties": {
        "id": 2,
        "value": 30.0
      },
      "geometry": {
        "type": "Point",
        "coordinates": [
          2540474.2781448592,
          1181225.3644280732
        ]
      }
    },
    {
      "type": "Feature",
      "properties": {
        "id": 3,
        "value": 34.666666666666671
      },
      "geometry": {
        "type": "Point",
        "coordinates": [
          2540482.0919947415,
          1181231.387604024
        ]
      }
    },
    {
      "type": "Feature",
      "properties": {
        "id": 4,
        "value": 27.333333333333343
      },
      "geometry": {
        "type": "Point",
        "coordinates": [
          2540472.8944422761,
          1181236.6782315483
        ]
      }
    },
    {
      "type": "Feature",
      "properties": {
        "id": 5,
        "value": 29.333333333333343
      },
      "geometry": {
        "type": "Point",
        "coordinates": [
          2540473.6269907025,
          1181234.2364034601
        ]
      }
    },
    {
      "type": "Feature",
      "properties": {
        "id": 6,
        "value": 29.333333333333343
      },
      "geometry": {
        "type": "Point",
        "coordinates": [
          2540476.23160733,
          1181239.3642424454
        ]
      }
    },
    {
      "type": "Feature",
      "properties": {
        "id": 7,
        "value": 29.333333333333343
      },
      "geometry": {
        "type": "Point",
        "coordinates": [
          2540476.8827614868,
          1181236.2712602003
        ]
      }
    },
    {
      "type": "Feature",
      "properties": {
        "id": 8,
        "value": 36.666666666666671
      },
      "geometry": {
        "type": "Point",
        "coordinates": [
          2540479.7315609232,
          1181234.3991919993
        ]
      }
    },
    {
      "type": "Feature",
      "properties": {
        "id": 9,
        "value": 29.333333333333343
      },
      "geometry": {
        "type": "Point",
        "coordinates": [
          2540477.3711271044,
          1181230.0039014407
        ]
      }
    },
    {
      "type": "Feature",
      "properties": {
        "id": 10,
        "value": 28.666666666666671
      },
      "geometry": {
        "type": "Point",
        "coordinates": [
          2540477.1269442956,
          1181240.1781851414
        ]
      }
    },
    {
      "type": "Feature",
      "properties": {
        "id": 11,
        "value": 32.666666666666671
      },
      "geometry": {
        "type": "Point",
        "coordinates": [
          2540479.0804067664,
          1181241.8060705336
        ]
      }
    },
    {
      "type": "Feature",
      "properties": {
        "id": 12,
        "value": 34.666666666666671
      },
      "geometry": {
        "type": "Point",
        "coordinates": [
          2540483.5570915947,
          1181232.4457295288
        ]
      }
    },
    {
      "type": "Feature",
      "properties": {
        "id": 13,
        "value": 38.0
      },
      "geometry": {
        "type": "Point",
        "coordinates": [
          2540485.4291597954,
          1181233.9922206514
        ]
      }
    },
    {
      "type": "Feature",
      "properties": {
        "id": 14,
        "value": 36.0
      },
      "geometry": {
        "type": "Point",
        "coordinates": [
          2540481.4408405847,
          1181237.0038086269
        ]
      }
    },
    {
      "type": "Feature",
      "properties": {
        "id": 15,
        "value": 33.333333333333343
      },
      "geometry": {
        "type": "Point",
        "coordinates": [
          2540480.6268978887,
          1181242.7014074991
        ]
      }
    },
    {
      "type": "Feature",
      "properties": {
        "id": 16,
        "value": 33.333333333333343
      },
      "geometry": {
        "type": "Point",
        "coordinates": [
          2540485.1849769866,
          1181246.1199668227
        ]
      }
    },
    {
      "type": "Feature",
      "properties": {
        "id": 17,
        "value": 34.0
      },
      "geometry": {
        "type": "Point",
        "coordinates": [
          2540486.7314681089,
          1181234.8061633476
        ]
      }
    },
    {
      "type": "Feature",
      "properties": {
        "id": 18,
        "value": 41.333333333333336
      },
      "geometry": {
        "type": "Point",
        "coordinates": [
          2540491.2895472073,
          1181238.6316940188
        ]
      }
    },
    {
      "type": "Feature",
      "properties": {
        "id": 19,
        "value": 33.333333333333343
      },
      "geometry": {
        "type": "Point",
        "coordinates": [
          2540485.7547368738,
          1181240.666550759
        ]
      }
    },
    {
      "type": "Feature",
      "properties": {
        "id": 20,
        "value": 38.666666666666671
      },
      "geometry": {
        "type": "Point",
        "coordinates": [
          2540486.4872853,
          1181247.2594865973
        ]
      }
    },
    {
      "type": "Feature",
      "properties": {
        "id": 21,
        "value": 37.333333333333336
      },
      "geometry": {
        "type": "Point",
        "coordinates": [
          2540488.3593535013,
          1181249.0501605286
        ]
      }
    },
    {
      "type": "Feature",
      "properties": {
        "id": 22,
        "value": 42.666666666666671
      },
      "geometry": {
        "type": "Point",
        "coordinates": [
          2540492.5918555208,
          1181239.6898195238
        ]
      }
    },
    {
      "type": "Feature",
      "properties": {
        "id": 23,
        "value": 37.333333333333336
      },
      "geometry": {
        "type": "Point",
        "coordinates": [
          2540494.5453179912,
          1181240.9921278376
        ]
      }
    },
    {
      "type": "Feature",
      "properties": {
        "id": 24,
        "value": 37.333333333333336
      },
      "geometry": {
        "type": "Point",
        "coordinates": [
          2540490.4756045109,
          1181244.4920814305
        ]
      }
    },
    {
      "type": "Feature",
      "properties": {
        "id": 25,
        "value": 30.0
      },
      "geometry": {
        "type": "Point",
        "coordinates": [
          2540489.5802675453,
          1181249.8641032246
        ]
      }
    },
    {
      "type": "Feature",
      "properties": {
        "id": 26,
        "value": 28.0
      },
      "geometry": {
        "type": "Point",
        "coordinates": [
          2540494.3011351824,
          1181253.4454510873
        ]
      }
    },
    {
      "type": "Feature",
      "properties": {
        "id": 27,
        "value": 29.333333333333343
      },
      "geometry": {
        "type": "Point",
        "coordinates": [
          2540496.1732033836,
          1181242.2130418816
        ]
      }
    },
    {
      "type": "Feature",
      "properties": {
        "id": 28,
        "value": 42.666666666666671
      },
      "geometry": {
        "type": "Point",
        "coordinates": [
          2540500.3243111335,
          1181245.8757840139
        ]
      }
    },
    {
      "type": "Feature",
      "properties": {
        "id": 29,
        "value": 32.666666666666671
      },
      "geometry": {
        "type": "Point",
        "coordinates": [
          2540495.1964721479,
          1181247.8292464844
        ]
      }
    },
    {
      "type": "Feature",
      "properties": {
        "id": 30,
        "value": 0.0
      },
      "geometry": {
        "type": "Point",
        "coordinates": [
          2540495.6034434964,
          1181254.8291536705
        ]
      }
    },
    {
      "type": "Feature",
      "properties": {
        "id": 31,
        "value": 0.0
      },
      "geometry": {
        "type": "Point",
        "coordinates": [
          2540497.4755116971,
          1181256.5384333322
        ]
      }
    },
    {
      "type": "Feature",
      "properties": {
        "id": 32,
        "value": 46.0
      },
      "geometry": {
        "type": "Point",
        "coordinates": [
          2540501.7080137166,
          1181246.8525152493
        ]
      }
    },
    {
      "type": "Feature",
      "properties": {
        "id": 33,
        "value": 48.0
      },
      "geometry": {
        "type": "Point",
        "coordinates": [
          2540503.742870457,
          1181248.4804006412
        ]
      }
    },
    {
      "type": "Feature",
      "properties": {
        "id": 34,
        "value": 42.666666666666671
      },
      "geometry": {
        "type": "Point",
        "coordinates": [
          2540499.5917627071,
          1181251.4105943472
        ]
      }
    },
    {
      "type": "Feature",
      "properties": {
        "id": 35,
        "value": 37.333333333333336
      },
      "geometry": {
        "type": "Point",
        "coordinates": [
          2540498.6964257411,
          1181257.1081932196
        ]
      }
    },
    {
      "type": "Feature",
      "properties": {
        "id": 36,
        "value": 52.0
      },
      "geometry": {
        "type": "Point",
        "coordinates": [
          2540503.5800819178,
          1181261.0151181608
        ]
      }
    },
    {
      "type": "Feature",
      "properties": {
        "id": 37,
        "value": 46.0
      },
      "geometry": {
        "type": "Point",
        "coordinates": [
          2540504.963784501,
          1181249.375737607
        ]
      }
    },
    {
      "type": "Feature",
      "properties": {
        "id": 38,
        "value": 49.333333333333336
      },
      "geometry": {
        "type": "Point",
        "coordinates": [
          2540509.7660464076,
          1181253.2012682785
        ]
      }
    },
    {
      "type": "Feature",
      "properties": {
        "id": 39,
        "value": 52.0
      },
      "geometry": {
        "type": "Point",
        "coordinates": [
          2540504.2312360746,
          1181255.3989135579
        ]
      }
    },
    {
      "type": "Feature",
      "properties": {
        "id": 40,
        "value": 54.666666666666671
      },
      "geometry": {
        "type": "Point",
        "coordinates": [
          2540510.9869604516,
          1181247.5850636757
        ]
      }
    },
    {
      "type": "Feature",
      "properties": {
        "id": 41,
        "value": 59.333333333333336
      },
      "geometry": {
        "type": "Point",
        "coordinates": [
          2540514.7310968535,
          1181247.0966980581
        ]
      }
    },
    {
      "type": "Feature",
      "properties": {
        "id": 42,
        "value": 44.0
      },
      "geometry": {
        "type": "Point",
        "coordinates": [
          2540513.6729713487,
          1181244.4920814305
        ]
      }
    },
    {
      "type": "Feature",
      "properties": {
        "id": 43,
        "value": 46.666666666666671
      },
      "geometry": {
        "type": "Point",
        "coordinates": [
          2540517.0915306723,
          1181243.9223215433
        ]
      }
    },
    {
      "type": "Feature",
      "properties": {
        "id": 44,
        "value": 54.666666666666671
      },
      "geometry": {
        "type": "Point",
        "coordinates": [
          2540516.2775879763,
          1181241.2363106464
        ]
      }
    },
    {
      "type": "Feature",
      "properties": {
        "id": 45,
        "value": 57.333333333333336
      },
      "geometry": {
        "type": "Point",
        "coordinates": [
          2540519.6147530302,
          1181240.910733568
        ]
      }
    },
    {
      "type": "Feature",
      "properties": {
        "id": 46,
        "value": 41.333333333333336
      },
      "geometry": {
        "type": "Point",
        "coordinates": [
          2540505.12657304,
          1181242.53861896
        ]
      }
    },
    {
      "type": "Feature",
      "properties": {
        "id": 47,
        "value": 56.0
      },
      "geometry": {
        "type": "Point",
        "coordinates": [
          2540510.0102292164,
          1181246.6897267099
        ]
      }
    },
    {
      "type": "Feature",
      "properties": {
        "id": 48,
        "value": 37.333333333333336
      },
      "geometry": {
        "type": "Point",
        "coordinates": [
          2540511.3939318,
          1181234.8061633476
        ]
      }
    },
    {
      "type": "Feature",
      "properties": {
        "id": 49,
        "value": 45.333333333333336
      },
      "geometry": {
        "type": "Point",
        "coordinates": [
          2540516.3589822459,
          1181238.38751121
        ]
      }
    },
    {
      "type": "Feature",
      "properties": {
        "id": 50,
        "value": 48.666666666666671
      },
      "geometry": {
        "type": "Point",
        "coordinates": [
          2540510.7427776428,
          1181240.3409736806
        ]
      }
    },
    {
      "type": "Feature",
      "properties": {
        "id": 51,
        "value": 38.666666666666671
      },
      "geometry": {
        "type": "Point",
        "coordinates": [
          2540498.7778200107,
          1181237.8177513229
        ]
      }
    },
    {
      "type": "Feature",
      "properties": {
        "id": 52,
        "value": 48.666666666666671
      },
      "geometry": {
        "type": "Point",
        "coordinates": [
          2540503.742870457,
          1181241.5618877248
        ]
      }
    },
    {
      "type": "Feature",
      "properties": {
        "id": 53,
        "value": 33.333333333333343
      },
      "geometry": {
        "type": "Point",
        "coordinates": [
          2540505.3707558489,
          1181230.0039014407
        ]
      }
    },
    {
      "type": "Feature",
      "properties": {
        "id": 54,
        "value": 40.666666666666671
      },
      "geometry": {
        "type": "Point",
        "coordinates": [
          2540510.0102292164,
          1181233.7480378426
        ]
      }
    },
    {
      "type": "Feature",
      "properties": {
        "id": 55,
        "value": 36.0
      },
      "geometry": {
        "type": "Point",
        "coordinates": [
          2540504.3126303442,
          1181235.5387117739
        ]
      }
    },
    {
      "type": "Feature",
      "properties": {
        "id": 56,
        "value": 36.0
      },
      "geometry": {
        "type": "Point",
        "coordinates": [
          2540493.0802211384,
          1181233.0968836858
        ]
      }
    },
    {
      "type": "Feature",
      "properties": {
        "id": 57,
        "value": 40.666666666666671
      },
      "geometry": {
        "type": "Point",
        "coordinates": [
          2540497.5569059667,
          1181236.5968372787
        ]
      }
    },
    {
      "type": "Feature",
      "properties": {
        "id": 58,
        "value": 30.666666666666671
      },
      "geometry": {
        "type": "Point",
        "coordinates": [
          2540499.1847913587,
          1181225.3644280732
        ]
      }
    },
    {
      "type": "Feature",
      "properties": {
        "id": 59,
        "value": 34.666666666666671
      },
      "geometry": {
        "type": "Point",
        "coordinates": [
          2540503.8242647266,
          1181228.9457759359
        ]
      }
    },
    {
      "type": "Feature",
      "properties": {
        "id": 60,
        "value": 37.333333333333336
      },
      "geometry": {
        "type": "Point",
        "coordinates": [
          2540498.4522429323,
          1181231.2248154848
        ]
      }
    },
    {
      "type": "Feature",
      "properties": {
        "id": 61,
        "value": -1
      },
      "geometry": {
        "type": "Point",
        "coordinates": [
          2540487.0570451873,
          1181227.8876504309
        ]
      }
    },
    {
      "type": "Feature",
      "properties": {
        "id": 62,
        "value": -1
      },
      "geometry": {
        "type": "Point",
        "coordinates": [
          2540491.4523357465,
          1181231.794575372
        ]
      }
    },
    {
      "type": "Feature",
      "properties": {
        "id": 63,
        "value": -1
      },
      "geometry": {
        "type": "Point",
        "coordinates": [
          2540493.0802211384,
          1181220.3993776271
        ]
      }
    },
    {
      "type": "Feature",
      "properties": {
        "id": 64,
        "value": -1
      },
      "geometry": {
        "type": "Point",
        "coordinates": [
          2540497.5569059667,
          1181224.0621197594
        ]
      }
    },
    {
      "type": "Feature",
      "properties": {
        "id": 65,
        "value": 30.666666666666671
      },
      "geometry": {
        "type": "Point",
        "coordinates": [
          2540492.1848841729,
          1181226.1783707691
        ]
      }
    },
    {
      "type": "Feature",
      "properties": {
        "id": 66,
        "value": 33.333333333333343
      },
      "geometry": {
        "type": "Point",
        "coordinates": [
          2540483.8826686731,
          1181225.7713994212
        ]
      }
    },
    {
      "type": "Feature",
      "properties": {
        "id": 67,
        "value": 32.0
      },
      "geometry": {
        "type": "Point",
        "coordinates": [
          2540487.1384394569,
          1181224.794668186
        ]
      }
    },
    {
      "type": "Feature",
      "properties": {
        "id": 68,
        "value": 30.666666666666671
      },
      "geometry": {
        "type": "Point",
        "coordinates": [
          2540486.8942566481,
          1181222.1900515584
        ]
      }
    },
    {
      "type": "Feature",
      "properties": {
        "id": 69,
        "value": 25.333333333333343
      },
      "geometry": {
        "type": "Point",
        "coordinates": [
          2540484.2082457514,
          1181222.5970229066
        ]
      }
    },
    {
      "type": "Feature",
      "properties": {
        "id": 70,
        "value": 34.0
      },
      "geometry": {
        "type": "Point",
        "coordinates": [
          2540482.8245431678,
          1181220.9691375145
        ]
      }
    },
    {
      "type": "Feature",
      "properties": {
        "id": 71,
        "value": 30.666666666666671
      },
      "geometry": {
        "type": "Point",
        "coordinates": [
          2540485.8361311434,
          1181220.3179833575
        ]
      }
    },
    {
      "type": "Feature",
      "properties": {
        "id": 72,
        "value": 28.0
      },
      "geometry": {
        "type": "Point",
        "coordinates": [
          2540490.5569987805,
          1181220.8877432449
        ]
      }
    },
    {
      "type": "Feature",
      "properties": {
        "id": 73,
        "value": 30.0
      },
      "geometry": {
        "type": "Point",
        "coordinates": [
          2540491.7779128249,
          1181219.1784635831
        ]
      }
    },
    {
      "type": "Feature",
      "properties": {
        "id": 74,
        "value": 32.666666666666671
      },
      "geometry": {
        "type": "Point",
        "coordinates": [
          2540486.8942566486,
          1181215.271538642
        ]
      }
    },
    {
      "type": "Feature",
      "properties": {
        "id": 75,
        "value": 30.666666666666671
      },
      "geometry": {
        "type": "Point",
        "coordinates": [
          2540485.510554065,
          1181217.3063953822
        ]
      }
    },
    {
      "type": "Feature",
      "properties": {
        "id": 76,
        "value": 34.666666666666671
      },
      "geometry": {
        "type": "Point",
        "coordinates": [
          2540474.6037219381,
          1181218.4459151565
        ]
      }
    },
    {
      "type": "Feature",
      "properties": {
        "id": 77,
        "value": 37.333333333333336
      },
      "geometry": {
        "type": "Point",
        "coordinates": [
          2540476.8013672172,
          1181220.0738005487
        ]
      }
    },
    {
      "type": "Feature",
      "properties": {
        "id": 78,
        "value": 36.0
      },
      "geometry": {
        "type": "Point",
        "coordinates": [
          2540478.5106468792,
          1181213.399470441
        ]
      }
    },
    {
      "type": "Feature",
      "properties": {
        "id": 79,
        "value": 32.666666666666671
      },
      "geometry": {
        "type": "Point",
        "coordinates": [
          2540480.9524749671,
          1181214.864567294
        ]
      }
    },
    {
      "type": "Feature",
      "properties": {
        "id": 80,
        "value": 36.0
      },
      "geometry": {
        "type": "Point",
        "coordinates": [
          2540477.7780984528,
          1181216.6552412254
        ]
      }
    },
    {
      "type": "Feature",
      "properties": {
        "id": 86,
        "value": 32.0
      },
      "geometry": {
        "type": "Point",
        "coordinates": [
          2540469.5572772226,
          1181212.1785563969
        ]
      }
    },
    {
      "type": "Feature",
      "properties": {
        "id": 87,
        "value": 30.666666666666671
      },
      "geometry": {
        "type": "Point",
        "coordinates": [
          2540474.5223276685,
          1181215.9226927988
        ]
      }
    },
    {
      "type": "Feature",
      "properties": {
        "id": 89,
        "value": 30.666666666666671
      },
      "geometry": {
        "type": "Point",
        "coordinates": [
          2540472.3246823889,
          1181209.0855741519
        ]
      }
    },
    {
      "type": "Feature",
      "properties": {
        "id": 90,
        "value": 34.666666666666671
      },
      "geometry": {
        "type": "Point",
        "coordinates": [
          2540476.9641557564,
          1181212.5041334752
        ]
      }
    },
    {
      "type": "Feature",
      "properties": {
        "id": 91,
        "value": 38.666666666666671
      },
      "geometry": {
        "type": "Point",
        "coordinates": [
          2540473.8711735117,
          1181212.2599506665
        ]
      }
    },
    {
      "type": "Feature",
      "properties": {
        "id": 92,
        "value": 36.0
      },
      "geometry": {
        "type": "Point",
        "coordinates": [
          2540459.7899648696,
          1181211.6901907793
        ]
      }
    },
    {
      "type": "Feature",
      "properties": {
        "id": 93,
        "value": 41.333333333333336
      },
      "geometry": {
        "type": "Point",
        "coordinates": [
          2540464.8364095851,
          1181215.1901443724
        ]
      }
    },
    {
      "type": "Feature",
      "properties": {
        "id": 94,
        "value": 44.0
      },
      "geometry": {
        "type": "Point",
        "coordinates": [
          2540466.3015064383,
          1181203.7949466275
        ]
      }
    },
    {
      "type": "Feature",
      "properties": {
        "id": 95,
        "value": 38.666666666666671
      },
      "geometry": {
        "type": "Point",
        "coordinates": [
          2540471.103768345,
          1181207.4576887598
        ]
      }
    },
    {
      "type": "Feature",
      "properties": {
        "id": 96,
        "value": 41.333333333333336
      },
      "geometry": {
        "type": "Point",
        "coordinates": [
          2540465.97592936,
          1181209.4111512303
        ]
      }
    },
    {
      "type": "Feature",
      "properties": {
        "id": 97,
        "value": 32.0
      },
      "geometry": {
        "type": "Point",
        "coordinates": [
          2540453.8481831886,
          1181206.8879288726
        ]
      }
    },
    {
      "type": "Feature",
      "properties": {
        "id": 98,
        "value": 34.0
      },
      "geometry": {
        "type": "Point",
        "coordinates": [
          2540458.5690508257,
          1181210.7134595441
        ]
      }
    },
    {
      "type": "Feature",
      "properties": {
        "id": 99,
        "value": 33.333333333333343
      },
      "geometry": {
        "type": "Point",
        "coordinates": [
          2540459.5457820608,
          1181204.6902835933
        ]
      }
    },
    {
      "type": "Feature",
      "properties": {
        "id": 100,
        "value": 45.333333333333336
      },
      "geometry": {
        "type": "Point",
        "coordinates": [
          2540460.1969362176,
          1181198.9926847208
        ]
      }
    },
    {
      "type": "Feature",
      "properties": {
        "id": 101,
        "value": 40.0
      },
      "geometry": {
        "type": "Point",
        "coordinates": [
          2540464.6736210459,
          1181202.6554268531
        ]
      }
    },
    {
      "type": "Feature",
      "properties": {
        "id": 102,
        "value": 40.0
      },
      "geometry": {
        "type": "Point",
        "coordinates": [
          2540444.6506307228,
          1181199.562444608
        ]
      }
    },
    {
      "type": "Feature",
      "properties": {
        "id": 103,
        "value": 33.333333333333343
      },
      "geometry": {
        "type": "Point",
        "coordinates": [
          2540452.6272691442,
          1181205.5042262892
        ]
      }
    },
    {
      "type": "Feature",
      "properties": {
        "id": 104,
        "value": 36.0
      },
      "geometry": {
        "type": "Point",
        "coordinates": [
          2540451.162172291,
          1181191.8299889953
        ]
      }
    },
    {
      "type": "Feature",
      "properties": {
        "id": 105,
        "value": 40.0
      },
      "geometry": {
        "type": "Point",
        "coordinates": [
          2540458.406262286,
          1181197.690376407
        ]
      }
    },
    {
      "type": "Feature",
      "properties": {
        "id": 106,
        "value": 40.0
      },
      "geometry": {
        "type": "Point",
        "coordinates": [
          2540452.057509257,
          1181199.0740789904
        ]
      }
    },
    {
      "type": "Feature",
      "properties": {
        "id": 107,
        "value": 36.0
      },
      "geometry": {
        "type": "Point",
        "coordinates": [
          2540435.941443875,
          1181192.5625374219
        ]
      }
    },
    {
      "type": "Feature",
      "properties": {
        "id": 108,
        "value": 32.0
      },
      "geometry": {
        "type": "Point",
        "coordinates": [
          2540443.0227453304,
          1181197.6089821374
        ]
      }
    },
    {
      "type": "Feature",
      "properties": {
        "id": 109,
        "value": 37.333333333333336
      },
      "geometry": {
        "type": "Point",
        "coordinates": [
          2540441.8018312864,
          1181184.6672932701
        ]
      }
    },
    {
      "type": "Feature",
      "properties": {
        "id": 110,
        "value": 44.666666666666671
      },
      "geometry": {
        "type": "Point",
        "coordinates": [
          2540449.2901040902,
          1181190.4462864122
        ]
      }
    },
    {
      "type": "Feature",
      "properties": {
        "id": 111,
        "value": 38.0
      },
      "geometry": {
        "type": "Point",
        "coordinates": [
          2540442.6157739824,
          1181192.4811431523
        ]
      }
    },
    {
      "type": "Feature",
      "properties": {
        "id": 112,
        "value": -1
      },
      "geometry": {
        "type": "Point",
        "coordinates": [
          2540426.6624971395,
          1181185.0742646181
        ]
      }
    },
    {
      "type": "Feature",
      "properties": {
        "id": 113,
        "value": -1
      },
      "geometry": {
        "type": "Point",
        "coordinates": [
          2540434.0693756738,
          1181191.097440569
        ]
      }
    },
    {
      "type": "Feature",
      "properties": {
        "id": 114,
        "value": -1
      },
      "geometry": {
        "type": "Point",
        "coordinates": [
          2540432.604278821,
          1181177.5045975447
        ]
      }
    },
    {
      "type": "Feature",
      "properties": {
        "id": 115,
        "value": -1
      },
      "geometry": {
        "type": "Point",
        "coordinates": [
          2540440.4181287033,
          1181183.2021964171
        ]
      }
    },
    {
      "type": "Feature",
      "properties": {
        "id": 116,
        "value": -1
      },
      "geometry": {
        "type": "Point",
        "coordinates": [
          2540435.4530782574,
          1181182.3882537212
        ]
      }
    },
    {
      "type": "Feature",
      "properties": {
        "id": 117,
        "value": -1
      },
      "geometry": {
        "type": "Point",
        "coordinates": [
          2540420.3137441105,
          1181180.2720027114
        ]
      }
    },
    {
      "type": "Feature",
      "properties": {
        "id": 118,
        "value": -1
      },
      "geometry": {
        "type": "Point",
        "coordinates": [
          2540425.0346117476,
          1181183.6905620347
        ]
      }
    },
    {
      "type": "Feature",
      "properties": {
        "id": 119,
        "value": -1
      },
      "geometry": {
        "type": "Point",
        "coordinates": [
          2540426.8252856787,
          1181172.0511814812
        ]
      }
    },
    {
      "type": "Feature",
      "properties": {
        "id": 120,
        "value": -1
      },
      "geometry": {
        "type": "Point",
        "coordinates": [
          2540431.2205762379,
          1181176.1208949615
        ]
      }
    },
    {
      "type": "Feature",
      "properties": {
        "id": 121,
        "value": -1
      },
      "geometry": {
        "type": "Point",
        "coordinates": [
          2540425.2787945564,
          1181178.48132878
        ]
      }
    },
    {
      "type": "Feature",
      "properties": {
        "id": 122,
        "value": -1
      },
      "geometry": {
        "type": "Point",
        "coordinates": [
          2540411.5231629931,
          1181173.109306986
        ]
      }
    },
    {
      "type": "Feature",
      "properties": {
        "id": 123,
        "value": -1
      },
      "geometry": {
        "type": "Point",
        "coordinates": [
          2540418.8486472573,
          1181178.7255115889
        ]
      }
    },
    {
      "type": "Feature",
      "properties": {
        "id": 124,
        "value": -1
      },
      "geometry": {
        "type": "Point",
        "coordinates": [
          2540417.302156135,
          1181165.3768513734
        ]
      }
    },
    {
      "type": "Feature",
      "properties": {
        "id": 125,
        "value": -1
      },
      "geometry": {
        "type": "Point",
        "coordinates": [
          2540424.3834575908,
          1181171.237238785
        ]
      }
    },
    {
      "type": "Feature",
      "properties": {
        "id": 126,
        "value": -1
      },
      "geometry": {
        "type": "Point",
        "coordinates": [
          2540417.3835504046,
          1181172.2139700204
        ]
      }
    },
    {
      "type": "Feature",
      "properties": {
        "id": 127,
        "value": -1
      },
      "geometry": {
        "type": "Point",
        "coordinates": [
          2540402.3256105273,
          1181165.2954571038
        ]
      }
    },
    {
      "type": "Feature",
      "properties": {
        "id": 128,
        "value": -1
      },
      "geometry": {
        "type": "Point",
        "coordinates": [
          2540409.8138833311,
          1181171.7256044026
        ]
      }
    },
    {
      "type": "Feature",
      "properties": {
        "id": 129,
        "value": -1
      },
      "geometry": {
        "type": "Point",
        "coordinates": [
          2540408.1859979392,
          1181158.6211269961
        ]
      }
    },
    {
      "type": "Feature",
      "properties": {
        "id": 130,
        "value": -1
      },
      "geometry": {
        "type": "Point",
        "coordinates": [
          2540415.7556650126,
          1181163.9931487902
        ]
      }
    },
    {
      "type": "Feature",
      "properties": {
        "id": 131,
        "value": -1
      },
      "geometry": {
        "type": "Point",
        "coordinates": [
          2540409.1627291744,
          1181156.586270256
        ]
      }
    },
    {
      "type": "Feature",
      "properties": {
        "id": 132,
        "value": -1
      },
      "geometry": {
        "type": "Point",
        "coordinates": [
          2540413.8022025418,
          1181157.3188186823
        ]
      }
    },
    {
      "type": "Feature",
      "properties": {
        "id": 133,
        "value": -1
      },
      "geometry": {
        "type": "Point",
        "coordinates": [
          2540413.964991081,
          1181160.2490123883
        ]
      }
    },
    {
      "type": "Feature",
      "properties": {
        "id": 134,
        "value": -1
      },
      "geometry": {
        "type": "Point",
        "coordinates": [
          2540420.39513838,
          1181162.6908404764
        ]
      }
    },
    {
      "type": "Feature",
      "properties": {
        "id": 135,
        "value": -1
      },
      "geometry": {
        "type": "Point",
        "coordinates": [
          2540423.1625435469,
          1181167.7372851919
        ]
      }
    },
    {
      "type": "Feature",
      "properties": {
        "id": 136,
        "value": -1
      },
      "geometry": {
        "type": "Point",
        "coordinates": [
          2540421.2904753457,
          1181160.6559837363
        ]
      }
    },
    {
      "type": "Feature",
      "properties": {
        "id": 137,
        "value": -1
      },
      "geometry": {
        "type": "Point",
        "coordinates": [
          2540437.8135120757,
          1181171.4814215938
        ]
      }
    },
    {
      "type": "Feature",
      "properties": {
        "id": 138,
        "value": -1
      },
      "geometry": {
        "type": "Point",
        "coordinates": [
          2540438.2204834237,
          1181174.6557981085
        ]
      }
    },
    {
      "type": "Feature",
      "properties": {
        "id": 139,
        "value": -1
      },
      "geometry": {
        "type": "Point",
        "coordinates": [
          2540447.0110645411,
          1181178.6441173193
        ]
      }
    },
    {
      "type": "Feature",
      "properties": {
        "id": 140,
        "value": -1
      },
      "geometry": {
        "type": "Point",
        "coordinates": [
          2540460.8480903739,
          1181192.3183546131
        ]
      }
    },
    {
      "type": "Feature",
      "properties": {
        "id": 141,
        "value": -1
      },
      "geometry": {
        "type": "Point",
        "coordinates": [
          2540468.2549689081,
          1181198.6671076424
        ]
      }
    },
    {
      "type": "Feature",
      "properties": {
        "id": 142,
        "value": -1
      },
      "geometry": {
        "type": "Point",
        "coordinates": [
          2540466.7898720554,
          1181184.8300818093
        ]
      }
    },
    {
      "type": "Feature",
      "properties": {
        "id": 143,
        "value": -1
      },
      "geometry": {
        "type": "Point",
        "coordinates": [
          2540474.4409333984,
          1181190.6090749514
        ]
      }
    },
    {
      "type": "Feature",
      "properties": {
        "id": 144,
        "value": -1
      },
      "geometry": {
        "type": "Point",
        "coordinates": [
          2540468.092180369,
          1181191.3416233778
        ]
      }
    },
    {
      "type": "Feature",
      "properties": {
        "id": 145,
        "value": -1
      },
      "geometry": {
        "type": "Point",
        "coordinates": [
          2540470.5340084573,
          1181199.3996560688
        ]
      }
    },
    {
      "type": "Feature",
      "properties": {
        "id": 146,
        "value": -1
      },
      "geometry": {
        "type": "Point",
        "coordinates": [
          2540476.0688187904,
          1181192.3183546131
        ]
      }
    },
    {
      "type": "Feature",
      "properties": {
        "id": 147,
        "value": -1
      },
      "geometry": {
        "type": "Point",
        "coordinates": [
          2540483.7198801334,
          1181198.2601362944
        ]
      }
    },
    {
      "type": "Feature",
      "properties": {
        "id": 148,
        "value": -1
      },
      "geometry": {
        "type": "Point",
        "coordinates": [
          2540477.0455500255,
          1181198.6671076424
        ]
      }
    },
    {
      "type": "Feature",
      "properties": {
        "id": 149,
        "value": -1
      },
      "geometry": {
        "type": "Point",
        "coordinates": [
          2540477.3711271039,
          1181205.748409098
        ]
      }
    },
    {
      "type": "Feature",
      "properties": {
        "id": 150,
        "value": -1
      },
      "geometry": {
        "type": "Point",
        "coordinates": [
          2540480.5455036187,
          1181208.271631456
        ]
      }
    },
    {
      "type": "Feature",
      "properties": {
        "id": 151,
        "value": -1
      },
      "geometry": {
        "type": "Point",
        "coordinates": [
          2540485.7547368738,
          1181199.6438388776
        ]
      }
    },
    {
      "type": "Feature",
      "properties": {
        "id": 152,
        "value": -1
      },
      "geometry": {
        "type": "Point",
        "coordinates": [
          2540482.6617546286,
          1181203.3879752795
        ]
      }
    },
    {
      "type": "Feature",
      "properties": {
        "id": 153,
        "value": 41.333333333333336
      },
      "geometry": {
        "type": "Point",
        "coordinates": [
          2540507.7718868018,
          1181264.4743746193
        ]
      }
    },
    {
      "type": "Feature",
      "properties": {
        "id": 154,
        "value": 49.333333333333336
      },
      "geometry": {
        "type": "Point",
        "coordinates": [
          2540511.8416002821,
          1181261.7883637222
        ]
      }
    },
    {
      "type": "Feature",
      "properties": {
        "id": 155,
        "value": 44.666666666666671
      },
      "geometry": {
        "type": "Point",
        "coordinates": [
          2540515.9113137624,
          1181258.2884101293
        ]
      }
    },
    {
      "type": "Feature",
      "properties": {
        "id": 156,
        "value": 52.0
      },
      "geometry": {
        "type": "Point",
        "coordinates": [
          2540511.1904461253,
          1181266.8348084379
        ]
      }
    },
    {
      "type": "Feature",
      "properties": {
        "id": 157,
        "value": 50.666666666666671
      },
      "geometry": {
        "type": "Point",
        "coordinates": [
          2540518.922901738,
          1181272.6951958495
        ]
      }
    },
    {
      "type": "Feature",
      "properties": {
        "id": 158,
        "value": 52.666666666666671
      },
      "geometry": {
        "type": "Point",
        "coordinates": [
          2540517.2950163456,
          1181259.346535634
        ]
      }
    },
    {
      "type": "Feature",
      "properties": {
        "id": 159,
        "value": 54.666666666666671
      },
      "geometry": {
        "type": "Point",
        "coordinates": [
          2540525.0274719582,
          1181265.2069230457
        ]
      }
    },
    {
      "type": "Feature",
      "properties": {
        "id": 160,
        "value": 53.333333333333336
      },
      "geometry": {
        "type": "Point",
        "coordinates": [
          2540518.1089590415,
          1181265.5325001241
        ]
      }
    },
    {
      "type": "Feature",
      "properties": {
        "id": 161,
        "value": 50.666666666666671
      },
      "geometry": {
        "type": "Point",
        "coordinates": [
          2540520.1438157819,
          1181274.0788984327
        ]
      }
    },
    {
      "type": "Feature",
      "properties": {
        "id": 162,
        "value": 60.666666666666671
      },
      "geometry": {
        "type": "Point",
        "coordinates": [
          2540527.794877125,
          1181267.811539673
        ]
      }
    },
    {
      "type": "Feature",
      "properties": {
        "id": 163,
        "value": 49.333333333333336
      },
      "geometry": {
        "type": "Point",
        "coordinates": [
          2540523.3995865663,
          1181276.4393322514
        ]
      }
    },
    {
      "type": "Feature",
      "properties": {
        "id": 164,
        "value": 52.0
      },
      "geometry": {
        "type": "Point",
        "coordinates": [
          2540530.88785937,
          1181270.334762031
        ]
      }
    },
    {
      "type": "Feature",
      "properties": {
        "id": 165,
        "value": 44.0
      },
      "geometry": {
        "type": "Point",
        "coordinates": [
          2540526.4111745413,
          1181278.9625546092
        ]
      }
    },
    {
      "type": "Feature",
      "properties": {
        "id": 166,
        "value": 54.0
      },
      "geometry": {
        "type": "Point",
        "coordinates": [
          2540531.1320421789,
          1181282.4625082023
        ]
      }
    },
    {
      "type": "Feature",
      "properties": {
        "id": 167,
        "value": 48.666666666666671
      },
      "geometry": {
        "type": "Point",
        "coordinates": [
          2540532.7599275708,
          1181271.3114932661
        ]
      }
    },
    {
      "type": "Feature",
      "properties": {
        "id": 168,
        "value": 52.666666666666671
      },
      "geometry": {
        "type": "Point",
        "coordinates": [
          2540536.9924295903,
          1181274.8114468593
        ]
      }
    },
    {
      "type": "Feature",
      "properties": {
        "id": 169,
        "value": 50.666666666666671
      },
      "geometry": {
        "type": "Point",
        "coordinates": [
          2540531.1320421789,
          1181276.6835150602
        ]
      }
    },
    {
      "type": "Feature",
      "properties": {
        "id": 170,
        "value": 49.333333333333336
      },
      "geometry": {
        "type": "Point",
        "coordinates": [
          2540532.4343504924,
          1181283.8462107854
        ]
      }
    },
    {
      "type": "Feature",
      "properties": {
        "id": 171,
        "value": 57.333333333333336
      },
      "geometry": {
        "type": "Point",
        "coordinates": [
          2540537.2366123991,
          1181287.3461643786
        ]
      }
    },
    {
      "type": "Feature",
      "properties": {
        "id": 172,
        "value": 58.666666666666671
      },
      "geometry": {
        "type": "Point",
        "coordinates": [
          2540538.9458920611,
          1181276.2765437122
        ]
      }
    },
    {
      "type": "Feature",
      "properties": {
        "id": 173,
        "value": 59.333333333333336
      },
      "geometry": {
        "type": "Point",
        "coordinates": [
          2540543.1783940806,
          1181279.8578915747
        ]
      }
    },
    {
      "type": "Feature",
      "properties": {
        "id": 174,
        "value": 46.666666666666671
      },
      "geometry": {
        "type": "Point",
        "coordinates": [
          2540538.3761321735,
          1181281.4043826973
        ]
      }
    },
    {
      "type": "Feature",
      "properties": {
        "id": 175,
        "value": 52.0
      },
      "geometry": {
        "type": "Point",
        "coordinates": [
          2540538.7831035214,
          1181288.7298669619
        ]
      }
    },
    {
      "type": "Feature",
      "properties": {
        "id": 176,
        "value": 46.666666666666671
      },
      "geometry": {
        "type": "Point",
        "coordinates": [
          2540543.25978835,
          1181292.3926090943
        ]
      }
    },
    {
      "type": "Feature",
      "properties": {
        "id": 178,
        "value": 56.666666666666671
      },
      "geometry": {
        "type": "Point",
        "coordinates": [
          2540545.1318565509,
          1181281.0788056189
        ]
      }
    },
    {
      "type": "Feature",
      "properties": {
        "id": 179,
        "value": 52.666666666666671
      },
      "geometry": {
        "type": "Point",
        "coordinates": [
          2540543.9923367766,
          1181286.6950102218
        ]
      }
    },
    {
      "type": "Feature",
      "properties": {
        "id": 177,
        "value": 49.333333333333336
      },
      "geometry": {
        "type": "Point",
        "coordinates": [
          2540549.2015700312,
          1181284.4159706729
        ]
      }
    },
    {
      "type": "Feature",
      "properties": {
        "id": 180,
        "value": 32.666666666666671
      },
      "geometry": {
        "type": "Point",
        "coordinates": [
          2540554.4921975555,
          1181281.1601998885
        ]
      }
    },
    {
      "type": "Feature",
      "properties": {
        "id": 181,
        "value": 32.666666666666671
      },
      "geometry": {
        "type": "Point",
        "coordinates": [
          2540561.8990760897,
          1181287.0205873002
        ]
      }
    },
    {
      "type": "Feature",
      "properties": {
        "id": 182,
        "value": 31.333333333333343
      },
      "geometry": {
        "type": "Point",
        "coordinates": [
          2540567.5152806928,
          1181279.3695259572
        ]
      }
    },
    {
      "type": "Feature",
      "properties": {
        "id": 183,
        "value": 31.333333333333343
      },
      "geometry": {
        "type": "Point",
        "coordinates": [
          2540560.7595563154,
          1181273.8347156239
        ]
      }
    },
    {
      "type": "Feature",
      "properties": {
        "id": 184,
        "value": 32.666666666666671
      },
      "geometry": {
        "type": "Point",
        "coordinates": [
          2540561.1665276634,
          1181279.7764973051
        ]
      }
    },
    {
      "type": "Feature",
      "properties": {
        "id": 185,
        "value": 37.333333333333336
      },
      "geometry": {
        "type": "Point",
        "coordinates": [
          2540553.2712835115,
          1181275.869572364
        ]
      }
    },
    {
      "type": "Feature",
      "properties": {
        "id": 186,
        "value": 40.0
      },
      "geometry": {
        "type": "Point",
        "coordinates": [
          2540555.2247459823,
          1181277.4974577562
        ]
      }
    },
    {
      "type": "Feature",
      "properties": {
        "id": 187,
        "value": 36.0
      },
      "geometry": {
        "type": "Point",
        "coordinates": [
          2540559.2944594626,
          1181272.4510130407
        ]
      }
    },
    {
      "type": "Feature",
      "properties": {
        "id": 188,
        "value": 32.0
      },
      "geometry": {
        "type": "Point",
        "coordinates": [
          2540557.5851798006,
          1181271.2300989965
        ]
      }
    },
    {
      "type": "Feature",
      "properties": {
        "id": 189,
        "value": 39.333333333333336
      },
      "geometry": {
        "type": "Point",
        "coordinates": [
          2540556.1200829479,
          1181274.3230812417
        ]
      }
    },
    {
      "type": "Feature",
      "properties": {
        "id": 190,
        "value": 50.0
      },
      "geometry": {
        "type": "Point",
        "coordinates": [
          2540542.3644513842,
          1181272.1254359623
        ]
      }
    },
    {
      "type": "Feature",
      "properties": {
        "id": 191,
        "value": 41.333333333333336
      },
      "geometry": {
        "type": "Point",
        "coordinates": [
          2540549.7713299184,
          1181277.741640565
        ]
      }
    },
    {
      "type": "Feature",
      "properties": {
        "id": 192,
        "value": 34.0
      },
      "geometry": {
        "type": "Point",
        "coordinates": [
          2540556.0386886783,
          1181269.683607874
        ]
      }
    },
    {
      "type": "Feature",
      "properties": {
        "id": 193,
        "value": 38.666666666666671
      },
      "geometry": {
        "type": "Point",
        "coordinates": [
          2540548.3062330657,
          1181264.0674032713
        ]
      }
    },
    {
      "type": "Feature",
      "properties": {
        "id": 194,
        "value": 44.0
      },
      "geometry": {
        "type": "Point",
        "coordinates": [
          2540548.7945986832,
          1181270.8231276486
        ]
      }
    },
    {
      "type": "Feature",
      "properties": {
        "id": 195,
        "value": 54.666666666666671
      },
      "geometry": {
        "type": "Point",
        "coordinates": [
          2540535.852909816,
          1181267.2417797858
        ]
      }
    },
    {
      "type": "Feature",
      "properties": {
        "id": 196,
        "value": 53.333333333333336
      },
      "geometry": {
        "type": "Point",
        "coordinates": [
          2540540.4923831834,
          1181270.4161563006
        ]
      }
    },
    {
      "type": "Feature",
      "properties": {
        "id": 197,
        "value": 48.666666666666671
      },
      "geometry": {
        "type": "Point",
        "coordinates": [
          2540546.5155591341,
          1181262.5209121488
        ]
      }
    },
    {
      "type": "Feature",
      "properties": {
        "id": 198,
        "value": 48.0
      },
      "geometry": {
        "type": "Point",
        "coordinates": [
          2540542.0388743058,
          1181258.8581700164
        ]
      }
    },
    {
      "type": "Feature",
      "properties": {
        "id": 199,
        "value": 48.666666666666671
      },
      "geometry": {
        "type": "Point",
        "coordinates": [
          2540541.14353734,
          1181264.7999516977
        ]
      }
    },
    {
      "type": "Feature",
      "properties": {
        "id": 200,
        "value": 64.0
      },
      "geometry": {
        "type": "Point",
        "coordinates": [
          2540529.9925224041,
          1181261.8697579917
        ]
      }
    },
    {
      "type": "Feature",
      "properties": {
        "id": 201,
        "value": 52.666666666666671
      },
      "geometry": {
        "type": "Point",
        "coordinates": [
          2540533.9808416148,
          1181265.6952886633
        ]
      }
    },
    {
      "type": "Feature",
      "properties": {
        "id": 202,
        "value": 56.666666666666671
      },
      "geometry": {
        "type": "Point",
        "coordinates": [
          2540540.0854118355,
          1181257.4744674331
        ]
      }
    },
    {
      "type": "Feature",
      "properties": {
        "id": 209,
        "value": 31.333333333333343
      },
      "geometry": {
        "type": "Point",
        "coordinates": [
          2540535.9343040856,
          1181254.0559081098
        ]
      }
    },
    {
      "type": "Feature",
      "properties": {
        "id": 210,
        "value": 58.666666666666671
      },
      "geometry": {
        "type": "Point",
        "coordinates": [
          2540534.7947843107,
          1181259.753506982
        ]
      }
    },
    {
      "type": "Feature",
      "properties": {
        "id": 211,
        "value": 65.333333333333343
      },
      "geometry": {
        "type": "Point",
        "coordinates": [
          2540523.5623751045,
          1181257.3930731637
        ]
      }
    },
    {
      "type": "Feature",
      "properties": {
        "id": 212,
        "value": 62.0
      },
      "geometry": {
        "type": "Point",
        "coordinates": [
          2540528.2832427416,
          1181260.8930267568
        ]
      }
    },
    {
      "type": "Feature",
      "properties": {
        "id": 213,
        "value": 68.666666666666671
      },
      "geometry": {
        "type": "Point",
        "coordinates": [
          2540534.2250244226,
          1181252.8349940658
        ]
      }
    },
    {
      "type": "Feature",
      "properties": {
        "id": 214,
        "value": 58.666666666666671
      },
      "geometry": {
        "type": "Point",
        "coordinates": [
          2540529.8297338639,
          1181249.0908576639
        ]
      }
    },
    {
      "type": "Feature",
      "properties": {
        "id": 215,
        "value": 64.0
      },
      "geometry": {
        "type": "Point",
        "coordinates": [
          2540529.3413682464,
          1181255.5210049627
        ]
      }
    },
    {
      "type": "Feature",
      "properties": {
        "id": 216,
        "value": 64.0
      },
      "geometry": {
        "type": "Point",
        "coordinates": [
          2540519.8589358372,
          1181254.9512450758
        ]
      }
    },
    {
      "type": "Feature",
      "properties": {
        "id": 117,
        "value": -1
      },
      "geometry": {
        "type": "Point",
        "coordinates": [
          2540522.4228553297,
          1181256.8029647092
        ]
      }
    },
    {
      "type": "Feature",
      "properties": {
        "id": 219,
        "value": 65.333333333333343
      },
      "geometry": {
        "type": "Point",
        "coordinates": [
          2540525.7396718166,
          1181245.4484640993
        ]
      }
    },
    {
      "type": "Feature",
      "properties": {
        "id": 218,
        "value": 66.666666666666671
      },
      "geometry": {
        "type": "Point",
        "coordinates": [
          2540529.1989282747,
          1181248.175172131
        ]
      }
    },
    {
      "type": "Feature",
      "properties": {
        "id": 220,
        "value": 76.0
      },
      "geometry": {
        "type": "Point",
        "coordinates": [
          2540524.4170149351,
          1181251.7361714265
        ]
      }
    },
    {
      "type": "Feature",
      "properties": {
        "id": 221,
        "value": 69.333333333333343
      },
      "geometry": {
        "type": "Point",
        "coordinates": [
          2540521.3850783929,
          1181243.8002301399
        ]
      }
    },
    {
      "type": "Feature",
      "properties": {
        "id": 222,
        "value": 68.0
      },
      "geometry": {
        "type": "Point",
        "coordinates": [
          2540513.9781998587,
          1181252.5908112573
        ]
      }
    },
    {
      "type": "Feature",
      "properties": {
        "id": 223,
        "value": 61.333333333333336
      },
      "geometry": {
        "type": "Point",
        "coordinates": [
          2540509.3387264912,
          1181259.7535069827
        ]
      }
    },
    {
      "type": "Feature",
      "properties": {
        "id": 224,
        "value": 56.666666666666671
      },
      "geometry": {
        "type": "Point",
        "coordinates": [
          2540505.6759843589,
          1181262.0325465316
        ]
      }
    },
    {
      "type": "Feature",
      "properties": {
        "id": 225,
        "value": 54.666666666666671
      },
      "geometry": {
        "type": "Point",
        "coordinates": [
          2540517.8851248,
          1181246.5676353064
        ]
      }
    },
    {
      "type": "Feature",
      "properties": {
        "id": 226,
        "value": 60.666666666666671
      },
      "geometry": {
        "type": "Point",
        "coordinates": [
          2540551.3788667438,
          1181281.6485655068
        ]
      }
    },
    {
      "type": "Feature",
      "properties": {
        "id": 227,
        "value": 50.666666666666671
      },
      "geometry": {
        "type": "Point",
        "coordinates": [
          2540539.9836689993,
          1181273.5091385462
        ]
      }
    },
    {
      "type": "Feature",
      "properties": {
        "id": 228,
        "value": 53.333333333333336
      },
      "geometry": {
        "type": "Point",
        "coordinates": [
          2540533.4721274306,
          1181268.62548237
        ]
      }
    },
    {
      "type": "Feature",
      "properties": {
        "id": 229,
        "value": 57.333333333333336
      },
      "geometry": {
        "type": "Point",
        "coordinates": [
          2540527.855922828,
          1181263.416249115
        ]
      }
    },
    {
      "type": "Feature",
      "properties": {
        "id": 230,
        "value": 64.666666666666671
      },
      "geometry": {
        "type": "Point",
        "coordinates": [
          2540516.7049078918,
          1181255.1954278848
        ]
      }
    },
    {
      "type": "Feature",
      "properties": {
        "id": 231,
        "value": 52.666666666666671
      },
      "geometry": {
        "type": "Point",
        "coordinates": [
          2540507.3445668868,
          1181247.5443665418
        ]
      }
    },
    {
      "type": "Feature",
      "properties": {
        "id": 232,
        "value": 48.666666666666671
      },
      "geometry": {
        "type": "Point",
        "coordinates": [
          2540497.6586488043,
          1181239.8119109292
        ]
      }
    },
    {
      "type": "Feature",
      "properties": {
        "id": 233,
        "value": 46.666666666666671
      },
      "geometry": {
        "type": "Point",
        "coordinates": [
          2540489.0308562261,
          1181232.8933980127
        ]
      }
    },
    {
      "type": "Feature",
      "properties": {
        "id": 234,
        "value": 44.666666666666671
      },
      "geometry": {
        "type": "Point",
        "coordinates": [
          2540483.98441151,
          1181228.905078802
        ]
      }
    },
    {
      "type": "Feature",
      "properties": {
        "id": 235,
        "value": 37.333333333333336
      },
      "geometry": {
        "type": "Point",
        "coordinates": [
          2540474.4612819664,
          1181222.067960155
        ]
      }
    },
    {
      "type": "Feature",
      "properties": {
        "id": 236,
        "value": 32.0
      },
      "geometry": {
        "type": "Point",
        "coordinates": [
          2540480.8914292655,
          1181218.5680065621
        ]
      }
    },
    {
      "type": "Feature",
      "properties": {
        "id": 237,
        "value": 37.333333333333336
      },
      "geometry": {
        "type": "Point",
        "coordinates": [
          2540481.9495547703,
          1181212.4634363416
        ]
      }
    },
    {
      "type": "Feature",
      "properties": {
        "id": 238,
        "value": 41.333333333333336
      },
      "geometry": {
        "type": "Point",
        "coordinates": [
          2540473.2403679225,
          1181205.7077119641
        ]
      }
    },
    {
      "type": "Feature",
      "properties": {
        "id": 239,
        "value": 57.333333333333336
      },
      "geometry": {
        "type": "Point",
        "coordinates": [
          2540460.4614675944,
          1181195.7776110722
        ]
      }
    },
    {
      "type": "Feature",
      "properties": {
        "id": 240,
        "value": 36.0
      },
      "geometry": {
        "type": "Point",
        "coordinates": [
          2540448.98487558,
          1181186.2544815282
        ]
      }
    },
    {
      "type": "Feature",
      "properties": {
        "id": 241,
        "value": 34.666666666666671
      },
      "geometry": {
        "type": "Point",
        "coordinates": [
          2540439.7059288449,
          1181179.091785803
        ]
      }
    },
    {
      "type": "Feature",
      "properties": {
        "id": 242,
        "value": -1
      },
      "geometry": {
        "type": "Point",
        "coordinates": [
          2540427.4153941344,
          1181169.3244734502
        ]
      }
    }
  ]
}