﻿{
  "type": "FeatureCollection",
  "name": "K_Point de mesures",
  "crs": {
    "type": "name",
    "properties": {
      "name": "urn:ogc:def:crs:EPSG::2056"
    }
  },
  "features": [
    {
      "type": "Feature",
      "properties": {
        "id": 24,
        "value": 68.666666666666671
      },
      "geometry": {
        "type": "Point",
        "coordinates": [
          2540524.7009225837,
          1181200.0689614476
        ]
      }
    },
    {
      "type": "Feature",
      "properties": {
        "id": 27,
        "value": 70.0
      },
      "geometry": {
        "type": "Point",
        "coordinates": [
          2540517.9077214571,
          1181194.8170748623
        ]
      }
    },
    {
      "type": "Feature",
      "properties": {
        "id": 25,
        "value": 65.333333333333343
      },
      "geometry": {
        "type": "Point",
        "coordinates": [
          2540522.1891507385,
          1181206.1200481653
        ]
      }
    },
    {
      "type": "Feature",
      "properties": {
        "id": 24,
        "value": 68.666666666666671
      },
      "geometry": {
        "type": "Point",
        "coordinates": [
          2540514.1971494132,
          1181200.0689614476
        ]
      }
    },
    {
      "type": "Feature",
      "properties": {
        "id": 28,
        "value": 69.333333333333343
      },
      "geometry": {
        "type": "Point",
        "coordinates": [
          2540519.3919502748,
          1181200.2402186189
        ]
      }
    },
    {
      "type": "Feature",
      "properties": {
        "id": 4,
        "value": 69.333333333333343
      },
      "geometry": {
        "type": "Point",
        "coordinates": [
          2540525.8997227824,
          1181211.0294204082
        ]
      }
    },
    {
      "type": "Feature",
      "properties": {
        "id": 5,
        "value": 0.0
      },
      "geometry": {
        "type": "Point",
        "coordinates": [
          2540523.1025223187,
          1181217.3659357447
        ]
      }
    },
    {
      "type": "Feature",
      "properties": {
        "id": 6,
        "value": 72.666666666666671
      },
      "geometry": {
        "type": "Point",
        "coordinates": [
          2540515.2817781642,
          1181210.8581632369
        ]
      }
    },
    {
      "type": "Feature",
      "properties": {
        "id": 7,
        "value": 57.333333333333336
      },
      "geometry": {
        "type": "Point",
        "coordinates": [
          2540519.1065216558,
          1181205.8346195465
        ]
      }
    },
    {
      "type": "Feature",
      "properties": {
        "id": 8,
        "value": 64.666666666666671
      },
      "geometry": {
        "type": "Point",
        "coordinates": [
          2540520.4194933022,
          1181210.9723346843
        ]
      }
    },
    {
      "type": "Feature",
      "properties": {
        "id": 1,
        "value": 50.666666666666671
      },
      "geometry": {
        "type": "Point",
        "coordinates": [
          2540534.5767527921,
          1181220.2773076566
        ]
      }
    },
    {
      "type": "Feature",
      "properties": {
        "id": 2,
        "value": 54.666666666666671
      },
      "geometry": {
        "type": "Point",
        "coordinates": [
          2540536.6318388474,
          1181216.7950785076
        ]
      }
    },
    {
      "type": "Feature",
      "properties": {
        "id": 3,
        "value": 54.666666666666671
      },
      "geometry": {
        "type": "Point",
        "coordinates": [
          2540534.1771527259,
          1181214.39747811
        ]
      }
    },
    {
      "type": "Feature",
      "properties": {
        "id": 9,
        "value": 0.0
      },
      "geometry": {
        "type": "Point",
        "coordinates": [
          2540528.6398375221,
          1181223.3599367391
        ]
      }
    },
    {
      "type": "Feature",
      "properties": {
        "id": 10,
        "value": 41.333333333333336
      },
      "geometry": {
        "type": "Point",
        "coordinates": [
          2540524.7009225828,
          1181228.2122232583
        ]
      }
    },
    {
      "type": "Feature",
      "properties": {
        "id": 11,
        "value": 56.0
      },
      "geometry": {
        "type": "Point",
        "coordinates": [
          2540516.4805783625,
          1181221.9327936454
        ]
      }
    },
    {
      "type": "Feature",
      "properties": {
        "id": 12,
        "value": 0.0
      },
      "geometry": {
        "type": "Point",
        "coordinates": [
          2540520.533664749,
          1181216.9092499551
        ]
      }
    },
    {
      "type": "Feature",
      "properties": {
        "id": 13,
        "value": 0.0
      },
      "geometry": {
        "type": "Point",
        "coordinates": [
          2540522.417493633,
          1181222.3894794353
        ]
      }
    },
    {
      "type": "Feature",
      "properties": {
        "id": 14,
        "value": 45.333333333333336
      },
      "geometry": {
        "type": "Point",
        "coordinates": [
          2540525.7284656106,
          1181228.954337667
        ]
      }
    },
    {
      "type": "Feature",
      "properties": {
        "id": 15,
        "value": 45.333333333333336
      },
      "geometry": {
        "type": "Point",
        "coordinates": [
          2540528.582751798,
          1181227.1846802307
        ]
      }
    },
    {
      "type": "Feature",
      "properties": {
        "id": 16,
        "value": 50.666666666666671
      },
      "geometry": {
        "type": "Point",
        "coordinates": [
          2540531.7224666048,
          1181225.5291942419
        ]
      }
    },
    {
      "type": "Feature",
      "properties": {
        "id": 17,
        "value": 58.666666666666671
      },
      "geometry": {
        "type": "Point",
        "coordinates": [
          2540533.435038317,
          1181223.4170224629
        ]
      }
    },
    {
      "type": "Feature",
      "properties": {
        "id": 18,
        "value": 60.0
      },
      "geometry": {
        "type": "Point",
        "coordinates": [
          2540530.238237787,
          1181220.9052506178
        ]
      }
    },
    {
      "type": "Feature",
      "properties": {
        "id": 19,
        "value": 59.333333333333336
      },
      "geometry": {
        "type": "Point",
        "coordinates": [
          2540524.5867511355,
          1181217.822621535
        ]
      }
    },
    {
      "type": "Feature",
      "properties": {
        "id": 20,
        "value": 69.333333333333343
      },
      "geometry": {
        "type": "Point",
        "coordinates": [
          2540527.8977231132,
          1181214.4545638338
        ]
      }
    },
    {
      "type": "Feature",
      "properties": {
        "id": 21,
        "value": 72.666666666666671
      },
      "geometry": {
        "type": "Point",
        "coordinates": [
          2540530.238237787,
          1181211.4290204747
        ]
      }
    },
    {
      "type": "Feature",
      "properties": {
        "id": 22,
        "value": 64.666666666666671
      },
      "geometry": {
        "type": "Point",
        "coordinates": [
          2540524.3013225165,
          1181207.433019812
        ]
      }
    },
    {
      "type": "Feature",
      "properties": {
        "id": 23,
        "value": 77.333333333333343
      },
      "geometry": {
        "type": "Point",
        "coordinates": [
          2540528.1831517322,
          1181200.696904409
        ]
      }
    }
  ]
}