﻿{
  "type": "FeatureCollection",
  "name": "J_Point de mesures",
  "crs": {
    "type": "name",
    "properties": {
      "name": "urn:ogc:def:crs:EPSG::2056"
    }
  },
  "features": [
    {
      "type": "Feature",
      "properties": {
        "id": 1,
        "value": 54.0
      },
      "geometry": {
        "type": "Point",
        "coordinates": [
          2540534.88499418,
          1181219.8662781841
        ]
      }
    },
    {
      "type": "Feature",
      "properties": {
        "id": 2,
        "value": 57.333333333333336
      },
      "geometry": {
        "type": "Point",
        "coordinates": [
          2540536.8944113557,
          1181216.9434895648
        ]
      }
    },
    {
      "type": "Feature",
      "properties": {
        "id": 3,
        "value": 52.666666666666671
      },
      "geometry": {
        "type": "Point",
        "coordinates": [
          2540533.8802855918,
          1181214.2947123784
        ]
      }
    },
    {
      "type": "Feature",
      "properties": {
        "id": 4,
        "value": 64.666666666666671
      },
      "geometry": {
        "type": "Point",
        "coordinates": [
          2540523.9245368573,
          1181197.9910321112
        ]
      }
    },
    {
      "type": "Feature",
      "properties": {
        "id": 5,
        "value": 60.0
      },
      "geometry": {
        "type": "Point",
        "coordinates": [
          2540527.989039781,
          1181192.784814883
        ]
      }
    },
    {
      "type": "Feature",
      "properties": {
        "id": 6,
        "value": 54.666666666666671
      },
      "geometry": {
        "type": "Point",
        "coordinates": [
          2540516.6175653092,
          1181183.7424375918
        ]
      }
    },
    {
      "type": "Feature",
      "properties": {
        "id": 7,
        "value": 44.666666666666671
      },
      "geometry": {
        "type": "Point",
        "coordinates": [
          2540512.3247195245,
          1181189.0399919644
        ]
      }
    },
    {
      "type": "Feature",
      "properties": {
        "id": 8,
        "value": 58.666666666666671
      },
      "geometry": {
        "type": "Point",
        "coordinates": [
          2540520.5907310885,
          1181191.0950777123
        ]
      }
    },
    {
      "type": "Feature",
      "properties": {
        "id": 9,
        "value": 64.666666666666671
      },
      "geometry": {
        "type": "Point",
        "coordinates": [
          2540517.3939310359,
          1181188.6746433871
        ]
      }
    },
    {
      "type": "Feature",
      "properties": {
        "id": 10,
        "value": 62.0
      },
      "geometry": {
        "type": "Point",
        "coordinates": [
          2540523.55918828,
          1181193.2415006047
        ]
      }
    },
    {
      "type": "Feature",
      "properties": {
        "id": 11,
        "value": 60.666666666666671
      },
      "geometry": {
        "type": "Point",
        "coordinates": [
          2540524.9292454454,
          1181200.1831235758
        ]
      }
    },
    {
      "type": "Feature",
      "properties": {
        "id": 12,
        "value": 49.333333333333336
      },
      "geometry": {
        "type": "Point",
        "coordinates": [
          2540522.0521253981,
          1181206.6223922528
        ]
      }
    },
    {
      "type": "Feature",
      "properties": {
        "id": 13,
        "value": 54.0
      },
      "geometry": {
        "type": "Point",
        "coordinates": [
          2540513.9687881228,
          1181200.057535002
        ]
      }
    },
    {
      "type": "Feature",
      "properties": {
        "id": 14,
        "value": 60.0
      },
      "geometry": {
        "type": "Point",
        "coordinates": [
          2540517.89628533,
          1181194.7143120572
        ]
      }
    },
    {
      "type": "Feature",
      "properties": {
        "id": 15,
        "value": 57.333333333333336
      },
      "geometry": {
        "type": "Point",
        "coordinates": [
          2540519.494685356,
          1181200.1032035742
        ]
      }
    },
    {
      "type": "Feature",
      "properties": {
        "id": 16,
        "value": 0.0
      },
      "geometry": {
        "type": "Point",
        "coordinates": [
          2540526.1166283209,
          1181211.0636608971
        ]
      }
    },
    {
      "type": "Feature",
      "properties": {
        "id": 17,
        "value": 49.333333333333336
      },
      "geometry": {
        "type": "Point",
        "coordinates": [
          2540523.3765139906,
          1181217.5485981463
        ]
      }
    },
    {
      "type": "Feature",
      "properties": {
        "id": 18,
        "value": 50.666666666666671
      },
      "geometry": {
        "type": "Point",
        "coordinates": [
          2540514.9734967095,
          1181210.9266551805
        ]
      }
    },
    {
      "type": "Feature",
      "properties": {
        "id": 19,
        "value": 53.333333333333336
      },
      "geometry": {
        "type": "Point",
        "coordinates": [
          2540519.3120110664,
          1181205.7204379521
        ]
      }
    },
    {
      "type": "Feature",
      "properties": {
        "id": 20,
        "value": 53.333333333333336
      },
      "geometry": {
        "type": "Point",
        "coordinates": [
          2540520.4080567989,
          1181210.5156380308
        ]
      }
    },
    {
      "type": "Feature",
      "properties": {
        "id": 21,
        "value": 41.333333333333336
      },
      "geometry": {
        "type": "Point",
        "coordinates": [
          2540527.4866854865,
          1181221.9784496478
        ]
      }
    },
    {
      "type": "Feature",
      "properties": {
        "id": 22,
        "value": 44.0
      },
      "geometry": {
        "type": "Point",
        "coordinates": [
          2540524.7465711557,
          1181228.5547240414
        ]
      }
    },
    {
      "type": "Feature",
      "properties": {
        "id": 23,
        "value": 42.0
      },
      "geometry": {
        "type": "Point",
        "coordinates": [
          2540516.3435538746,
          1181221.8871125034
        ]
      }
    },
    {
      "type": "Feature",
      "properties": {
        "id": 24,
        "value": 43.333333333333336
      },
      "geometry": {
        "type": "Point",
        "coordinates": [
          2540520.5450625154,
          1181216.5895581306
        ]
      }
    },
    {
      "type": "Feature",
      "properties": {
        "id": 25,
        "value": 46.666666666666671
      },
      "geometry": {
        "type": "Point",
        "coordinates": [
          2540521.8694511084,
          1181221.6587696425
        ]
      }
    },
    {
      "type": "Feature",
      "properties": {
        "id": 26,
        "value": 54.666666666666671
      },
      "geometry": {
        "type": "Point",
        "coordinates": [
          2540530.0897941007,
          1181234.1262898471
        ]
      }
    },
    {
      "type": "Feature",
      "properties": {
        "id": 27,
        "value": 50.666666666666671
      },
      "geometry": {
        "type": "Point",
        "coordinates": [
          2540525.9339540321,
          1181239.3325070755
        ]
      }
    },
    {
      "type": "Feature",
      "properties": {
        "id": 28,
        "value": 48.666666666666671
      },
      "geometry": {
        "type": "Point",
        "coordinates": [
          2540517.5766053237,
          1181232.9389069704
        ]
      }
    },
    {
      "type": "Feature",
      "properties": {
        "id": 29,
        "value": 44.666666666666671
      },
      "geometry": {
        "type": "Point",
        "coordinates": [
          2540521.778113964,
          1181227.5500154535
        ]
      }
    },
    {
      "type": "Feature",
      "properties": {
        "id": 30,
        "value": 46.666666666666671
      },
      "geometry": {
        "type": "Point",
        "coordinates": [
          2540523.833199712,
          1181233.075912687
        ]
      }
    },
    {
      "type": "Feature",
      "properties": {
        "id": 31,
        "value": 56.0
      },
      "geometry": {
        "type": "Point",
        "coordinates": [
          2540531.1858398328,
          1181234.9939927186
        ]
      }
    },
    {
      "type": "Feature",
      "properties": {
        "id": 32,
        "value": 54.0
      },
      "geometry": {
        "type": "Point",
        "coordinates": [
          2540526.9843311924,
          1181240.1088728025
        ]
      }
    },
    {
      "type": "Feature",
      "properties": {
        "id": 33,
        "value": 60.0
      },
      "geometry": {
        "type": "Point",
        "coordinates": [
          2540535.2960113292,
          1181246.6851471963
        ]
      }
    },
    {
      "type": "Feature",
      "properties": {
        "id": 34,
        "value": 58.0
      },
      "geometry": {
        "type": "Point",
        "coordinates": [
          2540539.4975199695,
          1181241.3419242513
        ]
      }
    },
    {
      "type": "Feature",
      "properties": {
        "id": 35,
        "value": 54.666666666666671
      },
      "geometry": {
        "type": "Point",
        "coordinates": [
          2540532.9212455759,
          1181240.2915470912
        ]
      }
    },
    {
      "type": "Feature",
      "properties": {
        "id": 36,
        "value": 42.0
      },
      "geometry": {
        "type": "Point",
        "coordinates": [
          2540538.2187999482,
          1181249.1512500939
        ]
      }
    },
    {
      "type": "Feature",
      "properties": {
        "id": 37,
        "value": 49.333333333333336
      },
      "geometry": {
        "type": "Point",
        "coordinates": [
          2540539.1778399642,
          1181243.4883471439
        ]
      }
    },
    {
      "type": "Feature",
      "properties": {
        "id": 38,
        "value": 58.666666666666671
      },
      "geometry": {
        "type": "Point",
        "coordinates": [
          2540544.7950743423,
          1181240.6112270965
        ]
      }
    },
    {
      "type": "Feature",
      "properties": {
        "id": 39,
        "value": 64.0
      },
      "geometry": {
        "type": "Point",
        "coordinates": [
          2540540.2282171245,
          1181235.86169559
        ]
      }
    },
    {
      "type": "Feature",
      "properties": {
        "id": 40,
        "value": 69.333333333333343
      },
      "geometry": {
        "type": "Point",
        "coordinates": [
          2540544.4297257648,
          1181230.8838212225
        ]
      }
    },
    {
      "type": "Feature",
      "properties": {
        "id": 41,
        "value": 66.666666666666671
      },
      "geometry": {
        "type": "Point",
        "coordinates": [
          2540549.590274421,
          1181234.6286441411
        ]
      }
    },
    {
      "type": "Feature",
      "properties": {
        "id": 42,
        "value": 62.666666666666671
      },
      "geometry": {
        "type": "Point",
        "coordinates": [
          2540545.2517600642,
          1181239.8805299418
        ]
      }
    },
    {
      "type": "Feature",
      "properties": {
        "id": 43,
        "value": 60.666666666666671
      },
      "geometry": {
        "type": "Point",
        "coordinates": [
          2540544.3840571926,
          1181235.130998435
        ]
      }
    },
    {
      "type": "Feature",
      "properties": {
        "id": 44,
        "value": 56.0
      },
      "geometry": {
        "type": "Point",
        "coordinates": [
          2540533.560605586,
          1181225.5405982775
        ]
      }
    },
    {
      "type": "Feature",
      "properties": {
        "id": 45,
        "value": 65.333333333333343
      },
      "geometry": {
        "type": "Point",
        "coordinates": [
          2540537.4881027932,
          1181225.129581128
        ]
      }
    },
    {
      "type": "Feature",
      "properties": {
        "id": 46,
        "value": 64.666666666666671
      },
      "geometry": {
        "type": "Point",
        "coordinates": [
          2540539.9998742631,
          1181217.228918141
        ]
      }
    },
    {
      "type": "Feature",
      "properties": {
        "id": 47,
        "value": 62.0
      },
      "geometry": {
        "type": "Point",
        "coordinates": [
          2540548.2658858276,
          1181223.6681868182
        ]
      }
    },
    {
      "type": "Feature",
      "properties": {
        "id": 48,
        "value": 73.333333333333343
      },
      "geometry": {
        "type": "Point",
        "coordinates": [
          2540543.516354321,
          1181229.6964383458
        ]
      }
    },
    {
      "type": "Feature",
      "properties": {
        "id": 49,
        "value": 65.333333333333343
      },
      "geometry": {
        "type": "Point",
        "coordinates": [
          2540547.9462058223,
          1181230.0617869233
        ]
      }
    },
    {
      "type": "Feature",
      "properties": {
        "id": 50,
        "value": 72.666666666666671
      },
      "geometry": {
        "type": "Point",
        "coordinates": [
          2540542.2376343,
          1181223.850861107
        ]
      }
    },
    {
      "type": "Feature",
      "properties": {
        "id": 51,
        "value": 62.0
      },
      "geometry": {
        "type": "Point",
        "coordinates": [
          2540540.7305714185,
          1181239.4695127921
        ]
      }
    },
    {
      "type": "Feature",
      "properties": {
        "id": 52,
        "value": 53.333333333333336
      },
      "geometry": {
        "type": "Point",
        "coordinates": [
          2540533.6062741587,
          1181233.6696041254
        ]
      }
    },
    {
      "type": "Feature",
      "properties": {
        "id": 53,
        "value": 62.666666666666671
      },
      "geometry": {
        "type": "Point",
        "coordinates": [
          2540526.0709597492,
          1181229.0570783354
        ]
      }
    },
    {
      "type": "Feature",
      "properties": {
        "id": 54,
        "value": 54.0
      },
      "geometry": {
        "type": "Point",
        "coordinates": [
          2540529.4047655184,
          1181225.357923989
        ]
      }
    },
    {
      "type": "Feature",
      "properties": {
        "id": 55,
        "value": 54.666666666666671
      },
      "geometry": {
        "type": "Point",
        "coordinates": [
          2540529.0850855131,
          1181219.8776953274
        ]
      }
    },
    {
      "type": "Feature",
      "properties": {
        "id": 56,
        "value": 52.666666666666671
      },
      "geometry": {
        "type": "Point",
        "coordinates": [
          2540525.157588305,
          1181213.8494437998
        ]
      }
    },
    {
      "type": "Feature",
      "properties": {
        "id": 57,
        "value": 62.666666666666671
      },
      "geometry": {
        "type": "Point",
        "coordinates": [
          2540528.6740683629,
          1181210.1046208811
        ]
      }
    },
    {
      "type": "Feature",
      "properties": {
        "id": 58,
        "value": 62.0
      },
      "geometry": {
        "type": "Point",
        "coordinates": [
          2540527.0299997646,
          1181203.6653522041
        ]
      }
    },
    {
      "type": "Feature",
      "properties": {
        "id": 59,
        "value": 70.666666666666671
      },
      "geometry": {
        "type": "Point",
        "coordinates": [
          2540529.0394169404,
          1181199.5095121358
        ]
      }
    },
    {
      "type": "Feature",
      "properties": {
        "id": 60,
        "value": 58.666666666666671
      },
      "geometry": {
        "type": "Point",
        "coordinates": [
          2540533.3779312973,
          1181202.2039578944
        ]
      }
    },
    {
      "type": "Feature",
      "properties": {
        "id": 61,
        "value": 49.333333333333336
      },
      "geometry": {
        "type": "Point",
        "coordinates": [
          2540535.9353713393,
          1181199.0528264139
        ]
      }
    }
  ]
}