﻿{
  "type": "FeatureCollection",
  "name": "D_Point de mesures",
  "crs": {
    "type": "name",
    "properties": {
      "name": "urn:ogc:def:crs:EPSG::2056"
    }
  },
  "features": [
    {
      "type": "Feature",
      "properties": {
        "id": 1,
        "value": 40.0
      },
      "geometry": {
        "type": "Point",
        "coordinates": [
          2540483.653753276,
          1181225.7118697832
        ]
      }
    },
    {
      "type": "Feature",
      "properties": {
        "id": 2,
        "value": 36.0
      },
      "geometry": {
        "type": "Point",
        "coordinates": [
          2540495.0809889277,
          1181234.5194229537
        ]
      }
    },
    {
      "type": "Feature",
      "properties": {
        "id": 3,
        "value": 34.0
      },
      "geometry": {
        "type": "Point",
        "coordinates": [
          2540501.4946943135,
          1181226.4345408126
        ]
      }
    },
    {
      "type": "Feature",
      "properties": {
        "id": 4,
        "value": 34.666666666666671
      },
      "geometry": {
        "type": "Point",
        "coordinates": [
          2540490.2481264188,
          1181217.4463198849
        ]
      }
    },
    {
      "type": "Feature",
      "properties": {
        "id": 5,
        "value": 42.666666666666671
      },
      "geometry": {
        "type": "Point",
        "coordinates": [
          2540490.3836272368,
          1181224.7181971178
        ]
      }
    },
    {
      "type": "Feature",
      "properties": {
        "id": 6,
        "value": 32.0
      },
      "geometry": {
        "type": "Point",
        "coordinates": [
          2540495.0809889277,
          1181227.97021675
        ]
      }
    },
    {
      "type": "Feature",
      "properties": {
        "id": 7,
        "value": -1
      },
      "geometry": {
        "type": "Point",
        "coordinates": [
          2540496.345663229,
          1181235.1969270441
        ]
      }
    },
    {
      "type": "Feature",
      "properties": {
        "id": 8,
        "value": -1
      },
      "geometry": {
        "type": "Point",
        "coordinates": [
          2540504.024042916,
          1181228.6928877798
        ]
      }
    },
    {
      "type": "Feature",
      "properties": {
        "id": 9,
        "value": 32.666666666666671
      },
      "geometry": {
        "type": "Point",
        "coordinates": [
          2540501.0430249195,
          1181239.0812838268
        ]
      }
    },
    {
      "type": "Feature",
      "properties": {
        "id": 10,
        "value": 34.0
      },
      "geometry": {
        "type": "Point",
        "coordinates": [
          2540504.4757123091,
          1181235.1969270441
        ]
      }
    },
    {
      "type": "Feature",
      "properties": {
        "id": 11,
        "value": 29.333333333333343
      },
      "geometry": {
        "type": "Point",
        "coordinates": [
          2540505.7403866104,
          1181230.0478959598
        ]
      }
    },
    {
      "type": "Feature",
      "properties": {
        "id": 12,
        "value": 36.0
      },
      "geometry": {
        "type": "Point",
        "coordinates": [
          2540502.4883669782,
          1181240.0749564923
        ]
      }
    },
    {
      "type": "Feature",
      "properties": {
        "id": 13,
        "value": 36.0
      },
      "geometry": {
        "type": "Point",
        "coordinates": [
          2540507.0953947906,
          1181244.1399810323
        ]
      }
    },
    {
      "type": "Feature",
      "properties": {
        "id": 14,
        "value": 30.0
      },
      "geometry": {
        "type": "Point",
        "coordinates": [
          2540508.8117384855,
          1181232.5772445626
        ]
      }
    },
    {
      "type": "Feature",
      "properties": {
        "id": 15,
        "value": 42.666666666666671
      },
      "geometry": {
        "type": "Point",
        "coordinates": [
          2540513.2380985403,
          1181248.5663410872
        ]
      }
    },
    {
      "type": "Feature",
      "properties": {
        "id": 16,
        "value": 42.666666666666671
      },
      "geometry": {
        "type": "Point",
        "coordinates": [
          2540519.3808022896,
          1181240.8879614002
        ]
      }
    },
    {
      "type": "Feature",
      "properties": {
        "id": 17,
        "value": 40.666666666666671
      },
      "geometry": {
        "type": "Point",
        "coordinates": [
          2540514.6834405991,
          1181237.0036046174
        ]
      }
    },
    {
      "type": "Feature",
      "properties": {
        "id": 18,
        "value": 36.0
      },
      "geometry": {
        "type": "Point",
        "coordinates": [
          2540511.5217548455,
          1181240.5266258856
        ]
      }
    },
    {
      "type": "Feature",
      "properties": {
        "id": 19,
        "value": 0.0
      },
      "geometry": {
        "type": "Point",
        "coordinates": [
          2540517.9354602313,
          1181232.7579123199
        ]
      }
    },
    {
      "type": "Feature",
      "properties": {
        "id": 20,
        "value": 36.0
      },
      "geometry": {
        "type": "Point",
        "coordinates": [
          2540522.9941574368,
          1181236.6422691029
        ]
      }
    },
    {
      "type": "Feature",
      "properties": {
        "id": 21,
        "value": 33.333333333333343
      },
      "geometry": {
        "type": "Point",
        "coordinates": [
          2540522.8134896792,
          1181231.4029041398
        ]
      }
    },
    {
      "type": "Feature",
      "properties": {
        "id": 23,
        "value": 31.333333333333343
      },
      "geometry": {
        "type": "Point",
        "coordinates": [
          2540512.2444258747,
          1181227.7895489931
        ]
      }
    },
    {
      "type": "Feature",
      "properties": {
        "id": 24,
        "value": 34.0
      },
      "geometry": {
        "type": "Point",
        "coordinates": [
          2540516.6707859295,
          1181231.5835718971
        ]
      }
    },
    {
      "type": "Feature",
      "properties": {
        "id": 25,
        "value": 34.0
      },
      "geometry": {
        "type": "Point",
        "coordinates": [
          2540523.0844913153,
          1181223.9955260889
        ]
      }
    },
    {
      "type": "Feature",
      "properties": {
        "id": 26,
        "value": 35.333333333333343
      },
      "geometry": {
        "type": "Point",
        "coordinates": [
          2540518.02579411,
          1181220.3821709421
        ]
      }
    },
    {
      "type": "Feature",
      "properties": {
        "id": 27,
        "value": 36.666666666666671
      },
      "geometry": {
        "type": "Point",
        "coordinates": [
          2540502.7593686143,
          1181220.924174214
        ]
      }
    },
    {
      "type": "Feature",
      "properties": {
        "id": 28,
        "value": 29.333333333333343
      },
      "geometry": {
        "type": "Point",
        "coordinates": [
          2540510.7087499374,
          1181226.7055424489
        ]
      }
    },
    {
      "type": "Feature",
      "properties": {
        "id": 29,
        "value": 36.0
      },
      "geometry": {
        "type": "Point",
        "coordinates": [
          2540516.9417875656,
          1181218.9368288834
        ]
      }
    },
    {
      "type": "Feature",
      "properties": {
        "id": 30,
        "value": 42.0
      },
      "geometry": {
        "type": "Point",
        "coordinates": [
          2540508.9924062425,
          1181213.0651267697
        ]
      }
    },
    {
      "type": "Feature",
      "properties": {
        "id": 31,
        "value": 33.333333333333343
      },
      "geometry": {
        "type": "Point",
        "coordinates": [
          2540510.1667466653,
          1181219.2078305194
        ]
      }
    },
    {
      "type": "Feature",
      "properties": {
        "id": 32,
        "value": -1
      },
      "geometry": {
        "type": "Point",
        "coordinates": [
          2540503.843375158,
          1181206.6514213842
        ]
      }
    },
    {
      "type": "Feature",
      "properties": {
        "id": 33,
        "value": -1
      },
      "geometry": {
        "type": "Point",
        "coordinates": [
          2540515.0447761132,
          1181215.5944753725
        ]
      }
    },
    {
      "type": "Feature",
      "properties": {
        "id": 34,
        "value": -1
      },
      "geometry": {
        "type": "Point",
        "coordinates": [
          2540505.1983833383,
          1181204.6640760533
        ]
      }
    },
    {
      "type": "Feature",
      "properties": {
        "id": 35,
        "value": -1
      },
      "geometry": {
        "type": "Point",
        "coordinates": [
          2540516.490118172,
          1181213.5167961631
        ]
      }
    },
    {
      "type": "Feature",
      "properties": {
        "id": 36,
        "value": -1
      },
      "geometry": {
        "type": "Point",
        "coordinates": [
          2540509.9860789077,
          1181210.0841087736
        ]
      }
    },
    {
      "type": "Feature",
      "properties": {
        "id": 37,
        "value": -1
      },
      "geometry": {
        "type": "Point",
        "coordinates": [
          2540503.4820396435,
          1181201.0507209066
        ]
      }
    },
    {
      "type": "Feature",
      "properties": {
        "id": 38,
        "value": -1
      },
      "geometry": {
        "type": "Point",
        "coordinates": [
          2540517.30312308,
          1181211.7101185897
        ]
      }
    },
    {
      "type": "Feature",
      "properties": {
        "id": 39,
        "value": -1
      },
      "geometry": {
        "type": "Point",
        "coordinates": [
          2540506.9147270331,
          1181196.8953624878
        ]
      }
    },
    {
      "type": "Feature",
      "properties": {
        "id": 40,
        "value": -1
      },
      "geometry": {
        "type": "Point",
        "coordinates": [
          2540520.8261443484,
          1181207.4644262921
        ]
      }
    },
    {
      "type": "Feature",
      "properties": {
        "id": 41,
        "value": -1
      },
      "geometry": {
        "type": "Point",
        "coordinates": [
          2540509.80541115,
          1181203.128400116
        ]
      }
    },
    {
      "type": "Feature",
      "properties": {
        "id": 42,
        "value": -1
      },
      "geometry": {
        "type": "Point",
        "coordinates": [
          2540515.3157777493,
          1181207.1934246561
        ]
      }
    },
    {
      "type": "Feature",
      "properties": {
        "id": 43,
        "value": -1
      },
      "geometry": {
        "type": "Point",
        "coordinates": [
          2540508.2697352129,
          1181195.1790187929
        ]
      }
    },
    {
      "type": "Feature",
      "properties": {
        "id": 44,
        "value": -1
      },
      "geometry": {
        "type": "Point",
        "coordinates": [
          2540522.1811525282,
          1181205.7480825975
        ]
      }
    },
    {
      "type": "Feature",
      "properties": {
        "id": 45,
        "value": -1
      },
      "geometry": {
        "type": "Point",
        "coordinates": [
          2540511.7927564811,
          1181190.5719909808
        ]
      }
    },
    {
      "type": "Feature",
      "properties": {
        "id": 46,
        "value": -1
      },
      "geometry": {
        "type": "Point",
        "coordinates": [
          2540525.5235060393,
          1181201.4120564212
        ]
      }
    },
    {
      "type": "Feature",
      "properties": {
        "id": 47,
        "value": -1
      },
      "geometry": {
        "type": "Point",
        "coordinates": [
          2540514.59310672,
          1181196.5340269729
        ]
      }
    },
    {
      "type": "Feature",
      "properties": {
        "id": 48,
        "value": -1
      },
      "geometry": {
        "type": "Point",
        "coordinates": [
          2540520.3744749548,
          1181201.0507209066
        ]
      }
    },
    {
      "type": "Feature",
      "properties": {
        "id": 49,
        "value": -1
      },
      "geometry": {
        "type": "Point",
        "coordinates": [
          2540513.23809854,
          1181188.9459811647
        ]
      }
    },
    {
      "type": "Feature",
      "properties": {
        "id": 50,
        "value": -1
      },
      "geometry": {
        "type": "Point",
        "coordinates": [
          2540526.697846462,
          1181199.515044969
        ]
      }
    },
    {
      "type": "Feature",
      "properties": {
        "id": 51,
        "value": -1
      },
      "geometry": {
        "type": "Point",
        "coordinates": [
          2540516.7611198081,
          1181184.4292872311
        ]
      }
    },
    {
      "type": "Feature",
      "properties": {
        "id": 52,
        "value": -1
      },
      "geometry": {
        "type": "Point",
        "coordinates": [
          2540530.4015354873,
          1181195.5403543077
        ]
      }
    },
    {
      "type": "Feature",
      "properties": {
        "id": 53,
        "value": -1
      },
      "geometry": {
        "type": "Point",
        "coordinates": [
          2540519.2001345321,
          1181190.481657102
        ]
      }
    },
    {
      "type": "Feature",
      "properties": {
        "id": 54,
        "value": -1
      },
      "geometry": {
        "type": "Point",
        "coordinates": [
          2540524.7105011311,
          1181194.9080171569
        ]
      }
    },
    {
      "type": "Feature",
      "properties": {
        "id": 56,
        "value": -1
      },
      "geometry": {
        "type": "Point",
        "coordinates": [
          2540530.7628710018,
          1181198.0697029105
        ]
      }
    },
    {
      "type": "Feature",
      "properties": {
        "id": 57,
        "value": -1
      },
      "geometry": {
        "type": "Point",
        "coordinates": [
          2540536.9055747516,
          1181199.9667143626
        ]
      }
    },
    {
      "type": "Feature",
      "properties": {
        "id": 58,
        "value": 37.333333333333336
      },
      "geometry": {
        "type": "Point",
        "coordinates": [
          2540532.2082130606,
          1181203.7607372666
        ]
      }
    },
    {
      "type": "Feature",
      "properties": {
        "id": 59,
        "value": -1
      },
      "geometry": {
        "type": "Point",
        "coordinates": [
          2540530.4918693658,
          1181206.2900858694
        ]
      }
    },
    {
      "type": "Feature",
      "properties": {
        "id": 60,
        "value": -1
      },
      "geometry": {
        "type": "Point",
        "coordinates": [
          2540524.168497859,
          1181214.4201349497
        ]
      }
    },
    {
      "type": "Feature",
      "properties": {
        "id": 62,
        "value": 35.333333333333343
      },
      "geometry": {
        "type": "Point",
        "coordinates": [
          2540522.2714864071,
          1181215.9558108873
        ]
      }
    },
    {
      "type": "Feature",
      "properties": {
        "id": 64,
        "value": -1
      },
      "geometry": {
        "type": "Point",
        "coordinates": [
          2540529.046527307,
          1181213.9684655564
        ]
      }
    },
    {
      "type": "Feature",
      "properties": {
        "id": 63,
        "value": -1
      },
      "geometry": {
        "type": "Point",
        "coordinates": [
          2540529.8595322152,
          1181221.6468452434
        ]
      }
    },
    {
      "type": "Feature",
      "properties": {
        "id": 65,
        "value": -1
      },
      "geometry": {
        "type": "Point",
        "coordinates": [
          2540537.0862425091,
          1181216.7688157952
        ]
      }
    },
    {
      "type": "Feature",
      "properties": {
        "id": 70,
        "value": -1
      },
      "geometry": {
        "type": "Point",
        "coordinates": [
          2540520.6454765908,
          1181217.3108190673
        ]
      }
    },
    {
      "type": "Feature",
      "properties": {
        "id": 68,
        "value": -1
      },
      "geometry": {
        "type": "Point",
        "coordinates": [
          2540519.2904684106,
          1181219.1174966407
        ]
      }
    },
    {
      "type": "Feature",
      "properties": {
        "id": 69,
        "value": -1
      },
      "geometry": {
        "type": "Point",
        "coordinates": [
          2540529.8595322152,
          1181226.6152085704
        ]
      }
    },
    {
      "type": "Feature",
      "properties": {
        "id": 71,
        "value": -1
      },
      "geometry": {
        "type": "Point",
        "coordinates": [
          2540532.2082130606,
          1181224.1761938462
        ]
      }
    },
    {
      "type": "Feature",
      "properties": {
        "id": 79,
        "value": -1
      },
      "geometry": {
        "type": "Point",
        "coordinates": [
          2540492.2354717473,
          1181212.8392920732
        ]
      }
    },
    {
      "type": "Feature",
      "properties": {
        "id": 80,
        "value": -1
      },
      "geometry": {
        "type": "Point",
        "coordinates": [
          2540496.2553293481,
          1181207.4192593531
        ]
      }
    },
    {
      "type": "Feature",
      "properties": {
        "id": 81,
        "value": -1
      },
      "geometry": {
        "type": "Point",
        "coordinates": [
          2540486.9961067843,
          1181208.6387667151
        ]
      }
    },
    {
      "type": "Feature",
      "properties": {
        "id": 82,
        "value": -1
      },
      "geometry": {
        "type": "Point",
        "coordinates": [
          2540491.3321329607,
          1181203.4445686915
        ]
      }
    },
    {
      "type": "Feature",
      "properties": {
        "id": 83,
        "value": -1
      },
      "geometry": {
        "type": "Point",
        "coordinates": [
          2540491.5579676572,
          1181208.0064295644
        ]
      }
    },
    {
      "type": "Feature",
      "properties": {
        "id": 84,
        "value": -1
      },
      "geometry": {
        "type": "Point",
        "coordinates": [
          2540486.1831018762,
          1181205.6125817797
        ]
      }
    },
    {
      "type": "Feature",
      "properties": {
        "id": 85,
        "value": -1
      },
      "geometry": {
        "type": "Point",
        "coordinates": [
          2540489.5706223263,
          1181201.8185588755
        ]
      }
    },
    {
      "type": "Feature",
      "properties": {
        "id": 89,
        "value": 58.0
      },
      "geometry": {
        "type": "Point",
        "coordinates": [
          2540480.7630691561,
          1181208.0967634432
        ]
      }
    },
    {
      "type": "Feature",
      "properties": {
        "id": 90,
        "value": 70.666666666666671
      },
      "geometry": {
        "type": "Point",
        "coordinates": [
          2540486.9057729058,
          1181200.1473821201
        ]
      }
    },
    {
      "type": "Feature",
      "properties": {
        "id": 92,
        "value": 70.0
      },
      "geometry": {
        "type": "Point",
        "coordinates": [
          2540478.8660577042,
          1181200.1473821201
        ]
      }
    },
    {
      "type": "Feature",
      "properties": {
        "id": 91,
        "value": 72.666666666666671
      },
      "geometry": {
        "type": "Point",
        "coordinates": [
          2540482.0277434574,
          1181196.1726914586
        ]
      }
    },
    {
      "type": "Feature",
      "properties": {
        "id": 88,
        "value": 57.333333333333336
      },
      "geometry": {
        "type": "Point",
        "coordinates": [
          2540475.8850397081,
          1181191.6559975252
        ]
      }
    },
    {
      "type": "Feature",
      "properties": {
        "id": 86,
        "value": -1
      },
      "geometry": {
        "type": "Point",
        "coordinates": [
          2540469.65200208,
          1181199.4247110907
        ]
      }
    },
    {
      "type": "Feature",
      "properties": {
        "id": 87,
        "value": -1
      },
      "geometry": {
        "type": "Point",
        "coordinates": [
          2540474.8010331639,
          1181203.489735631
        ]
      }
    },
    {
      "type": "Feature",
      "properties": {
        "id": 92,
        "value": 70.0
      },
      "geometry": {
        "type": "Point",
        "coordinates": [
          2540460.4379464551,
          1181192.4690024331
        ]
      }
    },
    {
      "type": "Feature",
      "properties": {
        "id": 93,
        "value": 73.333333333333343
      },
      "geometry": {
        "type": "Point",
        "coordinates": [
          2540465.3159759035,
          1181195.9920237013
        ]
      }
    },
    {
      "type": "Feature",
      "properties": {
        "id": 95,
        "value": -1
      },
      "geometry": {
        "type": "Point",
        "coordinates": [
          2540467.664656749,
          1181197.6180335174
        ]
      }
    },
    {
      "type": "Feature",
      "properties": {
        "id": 96,
        "value": -1
      },
      "geometry": {
        "type": "Point",
        "coordinates": [
          2540473.8073604987,
          1181189.7589860731
        ]
      }
    },
    {
      "type": "Feature",
      "properties": {
        "id": 94,
        "value": 72.0
      },
      "geometry": {
        "type": "Point",
        "coordinates": [
          2540466.8516518408,
          1181184.4292872315
        ]
      }
    },
    {
      "type": "Feature",
      "properties": {
        "id": 97,
        "value": -1
      },
      "geometry": {
        "type": "Point",
        "coordinates": [
          2540469.2003326863,
          1181183.16461293
        ]
      }
    },
    {
      "type": "Feature",
      "properties": {
        "id": 98,
        "value": -1
      },
      "geometry": {
        "type": "Point",
        "coordinates": [
          2540470.5553408666,
          1181180.1835949339
        ]
      }
    },
    {
      "type": "Feature",
      "properties": {
        "id": 99,
        "value": -1
      },
      "geometry": {
        "type": "Point",
        "coordinates": [
          2540474.9817009214,
          1181183.8872839594
        ]
      }
    },
    {
      "type": "Feature",
      "properties": {
        "id": 100,
        "value": -1
      },
      "geometry": {
        "type": "Point",
        "coordinates": [
          2540478.8660577042,
          1181179.09958839
        ]
      }
    },
    {
      "type": "Feature",
      "properties": {
        "id": 101,
        "value": -1
      },
      "geometry": {
        "type": "Point",
        "coordinates": [
          2540474.0783621343,
          1181175.486233243
        ]
      }
    },
    {
      "type": "Feature",
      "properties": {
        "id": 102,
        "value": 72.0
      },
      "geometry": {
        "type": "Point",
        "coordinates": [
          2540478.0530527961,
          1181186.2359648049
        ]
      }
    },
    {
      "type": "Feature",
      "properties": {
        "id": 103,
        "value": 68.0
      },
      "geometry": {
        "type": "Point",
        "coordinates": [
          2540481.8470757003,
          1181181.538603114
        ]
      }
    },
    {
      "type": "Feature",
      "properties": {
        "id": 104,
        "value": -1
      },
      "geometry": {
        "type": "Point",
        "coordinates": [
          2540484.1957565458,
          1181191.5656636464
        ]
      }
    },
    {
      "type": "Feature",
      "properties": {
        "id": 105,
        "value": -1
      },
      "geometry": {
        "type": "Point",
        "coordinates": [
          2540480.6727352776,
          1181185.6036276543
        ]
      }
    },
    {
      "type": "Feature",
      "properties": {
        "id": 106,
        "value": -1
      },
      "geometry": {
        "type": "Point",
        "coordinates": [
          2540482.750414487,
          1181188.4943117716
        ]
      }
    },
    {
      "type": "Feature",
      "properties": {
        "id": 107,
        "value": -1
      },
      "geometry": {
        "type": "Point",
        "coordinates": [
          2540493.5904799271,
          1181198.3407045468
        ]
      }
    },
    {
      "type": "Feature",
      "properties": {
        "id": 108,
        "value": -1
      },
      "geometry": {
        "type": "Point",
        "coordinates": [
          2540487.628443935,
          1181189.8493199518
        ]
      }
    },
    {
      "type": "Feature",
      "properties": {
        "id": 109,
        "value": -1
      },
      "geometry": {
        "type": "Point",
        "coordinates": [
          2540491.9644701113,
          1181189.6686521943
        ]
      }
    },
    {
      "type": "Feature",
      "properties": {
        "id": 110,
        "value": -1
      },
      "geometry": {
        "type": "Point",
        "coordinates": [
          2540483.2924177591,
          1181182.8936112942
        ]
      }
    },
    {
      "type": "Feature",
      "properties": {
        "id": 111,
        "value": -1
      },
      "geometry": {
        "type": "Point",
        "coordinates": [
          2540495.8488268941,
          1181193.3723412198
        ]
      }
    },
    {
      "type": "Feature",
      "properties": {
        "id": 113,
        "value": 40.666666666666671
      },
      "geometry": {
        "type": "Point",
        "coordinates": [
          2540521.8649839507,
          1181238.6747813737
        ]
      }
    },
    {
      "type": "Feature",
      "properties": {
        "id": 114,
        "value": 34.0
      },
      "geometry": {
        "type": "Point",
        "coordinates": [
          2540510.0312458449,
          1181229.7768943247
        ]
      }
    },
    {
      "type": "Feature",
      "properties": {
        "id": 115,
        "value": 40.0
      },
      "geometry": {
        "type": "Point",
        "coordinates": [
          2540500.7720232811,
          1181222.2340154557
        ]
      }
    },
    {
      "type": "Feature",
      "properties": {
        "id": 119,
        "value": 41.333333333333336
      },
      "geometry": {
        "type": "Point",
        "coordinates": [
          2540483.3375846981,
          1181220.0208354283
        ]
      }
    },
    {
      "type": "Feature",
      "properties": {
        "id": 118,
        "value": 34.666666666666671
      },
      "geometry": {
        "type": "Point",
        "coordinates": [
          2540484.3312573633,
          1181222.5050170918
        ]
      }
    },
    {
      "type": "Feature",
      "properties": {
        "id": 117,
        "value": 36.0
      },
      "geometry": {
        "type": "Point",
        "coordinates": [
          2540486.8606059663,
          1181217.0849843717
        ]
      }
    },
    {
      "type": "Feature",
      "properties": {
        "id": 116,
        "value": 36.666666666666671
      },
      "geometry": {
        "type": "Point",
        "coordinates": [
          2540489.5706223263,
          1181214.0587994361
        ]
      }
    },
    {
      "type": "Feature",
      "properties": {
        "id": 120,
        "value": 44.666666666666671
      },
      "geometry": {
        "type": "Point",
        "coordinates": [
          2540499.5976828588,
          1181218.485159491
        ]
      }
    },
    {
      "type": "Feature",
      "properties": {
        "id": 123,
        "value": 68.666666666666671
      },
      "geometry": {
        "type": "Point",
        "coordinates": [
          2540497.9265061035,
          1181205.1609123871
        ]
      }
    },
    {
      "type": "Feature",
      "properties": {
        "id": 124,
        "value": 66.666666666666671
      },
      "geometry": {
        "type": "Point",
        "coordinates": [
          2540489.1189529332,
          1181198.3858714865
        ]
      }
    },
    {
      "type": "Feature",
      "properties": {
        "id": 125,
        "value": 72.666666666666671
      },
      "geometry": {
        "type": "Point",
        "coordinates": [
          2540479.3177270973,
          1181190.7074917995
        ]
      }
    },
    {
      "type": "Feature",
      "properties": {
        "id": 126,
        "value": 80.666666666666671
      },
      "geometry": {
        "type": "Point",
        "coordinates": [
          2540472.2265176214,
          1181185.24229214
        ]
      }
    },
    {
      "type": "Feature",
      "properties": {
        "id": 127,
        "value": 0.0
      },
      "geometry": {
        "type": "Point",
        "coordinates": [
          2540570.3065263876,
          1181276.9085955208
        ]
      }
    },
    {
      "type": "Feature",
      "properties": {
        "id": 128,
        "value": 0.0
      },
      "geometry": {
        "type": "Point",
        "coordinates": [
          2540561.1828046418,
          1181270.6755578925
        ]
      }
    },
    {
      "type": "Feature",
      "properties": {
        "id": 129,
        "value": 29.333333333333343
      },
      "geometry": {
        "type": "Point",
        "coordinates": [
          2540555.8531058,
          1181265.9781962016
        ]
      }
    },
    {
      "type": "Feature",
      "properties": {
        "id": 130,
        "value": 32.666666666666671
      },
      "geometry": {
        "type": "Point",
        "coordinates": [
          2540546.910051812,
          1181259.1128214228
        ]
      }
    },
    {
      "type": "Feature",
      "properties": {
        "id": 131,
        "value": 32.666666666666671
      },
      "geometry": {
        "type": "Point",
        "coordinates": [
          2540540.22534479,
          1181253.9637903385
        ]
      }
    },
    {
      "type": "Feature",
      "properties": {
        "id": 132,
        "value": 41.333333333333336
      },
      "geometry": {
        "type": "Point",
        "coordinates": [
          2540533.9019732834,
          1181249.0857608903
        ]
      }
    },
    {
      "type": "Feature",
      "properties": {
        "id": 133,
        "value": 44.0
      },
      "geometry": {
        "type": "Point",
        "coordinates": [
          2540528.1206050483,
          1181243.936729806
        ]
      }
    },
    {
      "type": "Feature",
      "properties": {
        "id": 134,
        "value": 41.333333333333336
      },
      "geometry": {
        "type": "Point",
        "coordinates": [
          2540523.5135772363,
          1181240.7750440526
        ]
      }
    },
    {
      "type": "Feature",
      "properties": {
        "id": 135,
        "value": 48.0
      },
      "geometry": {
        "type": "Point",
        "coordinates": [
          2540516.738536336,
          1181250.1697674342
        ]
      }
    }
  ]
}