﻿{
  "type": "FeatureCollection",
  "name": "B_Point de mesures",
  "crs": {
    "type": "name",
    "properties": {
      "name": "urn:ogc:def:crs:EPSG::2056"
    }
  },
  "features": [
    {
      "type": "Feature",
      "properties": {
        "id": 1,
        "value": 37.333333333333336
      },
      "geometry": {
        "type": "Point",
        "coordinates": [
          2540452.2371788668,
          1181240.3885945843
        ]
      }
    },
    {
      "type": "Feature",
      "properties": {
        "id": 2,
        "value": 38.0
      },
      "geometry": {
        "type": "Point",
        "coordinates": [
          2540457.33306885,
          1181244.3263277533
        ]
      }
    },
    {
      "type": "Feature",
      "properties": {
        "id": 3,
        "value": 44.0
      },
      "geometry": {
        "type": "Point",
        "coordinates": [
          2540463.7415365563,
          1181236.3736509609
        ]
      }
    },
    {
      "type": "Feature",
      "properties": {
        "id": 4,
        "value": 48.666666666666671
      },
      "geometry": {
        "type": "Point",
        "coordinates": [
          2540458.4912256645,
          1181232.2042864291
        ]
      }
    },
    {
      "type": "Feature",
      "properties": {
        "id": 5,
        "value": 40.666666666666671
      },
      "geometry": {
        "type": "Point",
        "coordinates": [
          2540457.6419106671,
          1181238.4583332269
        ]
      }
    },
    {
      "type": "Feature",
      "properties": {
        "id": 6,
        "value": 34.666666666666671
      },
      "geometry": {
        "type": "Point",
        "coordinates": [
          2540458.2595943017,
          1181245.330063659
        ]
      }
    },
    {
      "type": "Feature",
      "properties": {
        "id": 7,
        "value": 34.666666666666671
      },
      "geometry": {
        "type": "Point",
        "coordinates": [
          2540463.3554842849,
          1181249.1905863737
        ]
      }
    },
    {
      "type": "Feature",
      "properties": {
        "id": 8,
        "value": 37.333333333333336
      },
      "geometry": {
        "type": "Point",
        "coordinates": [
          2540469.6867415369,
          1181241.3151200358
        ]
      }
    },
    {
      "type": "Feature",
      "properties": {
        "id": 9,
        "value": 36.666666666666671
      },
      "geometry": {
        "type": "Point",
        "coordinates": [
          2540464.668062008,
          1181237.2229659581
        ]
      }
    },
    {
      "type": "Feature",
      "properties": {
        "id": 10,
        "value": 38.0
      },
      "geometry": {
        "type": "Point",
        "coordinates": [
          2540463.8959574648,
          1181243.4770127558
        ]
      }
    },
    {
      "type": "Feature",
      "properties": {
        "id": 11,
        "value": 26.0
      },
      "geometry": {
        "type": "Point",
        "coordinates": [
          2540464.5136410994,
          1181249.8854804623
        ]
      }
    },
    {
      "type": "Feature",
      "properties": {
        "id": 12,
        "value": 32.0
      },
      "geometry": {
        "type": "Point",
        "coordinates": [
          2540470.6132669887,
          1181242.0100141244
        ]
      }
    },
    {
      "type": "Feature",
      "properties": {
        "id": 13,
        "value": 26.666666666666671
      },
      "geometry": {
        "type": "Point",
        "coordinates": [
          2540481.9632037696,
          1181250.8120059138
        ]
      }
    },
    {
      "type": "Feature",
      "properties": {
        "id": 14,
        "value": 25.333333333333343
      },
      "geometry": {
        "type": "Point",
        "coordinates": [
          2540475.4775256091,
          1181258.9963140688
        ]
      }
    },
    {
      "type": "Feature",
      "properties": {
        "id": 15,
        "value": 0.0
      },
      "geometry": {
        "type": "Point",
        "coordinates": [
          2540470.6904774429,
          1181248.1096400134
        ]
      }
    },
    {
      "type": "Feature",
      "properties": {
        "id": 16,
        "value": 30.0
      },
      "geometry": {
        "type": "Point",
        "coordinates": [
          2540475.8635778804,
          1181252.433425454
        ]
      }
    },
    {
      "type": "Feature",
      "properties": {
        "id": 17,
        "value": 30.0
      },
      "geometry": {
        "type": "Point",
        "coordinates": [
          2540476.4812615151,
          1181259.7684186117
        ]
      }
    },
    {
      "type": "Feature",
      "properties": {
        "id": 18,
        "value": 33.333333333333343
      },
      "geometry": {
        "type": "Point",
        "coordinates": [
          2540481.7315724068,
          1181263.7833622352
        ]
      }
    },
    {
      "type": "Feature",
      "properties": {
        "id": 19,
        "value": 32.0
      },
      "geometry": {
        "type": "Point",
        "coordinates": [
          2540482.9669396756,
          1181251.8929522738
        ]
      }
    },
    {
      "type": "Feature",
      "properties": {
        "id": 20,
        "value": 29.333333333333343
      },
      "geometry": {
        "type": "Point",
        "coordinates": [
          2540487.5995669332,
          1181255.5218436257
        ]
      }
    },
    {
      "type": "Feature",
      "properties": {
        "id": 21,
        "value": 30.0
      },
      "geometry": {
        "type": "Point",
        "coordinates": [
          2540482.9669396756,
          1181257.683736346
        ]
      }
    },
    {
      "type": "Feature",
      "properties": {
        "id": 22,
        "value": 30.666666666666671
      },
      "geometry": {
        "type": "Point",
        "coordinates": [
          2540482.7739135395,
          1181264.5168615507
        ]
      }
    },
    {
      "type": "Feature",
      "properties": {
        "id": 23,
        "value": 25.333333333333343
      },
      "geometry": {
        "type": "Point",
        "coordinates": [
          2540493.9694294119,
          1181273.31885334
        ]
      }
    },
    {
      "type": "Feature",
      "properties": {
        "id": 24,
        "value": 38.0
      },
      "geometry": {
        "type": "Point",
        "coordinates": [
          2540500.1462657554,
          1181265.3661765479
        ]
      }
    },
    {
      "type": "Feature",
      "properties": {
        "id": 25,
        "value": 34.666666666666671
      },
      "geometry": {
        "type": "Point",
        "coordinates": [
          2540489.2595917,
          1181256.5641847583
        ]
      }
    },
    {
      "type": "Feature",
      "properties": {
        "id": 27,
        "value": 36.666666666666671
      },
      "geometry": {
        "type": "Point",
        "coordinates": [
          2540489.4912230629,
          1181262.7410211018
        ]
      }
    },
    {
      "type": "Feature",
      "properties": {
        "id": 27,
        "value": 36.666666666666671
      },
      "geometry": {
        "type": "Point",
        "coordinates": [
          2540494.1238503205,
          1181266.6787542708
        ]
      }
    },
    {
      "type": "Feature",
      "properties": {
        "id": 28,
        "value": 32.666666666666671
      },
      "geometry": {
        "type": "Point",
        "coordinates": [
          2540495.282007135,
          1181255.2516070355
        ]
      }
    },
    {
      "type": "Feature",
      "properties": {
        "id": 29,
        "value": 35.333333333333343
      },
      "geometry": {
        "type": "Point",
        "coordinates": [
          2540503.3118943814,
          1181261.2740224705
        ]
      }
    },
    {
      "type": "Feature",
      "properties": {
        "id": 30,
        "value": 36.0
      },
      "geometry": {
        "type": "Point",
        "coordinates": [
          2540499.296950758,
          1181249.846875235
        ]
      }
    },
    {
      "type": "Feature",
      "properties": {
        "id": 40,
        "value": 30.666666666666671
      },
      "geometry": {
        "type": "Point",
        "coordinates": [
          2540507.5584693677,
          1181255.9465011242
        ]
      }
    },
    {
      "type": "Feature",
      "properties": {
        "id": 41,
        "value": 40.0
      },
      "geometry": {
        "type": "Point",
        "coordinates": [
          2540501.30442257,
          1181255.7920802156
        ]
      }
    },
    {
      "type": "Feature",
      "properties": {
        "id": 42,
        "value": -1
      },
      "geometry": {
        "type": "Point",
        "coordinates": [
          2540506.5547334617,
          1181252.0087679552
        ]
      }
    },
    {
      "type": "Feature",
      "properties": {
        "id": 43,
        "value": -1
      },
      "geometry": {
        "type": "Point",
        "coordinates": [
          2540500.4551075725,
          1181247.2217197889
        ]
      }
    },
    {
      "type": "Feature",
      "properties": {
        "id": 45,
        "value": -1
      },
      "geometry": {
        "type": "Point",
        "coordinates": [
          2540494.2010607747,
          1181253.7073979496
        ]
      }
    },
    {
      "type": "Feature",
      "properties": {
        "id": 46,
        "value": 30.0
      },
      "geometry": {
        "type": "Point",
        "coordinates": [
          2540489.3368021543,
          1181249.9240856892
        ]
      }
    },
    {
      "type": "Feature",
      "properties": {
        "id": 47,
        "value": 31.333333333333343
      },
      "geometry": {
        "type": "Point",
        "coordinates": [
          2540495.5136384978,
          1181241.8941984428
        ]
      }
    },
    {
      "type": "Feature",
      "properties": {
        "id": 48,
        "value": 29.333333333333343
      },
      "geometry": {
        "type": "Point",
        "coordinates": [
          2540494.9731653179,
          1181248.0710347863
        ]
      }
    },
    {
      "type": "Feature",
      "properties": {
        "id": 49,
        "value": 29.333333333333343
      },
      "geometry": {
        "type": "Point",
        "coordinates": [
          2540482.928334448,
          1181245.2142479774
        ]
      }
    },
    {
      "type": "Feature",
      "properties": {
        "id": 50,
        "value": 29.333333333333343
      },
      "geometry": {
        "type": "Point",
        "coordinates": [
          2540488.2558557941,
          1181249.074770692
        ]
      }
    },
    {
      "type": "Feature",
      "properties": {
        "id": 51,
        "value": 28.666666666666671
      },
      "geometry": {
        "type": "Point",
        "coordinates": [
          2540489.4140126086,
          1181236.9527293679
        ]
      }
    },
    {
      "type": "Feature",
      "properties": {
        "id": 52,
        "value": 29.333333333333343
      },
      "geometry": {
        "type": "Point",
        "coordinates": [
          2540494.5099025918,
          1181241.1993043541
        ]
      }
    },
    {
      "type": "Feature",
      "properties": {
        "id": 53,
        "value": 29.333333333333343
      },
      "geometry": {
        "type": "Point",
        "coordinates": [
          2540488.7963289744,
          1181243.1295657114
        ]
      }
    },
    {
      "type": "Feature",
      "properties": {
        "id": 54,
        "value": 30.0
      },
      "geometry": {
        "type": "Point",
        "coordinates": [
          2540476.9059190131,
          1181240.4271998112
        ]
      }
    },
    {
      "type": "Feature",
      "properties": {
        "id": 55,
        "value": 30.0
      },
      "geometry": {
        "type": "Point",
        "coordinates": [
          2540482.2334403596,
          1181244.5193538887
        ]
      }
    },
    {
      "type": "Feature",
      "properties": {
        "id": 56,
        "value": 30.0
      },
      "geometry": {
        "type": "Point",
        "coordinates": [
          2540483.3915971736,
          1181232.242891656
        ]
      }
    },
    {
      "type": "Feature",
      "properties": {
        "id": 57,
        "value": 29.333333333333343
      },
      "geometry": {
        "type": "Point",
        "coordinates": [
          2540488.4102767026,
          1181236.2578352792
        ]
      }
    },
    {
      "type": "Feature",
      "properties": {
        "id": 58,
        "value": 30.0
      },
      "geometry": {
        "type": "Point",
        "coordinates": [
          2540482.928334448,
          1181238.3425175452
        ]
      }
    },
    {
      "type": "Feature",
      "properties": {
        "id": 59,
        "value": 38.666666666666671
      },
      "geometry": {
        "type": "Point",
        "coordinates": [
          2540470.8835035781,
          1181235.4857307363
        ]
      }
    },
    {
      "type": "Feature",
      "properties": {
        "id": 60,
        "value": 28.0
      },
      "geometry": {
        "type": "Point",
        "coordinates": [
          2540475.6705517443,
          1181239.1146220881
        ]
      }
    },
    {
      "type": "Feature",
      "properties": {
        "id": 61,
        "value": 26.666666666666671
      },
      "geometry": {
        "type": "Point",
        "coordinates": [
          2540477.21476083,
          1181227.8418957614
        ]
      }
    },
    {
      "type": "Feature",
      "properties": {
        "id": 62,
        "value": -1
      },
      "geometry": {
        "type": "Point",
        "coordinates": [
          2540481.615756725,
          1181231.6252080216
        ]
      }
    },
    {
      "type": "Feature",
      "properties": {
        "id": 63,
        "value": 22.666666666666671
      },
      "geometry": {
        "type": "Point",
        "coordinates": [
          2540475.2844994729,
          1181234.2503634677
        ]
      }
    },
    {
      "type": "Feature",
      "properties": {
        "id": 64,
        "value": 34.0
      },
      "geometry": {
        "type": "Point",
        "coordinates": [
          2540467.7178749521,
          1181233.3238380163
        ]
      }
    },
    {
      "type": "Feature",
      "properties": {
        "id": 65,
        "value": 29.333333333333343
      },
      "geometry": {
        "type": "Point",
        "coordinates": [
          2540470.0341885812,
          1181232.9377857447
        ]
      }
    },
    {
      "type": "Feature",
      "properties": {
        "id": 66,
        "value": 25.333333333333343
      },
      "geometry": {
        "type": "Point",
        "coordinates": [
          2540476.2110249251,
          1181226.3748971298
        ]
      }
    },
    {
      "type": "Feature",
      "properties": {
        "id": 67,
        "value": 32.666666666666671
      },
      "geometry": {
        "type": "Point",
        "coordinates": [
          2540471.2695558504,
          1181222.746005778
        ]
      }
    },
    {
      "type": "Feature",
      "properties": {
        "id": 68,
        "value": 36.666666666666671
      },
      "geometry": {
        "type": "Point",
        "coordinates": [
          2540467.4669409767,
          1181228.1314349647
        ]
      }
    },
    {
      "type": "Feature",
      "properties": {
        "id": 69,
        "value": 48.666666666666671
      },
      "geometry": {
        "type": "Point",
        "coordinates": [
          2540459.5914746388,
          1181226.5872258788
        ]
      }
    },
    {
      "type": "Feature",
      "properties": {
        "id": 70,
        "value": 45.333333333333336
      },
      "geometry": {
        "type": "Point",
        "coordinates": [
          2540463.9152600789,
          1181221.7229672584
        ]
      }
    },
    {
      "type": "Feature",
      "properties": {
        "id": 71,
        "value": 36.0
      },
      "geometry": {
        "type": "Point",
        "coordinates": [
          2540456.5030564675,
          1181221.877388167
        ]
      }
    },
    {
      "type": "Feature",
      "properties": {
        "id": 72,
        "value": 42.0
      },
      "geometry": {
        "type": "Point",
        "coordinates": [
          2540459.5914746393,
          1181218.1712863611
        ]
      }
    },
    {
      "type": "Feature",
      "properties": {
        "id": 73,
        "value": 53.333333333333336
      },
      "geometry": {
        "type": "Point",
        "coordinates": [
          2540449.013642401,
          1181223.0355449815
        ]
      }
    },
    {
      "type": "Feature",
      "properties": {
        "id": 74,
        "value": 48.666666666666671
      },
      "geometry": {
        "type": "Point",
        "coordinates": [
          2540455.5765310158,
          1181214.8512368263
        ]
      }
    },
    {
      "type": "Feature",
      "properties": {
        "id": 75,
        "value": 46.0
      },
      "geometry": {
        "type": "Point",
        "coordinates": [
          2540440.9065447003,
          1181216.7042877295
        ]
      }
    },
    {
      "type": "Feature",
      "properties": {
        "id": 76,
        "value": -1
      },
      "geometry": {
        "type": "Point",
        "coordinates": [
          2540447.5466437694,
          1181210.7590827488
        ]
      }
    },
    {
      "type": "Feature",
      "properties": {
        "id": 77,
        "value": 24.666666666666671
      },
      "geometry": {
        "type": "Point",
        "coordinates": [
          2540422.6076670331,
          1181202.1115118673
        ]
      }
    },
    {
      "type": "Feature",
      "properties": {
        "id": 78,
        "value": 27.333333333333343
      },
      "geometry": {
        "type": "Point",
        "coordinates": [
          2540428.7072929223,
          1181194.622097801
        ]
      }
    },
    {
      "type": "Feature",
      "properties": {
        "id": 79,
        "value": 30.0
      },
      "geometry": {
        "type": "Point",
        "coordinates": [
          2540431.6412901855,
          1181203.0380373187
        ]
      }
    },
    {
      "type": "Feature",
      "properties": {
        "id": 80,
        "value": 29.333333333333343
      },
      "geometry": {
        "type": "Point",
        "coordinates": [
          2540437.5092847119,
          1181208.0567168479
        ]
      }
    },
    {
      "type": "Feature",
      "properties": {
        "id": 81,
        "value": 30.0
      },
      "geometry": {
        "type": "Point",
        "coordinates": [
          2540439.8255983405,
          1181215.46892046
        ]
      }
    },
    {
      "type": "Feature",
      "properties": {
        "id": 82,
        "value": 34.666666666666671
      },
      "geometry": {
        "type": "Point",
        "coordinates": [
          2540446.1568555925,
          1181207.5162436678
        ]
      }
    },
    {
      "type": "Feature",
      "properties": {
        "id": 83,
        "value": 46.0
      },
      "geometry": {
        "type": "Point",
        "coordinates": [
          2540413.6126491078,
          1181194.8923343911
        ]
      }
    },
    {
      "type": "Feature",
      "properties": {
        "id": 84,
        "value": 25.333333333333343
      },
      "geometry": {
        "type": "Point",
        "coordinates": [
          2540420.0211168141,
          1181186.939657599
        ]
      }
    },
    {
      "type": "Feature",
      "properties": {
        "id": 85,
        "value": 24.666666666666671
      },
      "geometry": {
        "type": "Point",
        "coordinates": [
          2540421.4881154457,
          1181201.0691707346
        ]
      }
    },
    {
      "type": "Feature",
      "properties": {
        "id": 86,
        "value": 24.666666666666671
      },
      "geometry": {
        "type": "Point",
        "coordinates": [
          2540428.0510040605,
          1181193.1937043967
        ]
      }
    },
    {
      "type": "Feature",
      "properties": {
        "id": 87,
        "value": 25.333333333333343
      },
      "geometry": {
        "type": "Point",
        "coordinates": [
          2540409.211653213,
          1181188.7154980476
        ]
      }
    },
    {
      "type": "Feature",
      "properties": {
        "id": 88,
        "value": 25.333333333333343
      },
      "geometry": {
        "type": "Point",
        "coordinates": [
          2540413.6898595621,
          1181192.2671789452
        ]
      }
    },
    {
      "type": "Feature",
      "properties": {
        "id": 89,
        "value": 0.0
      },
      "geometry": {
        "type": "Point",
        "coordinates": [
          2540413.9987013792,
          1181182.1526094328
        ]
      }
    },
    {
      "type": "Feature",
      "properties": {
        "id": 90,
        "value": 0.0
      },
      "geometry": {
        "type": "Point",
        "coordinates": [
          2540419.0173809081,
          1181186.0903426018
        ]
      }
    },
    {
      "type": "Feature",
      "properties": {
        "id": 91,
        "value": 0.0
      },
      "geometry": {
        "type": "Point",
        "coordinates": [
          2540391.9937219056,
          1181178.0604553553
        ]
      }
    },
    {
      "type": "Feature",
      "properties": {
        "id": 92,
        "value": -1
      },
      "geometry": {
        "type": "Point",
        "coordinates": [
          2540398.4794000662,
          1181170.0305681087
        ]
      }
    },
    {
      "type": "Feature",
      "properties": {
        "id": 93,
        "value": -1
      },
      "geometry": {
        "type": "Point",
        "coordinates": [
          2540406.27765595,
          1181189.2559712278
        ]
      }
    },
    {
      "type": "Feature",
      "properties": {
        "id": 94,
        "value": -1
      },
      "geometry": {
        "type": "Point",
        "coordinates": [
          2540412.6089132018,
          1181181.3032944356
        ]
      }
    },
    {
      "type": "Feature",
      "properties": {
        "id": 95,
        "value": -1
      },
      "geometry": {
        "type": "Point",
        "coordinates": [
          2540399.8691882435,
          1181177.1339299039
        ]
      }
    },
    {
      "type": "Feature",
      "properties": {
        "id": 96,
        "value": -1
      },
      "geometry": {
        "type": "Point",
        "coordinates": [
          2540405.6599723157,
          1181181.689346707
        ]
      }
    },
    {
      "type": "Feature",
      "properties": {
        "id": 97,
        "value": -1
      },
      "geometry": {
        "type": "Point",
        "coordinates": [
          2540400.0236091521,
          1181168.5635694773
        ]
      }
    },
    {
      "type": "Feature",
      "properties": {
        "id": 98,
        "value": -1
      },
      "geometry": {
        "type": "Point",
        "coordinates": [
          2540407.7446545814,
          1181175.1264580921
        ]
      }
    },
    {
      "type": "Feature",
      "properties": {
        "id": 99,
        "value": -1
      },
      "geometry": {
        "type": "Point",
        "coordinates": [
          2540403.4980795952,
          1181163.8537317652
        ]
      }
    },
    {
      "type": "Feature",
      "properties": {
        "id": 100,
        "value": -1
      },
      "geometry": {
        "type": "Point",
        "coordinates": [
          2540411.2963354788,
          1181170.4166203802
        ]
      }
    },
    {
      "type": "Feature",
      "properties": {
        "id": 101,
        "value": -1
      },
      "geometry": {
        "type": "Point",
        "coordinates": [
          2540405.8916036785,
          1181169.4128844745
        ]
      }
    },
    {
      "type": "Feature",
      "properties": {
        "id": 102,
        "value": -1
      },
      "geometry": {
        "type": "Point",
        "coordinates": [
          2540404.3087893659,
          1181162.4253383607
        ]
      }
    },
    {
      "type": "Feature",
      "properties": {
        "id": 103,
        "value": -1
      },
      "geometry": {
        "type": "Point",
        "coordinates": [
          2540412.1842557038,
          1181168.7565956127
        ]
      }
    },
    {
      "type": "Feature",
      "properties": {
        "id": 104,
        "value": -1
      },
      "geometry": {
        "type": "Point",
        "coordinates": [
          2540408.2465225351,
          1181157.8699215574
        ]
      }
    },
    {
      "type": "Feature",
      "properties": {
        "id": 105,
        "value": -1
      },
      "geometry": {
        "type": "Point",
        "coordinates": [
          2540416.121988873,
          1181164.1239683551
        ]
      }
    },
    {
      "type": "Feature",
      "properties": {
        "id": 106,
        "value": -1
      },
      "geometry": {
        "type": "Point",
        "coordinates": [
          2540410.0995734381,
          1181163.5062847207
        ]
      }
    },
    {
      "type": "Feature",
      "properties": {
        "id": 107,
        "value": -1
      },
      "geometry": {
        "type": "Point",
        "coordinates": [
          2540410.948888435,
          1181173.0803810533
        ]
      }
    },
    {
      "type": "Feature",
      "properties": {
        "id": 108,
        "value": -1
      },
      "geometry": {
        "type": "Point",
        "coordinates": [
          2540422.0671938532,
          1181168.9110165213
        ]
      }
    },
    {
      "type": "Feature",
      "properties": {
        "id": 109,
        "value": -1
      },
      "geometry": {
        "type": "Point",
        "coordinates": [
          2540416.7396725072,
          1181171.0729092415
        ]
      }
    },
    {
      "type": "Feature",
      "properties": {
        "id": 110,
        "value": 25.333333333333343
      },
      "geometry": {
        "type": "Point",
        "coordinates": [
          2540416.8940934157,
          1181177.9446396737
        ]
      }
    },
    {
      "type": "Feature",
      "properties": {
        "id": 111,
        "value": 24.666666666666671
      },
      "geometry": {
        "type": "Point",
        "coordinates": [
          2540423.5341924848,
          1181170.0691733358
        ]
      }
    },
    {
      "type": "Feature",
      "properties": {
        "id": 113,
        "value": 20.0
      },
      "geometry": {
        "type": "Point",
        "coordinates": [
          2540434.4980769944,
          1181178.6395337624
        ]
      }
    },
    {
      "type": "Feature",
      "properties": {
        "id": 112,
        "value": 25.333333333333343
      },
      "geometry": {
        "type": "Point",
        "coordinates": [
          2540428.0123988339,
          1181186.7466314631
        ]
      }
    },
    {
      "type": "Feature",
      "properties": {
        "id": 114,
        "value": 22.0
      },
      "geometry": {
        "type": "Point",
        "coordinates": [
          2540425.5416642968,
          1181178.7939546709
        ]
      }
    },
    {
      "type": "Feature",
      "properties": {
        "id": 115,
        "value": 22.666666666666671
      },
      "geometry": {
        "type": "Point",
        "coordinates": [
          2540429.3635817841,
          1181187.7503673688
        ]
      }
    },
    {
      "type": "Feature",
      "properties": {
        "id": 116,
        "value": 26.666666666666671
      },
      "geometry": {
        "type": "Point",
        "coordinates": [
          2540435.7720494904,
          1181179.7204801224
        ]
      }
    },
    {
      "type": "Feature",
      "properties": {
        "id": 117,
        "value": 27.333333333333343
      },
      "geometry": {
        "type": "Point",
        "coordinates": [
          2540435.2315763105,
          1181188.4452614575
        ]
      }
    },
    {
      "type": "Feature",
      "properties": {
        "id": 118,
        "value": 28.666666666666671
      },
      "geometry": {
        "type": "Point",
        "coordinates": [
          2540439.0148885706,
          1181183.5037923825
        ]
      }
    },
    {
      "type": "Feature",
      "properties": {
        "id": 119,
        "value": -1
      },
      "geometry": {
        "type": "Point",
        "coordinates": [
          2540437.6251003933,
          1181194.0816246208
        ]
      }
    },
    {
      "type": "Feature",
      "properties": {
        "id": 120,
        "value": -1
      },
      "geometry": {
        "type": "Point",
        "coordinates": [
          2540443.4158844654,
          1181186.0517373744
        ]
      }
    },
    {
      "type": "Feature",
      "properties": {
        "id": 121,
        "value": 28.0
      },
      "geometry": {
        "type": "Point",
        "coordinates": [
          2540439.2465199335,
          1181195.0081500723
        ]
      }
    },
    {
      "type": "Feature",
      "properties": {
        "id": 122,
        "value": 32.0
      },
      "geometry": {
        "type": "Point",
        "coordinates": [
          2540448.2801430859,
          1181190.6071541777
        ]
      }
    },
    {
      "type": "Feature",
      "properties": {
        "id": 123,
        "value": -1
      },
      "geometry": {
        "type": "Point",
        "coordinates": [
          2540445.2689353684,
          1181188.5224719117
        ]
      }
    },
    {
      "type": "Feature",
      "properties": {
        "id": 124,
        "value": -1
      },
      "geometry": {
        "type": "Point",
        "coordinates": [
          2540449.6699312632,
          1181203.1924582275
        ]
      }
    },
    {
      "type": "Feature",
      "properties": {
        "id": 125,
        "value": -1
      },
      "geometry": {
        "type": "Point",
        "coordinates": [
          2540455.5379257896,
          1181195.703044161
        ]
      }
    },
    {
      "type": "Feature",
      "properties": {
        "id": 126,
        "value": -1
      },
      "geometry": {
        "type": "Point",
        "coordinates": [
          2540448.1257221773,
          1181195.8574650695
        ]
      }
    },
    {
      "type": "Feature",
      "properties": {
        "id": 127,
        "value": 36.0
      },
      "geometry": {
        "type": "Point",
        "coordinates": [
          2540450.905298532,
          1181204.5822464048
        ]
      }
    },
    {
      "type": "Feature",
      "properties": {
        "id": 128,
        "value": 37.333333333333336
      },
      "geometry": {
        "type": "Point",
        "coordinates": [
          2540459.0123962327,
          1181199.1003041498
        ]
      }
    },
    {
      "type": "Feature",
      "properties": {
        "id": 129,
        "value": -1
      },
      "geometry": {
        "type": "Point",
        "coordinates": [
          2540455.7695571524,
          1181208.4427691193
        ]
      }
    },
    {
      "type": "Feature",
      "properties": {
        "id": 130,
        "value": -1
      },
      "geometry": {
        "type": "Point",
        "coordinates": [
          2540468.1232298394,
          1181205.2771404933
        ]
      }
    },
    {
      "type": "Feature",
      "properties": {
        "id": 132,
        "value": -1
      },
      "geometry": {
        "type": "Point",
        "coordinates": [
          2540461.5603412245,
          1181213.30702774
        ]
      }
    },
    {
      "type": "Feature",
      "properties": {
        "id": 131,
        "value": -1
      },
      "geometry": {
        "type": "Point",
        "coordinates": [
          2540460.40218441,
          1181205.5087718563
        ]
      }
    },
    {
      "type": "Feature",
      "properties": {
        "id": 133,
        "value": -1
      },
      "geometry": {
        "type": "Point",
        "coordinates": [
          2540464.2627071245,
          1181214.7740263715
        ]
      }
    },
    {
      "type": "Feature",
      "properties": {
        "id": 134,
        "value": -1
      },
      "geometry": {
        "type": "Point",
        "coordinates": [
          2540470.3623330137,
          1181207.2074018507
        ]
      }
    },
    {
      "type": "Feature",
      "properties": {
        "id": 135,
        "value": 44.0
      },
      "geometry": {
        "type": "Point",
        "coordinates": [
          2540497.9650704227,
          1181276.8126263958
        ]
      }
    },
    {
      "type": "Feature",
      "properties": {
        "id": 136,
        "value": 40.666666666666671
      },
      "geometry": {
        "type": "Point",
        "coordinates": [
          2540502.9065394974,
          1181273.9558395869
        ]
      }
    },
    {
      "type": "Feature",
      "properties": {
        "id": 137,
        "value": 45.333333333333336
      },
      "geometry": {
        "type": "Point",
        "coordinates": [
          2540506.4582203948,
          1181270.3269482353
        ]
      }
    },
    {
      "type": "Feature",
      "properties": {
        "id": 138,
        "value": 41.333333333333336
      },
      "geometry": {
        "type": "Point",
        "coordinates": [
          2540501.207909503,
          1181279.2061504789
        ]
      }
    },
    {
      "type": "Feature",
      "properties": {
        "id": 139,
        "value": 47.333333333333336
      },
      "geometry": {
        "type": "Point",
        "coordinates": [
          2540508.9289549324,
          1181285.3829868224
        ]
      }
    },
    {
      "type": "Feature",
      "properties": {
        "id": 140,
        "value": 48.0
      },
      "geometry": {
        "type": "Point",
        "coordinates": [
          2540515.3374226387,
          1181277.2758891217
        ]
      }
    },
    {
      "type": "Feature",
      "properties": {
        "id": 141,
        "value": 44.666666666666671
      },
      "geometry": {
        "type": "Point",
        "coordinates": [
          2540507.8480085721,
          1181271.4078945953
        ]
      }
    },
    {
      "type": "Feature",
      "properties": {
        "id": 143,
        "value": 46.666666666666671
      },
      "geometry": {
        "type": "Point",
        "coordinates": [
          2540510.6275849268,
          1181286.3095122739
        ]
      }
    },
    {
      "type": "Feature",
      "properties": {
        "id": 142,
        "value": 45.333333333333336
      },
      "geometry": {
        "type": "Point",
        "coordinates": [
          2540508.2340608435,
          1181278.9745191161
        ]
      }
    },
    {
      "type": "Feature",
      "properties": {
        "id": 145,
        "value": 54.0
      },
      "geometry": {
        "type": "Point",
        "coordinates": [
          2540518.4258408104,
          1181280.0554654761
        ]
      }
    },
    {
      "type": "Feature",
      "properties": {
        "id": 146,
        "value": 52.0
      },
      "geometry": {
        "type": "Point",
        "coordinates": [
          2540524.6026771539,
          1181284.765303188
        ]
      }
    },
    {
      "type": "Feature",
      "properties": {
        "id": 147,
        "value": 56.666666666666671
      },
      "geometry": {
        "type": "Point",
        "coordinates": [
          2540518.3486303561,
          1181285.6146181852
        ]
      }
    },
    {
      "type": "Feature",
      "properties": {
        "id": 148,
        "value": 52.0
      },
      "geometry": {
        "type": "Point",
        "coordinates": [
          2540518.4258408104,
          1181292.4863486174
        ]
      }
    },
    {
      "type": "Feature",
      "properties": {
        "id": 149,
        "value": 52.0
      },
      "geometry": {
        "type": "Point",
        "coordinates": [
          2540519.892839442,
          1181293.7217158861
        ]
      }
    },
    {
      "type": "Feature",
      "properties": {
        "id": 150,
        "value": 53.333333333333336
      },
      "geometry": {
        "type": "Point",
        "coordinates": [
          2540524.2166248825,
          1181297.0417654207
        ]
      }
    },
    {
      "type": "Feature",
      "properties": {
        "id": 151,
        "value": 52.0
      },
      "geometry": {
        "type": "Point",
        "coordinates": [
          2540530.4706716803,
          1181289.3207199913
        ]
      }
    },
    {
      "type": "Feature",
      "properties": {
        "id": 152,
        "value": 54.666666666666671
      },
      "geometry": {
        "type": "Point",
        "coordinates": [
          2540526.1468862398,
          1181285.9234600025
        ]
      }
    },
    {
      "type": "Feature",
      "properties": {
        "id": 153,
        "value": 54.666666666666671
      },
      "geometry": {
        "type": "Point",
        "coordinates": [
          2540525.4519921509,
          1181291.4054022573
        ]
      }
    },
    {
      "type": "Feature",
      "properties": {
        "id": 154,
        "value": 66.666666666666671
      },
      "geometry": {
        "type": "Point",
        "coordinates": [
          2540535.4893512093,
          1181286.3095122739
        ]
      }
    },
    {
      "type": "Feature",
      "properties": {
        "id": 155,
        "value": 68.0
      },
      "geometry": {
        "type": "Point",
        "coordinates": [
          2540543.05597573,
          1181292.1775068003
        ]
      }
    },
    {
      "type": "Feature",
      "properties": {
        "id": 156,
        "value": 72.666666666666671
      },
      "geometry": {
        "type": "Point",
        "coordinates": [
          2540549.2328120735,
          1181284.4564613709
        ]
      }
    },
    {
      "type": "Feature",
      "properties": {
        "id": 157,
        "value": 96.666666666666671
      },
      "geometry": {
        "type": "Point",
        "coordinates": [
          2540541.6661875527,
          1181278.2024145732
        ]
      }
    },
    {
      "type": "Feature",
      "properties": {
        "id": 158,
        "value": 78.666666666666671
      },
      "geometry": {
        "type": "Point",
        "coordinates": [
          2540542.3610816412,
          1181284.765303188
        ]
      }
    },
    {
      "type": "Feature",
      "properties": {
        "id": 159,
        "value": 68.666666666666671
      },
      "geometry": {
        "type": "Point",
        "coordinates": [
          2540536.4930871148,
          1181282.7578313765
        ]
      }
    },
    {
      "type": "Feature",
      "properties": {
        "id": 160,
        "value": 68.666666666666671
      },
      "geometry": {
        "type": "Point",
        "coordinates": [
          2540534.2539839405,
          1181280.8275700191
        ]
      }
    },
    {
      "type": "Feature",
      "properties": {
        "id": 161,
        "value": 80.666666666666671
      },
      "geometry": {
        "type": "Point",
        "coordinates": [
          2540538.4233484725,
          1181275.5000486728
        ]
      }
    },
    {
      "type": "Feature",
      "properties": {
        "id": 162,
        "value": 88.666666666666671
      },
      "geometry": {
        "type": "Point",
        "coordinates": [
          2540540.9712934638,
          1181277.2758891217
        ]
      }
    },
    {
      "type": "Feature",
      "properties": {
        "id": 163,
        "value": 84.0
      },
      "geometry": {
        "type": "Point",
        "coordinates": [
          2540537.574033475,
          1181278.9745191161
        ]
      }
    },
    {
      "type": "Feature",
      "properties": {
        "id": 164,
        "value": 76.666666666666671
      },
      "geometry": {
        "type": "Point",
        "coordinates": [
          2540525.9924653312,
          1181278.8973086618
        ]
      }
    },
    {
      "type": "Feature",
      "properties": {
        "id": 165,
        "value": 66.0
      },
      "geometry": {
        "type": "Point",
        "coordinates": [
          2540530.9339344059,
          1181282.9122522851
        ]
      }
    },
    {
      "type": "Feature",
      "properties": {
        "id": 166,
        "value": 74.0
      },
      "geometry": {
        "type": "Point",
        "coordinates": [
          2540536.9563498409,
          1181274.8051545841
        ]
      }
    },
    {
      "type": "Feature",
      "properties": {
        "id": 167,
        "value": 72.666666666666671
      },
      "geometry": {
        "type": "Point",
        "coordinates": [
          2540532.246512129,
          1181270.8674214152
        ]
      }
    },
    {
      "type": "Feature",
      "properties": {
        "id": 168,
        "value": 65.333333333333343
      },
      "geometry": {
        "type": "Point",
        "coordinates": [
          2540531.3199866773,
          1181276.851231623
        ]
      }
    },
    {
      "type": "Feature",
      "properties": {
        "id": 169,
        "value": 62.666666666666671
      },
      "geometry": {
        "type": "Point",
        "coordinates": [
          2540519.9700498963,
          1181274.3804970856
        ]
      }
    },
    {
      "type": "Feature",
      "properties": {
        "id": 170,
        "value": 67.333333333333343
      },
      "geometry": {
        "type": "Point",
        "coordinates": [
          2540524.9887294252,
          1181278.3182302546
        ]
      }
    },
    {
      "type": "Feature",
      "properties": {
        "id": 171,
        "value": 58.0
      },
      "geometry": {
        "type": "Point",
        "coordinates": [
          2540531.242776223,
          1181270.0567116451
        ]
      }
    },
    {
      "type": "Feature",
      "properties": {
        "id": 172,
        "value": 56.666666666666671
      },
      "geometry": {
        "type": "Point",
        "coordinates": [
          2540526.1468862398,
          1181265.9645575676
        ]
      }
    },
    {
      "type": "Feature",
      "properties": {
        "id": 173,
        "value": 56.666666666666671
      },
      "geometry": {
        "type": "Point",
        "coordinates": [
          2540525.6450182865,
          1181271.9483677754
        ]
      }
    },
    {
      "type": "Feature",
      "properties": {
        "id": 174,
        "value": 56.0
      },
      "geometry": {
        "type": "Point",
        "coordinates": [
          2540513.6001874167,
          1181269.7864750552
        ]
      }
    },
    {
      "type": "Feature",
      "properties": {
        "id": 175,
        "value": 62.0
      },
      "geometry": {
        "type": "Point",
        "coordinates": [
          2540518.7732878546,
          1181273.3381559527
        ]
      }
    },
    {
      "type": "Feature",
      "properties": {
        "id": 176,
        "value": 52.666666666666671
      },
      "geometry": {
        "type": "Point",
        "coordinates": [
          2540525.1817555609,
          1181265.1538477978
        ]
      }
    },
    {
      "type": "Feature",
      "properties": {
        "id": 177,
        "value": 48.666666666666671
      },
      "geometry": {
        "type": "Point",
        "coordinates": [
          2540519.9314446687,
          1181261.2161146286
        ]
      }
    },
    {
      "type": "Feature",
      "properties": {
        "id": 178,
        "value": 52.666666666666671
      },
      "geometry": {
        "type": "Point",
        "coordinates": [
          2540519.4681819431,
          1181267.9334241522
        ]
      }
    },
    {
      "type": "Feature",
      "properties": {
        "id": 180,
        "value": 50.0
      },
      "geometry": {
        "type": "Point",
        "coordinates": [
          2540512.2103992393,
          1181268.0878450607
        ]
      }
    },
    {
      "type": "Feature",
      "properties": {
        "id": 181,
        "value": 51.333333333333336
      },
      "geometry": {
        "type": "Point",
        "coordinates": [
          2540515.4532383196,
          1181263.146375986
        ]
      }
    },
    {
      "type": "Feature",
      "properties": {
        "id": 182,
        "value": -1
      },
      "geometry": {
        "type": "Point",
        "coordinates": [
          2540516.6886055884,
          1181258.8225905455
        ]
      }
    },
    {
      "type": "Feature",
      "properties": {
        "id": 183,
        "value": -1
      },
      "geometry": {
        "type": "Point",
        "coordinates": [
          2540511.6699260594,
          1181261.4477459916
        ]
      }
    },
    {
      "type": "Feature",
      "properties": {
        "id": 179,
        "value": 48.0
      },
      "geometry": {
        "type": "Point",
        "coordinates": [
          2540509.0447706133,
          1181265.5399000691
        ]
      }
    },
    {
      "type": "Feature",
      "properties": {
        "id": 184,
        "value": -1
      },
      "geometry": {
        "type": "Point",
        "coordinates": [
          2540513.4457665081,
          1181257.8188546398
        ]
      }
    },
    {
      "type": "Feature",
      "properties": {
        "id": 185,
        "value": 70.666666666666671
      },
      "geometry": {
        "type": "Point",
        "coordinates": [
          2540532.4395382642,
          1181286.7727749997
        ]
      }
    },
    {
      "type": "Feature",
      "properties": {
        "id": 186,
        "value": 72.0
      },
      "geometry": {
        "type": "Point",
        "coordinates": [
          2540524.8729137434,
          1181281.3680431992
        ]
      }
    },
    {
      "type": "Feature",
      "properties": {
        "id": 187,
        "value": 67.333333333333343
      },
      "geometry": {
        "type": "Point",
        "coordinates": [
          2540518.0783937657,
          1181276.0405218531
        ]
      }
    },
    {
      "type": "Feature",
      "properties": {
        "id": 188,
        "value": 49.333333333333336
      },
      "geometry": {
        "type": "Point",
        "coordinates": [
          2540509.3536124304,
          1181269.0915809667
        ]
      }
    },
    {
      "type": "Feature",
      "properties": {
        "id": 189,
        "value": 51.333333333333336
      },
      "geometry": {
        "type": "Point",
        "coordinates": [
          2540504.6437747185,
          1181264.7677955262
        ]
      }
    },
    {
      "type": "Feature",
      "properties": {
        "id": 190,
        "value": 46.666666666666671
      },
      "geometry": {
        "type": "Point",
        "coordinates": [
          2540511.3610842424,
          1181256.0430141911
        ]
      }
    },
    {
      "type": "Feature",
      "properties": {
        "id": 191,
        "value": 36.0
      },
      "geometry": {
        "type": "Point",
        "coordinates": [
          2540499.6250951895,
          1181272.2572095927
        ]
      }
    },
    {
      "type": "Feature",
      "properties": {
        "id": 193,
        "value": 38.0
      },
      "geometry": {
        "type": "Point",
        "coordinates": [
          2540498.2353070122,
          1181270.8674214154
        ]
      }
    },
    {
      "type": "Feature",
      "properties": {
        "id": 192,
        "value": 48.0
      },
      "geometry": {
        "type": "Point",
        "coordinates": [
          2540507.9638242535,
          1181258.7453800912
        ]
      }
    },
    {
      "type": "Feature",
      "properties": {
        "id": 194,
        "value": 41.333333333333336
      },
      "geometry": {
        "type": "Point",
        "coordinates": [
          2540494.2975738435,
          1181257.7416441855
        ]
      }
    },
    {
      "type": "Feature",
      "properties": {
        "id": 195,
        "value": 38.0
      },
      "geometry": {
        "type": "Point",
        "coordinates": [
          2540484.1057938766,
          1181248.8624419416
        ]
      }
    },
    {
      "type": "Feature",
      "properties": {
        "id": 196,
        "value": 36.0
      },
      "geometry": {
        "type": "Point",
        "coordinates": [
          2540476.8480111733,
          1181243.8437624127
        ]
      }
    },
    {
      "type": "Feature",
      "properties": {
        "id": 197,
        "value": 48.0
      },
      "geometry": {
        "type": "Point",
        "coordinates": [
          2540468.2776507465,
          1181236.1227169833
        ]
      }
    },
    {
      "type": "Feature",
      "properties": {
        "id": 198,
        "value": 42.0
      },
      "geometry": {
        "type": "Point",
        "coordinates": [
          2540461.9463934945,
          1181231.1040374541
        ]
      }
    },
    {
      "type": "Feature",
      "properties": {
        "id": 199,
        "value": 33.333333333333343
      },
      "geometry": {
        "type": "Point",
        "coordinates": [
          2540467.119493932,
          1181222.8425188449
        ]
      }
    },
    {
      "type": "Feature",
      "properties": {
        "id": 206,
        "value": 54.0
      },
      "geometry": {
        "type": "Point",
        "coordinates": [
          2540455.3062944254,
          1181231.7989315428
        ]
      }
    },
    {
      "type": "Feature",
      "properties": {
        "id": 200,
        "value": 46.0
      },
      "geometry": {
        "type": "Point",
        "coordinates": [
          2540461.5603412231,
          1181216.6656825014
        ]
      }
    },
    {
      "type": "Feature",
      "properties": {
        "id": 201,
        "value": 0.0
      },
      "geometry": {
        "type": "Point",
        "coordinates": [
          2540450.2104044417,
          1181207.6320593492
        ]
      }
    },
    {
      "type": "Feature",
      "properties": {
        "id": 202,
        "value": 34.666666666666671
      },
      "geometry": {
        "type": "Point",
        "coordinates": [
          2540439.3237303863,
          1181198.8300675596
        ]
      }
    },
    {
      "type": "Feature",
      "properties": {
        "id": 203,
        "value": 28.666666666666671
      },
      "geometry": {
        "type": "Point",
        "coordinates": [
          2540429.3635817827,
          1181190.8001803132
        ]
      }
    },
    {
      "type": "Feature",
      "properties": {
        "id": 204,
        "value": 23.333333333333343
      },
      "geometry": {
        "type": "Point",
        "coordinates": [
          2540418.3224868188,
          1181182.4614512494
        ]
      }
    },
    {
      "type": "Feature",
      "properties": {
        "id": 205,
        "value": 0.0
      },
      "geometry": {
        "type": "Point",
        "coordinates": [
          2540411.9140191125,
          1181177.1339299032
        ]
      }
    }
  ]
}