﻿{
  "type": "FeatureCollection",
  "name": "F_Point de mesures",
  "crs": {
    "type": "name",
    "properties": {
      "name": "urn:ogc:def:crs:EPSG::2056"
    }
  },
  "features": [
    {
      "type": "Feature",
      "properties": {
        "id": 1,
        "value": 38.0
      },
      "geometry": {
        "type": "Point",
        "coordinates": [
          2540509.3187812422,
          1181216.4079779303
        ]
      }
    },
    {
      "type": "Feature",
      "properties": {
        "id": 2,
        "value": 42.0
      },
      "geometry": {
        "type": "Point",
        "coordinates": [
          2540512.197663215,
          1181209.9647658959
        ]
      }
    },
    {
      "type": "Feature",
      "properties": {
        "id": 3,
        "value": 34.0
      },
      "geometry": {
        "type": "Point",
        "coordinates": [
          2540508.0849746824,
          1181207.0858839229
        ]
      }
    },
    {
      "type": "Feature",
      "properties": {
        "id": 4,
        "value": 43.333333333333336
      },
      "geometry": {
        "type": "Point",
        "coordinates": [
          2540499.1741495281,
          1181218.3272325788
        ]
      }
    },
    {
      "type": "Feature",
      "properties": {
        "id": 5,
        "value": 40.0
      },
      "geometry": {
        "type": "Point",
        "coordinates": [
          2540501.9159418833,
          1181220.1093976095
        ]
      }
    },
    {
      "type": "Feature",
      "properties": {
        "id": 9,
        "value": 32.0
      },
      "geometry": {
        "type": "Point",
        "coordinates": [
          2540502.5556934332,
          1181216.4993710087
        ]
      }
    },
    {
      "type": "Feature",
      "properties": {
        "id": 6,
        "value": 32.666666666666671
      },
      "geometry": {
        "type": "Point",
        "coordinates": [
          2540498.2602187432,
          1181207.6799389331
        ]
      }
    },
    {
      "type": "Feature",
      "properties": {
        "id": 7,
        "value": 38.666666666666671
      },
      "geometry": {
        "type": "Point",
        "coordinates": [
          2540502.2358176582,
          1181202.2420507623
        ]
      }
    },
    {
      "type": "Feature",
      "properties": {
        "id": 8,
        "value": 37.333333333333336
      },
      "geometry": {
        "type": "Point",
        "coordinates": [
          2540503.5153207574,
          1181207.4971527762
        ]
      }
    },
    {
      "type": "Feature",
      "properties": {
        "id": 10,
        "value": 42.666666666666671
      },
      "geometry": {
        "type": "Point",
        "coordinates": [
          2540527.0947350115,
          1181231.8077116578
        ]
      }
    },
    {
      "type": "Feature",
      "properties": {
        "id": 11,
        "value": 40.666666666666671
      },
      "geometry": {
        "type": "Point",
        "coordinates": [
          2540522.8449568613,
          1181236.9714205933
        ]
      }
    },
    {
      "type": "Feature",
      "properties": {
        "id": 12,
        "value": 44.666666666666671
      },
      "geometry": {
        "type": "Point",
        "coordinates": [
          2540517.6355513865,
          1181232.8130355214
        ]
      }
    },
    {
      "type": "Feature",
      "properties": {
        "id": 13,
        "value": 47.333333333333336
      },
      "geometry": {
        "type": "Point",
        "coordinates": [
          2540521.7025433797,
          1181227.6036300468
        ]
      }
    },
    {
      "type": "Feature",
      "properties": {
        "id": 14,
        "value": 40.666666666666671
      },
      "geometry": {
        "type": "Point",
        "coordinates": [
          2540522.1138122333,
          1181232.5845528252
        ]
      }
    },
    {
      "type": "Feature",
      "properties": {
        "id": 15,
        "value": 45.333333333333336
      },
      "geometry": {
        "type": "Point",
        "coordinates": [
          2540541.9461102695,
          1181202.2420507628
        ]
      }
    },
    {
      "type": "Feature",
      "properties": {
        "id": 16,
        "value": 50.666666666666671
      },
      "geometry": {
        "type": "Point",
        "coordinates": [
          2540550.1257907953,
          1181208.7766558756
        ]
      }
    },
    {
      "type": "Feature",
      "properties": {
        "id": 18,
        "value": 40.666666666666671
      },
      "geometry": {
        "type": "Point",
        "coordinates": [
          2540556.6146993688,
          1181200.5055822711
        ]
      }
    },
    {
      "type": "Feature",
      "properties": {
        "id": 17,
        "value": 44.0
      },
      "geometry": {
        "type": "Point",
        "coordinates": [
          2540548.2979292255,
          1181194.3365494723
        ]
      }
    },
    {
      "type": "Feature",
      "properties": {
        "id": 19,
        "value": 48.666666666666671
      },
      "geometry": {
        "type": "Point",
        "coordinates": [
          2540551.1768111982,
          1181203.3387677048
        ]
      }
    },
    {
      "type": "Feature",
      "properties": {
        "id": 20,
        "value": 43.333333333333336
      },
      "geometry": {
        "type": "Point",
        "coordinates": [
          2540547.9780534506,
          1181200.3684926534
        ]
      }
    },
    {
      "type": "Feature",
      "properties": {
        "id": 21,
        "value": 38.0
      },
      "geometry": {
        "type": "Point",
        "coordinates": [
          2540537.9248148147,
          1181198.997596476
        ]
      }
    },
    {
      "type": "Feature",
      "properties": {
        "id": 22,
        "value": 44.0
      },
      "geometry": {
        "type": "Point",
        "coordinates": [
          2540541.9918068084,
          1181193.8338875407
        ]
      }
    },
    {
      "type": "Feature",
      "properties": {
        "id": 23,
        "value": 44.0
      },
      "geometry": {
        "type": "Point",
        "coordinates": [
          2540537.376456344,
          1181194.062370237
        ]
      }
    },
    {
      "type": "Feature",
      "properties": {
        "id": 24,
        "value": 41.333333333333336
      },
      "geometry": {
        "type": "Point",
        "coordinates": [
          2540537.376456344,
          1181188.99005438
        ]
      }
    },
    {
      "type": "Feature",
      "properties": {
        "id": 25,
        "value": 46.666666666666671
      },
      "geometry": {
        "type": "Point",
        "coordinates": [
          2540542.5858618184,
          1181192.9199567556
        ]
      }
    },
    {
      "type": "Feature",
      "properties": {
        "id": 26,
        "value": 52.0
      },
      "geometry": {
        "type": "Point",
        "coordinates": [
          2540546.8813365083,
          1181187.710551281
        ]
      }
    },
    {
      "type": "Feature",
      "properties": {
        "id": 27,
        "value": 44.0
      },
      "geometry": {
        "type": "Point",
        "coordinates": [
          2540541.5805379548,
          1181183.5521662091
        ]
      }
    },
    {
      "type": "Feature",
      "properties": {
        "id": 28,
        "value": 40.0
      },
      "geometry": {
        "type": "Point",
        "coordinates": [
          2540541.8547171904,
          1181188.1218201343
        ]
      }
    },
    {
      "type": "Feature",
      "properties": {
        "id": 29,
        "value": 43.333333333333336
      },
      "geometry": {
        "type": "Point",
        "coordinates": [
          2540533.5836435859,
          1181183.5978627484
        ]
      }
    },
    {
      "type": "Feature",
      "properties": {
        "id": 30,
        "value": 48.0
      },
      "geometry": {
        "type": "Point",
        "coordinates": [
          2540529.2424723576,
          1181174.0015895055
        ]
      }
    },
    {
      "type": "Feature",
      "properties": {
        "id": 31,
        "value": 42.0
      },
      "geometry": {
        "type": "Point",
        "coordinates": [
          2540528.3742381115,
          1181181.2673392463
        ]
      }
    },
    {
      "type": "Feature",
      "properties": {
        "id": 32,
        "value": 50.666666666666671
      },
      "geometry": {
        "type": "Point",
        "coordinates": [
          2540524.2158530396,
          1181176.5148991642
        ]
      }
    },
    {
      "type": "Feature",
      "properties": {
        "id": 33,
        "value": 42.666666666666671
      },
      "geometry": {
        "type": "Point",
        "coordinates": [
          2540524.9013011288,
          1181185.0144554651
        ]
      }
    },
    {
      "type": "Feature",
      "properties": {
        "id": 34,
        "value": 51.333333333333336
      },
      "geometry": {
        "type": "Point",
        "coordinates": [
          2540510.4611947248,
          1181205.0752361966
        ]
      }
    },
    {
      "type": "Feature",
      "properties": {
        "id": 35,
        "value": 50.0
      },
      "geometry": {
        "type": "Point",
        "coordinates": [
          2540514.43679364,
          1181199.6830445649
        ]
      }
    },
    {
      "type": "Feature",
      "properties": {
        "id": 36,
        "value": 45.333333333333336
      },
      "geometry": {
        "type": "Point",
        "coordinates": [
          2540517.9097306225,
          1181195.5703560323
        ]
      }
    },
    {
      "type": "Feature",
      "properties": {
        "id": 37,
        "value": 57.333333333333336
      },
      "geometry": {
        "type": "Point",
        "coordinates": [
          2540530.29349276,
          1181195.2047837183
        ]
      }
    },
    {
      "type": "Feature",
      "properties": {
        "id": 38,
        "value": 44.0
      },
      "geometry": {
        "type": "Point",
        "coordinates": [
          2540541.0321794837,
          1181199.6830445649
        ]
      }
    },
    {
      "type": "Feature",
      "properties": {
        "id": 39,
        "value": 47.333333333333336
      },
      "geometry": {
        "type": "Point",
        "coordinates": [
          2540535.77707747,
          1181205.5778981284
        ]
      }
    },
    {
      "type": "Feature",
      "properties": {
        "id": 40,
        "value": 48.0
      },
      "geometry": {
        "type": "Point",
        "coordinates": [
          2540532.2127474085,
          1181222.1657418767
        ]
      }
    },
    {
      "type": "Feature",
      "properties": {
        "id": 41,
        "value": 56.666666666666671
      },
      "geometry": {
        "type": "Point",
        "coordinates": [
          2540527.6887900229,
          1181223.9936034468
        ]
      }
    },
    {
      "type": "Feature",
      "properties": {
        "id": 42,
        "value": 53.333333333333336
      },
      "geometry": {
        "type": "Point",
        "coordinates": [
          2540510.8724635784,
          1181218.6471083544
        ]
      }
    },
    {
      "type": "Feature",
      "properties": {
        "id": 43,
        "value": 51.333333333333336
      },
      "geometry": {
        "type": "Point",
        "coordinates": [
          2540518.4123925548,
          1181222.7597968872
        ]
      }
    }
  ]
}