﻿{
  "type": "FeatureCollection",
  "name": "G_Point de mesures",
  "crs": {
    "type": "name",
    "properties": {
      "name": "urn:ogc:def:crs:EPSG::2056"
    }
  },
  "features": [
    {
      "type": "Feature",
      "properties": {
        "id": 1,
        "value": 63.333333333333336
      },
      "geometry": {
        "type": "Point",
        "coordinates": [
          2540534.884994179,
          1181219.8206096117
        ]
      }
    },
    {
      "type": "Feature",
      "properties": {
        "id": 2,
        "value": 59.333333333333336
      },
      "geometry": {
        "type": "Point",
        "coordinates": [
          2540536.8944113548,
          1181216.806483848
        ]
      }
    },
    {
      "type": "Feature",
      "properties": {
        "id": 3,
        "value": 56.0
      },
      "geometry": {
        "type": "Point",
        "coordinates": [
          2540534.06295988,
          1181214.249043806
        ]
      }
    },
    {
      "type": "Feature",
      "properties": {
        "id": 4,
        "value": 54.666666666666671
      },
      "geometry": {
        "type": "Point",
        "coordinates": [
          2540523.9702054285,
          1181198.0823692556
        ]
      }
    },
    {
      "type": "Feature",
      "properties": {
        "id": 5,
        "value": 53.333333333333336
      },
      "geometry": {
        "type": "Point",
        "coordinates": [
          2540518.9009939167,
          1181193.9265291875
        ]
      }
    },
    {
      "type": "Feature",
      "properties": {
        "id": 6,
        "value": 42.0
      },
      "geometry": {
        "type": "Point",
        "coordinates": [
          2540512.553062384,
          1181189.1313291087
        ]
      }
    },
    {
      "type": "Feature",
      "properties": {
        "id": 7,
        "value": 48.666666666666671
      },
      "geometry": {
        "type": "Point",
        "coordinates": [
          2540516.7545710243,
          1181183.788106164
        ]
      }
    },
    {
      "type": "Feature",
      "properties": {
        "id": 8,
        "value": 50.666666666666671
      },
      "geometry": {
        "type": "Point",
        "coordinates": [
          2540522.6001482634,
          1181188.6289748149
        ]
      }
    },
    {
      "type": "Feature",
      "properties": {
        "id": 9,
        "value": 50.666666666666671
      },
      "geometry": {
        "type": "Point",
        "coordinates": [
          2540527.98903978,
          1181192.7391463108
        ]
      }
    },
    {
      "type": "Feature",
      "properties": {
        "id": 10,
        "value": 50.666666666666671
      },
      "geometry": {
        "type": "Point",
        "coordinates": [
          2540520.7277368042,
          1181191.0037405679
        ]
      }
    },
    {
      "type": "Feature",
      "properties": {
        "id": 11,
        "value": 42.666666666666671
      },
      "geometry": {
        "type": "Point",
        "coordinates": [
          2540524.8835768723,
          1181200.000449287
        ]
      }
    },
    {
      "type": "Feature",
      "properties": {
        "id": 12,
        "value": 42.666666666666671
      },
      "geometry": {
        "type": "Point",
        "coordinates": [
          2540522.0977939693,
          1181206.5767236806
        ]
      }
    },
    {
      "type": "Feature",
      "properties": {
        "id": 13,
        "value": 52.0
      },
      "geometry": {
        "type": "Point",
        "coordinates": [
          2540513.9231195496,
          1181200.000449287
        ]
      }
    },
    {
      "type": "Feature",
      "properties": {
        "id": 14,
        "value": 46.666666666666671
      },
      "geometry": {
        "type": "Point",
        "coordinates": [
          2540517.9876224734,
          1181194.7942320588
        ]
      }
    },
    {
      "type": "Feature",
      "properties": {
        "id": 15,
        "value": 44.666666666666671
      },
      "geometry": {
        "type": "Point",
        "coordinates": [
          2540519.5403539273,
          1181200.3201292923
        ]
      }
    },
    {
      "type": "Feature",
      "properties": {
        "id": 16,
        "value": 38.0
      },
      "geometry": {
        "type": "Point",
        "coordinates": [
          2540526.2079654653,
          1181210.9609066097
        ]
      }
    },
    {
      "type": "Feature",
      "properties": {
        "id": 17,
        "value": 36.666666666666671
      },
      "geometry": {
        "type": "Point",
        "coordinates": [
          2540523.4678511345,
          1181217.5828495752
        ]
      }
    },
    {
      "type": "Feature",
      "properties": {
        "id": 18,
        "value": 43.333333333333336
      },
      "geometry": {
        "type": "Point",
        "coordinates": [
          2540514.9278281373,
          1181210.9609066097
        ]
      }
    },
    {
      "type": "Feature",
      "properties": {
        "id": 19,
        "value": 40.666666666666671
      },
      "geometry": {
        "type": "Point",
        "coordinates": [
          2540519.2663424942,
          1181205.7090208093
        ]
      }
    },
    {
      "type": "Feature",
      "properties": {
        "id": 20,
        "value": 40.0
      },
      "geometry": {
        "type": "Point",
        "coordinates": [
          2540520.1797139379,
          1181210.9609066097
        ]
      }
    },
    {
      "type": "Feature",
      "properties": {
        "id": 21,
        "value": 42.0
      },
      "geometry": {
        "type": "Point",
        "coordinates": [
          2540527.486685486,
          1181221.9670325043
        ]
      }
    },
    {
      "type": "Feature",
      "properties": {
        "id": 22,
        "value": 42.0
      },
      "geometry": {
        "type": "Point",
        "coordinates": [
          2540524.6552340114,
          1181228.4519697535
        ]
      }
    },
    {
      "type": "Feature",
      "properties": {
        "id": 23,
        "value": 45.333333333333336
      },
      "geometry": {
        "type": "Point",
        "coordinates": [
          2540516.2978853029,
          1181222.0127010765
        ]
      }
    },
    {
      "type": "Feature",
      "properties": {
        "id": 24,
        "value": 42.0
      },
      "geometry": {
        "type": "Point",
        "coordinates": [
          2540520.4993939432,
          1181216.7151467039
        ]
      }
    },
    {
      "type": "Feature",
      "properties": {
        "id": 25,
        "value": 44.0
      },
      "geometry": {
        "type": "Point",
        "coordinates": [
          2540521.778113964,
          1181222.2867125096
        ]
      }
    },
    {
      "type": "Feature",
      "properties": {
        "id": 26,
        "value": 37.333333333333336
      },
      "geometry": {
        "type": "Point",
        "coordinates": [
          2540527.7606969196,
          1181231.0550783672
        ]
      }
    },
    {
      "type": "Feature",
      "properties": {
        "id": 27,
        "value": 52.0
      },
      "geometry": {
        "type": "Point",
        "coordinates": [
          2540527.0756683368,
          1181226.7165640106
        ]
      }
    },
    {
      "type": "Feature",
      "properties": {
        "id": 28,
        "value": 45.333333333333336
      },
      "geometry": {
        "type": "Point",
        "coordinates": [
          2540529.9527883842,
          1181234.1605412753
        ]
      }
    },
    {
      "type": "Feature",
      "properties": {
        "id": 29,
        "value": 52.0
      },
      "geometry": {
        "type": "Point",
        "coordinates": [
          2540526.0252911765,
          1181239.4124270757
        ]
      }
    },
    {
      "type": "Feature",
      "properties": {
        "id": 30,
        "value": 45.333333333333336
      },
      "geometry": {
        "type": "Point",
        "coordinates": [
          2540517.5766053237,
          1181232.8361526823
        ]
      }
    },
    {
      "type": "Feature",
      "properties": {
        "id": 31,
        "value": 45.333333333333336
      },
      "geometry": {
        "type": "Point",
        "coordinates": [
          2540521.778113964,
          1181227.6299354541
        ]
      }
    },
    {
      "type": "Feature",
      "properties": {
        "id": 32,
        "value": 44.0
      },
      "geometry": {
        "type": "Point",
        "coordinates": [
          2540523.7418625681,
          1181233.3385069761
        ]
      }
    },
    {
      "type": "Feature",
      "properties": {
        "id": 33,
        "value": 46.0
      },
      "geometry": {
        "type": "Point",
        "coordinates": [
          2540531.1858398328,
          1181234.8912384303
        ]
      }
    },
    {
      "type": "Feature",
      "properties": {
        "id": 36,
        "value": 53.333333333333336
      },
      "geometry": {
        "type": "Point",
        "coordinates": [
          2540536.3920570607,
          1181238.955741354
        ]
      }
    },
    {
      "type": "Feature",
      "properties": {
        "id": 35,
        "value": 51.333333333333336
      },
      "geometry": {
        "type": "Point",
        "coordinates": [
          2540532.1448798487,
          1181244.3903014432
        ]
      }
    },
    {
      "type": "Feature",
      "properties": {
        "id": 34,
        "value": 46.666666666666671
      },
      "geometry": {
        "type": "Point",
        "coordinates": [
          2540526.8016569037,
          1181240.1431242307
        ]
      }
    },
    {
      "type": "Feature",
      "properties": {
        "id": 37,
        "value": 53.333333333333336
      },
      "geometry": {
        "type": "Point",
        "coordinates": [
          2540531.6881941268,
          1181239.3667585037
        ]
      }
    },
    {
      "type": "Feature",
      "properties": {
        "id": 38,
        "value": 44.0
      },
      "geometry": {
        "type": "Point",
        "coordinates": [
          2540537.1684227879,
          1181239.6864385088
        ]
      }
    },
    {
      "type": "Feature",
      "properties": {
        "id": 42,
        "value": 46.666666666666671
      },
      "geometry": {
        "type": "Point",
        "coordinates": [
          2540537.5794399376,
          1181244.2076271544
        ]
      }
    },
    {
      "type": "Feature",
      "properties": {
        "id": 39,
        "value": 47.333333333333336
      },
      "geometry": {
        "type": "Point",
        "coordinates": [
          2540532.8755770032,
          1181244.8469871648
        ]
      }
    },
    {
      "type": "Feature",
      "properties": {
        "id": 41,
        "value": 46.666666666666671
      },
      "geometry": {
        "type": "Point",
        "coordinates": [
          2540538.2187999482,
          1181249.0484958051
        ]
      }
    },
    {
      "type": "Feature",
      "properties": {
        "id": 40,
        "value": 45.333333333333336
      },
      "geometry": {
        "type": "Point",
        "coordinates": [
          2540542.5116457329,
          1181243.7509414325
        ]
      }
    },
    {
      "type": "Feature",
      "properties": {
        "id": 43,
        "value": 56.0
      },
      "geometry": {
        "type": "Point",
        "coordinates": [
          2540538.9038285306,
          1181237.4486784721
        ]
      }
    },
    {
      "type": "Feature",
      "properties": {
        "id": 44,
        "value": 64.0
      },
      "geometry": {
        "type": "Point",
        "coordinates": [
          2540541.324262856,
          1181239.3210899315
        ]
      }
    },
    {
      "type": "Feature",
      "properties": {
        "id": 45,
        "value": 51.333333333333336
      },
      "geometry": {
        "type": "Point",
        "coordinates": [
          2540549.5446058479,
          1181234.571558425
        ]
      }
    },
    {
      "type": "Feature",
      "properties": {
        "id": 46,
        "value": 40.666666666666671
      },
      "geometry": {
        "type": "Point",
        "coordinates": [
          2540544.6580686253,
          1181230.5527240734
        ]
      }
    },
    {
      "type": "Feature",
      "properties": {
        "id": 47,
        "value": 56.0
      },
      "geometry": {
        "type": "Point",
        "coordinates": [
          2540543.9273714703,
          1181236.0329527347
        ]
      }
    },
    {
      "type": "Feature",
      "properties": {
        "id": 48,
        "value": 64.666666666666671
      },
      "geometry": {
        "type": "Point",
        "coordinates": [
          2540533.3779312973,
          1181225.4835125618
        ]
      }
    },
    {
      "type": "Feature",
      "properties": {
        "id": 49,
        "value": 60.666666666666671
      },
      "geometry": {
        "type": "Point",
        "coordinates": [
          2540537.442434221,
          1181225.0724954121
        ]
      }
    },
    {
      "type": "Feature",
      "properties": {
        "id": 50,
        "value": 68.0
      },
      "geometry": {
        "type": "Point",
        "coordinates": [
          2540539.9085371182,
          1181217.1718324253
        ]
      }
    },
    {
      "type": "Feature",
      "properties": {
        "id": 51,
        "value": 60.666666666666671
      },
      "geometry": {
        "type": "Point",
        "coordinates": [
          2540548.2202172545,
          1181223.8851125354
        ]
      }
    },
    {
      "type": "Feature",
      "properties": {
        "id": 52,
        "value": 70.0
      },
      "geometry": {
        "type": "Point",
        "coordinates": [
          2540542.46597716,
          1181223.3827582416
        ]
      }
    },
    {
      "type": "Feature",
      "properties": {
        "id": 53,
        "value": 64.0
      },
      "geometry": {
        "type": "Point",
        "coordinates": [
          2540544.2470514751,
          1181228.8629869027
        ]
      }
    },
    {
      "type": "Feature",
      "properties": {
        "id": 54,
        "value": 65.333333333333343
      },
      "geometry": {
        "type": "Point",
        "coordinates": [
          2540547.2611772385,
          1181229.182666908
        ]
      }
    },
    {
      "type": "Feature",
      "properties": {
        "id": 55,
        "value": 57.333333333333336
      },
      "geometry": {
        "type": "Point",
        "coordinates": [
          2540526.5733140428,
          1181198.2650435444
        ]
      }
    },
    {
      "type": "Feature",
      "properties": {
        "id": 56,
        "value": 56.666666666666671
      },
      "geometry": {
        "type": "Point",
        "coordinates": [
          2540530.2267998168,
          1181201.4161750246
        ]
      }
    },
    {
      "type": "Feature",
      "properties": {
        "id": 57,
        "value": 52.0
      },
      "geometry": {
        "type": "Point",
        "coordinates": [
          2540523.3308454179,
          1181207.0334094022
        ]
      }
    },
    {
      "type": "Feature",
      "properties": {
        "id": 58,
        "value": 49.333333333333336
      },
      "geometry": {
        "type": "Point",
        "coordinates": [
          2540528.217382641,
          1181209.773523733
        ]
      }
    },
    {
      "type": "Feature",
      "properties": {
        "id": 59,
        "value": 53.333333333333336
      },
      "geometry": {
        "type": "Point",
        "coordinates": [
          2540524.6552340114,
          1181218.1765410136
        ]
      }
    },
    {
      "type": "Feature",
      "properties": {
        "id": 60,
        "value": 56.0
      },
      "geometry": {
        "type": "Point",
        "coordinates": [
          2540530.3181369607,
          1181227.7212725983
        ]
      }
    },
    {
      "type": "Feature",
      "properties": {
        "id": 61,
        "value": 60.0
      },
      "geometry": {
        "type": "Point",
        "coordinates": [
          2540534.70231989,
          1181228.0409526036
        ]
      }
    },
    {
      "type": "Feature",
      "properties": {
        "id": 62,
        "value": 54.0
      },
      "geometry": {
        "type": "Point",
        "coordinates": [
          2540531.3228455489,
          1181230.5070555012
        ]
      }
    },
    {
      "type": "Feature",
      "properties": {
        "id": 63,
        "value": 53.333333333333336
      },
      "geometry": {
        "type": "Point",
        "coordinates": [
          2540535.7070284775,
          1181236.3983013122
        ]
      }
    }
  ]
}