﻿{
  "type": "FeatureCollection",
  "name": "H_Point de mesures",
  "crs": {
    "type": "name",
    "properties": {
      "name": "urn:ogc:def:crs:EPSG::2056"
    }
  },
  "features": [
    {
      "type": "Feature",
      "properties": {
        "id": 1,
        "value": 52.666666666666671
      },
      "geometry": {
        "type": "Point",
        "coordinates": [
          2540534.8393256059,
          1181219.5922667508
        ]
      }
    },
    {
      "type": "Feature",
      "properties": {
        "id": 2,
        "value": 49.333333333333336
      },
      "geometry": {
        "type": "Point",
        "coordinates": [
          2540536.8487427817,
          1181216.806483848
        ]
      }
    },
    {
      "type": "Feature",
      "properties": {
        "id": 3,
        "value": 56.666666666666671
      },
      "geometry": {
        "type": "Point",
        "coordinates": [
          2540534.1086284514,
          1181214.249043806
        ]
      }
    },
    {
      "type": "Feature",
      "properties": {
        "id": 4,
        "value": 52.666666666666671
      },
      "geometry": {
        "type": "Point",
        "coordinates": [
          2540523.9245368559,
          1181197.9453635386
        ]
      }
    },
    {
      "type": "Feature",
      "properties": {
        "id": 5,
        "value": 54.0
      },
      "geometry": {
        "type": "Point",
        "coordinates": [
          2540527.9433712075,
          1181192.8761520269
        ]
      }
    },
    {
      "type": "Feature",
      "properties": {
        "id": 6,
        "value": 56.666666666666671
      },
      "geometry": {
        "type": "Point",
        "coordinates": [
          2540516.7089024517,
          1181183.8337747357
        ]
      }
    },
    {
      "type": "Feature",
      "properties": {
        "id": 7,
        "value": 54.0
      },
      "geometry": {
        "type": "Point",
        "coordinates": [
          2540512.5073938114,
          1181189.0399919639
        ]
      }
    },
    {
      "type": "Feature",
      "properties": {
        "id": 8,
        "value": 53.333333333333336
      },
      "geometry": {
        "type": "Point",
        "coordinates": [
          2540518.0332910451,
          1181188.9486548195
        ]
      }
    },
    {
      "type": "Feature",
      "properties": {
        "id": 9,
        "value": 49.333333333333336
      },
      "geometry": {
        "type": "Point",
        "coordinates": [
          2540522.5544796907,
          1181192.0997862997
        ]
      }
    },
    {
      "type": "Feature",
      "properties": {
        "id": 10,
        "value": 50.666666666666671
      },
      "geometry": {
        "type": "Point",
        "coordinates": [
          2540524.9292454435,
          1181200.1374550031
        ]
      }
    },
    {
      "type": "Feature",
      "properties": {
        "id": 11,
        "value": 0.0
      },
      "geometry": {
        "type": "Point",
        "coordinates": [
          2540522.1891311132,
          1181206.6223922523
        ]
      }
    },
    {
      "type": "Feature",
      "properties": {
        "id": 12,
        "value": 50.666666666666671
      },
      "geometry": {
        "type": "Point",
        "coordinates": [
          2540513.8317824048,
          1181200.0004492865
        ]
      }
    },
    {
      "type": "Feature",
      "properties": {
        "id": 13,
        "value": 45.333333333333336
      },
      "geometry": {
        "type": "Point",
        "coordinates": [
          2540517.9419539007,
          1181194.7485634862
        ]
      }
    },
    {
      "type": "Feature",
      "properties": {
        "id": 14,
        "value": -1
      },
      "geometry": {
        "type": "Point",
        "coordinates": [
          2540519.4946853546,
          1181199.86344357
        ]
      }
    },
    {
      "type": "Feature",
      "properties": {
        "id": 15,
        "value": 48.666666666666671
      },
      "geometry": {
        "type": "Point",
        "coordinates": [
          2540526.3449711809,
          1181211.0979123258
        ]
      }
    },
    {
      "type": "Feature",
      "properties": {
        "id": 16,
        "value": 42.666666666666671
      },
      "geometry": {
        "type": "Point",
        "coordinates": [
          2540523.3765139892,
          1181217.5371810028
        ]
      }
    },
    {
      "type": "Feature",
      "properties": {
        "id": 17,
        "value": 37.333333333333336
      },
      "geometry": {
        "type": "Point",
        "coordinates": [
          2540515.0648338529,
          1181210.915238037
        ]
      }
    },
    {
      "type": "Feature",
      "properties": {
        "id": 18,
        "value": 48.0
      },
      "geometry": {
        "type": "Point",
        "coordinates": [
          2540519.1750053489,
          1181205.7090208088
        ]
      }
    },
    {
      "type": "Feature",
      "properties": {
        "id": 19,
        "value": 42.666666666666671
      },
      "geometry": {
        "type": "Point",
        "coordinates": [
          2540520.8190739471,
          1181211.0979123258
        ]
      }
    },
    {
      "type": "Feature",
      "properties": {
        "id": 20,
        "value": 45.333333333333336
      },
      "geometry": {
        "type": "Point",
        "coordinates": [
          2540527.5666054878,
          1181222.024118219
        ]
      }
    },
    {
      "type": "Feature",
      "properties": {
        "id": 21,
        "value": 40.666666666666671
      },
      "geometry": {
        "type": "Point",
        "coordinates": [
          2540524.6438168688,
          1181228.5547240402
        ]
      }
    },
    {
      "type": "Feature",
      "properties": {
        "id": 22,
        "value": 40.0
      },
      "geometry": {
        "type": "Point",
        "coordinates": [
          2540516.2864681603,
          1181221.9784496468
        ]
      }
    },
    {
      "type": "Feature",
      "properties": {
        "id": 23,
        "value": 0.0
      },
      "geometry": {
        "type": "Point",
        "coordinates": [
          2540520.4879768007,
          1181216.58955813
        ]
      }
    },
    {
      "type": "Feature",
      "properties": {
        "id": 24,
        "value": 46.0
      },
      "geometry": {
        "type": "Point",
        "coordinates": [
          2540521.903702538,
          1181221.8414439303
        ]
      }
    },
    {
      "type": "Feature",
      "properties": {
        "id": 25,
        "value": 50.666666666666671
      },
      "geometry": {
        "type": "Point",
        "coordinates": [
          2540530.2153826742,
          1181234.0349527015
        ]
      }
    },
    {
      "type": "Feature",
      "properties": {
        "id": 26,
        "value": 54.0
      },
      "geometry": {
        "type": "Point",
        "coordinates": [
          2540526.0138740339,
          1181239.560849935
        ]
      }
    },
    {
      "type": "Feature",
      "properties": {
        "id": 27,
        "value": 48.0
      },
      "geometry": {
        "type": "Point",
        "coordinates": [
          2540517.6108567533,
          1181232.9845755415
        ]
      }
    },
    {
      "type": "Feature",
      "properties": {
        "id": 28,
        "value": 48.666666666666671
      },
      "geometry": {
        "type": "Point",
        "coordinates": [
          2540521.7666968214,
          1181227.6870211689
        ]
      }
    },
    {
      "type": "Feature",
      "properties": {
        "id": 29,
        "value": 49.333333333333336
      },
      "geometry": {
        "type": "Point",
        "coordinates": [
          2540523.7761139972,
          1181233.2129184024
        ]
      }
    },
    {
      "type": "Feature",
      "properties": {
        "id": 30,
        "value": 48.666666666666671
      },
      "geometry": {
        "type": "Point",
        "coordinates": [
          2540531.0830855453,
          1181234.8113184285
        ]
      }
    },
    {
      "type": "Feature",
      "properties": {
        "id": 31,
        "value": 52.666666666666671
      },
      "geometry": {
        "type": "Point",
        "coordinates": [
          2540526.7902397607,
          1181240.154541373
        ]
      }
    },
    {
      "type": "Feature",
      "properties": {
        "id": 32,
        "value": 52.666666666666671
      },
      "geometry": {
        "type": "Point",
        "coordinates": [
          2540530.9460798288,
          1181239.3325070739
        ]
      }
    },
    {
      "type": "Feature",
      "properties": {
        "id": 33,
        "value": 56.0
      },
      "geometry": {
        "type": "Point",
        "coordinates": [
          2540536.9743313561,
          1181239.606518507
        ]
      }
    },
    {
      "type": "Feature",
      "properties": {
        "id": 34,
        "value": 48.666666666666671
      },
      "geometry": {
        "type": "Point",
        "coordinates": [
          2540542.3632228733,
          1181243.7166900029
        ]
      }
    },
    {
      "type": "Feature",
      "properties": {
        "id": 35,
        "value": 46.666666666666671
      },
      "geometry": {
        "type": "Point",
        "coordinates": [
          2540538.2073828052,
          1181249.0599129477
        ]
      }
    },
    {
      "type": "Feature",
      "properties": {
        "id": 36,
        "value": 50.666666666666671
      },
      "geometry": {
        "type": "Point",
        "coordinates": [
          2540533.0011655767,
          1181244.8584043074
        ]
      }
    },
    {
      "type": "Feature",
      "properties": {
        "id": 37,
        "value": 53.333333333333336
      },
      "geometry": {
        "type": "Point",
        "coordinates": [
          2540537.6136913667,
          1181244.2647128692
        ]
      }
    },
    {
      "type": "Feature",
      "properties": {
        "id": 38,
        "value": 70.666666666666671
      },
      "geometry": {
        "type": "Point",
        "coordinates": [
          2540537.6593599389,
          1181238.9671584966
        ]
      }
    },
    {
      "type": "Feature",
      "properties": {
        "id": 39,
        "value": 76.0
      },
      "geometry": {
        "type": "Point",
        "coordinates": [
          2540542.8199085952,
          1181242.8946557038
        ]
      }
    },
    {
      "type": "Feature",
      "properties": {
        "id": 40,
        "value": 76.666666666666671
      },
      "geometry": {
        "type": "Point",
        "coordinates": [
          2540551.9079544581,
          1181231.6601869483
        ]
      }
    },
    {
      "type": "Feature",
      "properties": {
        "id": 41,
        "value": 70.0
      },
      "geometry": {
        "type": "Point",
        "coordinates": [
          2540546.9300800911,
          1181227.6413525965
        ]
      }
    },
    {
      "type": "Feature",
      "properties": {
        "id": 42,
        "value": 69.333333333333343
      },
      "geometry": {
        "type": "Point",
        "coordinates": [
          2540546.5647315136,
          1181233.1215812578
        ]
      }
    },
    {
      "type": "Feature",
      "properties": {
        "id": 43,
        "value": 69.333333333333343
      },
      "geometry": {
        "type": "Point",
        "coordinates": [
          2540543.0939200278,
          1181236.8207356043
        ]
      }
    },
    {
      "type": "Feature",
      "properties": {
        "id": 44,
        "value": 62.666666666666671
      },
      "geometry": {
        "type": "Point",
        "coordinates": [
          2540533.3665141542,
          1181225.40359256
        ]
      }
    },
    {
      "type": "Feature",
      "properties": {
        "id": 45,
        "value": 65.333333333333343
      },
      "geometry": {
        "type": "Point",
        "coordinates": [
          2540537.47668565,
          1181225.0382439825
        ]
      }
    },
    {
      "type": "Feature",
      "properties": {
        "id": 46,
        "value": 68.666666666666671
      },
      "geometry": {
        "type": "Point",
        "coordinates": [
          2540539.98845712,
          1181216.9549067072
        ]
      }
    },
    {
      "type": "Feature",
      "properties": {
        "id": 47,
        "value": 69.333333333333343
      },
      "geometry": {
        "type": "Point",
        "coordinates": [
          2540548.3458058285,
          1181223.7138553895
        ]
      }
    },
    {
      "type": "Feature",
      "properties": {
        "id": 48,
        "value": 73.333333333333343
      },
      "geometry": {
        "type": "Point",
        "coordinates": [
          2540544.2356343325,
          1181229.0570783343
        ]
      }
    },
    {
      "type": "Feature",
      "properties": {
        "id": 49,
        "value": 70.666666666666671
      },
      "geometry": {
        "type": "Point",
        "coordinates": [
          2540542.4545600177,
          1181222.6634782294
        ]
      }
    },
    {
      "type": "Feature",
      "properties": {
        "id": 50,
        "value": 64.0
      },
      "geometry": {
        "type": "Point",
        "coordinates": [
          2540535.4672684744,
          1181237.3687584705
        ]
      }
    },
    {
      "type": "Feature",
      "properties": {
        "id": 51,
        "value": 62.666666666666671
      },
      "geometry": {
        "type": "Point",
        "coordinates": [
          2540532.4531427105,
          1181232.5735583918
        ]
      }
    },
    {
      "type": "Feature",
      "properties": {
        "id": 52,
        "value": 62.666666666666671
      },
      "geometry": {
        "type": "Point",
        "coordinates": [
          2540527.6579426322,
          1181228.9200726177
        ]
      }
    },
    {
      "type": "Feature",
      "properties": {
        "id": 53,
        "value": 61.333333333333336
      },
      "geometry": {
        "type": "Point",
        "coordinates": [
          2540526.5162283275,
          1181224.9469068381
        ]
      }
    },
    {
      "type": "Feature",
      "properties": {
        "id": 54,
        "value": 60.666666666666671
      },
      "geometry": {
        "type": "Point",
        "coordinates": [
          2540524.6894854405,
          1181218.1422895836
        ]
      }
    },
    {
      "type": "Feature",
      "properties": {
        "id": 55,
        "value": 54.0
      },
      "geometry": {
        "type": "Point",
        "coordinates": [
          2540529.3476798027,
          1181219.832026754
        ]
      }
    },
    {
      "type": "Feature",
      "properties": {
        "id": 56,
        "value": 56.666666666666671
      },
      "geometry": {
        "type": "Point",
        "coordinates": [
          2540525.3288454511,
          1181213.7581066545
        ]
      }
    },
    {
      "type": "Feature",
      "properties": {
        "id": 57,
        "value": 55.333333333333336
      },
      "geometry": {
        "type": "Point",
        "coordinates": [
          2540528.4343083589,
          1181209.5565980142
        ]
      }
    },
    {
      "type": "Feature",
      "properties": {
        "id": 58,
        "value": 59.333333333333336
      },
      "geometry": {
        "type": "Point",
        "coordinates": [
          2540524.05012543,
          1181202.9803236206
        ]
      }
    },
    {
      "type": "Feature",
      "properties": {
        "id": 59,
        "value": 60.666666666666671
      },
      "geometry": {
        "type": "Point",
        "coordinates": [
          2540528.6169826477,
          1181200.1488721459
        ]
      }
    },
    {
      "type": "Feature",
      "properties": {
        "id": 60,
        "value": 55.333333333333336
      },
      "geometry": {
        "type": "Point",
        "coordinates": [
          2540533.6405255874,
          1181202.1582893217
        ]
      }
    },
    {
      "type": "Feature",
      "properties": {
        "id": 61,
        "value": 49.333333333333336
      },
      "geometry": {
        "type": "Point",
        "coordinates": [
          2540535.9239541963,
          1181198.9158206971
        ]
      }
    }
  ]
}