﻿[
  {
    "Floor": "A",
    "Number": 2,
    "Result": 2.23606797749979
  },
  {
    "Floor": "A",
    "Number": 89,
    "Result": 3.1622776601683795
  },
  {
    "Floor": "A",
    "Number": 11,
    "Result": 3.6055512754639891
  },
  {
    "Floor": "A",
    "Number": 15,
    "Result": 4.2426406871192848
  },
  {
    "Floor": "B",
    "Number": 83,
    "Result": 5.0
  },
  {
    "Floor": "B",
    "Number": 75,
    "Result": 5.0
  },
  {
    "Floor": "A",
    "Number": 12,
    "Result": 5.3851648071345037
  },
  {
    "Floor": "B",
    "Number": 70,
    "Result": 5.8309518948453007
  },
  {
    "Floor": "A",
    "Number": 76,
    "Result": 9.0553851381374173
  },
  {
    "Floor": "A",
    "Number": 14,
    "Result": 9.4868329805051381
  },
  {
    "Floor": "A",
    "Number": 13,
    "Result": 18.248287590894659
  }
]