﻿[
  {
    "Floor": "B",
    "Number": 188,
    "Result": 2.0
  },
  {
    "Floor": "B",
    "Number": 176,
    "Result": 5.0
  },
  {
    "Floor": "C",
    "Number": 178,
    "Result": 5.0
  },
  {
    "Floor": "B",
    "Number": 172,
    "Result": 5.3851648071345037
  },
  {
    "Floor": "B",
    "Number": 179,
    "Result": 5.3851648071345037
  },
  {
    "Floor": "B",
    "Number": 178,
    "Result": 5.3851648071345037
  },
  {
    "Floor": "B",
    "Number": 174,
    "Result": 6.0
  },
  {
    "Floor": "B",
    "Number": 140,
    "Result": 6.324555320336759
  },
  {
    "Floor": "C",
    "Number": 171,
    "Result": 6.324555320336759
  },
  {
    "Floor": "C",
    "Number": 175,
    "Result": 6.4031242374328485
  },
  {
    "Floor": "B",
    "Number": 173,
    "Result": 7.810249675906654
  },
  {
    "Floor": "B",
    "Number": 171,
    "Result": 8.2462112512353212
  },
  {
    "Floor": "B",
    "Number": 177,
    "Result": 8.48528137423857
  },
  {
    "Floor": "C",
    "Number": 170,
    "Result": 8.94427190999916
  },
  {
    "Floor": "B",
    "Number": 175,
    "Result": 9.4339811320566032
  },
  {
    "Floor": "C",
    "Number": 177,
    "Result": 11.0
  },
  {
    "Floor": "C",
    "Number": 172,
    "Result": 12.041594578792296
  },
  {
    "Floor": "B",
    "Number": 165,
    "Result": 13.45362404707371
  },
  {
    "Floor": "B",
    "Number": 181,
    "Result": 17.720045146669349
  },
  {
    "Floor": "C",
    "Number": 226,
    "Result": 20.591260281974
  },
  {
    "Floor": "B",
    "Number": 164,
    "Result": 20.615528128088304
  },
  {
    "Floor": "B",
    "Number": 147,
    "Result": 22.472205054244231
  },
  {
    "Floor": "B",
    "Number": 163,
    "Result": 26.40075756488817
  },
  {
    "Floor": "B",
    "Number": 190,
    "Result": 27.202941017470888
  },
  {
    "Floor": "B",
    "Number": 192,
    "Result": 31.384709652950431
  }
]