﻿[
  {
    "Floor": "E",
    "Number": 54,
    "Result": 5.4772255750516612
  },
  {
    "Floor": "E",
    "Number": 46,
    "Result": 10.0
  },
  {
    "Floor": "F",
    "Number": 32,
    "Result": 10.099504938362077
  },
  {
    "Floor": "E",
    "Number": 49,
    "Result": 12.409673645990857
  },
  {
    "Floor": "G",
    "Number": 23,
    "Result": 12.409673645990857
  },
  {
    "Floor": "F",
    "Number": 33,
    "Result": 15.198684153570664
  },
  {
    "Floor": "E",
    "Number": 68,
    "Result": 18.493242008906929
  },
  {
    "Floor": "G",
    "Number": 25,
    "Result": 19.339079605813716
  },
  {
    "Floor": "F",
    "Number": 37,
    "Result": 20.518284528683193
  },
  {
    "Floor": "E",
    "Number": 69,
    "Result": 24.06241883103193
  }
]