﻿[
  {
    "Floor": "J",
    "Number": 61,
    "Result": 10.63014581273465
  },
  {
    "Floor": "H",
    "Number": 61,
    "Result": 10.677078252031311
  },
  {
    "Floor": "F",
    "Number": 27,
    "Result": 11.661903789690601
  },
  {
    "Floor": "F",
    "Number": 36,
    "Result": 12.68857754044952
  },
  {
    "Floor": "F",
    "Number": 25,
    "Result": 12.806248474865697
  },
  {
    "Floor": "F",
    "Number": 22,
    "Result": 13.45362404707371
  },
  {
    "Floor": "K",
    "Number": 3,
    "Result": 13.74772708486752
  },
  {
    "Floor": "E",
    "Number": 49,
    "Result": 16.06237840420901
  },
  {
    "Floor": "H",
    "Number": 60,
    "Result": 16.401219466856727
  },
  {
    "Floor": "K",
    "Number": 20,
    "Result": 17.720045146669349
  },
  {
    "Floor": "E",
    "Number": 46,
    "Result": 18.547236990991408
  },
  {
    "Floor": "F",
    "Number": 34,
    "Result": 20.124611797498108
  },
  {
    "Floor": "K",
    "Number": 1,
    "Result": 20.124611797498108
  },
  {
    "Floor": "J",
    "Number": 3,
    "Result": 20.904544960366874
  },
  {
    "Floor": "H",
    "Number": 3,
    "Result": 21.931712199461309
  },
  {
    "Floor": "G",
    "Number": 65,
    "Result": 25.13961017995307
  },
  {
    "Floor": "G",
    "Number": 60,
    "Result": 25.651510676761319
  },
  {
    "Floor": "G",
    "Number": 61,
    "Result": 27.018512172212592
  }
]