﻿[
  {
    "Floor": "H",
    "Number": 54,
    "Result": 11.357816691600547
  },
  {
    "Floor": "J",
    "Number": 58,
    "Result": 12.409673645990857
  },
  {
    "Floor": "E",
    "Number": 46,
    "Result": 14.89966442575134
  },
  {
    "Floor": "F",
    "Number": 40,
    "Result": 18.439088914585774
  },
  {
    "Floor": "E",
    "Number": 69,
    "Result": 26.551836094703507
  },
  {
    "Floor": "G",
    "Number": 60,
    "Result": 28.035691537752374
  }
]