﻿[
  {
    "Floor": "F",
    "Number": 40,
    "Result": 4.1231056256176606
  },
  {
    "Floor": "F",
    "Number": 43,
    "Result": 6.557438524302
  },
  {
    "Floor": "G",
    "Number": 24,
    "Result": 7.416198487095663
  },
  {
    "Floor": "F",
    "Number": 36,
    "Result": 7.745966692414834
  },
  {
    "Floor": "G",
    "Number": 22,
    "Result": 8.6023252670426267
  },
  {
    "Floor": "E",
    "Number": 48,
    "Result": 8.7749643873921226
  },
  {
    "Floor": "F",
    "Number": 38,
    "Result": 8.8881944173155887
  },
  {
    "Floor": "E",
    "Number": 49,
    "Result": 9.0553851381374173
  },
  {
    "Floor": "F",
    "Number": 37,
    "Result": 9.4868329805051381
  },
  {
    "Floor": "F",
    "Number": 35,
    "Result": 10.0
  },
  {
    "Floor": "G",
    "Number": 25,
    "Result": 10.677078252031311
  },
  {
    "Floor": "G",
    "Number": 21,
    "Result": 12.083045973594572
  },
  {
    "Floor": "F",
    "Number": 39,
    "Result": 12.489995996796797
  },
  {
    "Floor": "G",
    "Number": 23,
    "Result": 13.0
  },
  {
    "Floor": "E",
    "Number": 69,
    "Result": 13.228756555322953
  },
  {
    "Floor": "E",
    "Number": 51,
    "Result": 13.490737563232042
  },
  {
    "Floor": "F",
    "Number": 34,
    "Result": 15.198684153570664
  },
  {
    "Floor": "E",
    "Number": 68,
    "Result": 20.049937655763422
  },
  {
    "Floor": "E",
    "Number": 46,
    "Result": 22.715633383201094
  },
  {
    "Floor": "G",
    "Number": 60,
    "Result": 28.774989139876318
  }
]