﻿[
  {
    "Floor": "G",
    "Number": 22,
    "Result": 2.23606797749979
  },
  {
    "Floor": "E",
    "Number": 55,
    "Result": 6.4031242374328485
  },
  {
    "Floor": "E",
    "Number": 61,
    "Result": 6.48074069840786
  },
  {
    "Floor": "F",
    "Number": 21,
    "Result": 6.7082039324993694
  },
  {
    "Floor": "F",
    "Number": 38,
    "Result": 8.8317608663278477
  },
  {
    "Floor": "E",
    "Number": 49,
    "Result": 9.4868329805051381
  },
  {
    "Floor": "F",
    "Number": 36,
    "Result": 12.68857754044952
  },
  {
    "Floor": "F",
    "Number": 22,
    "Result": 12.845232578665129
  },
  {
    "Floor": "F",
    "Number": 25,
    "Result": 12.961481396815721
  },
  {
    "Floor": "F",
    "Number": 34,
    "Result": 15.524174696260024
  },
  {
    "Floor": "E",
    "Number": 73,
    "Result": 16.673332000533065
  },
  {
    "Floor": "J",
    "Number": 61,
    "Result": 18.411952639521967
  },
  {
    "Floor": "H",
    "Number": 60,
    "Result": 19.209372712298546
  },
  {
    "Floor": "E",
    "Number": 46,
    "Result": 22.360679774997898
  },
  {
    "Floor": "G",
    "Number": 60,
    "Result": 35.156791662493895
  }
]