﻿[
  {
    "Floor": "A",
    "Number": 1,
    "Result": 0.0
  },
  {
    "Floor": "B",
    "Number": 7,
    "Result": 5.6568542494923806
  },
  {
    "Floor": "B",
    "Number": 1,
    "Result": 5.8309518948453007
  },
  {
    "Floor": "B",
    "Number": 127,
    "Result": 6.0827625302982193
  },
  {
    "Floor": "B",
    "Number": 81,
    "Result": 7.6157731058639087
  },
  {
    "Floor": "B",
    "Number": 79,
    "Result": 9.8488578017961039
  },
  {
    "Floor": "B",
    "Number": 82,
    "Result": 10.04987562112089
  },
  {
    "Floor": "C",
    "Number": 96,
    "Result": 13.601470508735444
  },
  {
    "Floor": "C",
    "Number": 98,
    "Result": 13.928388277184119
  },
  {
    "Floor": "B",
    "Number": 70,
    "Result": 19.4164878389476
  },
  {
    "Floor": "C",
    "Number": 93,
    "Result": 24.596747752497688
  }
]