﻿[
  {
    "Floor": "F",
    "Number": 23,
    "Result": 8.6023252670426267
  },
  {
    "Floor": "E",
    "Number": 46,
    "Result": 10.816653826391969
  },
  {
    "Floor": "E",
    "Number": 49,
    "Result": 11.532562594670797
  },
  {
    "Floor": "F",
    "Number": 22,
    "Result": 12.124355652982141
  },
  {
    "Floor": "G",
    "Number": 23,
    "Result": 12.767145334803704
  },
  {
    "Floor": "G",
    "Number": 21,
    "Result": 14.106735979665885
  },
  {
    "Floor": "F",
    "Number": 33,
    "Result": 15.937377450509228
  },
  {
    "Floor": "G",
    "Number": 25,
    "Result": 19.974984355438178
  },
  {
    "Floor": "F",
    "Number": 37,
    "Result": 20.639767440550294
  },
  {
    "Floor": "E",
    "Number": 69,
    "Result": 24.535688292770594
  },
  {
    "Floor": "G",
    "Number": 60,
    "Result": 35.114099732158877
  }
]