{
 "Floor": "unkown",
  "Number": -999,
  "Gateways": [
    {
      "Name": "K01a",
      "Eui": "7276FF003903094E",
      "Rssi": -116
    },
    {
      "Name": "F07",
      "Eui": "7276FF003903094F",
      "Rssi": -106
    },
    {
      "Name": "B40",
      "Eui": "7276FF0039030950",
      "Rssi": -106
    },
    {
      "Name": "C22",
      "Eui": "7276FF003903097C",
      "Rssi": -106
    },
    {
      "Name": "A02b",
      "Eui": "7276FF00390309F5",
      "Rssi": -106
    },
    {
      "Name": "D60",
      "Eui": "7276FF003903097D",
      "Rssi": -106
    },
    {
      "Name": "H06",
      "Eui": "7276FF0039030977",
      "Rssi": -106
    }
  ]
}
